epoch,standard_pinn_loss,curriculum_pinn_loss
0,3.9979631900787354,2.3227269649505615
1,3.0271434783935547,0.5635233521461487
2,3.4215550422668457,0.5788946151733398
3,2.758415699005127,0.9968300461769104
4,2.2090272903442383,0.840842604637146
5,2.2722885608673096,0.6017962694168091
6,2.5022776126861572,0.4442347288131714
7,2.3590359687805176,0.36383888125419617
8,1.997987151145935,0.3703833520412445
9,1.7678377628326416,0.43789613246917725
10,1.7696681022644043,0.484483003616333
11,1.8394207954406738,0.4589667320251465
12,1.7945083379745483,0.384097158908844
13,1.6220451593399048,0.31004297733306885
14,1.443435549736023,0.26881811022758484
15,1.3704931735992432,0.2635355591773987
16,1.397045373916626,0.2797442078590393
17,1.4146586656570435,0.29950952529907227
18,1.3435819149017334,0.309280127286911
19,1.2203621864318848,0.30249130725860596
20,1.1403558254241943,0.2800406813621521
21,1.141803503036499,0.24924379587173462
22,1.1656492948532104,0.2205396592617035
23,1.1423605680465698,0.20271500945091248
24,1.0808475017547607,0.19893015921115875
25,1.03850519657135,0.20564372837543488
26,1.0403947830200195,0.21509775519371033
27,1.0575981140136719,0.21987886726856232
28,1.0547358989715576,0.21658743917942047
29,1.0307279825210571,0.20659920573234558
30,1.00919771194458,0.19426405429840088
31,1.0070940256118774,0.1841985136270523
32,1.0182175636291504,0.17907486855983734
33,1.022167444229126,0.1786261647939682
34,1.0086300373077393,0.18018871545791626
35,0.9903823733329773,0.18061064183712006
36,0.9859362840652466,0.17837971448898315
37,0.9930019378662109,0.17431950569152832
38,0.9912328720092773,0.17036789655685425
39,0.9743078351020813,0.1677776277065277
40,0.959674060344696,0.16639399528503418
41,0.9592816829681396,0.1653001606464386
42,0.9614779353141785,0.1638363003730774
43,0.9525737762451172,0.16198529303073883
44,0.938647985458374,0.1600559502840042
45,0.9328474998474121,0.15830524265766144
46,0.9339240789413452,0.1569136381149292
47,0.930946946144104,0.1560502052307129
48,0.9221022129058838,0.1556822955608368
49,0.9153802394866943,0.15539374947547913
50,0.9142675399780273,0.15466126799583435
51,0.9133362770080566,0.15334534645080566
52,0.9081343412399292,0.15175363421440125
53,0.9018127918243408,0.15026752650737762
54,0.8989547491073608,0.1490894854068756
55,0.8978928923606873,0.1482878476381302
56,0.8941165208816528,0.1478300392627716
57,0.8882521986961365,0.147499680519104
58,0.8844614028930664,0.14695516228675842
59,0.882580578327179,0.14601406455039978
60,0.8787939548492432,0.1448514759540558
61,0.8732396364212036,0.14383479952812195
62,0.869402289390564,0.14315612614154816
63,0.8669631481170654,0.14267975091934204
64,0.8628977537155151,0.14215022325515747
65,0.857875645160675,0.1414644569158554
66,0.8543992638587952,0.14070625603199005
67,0.8514752388000488,0.1400063931941986
68,0.8472329378128052,0.13942904770374298
69,0.8429017066955566,0.13893230259418488
70,0.8396964073181152,0.1383916139602661
71,0.8363183736801147,0.1377083659172058
72,0.8321073651313782,0.13692599534988403
73,0.8282303810119629,0.13619711995124817
74,0.8248828649520874,0.13561493158340454
75,0.8210873603820801,0.13512170314788818
76,0.816949725151062,0.13459782302379608
77,0.813228964805603,0.13398918509483337
78,0.8096051216125488,0.13332481682300568
79,0.805524468421936,0.13266026973724365
80,0.8014814853668213,0.13203555345535278
81,0.7977875471115112,0.13145677745342255
82,0.7938647866249084,0.1308915913105011
83,0.7897430062294006,0.13030096888542175
84,0.7859450578689575,0.12968222796916962
85,0.7821279168128967,0.1290636509656906
86,0.7780373692512512,0.12846176326274872
87,0.7741495966911316,0.12786854803562164
88,0.7703590989112854,0.12727239727973938
89,0.7663373351097107,0.12666667997837067
90,0.7624083757400513,0.12604793906211853
91,0.758597731590271,0.12542465329170227
92,0.7546190619468689,0.12481460720300674
93,0.7506645917892456,0.12422104924917221
94,0.7468204498291016,0.12362617254257202
95,0.7428778409957886,0.12301389127969742
96,0.7389324903488159,0.12238523364067078
97,0.7350856065750122,0.1217513307929039
98,0.7311847805976868,0.12112287431955338
99,0.7272771596908569,0.12050242722034454
100,0.7234642505645752,0.11988073587417603
101,0.7196193933486938,0.11924751847982407
102,0.7157788276672363,0.11860506981611252
103,0.7120214700698853,0.11796199530363083
104,0.708236813545227,0.11731919646263123
105,0.7044755816459656,0.1166713535785675
106,0.7007794380187988,0.11601565778255463
107,0.6970688104629517,0.1153530552983284
108,0.6933984756469727,0.11468666046857834
109,0.6897780299186707,0.11401884257793427
110,0.6861616373062134,0.11334756016731262
111,0.6825945377349854,0.11266857385635376
112,0.6790742874145508,0.1119813472032547
113,0.6755712032318115,0.11128810793161392
114,0.6721256971359253,0.11059004068374634
115,0.6687203049659729,0.10988748073577881
116,0.6653436422348022,0.10917975753545761
117,0.6620280742645264,0.10846476256847382
118,0.6587446928024292,0.10774180293083191
119,0.6555051803588867,0.10701204836368561
120,0.6523191928863525,0.1062762439250946
121,0.6491678953170776,0.10553400963544846
122,0.6460680365562439,0.10478456318378448
123,0.6430162191390991,0.10402730107307434
124,0.6400046348571777,0.10326291620731354
125,0.6370481848716736,0.1024923175573349
126,0.6341353058815002,0.10171464085578918
127,0.6312700510025024,0.10092853009700775
128,0.6284574270248413,0.10013408958911896
129,0.6256875991821289,0.09933202713727951
130,0.6229702830314636,0.0985228568315506
131,0.6203003525733948,0.09770616143941879
132,0.6176776885986328,0.09688118100166321
133,0.615106999874115,0.09604796767234802
134,0.6125825643539429,0.09520688652992249
135,0.6101088523864746,0.0943579375743866
136,0.6076847314834595,0.09350099414587021
137,0.6053084135055542,0.09263595938682556
138,0.6029834747314453,0.091762974858284
139,0.600705623626709,0.09088239073753357
140,0.5984777212142944,0.08999429643154144
141,0.5962982773780823,0.08909861743450165
142,0.5941663384437561,0.08819542080163956
143,0.5920835733413696,0.08728495985269547
144,0.5900471210479736,0.08636770397424698
145,0.5880584120750427,0.085443876683712
146,0.586115837097168,0.0845135897397995
147,0.5842189788818359,0.08357718586921692
148,0.5823674201965332,0.08263519406318665
149,0.580559253692627,0.08168810606002808
150,0.5787947773933411,0.08073632419109344
151,0.5770720839500427,0.07978036254644394
152,0.5753905773162842,0.07882100343704224
153,0.5737490057945251,0.07785886526107788
154,0.5721458196640015,0.07689465582370758
155,0.570580780506134,0.07592906802892685
156,0.5690515041351318,0.07496297359466553
157,0.5675575733184814,0.07399729639291763
158,0.5660972595214844,0.07303295284509659
159,0.5646692514419556,0.07207084447145462
160,0.5632725954055786,0.07111194729804993
161,0.5619056224822998,0.07015731185674667
162,0.5605676174163818,0.06920796632766724
163,0.5592567920684814,0.06826487183570862
164,0.5579724907875061,0.06732912361621857
165,0.556713342666626,0.06640177965164185
166,0.5554783344268799,0.06548376381397247
167,0.5542664527893066,0.06457608193159103
168,0.5530766844749451,0.06367965042591095
169,0.5519081354141235,0.06279541552066803
170,0.5507599115371704,0.06192421168088913
171,0.5496311187744141,0.061066824942827225
172,0.5485209226608276,0.06022398918867111
173,0.5474287271499634,0.05939635634422302
174,0.5463535785675049,0.05858451873064041
175,0.5452951192855835,0.05778896063566208
176,0.5442523956298828,0.05701012164354324
177,0.5432249307632446,0.05624835938215256
178,0.5422122478485107,0.05550399422645569
179,0.5412136316299438,0.05477718263864517
180,0.5402288436889648,0.054068081080913544
181,0.5392571687698364,0.05337679758667946
182,0.5382982492446899,0.05270335078239441
183,0.5373518466949463,0.05204768478870392
184,0.5364173650741577,0.051409762352705
185,0.5354946255683899,0.05078941583633423
186,0.5345831513404846,0.050186485052108765
187,0.533682644367218,0.049600716680288315
188,0.532792866230011,0.04903183877468109
189,0.5319136381149292,0.04847952723503113
190,0.5310444235801697,0.04794338345527649
191,0.5301852226257324,0.04742301627993584
192,0.5293357372283936,0.04691793769598007
193,0.5284956693649292,0.0464276485145092
194,0.527664840221405,0.04595157131552696
195,0.5268431901931763,0.04548918455839157
196,0.5260303020477295,0.0450398251414299
197,0.5252259969711304,0.044602908194065094
198,0.5244303941726685,0.04417778179049492
199,0.5236431360244751,0.04376377910375595
200,0.5228638648986816,0.04336027055978775
201,0.5220925807952881,0.0429665669798851
202,0.5213291645050049,0.04258207976818085
203,0.5205733180046082,0.04220617190003395
204,0.5198249220848083,0.04183822125196457
205,0.5190838575363159,0.04147767648100853
206,0.5183497667312622,0.041123975068330765
207,0.517622709274292,0.04077659919857979
208,0.516902506351471,0.04043509438633919
209,0.5161886215209961,0.04009900242090225
210,0.5154812335968018,0.03976790979504585
211,0.5147801637649536,0.039441466331481934
212,0.5140849947929382,0.03911931812763214
213,0.5133956670761108,0.0388011708855629
214,0.5127121210098267,0.03848675638437271
215,0.5120338201522827,0.03817584738135338
216,0.5113610029220581,0.0378682017326355
217,0.5106931924819946,0.03756364434957504
218,0.5100303888320923,0.03726198896765709
219,0.5093720555305481,0.03696309030056
220,0.5087184906005859,0.03666679933667183
221,0.5080690979957581,0.03637298196554184
222,0.5074239373207092,0.03608150780200958
223,0.5067826509475708,0.035792265087366104
224,0.506145179271698,0.03550513833761215
225,0.5055112838745117,0.03522002696990967
226,0.5048807859420776,0.034936800599098206
227,0.5042533278465271,0.03465539216995239
228,0.5036290884017944,0.034375667572021484
229,0.5030075311660767,0.03409755975008011
230,0.5023886561393738,0.033820990473032
231,0.5017722249031067,0.0335458368062973
232,0.5011579990386963,0.03327205032110214
233,0.5005459785461426,0.03299954533576965
234,0.49993574619293213,0.03272825479507446
235,0.49932730197906494,0.03245813027024269
236,0.4987204074859619,0.03218906745314598
237,0.4981148838996887,0.031921058893203735
238,0.49751055240631104,0.03165404126048088
239,0.49690717458724976,0.03138795495033264
240,0.4963046610355377,0.031122781336307526
241,0.4957027733325958,0.030858486890792847
242,0.4951013922691345,0.03059501200914383
243,0.4945003390312195,0.030332379043102264
244,0.4938993453979492,0.030070539563894272
245,0.4932982921600342,0.029809487983584404
246,0.4926970601081848,0.029549233615398407
247,0.492095410823822,0.029289739206433296
248,0.4914930462837219,0.029031045734882355
249,0.4908899962902069,0.02877313829958439
250,0.49028605222702026,0.028516041114926338
251,0.4896808862686157,0.028259776532649994
252,0.4890744686126709,0.02800435572862625
253,0.4884665012359619,0.027749810367822647
254,0.4878568649291992,0.02749616652727127
255,0.4872453212738037,0.027243461459875107
256,0.4866318702697754,0.026991751044988632
257,0.48601609468460083,0.026741046458482742
258,0.48539793491363525,0.026491407305002213
259,0.4847770929336548,0.026242883875966072
260,0.48415350914001465,0.02599550597369671
261,0.4835270345211029,0.0257493257522583
262,0.4828972816467285,0.02550438791513443
263,0.4822641909122467,0.02526075392961502
264,0.481627494096756,0.025018444284796715
265,0.4809871315956116,0.024777553975582123
266,0.4803428053855896,0.024538084864616394
267,0.4796944260597229,0.024300117045640945
268,0.47904157638549805,0.024063676595687866
269,0.4783843159675598,0.02382880635559559
270,0.4777223467826843,0.023595571517944336
271,0.47705549001693726,0.02336401306092739
272,0.4763835072517395,0.0231341365724802
273,0.47570621967315674,0.022906027734279633
274,0.47502344846725464,0.02267969772219658
275,0.4743350148200989,0.022455189377069473
276,0.47364068031311035,0.02223253808915615
277,0.4729403257369995,0.022011777386069298
278,0.47223374247550964,0.021792948246002197
279,0.4715206027030945,0.021576078608632088
280,0.4708009660243988,0.02136119455099106
281,0.4700743556022644,0.021148331463336945
282,0.46934086084365845,0.020937535911798477
283,0.4686001241207123,0.020728887990117073
284,0.4678519368171692,0.020522503182291985
285,0.467096209526062,0.020318903028964996
286,0.4663326144218445,0.020119424909353256
287,0.4655612111091614,0.019928891211748123
288,0.46478158235549927,0.0197632797062397
289,0.4639936685562134,0.019680067896842957
290,0.46319717168807983,0.01988491415977478
291,0.46239209175109863,0.021116256713867188
292,0.4615783095359802,0.025786202400922775
293,0.46075570583343506,0.03927498310804367
294,0.459924578666687,0.06032320857048035
295,0.4590860903263092,0.056636981666088104
296,0.45824313163757324,0.023409496992826462
297,0.4574057161808014,0.028445083647966385
298,0.45660173892974854,0.04461003094911575
299,0.4559187889099121,0.022937439382076263
300,0.455615758895874,0.02525266818702221
301,0.4564875364303589,0.03565262258052826
302,0.46066856384277344,0.019031986594200134
303,0.47283124923706055,0.026413943618535995
304,0.49465706944465637,0.02745567075908184
305,0.5096213817596436,0.01772029511630535
306,0.482810914516449,0.026916369795799255
307,0.4499429166316986,0.02037477120757103
308,0.4613223373889923,0.01961490698158741
309,0.47962474822998047,0.024011295288801193
310,0.46059751510620117,0.016989292576909065
311,0.4454752802848816,0.021451646462082863
312,0.4618610143661499,0.019435103982686996
313,0.46157389879226685,0.017383385449647903
314,0.44325244426727295,0.020654192194342613
315,0.4493245482444763,0.016476403921842575
316,0.4559098184108734,0.018612854182720184
317,0.4422227144241333,0.018023891374468803
318,0.44182103872299194,0.01613379828631878
319,0.4490809142589569,0.018324708566069603
320,0.44028663635253906,0.01597711443901062
321,0.4366980195045471,0.016675103455781937
322,0.44257235527038574,0.01686975359916687
323,0.43770378828048706,0.015285789035260677
324,0.4327925443649292,0.016623102128505707
325,0.4366721212863922,0.015471791848540306
326,0.43451249599456787,0.01530437171459198
327,0.42956918478012085,0.015880674123764038
328,0.43146270513534546,0.014692187309265137
329,0.4309637248516083,0.015241872519254684
330,0.4266066551208496,0.014982915483415127
331,0.4267883002758026,0.01435158122330904
332,0.4271547794342041,0.01489243283867836
333,0.4237533211708069,0.014293516054749489
334,0.42257633805274963,0.014142177067697048
335,0.4231089949607849,0.014395784586668015
336,0.4208172559738159,0.013815442100167274
337,0.418806254863739,0.013893622905015945
338,0.4189456105232239,0.01390034332871437
339,0.41764533519744873,0.013459164649248123
340,0.4153762459754944,0.013592631556093693
341,0.41479068994522095,0.013466156087815762
342,0.41413959860801697,0.013157153502106667
343,0.412140816450119,0.013264141976833344
344,0.4108266830444336,0.01309082843363285
345,0.4102907180786133,0.012873314321041107
346,0.40886783599853516,0.012935522943735123
347,0.40716835856437683,0.012762662023305893
348,0.406281054019928,0.012594101019203663
349,0.4053269624710083,0.012617329135537148
350,0.4037344455718994,0.012462557293474674
351,0.4023776054382324,0.012318198569118977
352,0.40146589279174805,0.01231333240866661
353,0.40024980902671814,0.012182539328932762
354,0.3987295925617218,0.012048791162669659
355,0.3975084125995636,0.012024321593344212
356,0.39647313952445984,0.01191654708236456
357,0.39516353607177734,0.01178836077451706
358,0.3937256932258606,0.01174650527536869
359,0.39250725507736206,0.011659680865705013
360,0.3913731575012207,0.011537985876202583
361,0.3900523781776428,0.011480052955448627
362,0.3886492848396301,0.011409230530261993
363,0.38738158345222473,0.011297463439404964
364,0.38617897033691406,0.011224945075809956
365,0.3848625123500824,0.011163294315338135
366,0.3834659457206726,0.011065652593970299
367,0.3821316063404083,0.01098246406763792
368,0.38086044788360596,0.010922293178737164
369,0.37954115867614746,0.010839518159627914
370,0.3781414031982422,0.010752025060355663
371,0.37673938274383545,0.010687089525163174
372,0.37538233399391174,0.010616816580295563
373,0.3740270137786865,0.01053259614855051
374,0.37261858582496643,0.01046069897711277
375,0.3711644411087036,0.0103965625166893
376,0.36971014738082886,0.010320940986275673
377,0.3682705760002136,0.010245107114315033
378,0.36681807041168213,0.01018018089234829
379,0.36532458662986755,0.010113304480910301
380,0.36379140615463257,0.010039725340902805
381,0.36224040389060974,0.009971209801733494
382,0.36068326234817505,0.009908152744174004
383,0.359110951423645,0.009841043502092361
384,0.35750699043273926,0.009771842509508133
385,0.3558626174926758,0.009707704186439514
386,0.3541821837425232,0.009645648300647736
387,0.35247349739074707,0.009580444544553757
388,0.3507397770881653,0.009515264071524143
389,0.34897664189338684,0.00945383869111538
390,0.3471758961677551,0.009393243119120598
391,0.345331609249115,0.00933073740452528
392,0.3434406518936157,0.009268791414797306
393,0.341503381729126,0.009209498763084412
394,0.33951979875564575,0.009150839410722256
395,0.33748969435691833,0.009091125801205635
396,0.3354104161262512,0.009031891822814941
397,0.3332786560058594,0.008974544703960419
398,0.33109110593795776,0.008917986415326595
399,0.3288443684577942,0.00886097364127636
400,0.32653653621673584,0.00880419835448265
401,0.32416510581970215,0.008748717606067657
402,0.32172948122024536,0.008694211021065712
403,0.31922775506973267,0.008639738894999027
404,0.3166602849960327,0.00858534686267376
405,0.31402572989463806,0.008531741797924042
406,0.3113255202770233,0.00847911462187767
407,0.3085600733757019,0.008426936343312263
408,0.30573487281799316,0.008374887518584728
409,0.3028569221496582,0.008323241025209427
410,0.299948513507843,0.008272362872958183
411,0.29704880714416504,0.008222171105444431
412,0.29426339268684387,0.008172337897121906
413,0.2918124198913574,0.0081227608025074
414,0.2902810871601105,0.008073646575212479
415,0.29096394777297974,0.008025167509913445
416,0.2972258925437927,0.007977248169481754
417,0.3146268129348755,0.007929716259241104
418,0.351676881313324,0.007882509380578995
419,0.38503026962280273,0.00783571507781744
420,0.3747563362121582,0.007789439521729946
421,0.29274508357048035,0.007743674796074629
422,0.2661564350128174,0.007698317524045706
423,0.31122320890426636,0.007653319742530584
424,0.3142162561416626,0.007608686573803425
425,0.2693222165107727,0.0075644757598638535
426,0.26172691583633423,0.007520708721131086
427,0.28145572543144226,0.007477368228137493
428,0.2641885280609131,0.007434413302689791
429,0.25210320949554443,0.007391811348497868
430,0.2698580026626587,0.007349561899900436
431,0.2549501657485962,0.007307685911655426
432,0.2300177812576294,0.007266197353601456
433,0.2400091290473938,0.00722509017214179
434,0.23867912590503693,0.007184349000453949
435,0.22521400451660156,0.007143953815102577
436,0.24026668071746826,0.007103889714926481
437,0.26135969161987305,0.007064159028232098
438,0.2818688750267029,0.00702475942671299
439,0.2988854646682739,0.006985699757933617
440,0.2495134472846985,0.006946972571313381
441,0.20721256732940674,0.006908576935529709
442,0.23137196898460388,0.006870496552437544
443,0.24435323476791382,0.006832729559391737
444,0.2510708272457123,0.006795267108827829
445,0.27025100588798523,0.00675811106339097
446,0.270885705947876,0.006721236743032932
447,0.2680027484893799,0.006684671156108379
448,0.24386271834373474,0.006648385897278786
449,0.22767847776412964,0.0066123902797698975
450,0.2127770036458969,0.006576682440936565
451,0.20116133987903595,0.006541256792843342
452,0.20268580317497253,0.006506097503006458
453,0.2066134810447693,0.006471212022006512
454,0.2045046091079712,0.006436603143811226
455,0.21038681268692017,0.006402242928743362
456,0.21693912148475647,0.006368150934576988
457,0.214960515499115,0.006334307137876749
458,0.21286717057228088,0.006300720386207104
459,0.18780654668807983,0.00626737903803587
460,0.17911553382873535,0.006234289146959782
461,0.1919877827167511,0.006201446056365967
462,0.19204573333263397,0.00616884883493185
463,0.18754473328590393,0.006136499810963869
464,0.18285155296325684,0.006104401312768459
465,0.17377351224422455,0.006072568707168102
466,0.16420838236808777,0.006041038781404495
467,0.16706497967243195,0.006009864155203104
468,0.1765967309474945,0.005979146808385849
469,0.20544975996017456,0.005949137732386589
470,0.2167527675628662,0.005920278374105692
471,0.24322821199893951,0.00589351961389184
472,0.23759642243385315,0.005870861932635307
473,0.19011719524860382,0.005856526084244251
474,0.16065573692321777,0.005859775003045797
475,0.17192375659942627,0.0059008365496993065
476,0.18918313086032867,0.006025542970746756
477,0.1872028410434723,0.006335741374641657
478,0.1615348756313324,0.00706632761284709
479,0.15858495235443115,0.008717266842722893
480,0.2079249620437622,0.012354779988527298
481,0.22099098563194275,0.01950465887784958
482,0.2270803153514862,0.03118176944553852
483,0.15758022665977478,0.04064086452126503
484,0.23734474182128906,0.034784480929374695
485,0.3874475359916687,0.01340424083173275
486,0.36807653307914734,0.007127793971449137
487,0.27593499422073364,0.020459599792957306
488,0.26115840673446655,0.022078862413764
489,0.17062190175056458,0.008644192479550838
490,0.14776793122291565,0.008317802101373672
491,0.19633764028549194,0.017024245113134384
492,0.24476760625839233,0.011761356145143509
493,0.24864664673805237,0.005873304791748524
494,0.19405794143676758,0.012063526548445225
495,0.18412140011787415,0.011851985938847065
496,0.15034610033035278,0.005890225060284138
497,0.16031253337860107,0.009205564856529236
498,0.17563143372535706,0.010593934915959835
499,0.1702033132314682,0.005962461233139038
500,0.16194505989551544,0.007571067661046982
501,0.16324108839035034,0.009454159997403622
502,0.1632596254348755,0.006070277653634548
503,0.1562834531068802,0.006428297143429518
504,0.14040601253509521,0.008357519283890724
505,0.11775392293930054,0.006119033321738243
506,0.12691828608512878,0.005691095720976591
507,0.1375712752342224,0.007402403280138969
508,0.16070255637168884,0.006205609999597073
509,0.1905452311038971,0.005243425257503986
510,0.19806838035583496,0.006496276706457138
511,0.11822549998760223,0.006202294025570154
512,0.21096257865428925,0.005087302532047033
513,0.25464874505996704,0.0057263984344899654
514,0.21319200098514557,0.006089871283620596
515,0.22029146552085876,0.005182054825127125
516,0.20914599299430847,0.005133043508976698
517,0.15685363113880157,0.005721555557101965
518,0.12652865052223206,0.0053389109671115875
519,0.11881206929683685,0.0048812697641551495
520,0.13370239734649658,0.005251171067357063
521,0.1429484486579895,0.005354773253202438
522,0.15805941820144653,0.004896617494523525
523,0.21429167687892914,0.004873532336205244
524,0.2253115177154541,0.005154729820787907
525,0.12153133749961853,0.00498552992939949
526,0.23947809636592865,0.004721212200820446
527,0.224392831325531,0.004849587567150593
528,0.16442719101905823,0.004950820468366146
529,0.2174629271030426,0.0047467914409935474
530,0.24207130074501038,0.004642339423298836
531,0.16967803239822388,0.004766784142702818
532,0.17709150910377502,0.004760777577757835
533,0.17758581042289734,0.004597021266818047
534,0.12457308918237686,0.004572601057589054
535,0.13342875242233276,0.004652474541217089
536,0.12776854634284973,0.004604569636285305
537,0.10833632946014404,0.004493406042456627
538,0.13052958250045776,0.004494918510317802
539,0.10013443976640701,0.004535171203315258
540,0.12383264303207397,0.004481771495193243
541,0.10678381472826004,0.00440718699246645
542,0.1023796796798706,0.0044104233384132385
543,0.1111895889043808,0.004426832776516676
544,0.09806422889232635,0.004381306003779173
545,0.10995131731033325,0.004327254369854927
546,0.0967167541384697,0.0043240878731012344
547,0.09519994258880615,0.004329321905970573
548,0.09889259189367294,0.004294067155569792
549,0.09066445380449295,0.0042510610073804855
550,0.09569352120161057,0.004241013899445534
551,0.09252121299505234,0.0042397743090987206
552,0.08713656663894653,0.004213183652609587
553,0.08992248773574829,0.004177548922598362
554,0.08625662326812744,0.00416154321283102
555,0.08654825389385223,0.004155699163675308
556,0.08595059812068939,0.004136038478463888
557,0.08248519897460938,0.004106183536350727
558,0.08363217115402222,0.004085722379386425
559,0.08200114965438843,0.004075692035257816
560,0.081357441842556,0.0040606181137263775
561,0.08011434972286224,0.004036107566207647
562,0.07905075699090958,0.004013624042272568
563,0.07953613996505737,0.003999439068138599
564,0.07737253606319427,0.00398612255230546
565,0.07732480764389038,0.003966696560382843
566,0.07647482305765152,0.003944733180105686
567,0.07551984488964081,0.003926921635866165
568,0.0754571259021759,0.003912883810698986
569,0.0743589699268341,0.0038970722816884518
570,0.07386542856693268,0.0038776681758463383
571,0.07314521819353104,0.0038583739660680294
572,0.0727144256234169,0.00384212052449584
573,0.07209395617246628,0.003827283624559641
574,0.07153110206127167,0.003810843685641885
575,0.07104950398206711,0.0037925937213003635
576,0.07041190564632416,0.00377481197938323
577,0.06986600160598755,0.0037588560953736305
578,0.06951376795768738,0.0037436378188431263
579,0.06875741481781006,0.0037274854257702827
580,0.0685364156961441,0.0037102990318089724
581,0.06788595765829086,0.0036933505907654762
582,0.06746040284633636,0.0036774356849491596
583,0.06699112802743912,0.0036621198523789644
584,0.06648511439561844,0.0036464619915932417
585,0.06608639657497406,0.003630178514868021
586,0.06561332195997238,0.0036138156428933144
587,0.06514377146959305,0.0035979871172457933
588,0.06480216234922409,0.003582680132240057
589,0.06428495794534683,0.0035674371756613255
590,0.06391561031341553,0.0035519034136086702
591,0.06349918246269226,0.0035361554473638535
592,0.06301750242710114,0.0035205408930778503
593,0.06266073882579803,0.0035052760504186153
594,0.062211114913225174,0.0034902661573141813
595,0.06184205412864685,0.0034752755891531706
596,0.061426348984241486,0.00346016394905746
597,0.061005719006061554,0.003444982459768653
598,0.060635216534137726,0.003429896431043744
599,0.06024502217769623,0.003415015758946538
600,0.059847377240657806,0.003400305286049843
601,0.059471163898706436,0.003385665826499462
602,0.05907285213470459,0.0033710142597556114
603,0.05869802087545395,0.0033563454635441303
604,0.05833100527524948,0.0033417106606066227
605,0.057943712919950485,0.0033271857537329197
606,0.057586513459682465,0.0033127842471003532
607,0.05720747262239456,0.0032984898425638676
608,0.05684684216976166,0.003284257370978594
609,0.05649552866816521,0.003270047716796398
610,0.05612967908382416,0.0032558718230575323
611,0.055778320878744125,0.003241734579205513
612,0.055422909557819366,0.0032276734709739685
613,0.05507684126496315,0.0032136947847902775
614,0.05473354831337929,0.0031998027116060257
615,0.054388560354709625,0.0031859835144132376
616,0.05404650792479515,0.0031722253188490868
617,0.05371122062206268,0.0031585129909217358
618,0.05337739735841751,0.0031448467634618282
619,0.05304369330406189,0.0031312350183725357
620,0.05271729826927185,0.0031176800839602947
621,0.05238790810108185,0.003104186849668622
622,0.05206684768199921,0.0030907616019248962
623,0.051746126264333725,0.0030774076003581285
624,0.05142614617943764,0.003064111340790987
625,0.05111289396882057,0.003050882136449218
626,0.05079827457666397,0.0030377041548490524
627,0.05048850178718567,0.0030245832167565823
628,0.050181224942207336,0.003011520951986313
629,0.04987521469593048,0.00299850944429636
630,0.049572914838790894,0.002985555212944746
631,0.04927298426628113,0.002972654066979885
632,0.04897400736808777,0.002959813689813018
633,0.048679497092962265,0.0029470245353877544
634,0.04838588461279869,0.0029342977795749903
635,0.04809548705816269,0.0029216266702860594
636,0.04780757427215576,0.002909015864133835
637,0.04752105474472046,0.0028964541852474213
638,0.0472375825047493,0.0028839523438364267
639,0.046956367790699005,0.0028715087100863457
640,0.04667733609676361,0.002859116066247225
641,0.04640045762062073,0.002846779301762581
642,0.04612597078084946,0.0028344965539872646
643,0.04585334658622742,0.0028222701512277126
644,0.04558344930410385,0.002810097299516201
645,0.04531540349125862,0.0027979796286672354
646,0.04504943639039993,0.002785911550745368
647,0.04478570073843002,0.002773900283500552
648,0.04452390968799591,0.002761939074844122
649,0.044264163821935654,0.002750038169324398
650,0.044006578624248505,0.0027381915133446455
651,0.04375062137842178,0.0027264023665338755
652,0.043497003614902496,0.0027146749198436737
653,0.043245136737823486,0.002703010104596615
654,0.042995139956474304,0.0026914309710264206
655,0.04274706542491913,0.0026799552142620087
656,0.042500779032707214,0.0026686189230531454
657,0.04225634038448334,0.002657528268173337
658,0.042013801634311676,0.002646838780492544
659,0.041772857308387756,0.0026368959806859493
660,0.041533708572387695,0.0026283860206604004
661,0.041296303272247314,0.002622720319777727
662,0.04106054827570915,0.002622807864099741
663,0.040826376527547836,0.0026348521932959557
664,0.04059396684169769,0.002671788213774562
665,0.040363162755966187,0.0027622422203421593
666,0.04013380408287048,0.002965953666716814
667,0.03990614414215088,0.0034200907684862614
668,0.03967991843819618,0.004398168995976448
669,0.039455294609069824,0.006538203917443752
670,0.03923214226961136,0.010837688110768795
671,0.03901045396924019,0.01927924156188965
672,0.038790199905633926,0.031012780964374542
673,0.03857140243053436,0.04187236726284027
674,0.038354016840457916,0.033039916306734085
675,0.03813794255256653,0.011279437690973282
676,0.03792335465550423,0.004136526025831699
677,0.03771005570888519,0.01751772314310074
678,0.03749815747141838,0.021220464259386063
679,0.03728748857975006,0.0071760364808142185
680,0.03707817941904068,0.005341258831322193
681,0.03687018156051636,0.014812003821134567
682,0.03666337579488754,0.010322841815650463
683,0.036457858979701996,0.0033546374179422855
684,0.03625364229083061,0.008941706269979477
685,0.03605064004659653,0.00968998484313488
686,0.035848960280418396,0.00356453494168818
687,0.03564852476119995,0.006042131222784519
688,0.03544950857758522,0.008305624127388
689,0.03525211289525032,0.003739448729902506
690,0.03505661338567734,0.0041503263637423515
691,0.03486409783363342,0.006822771858423948
692,0.03467651456594467,0.003987534437328577
693,0.034498363733291626,0.0030880081467330456
694,0.03434021770954132,0.005405206233263016
695,0.03422561660408974,0.004298717249184847
696,0.03421411290764809,0.0026373337022960186
697,0.03443564474582672,0.003953293897211552
698,0.03524715453386307,0.004341412335634232
699,0.03736439719796181,0.002826374489814043
700,0.04290895164012909,0.0028097201138734818
701,0.05539309233427048,0.00385946873575449
702,0.08426398783922195,0.0033216006122529507
703,0.13891883194446564,0.0023833317682147026
704,0.25406962633132935,0.0029584274161607027
705,0.5797284245491028,0.0034124194644391537
706,0.9272643327713013,0.0026599036063998938
707,2.050981283187866,0.002362530678510666
708,1.188144326210022,0.00290919141843915
709,2.0388004779815674,0.0029174068477004766
710,1.6234917640686035,0.0023927721194922924
711,2.019664764404297,0.0023798849433660507
712,1.623395562171936,0.0027269143611192703
713,1.2810280323028564,0.002616612007841468
714,1.3029779195785522,0.002261059358716011
715,0.9322924613952637,0.002334724413231015
716,0.7430200576782227,0.0025542108342051506
717,0.7834144234657288,0.0023968180175870657
718,0.5360370874404907,0.002188887447118759
719,0.32514268159866333,0.002289813943207264
720,0.31241336464881897,0.0023920624516904354
721,0.38965684175491333,0.0022606663405895233
722,0.3415048122406006,0.0021478997077792883
723,0.36308565735816956,0.00222240062430501
724,0.4276474714279175,0.002276176121085882
725,0.4723464846611023,0.002174481749534607
726,0.41118907928466797,0.0021050330251455307
727,0.40138739347457886,0.0021661464124917984
728,0.4368969798088074,0.0021874839439988136
729,0.3963095247745514,0.002109840512275696
730,0.33421701192855835,0.0020723091438412666
731,0.30885350704193115,0.002109305001795292
732,0.3061966300010681,0.002116941614076495
733,0.28216564655303955,0.002066260203719139
734,0.2393103539943695,0.0020365214440971613
735,0.22860300540924072,0.0020581469871103764
736,0.2313477098941803,0.0020640071015805006
737,0.2299869805574417,0.002026116009801626
738,0.22671590745449066,0.0020023302640765905
739,0.22689194977283478,0.0020140281412750483
740,0.22818031907081604,0.002015925943851471
741,0.22272825241088867,0.0019909809343516827
742,0.2265356481075287,0.0019701803103089333
743,0.21714580059051514,0.0019709900952875614
744,0.1964486539363861,0.0019734306260943413
745,0.18336772918701172,0.001957853324711323
746,0.17896457016468048,0.0019380026496946812
747,0.16821220517158508,0.0019334842218086123
748,0.1557510495185852,0.001934462576173246
749,0.14504565298557281,0.0019243346760049462
750,0.13703683018684387,0.001908588339574635
751,0.1329435259103775,0.001899800612591207
752,0.1338348090648651,0.001897459733299911
753,0.13134831190109253,0.0018920160364359617
754,0.12688016891479492,0.001879971008747816
755,0.12260864675045013,0.0018688262207433581
756,0.11627262830734253,0.0018638127949088812
757,0.10897564888000488,0.0018595325527712703
758,0.1035144254565239,0.0018508437788113952
759,0.0973997563123703,0.001840441022068262
760,0.09245052933692932,0.001832659007050097
761,0.08782235532999039,0.001827453263103962
762,0.08173555880784988,0.0018213626462966204
763,0.07822716236114502,0.0018126708455383778
764,0.07636348903179169,0.0018037868430837989
765,0.0742943212389946,0.0017971113556995988
766,0.07249610126018524,0.0017914504278451204
767,0.0693574994802475,0.0017845677211880684
768,0.06461875140666962,0.0017764703370630741
769,0.06128668040037155,0.0017687426880002022
770,0.059383198618888855,0.0017622285522520542
771,0.05537842959165573,0.0017561607528477907
772,0.052746500819921494,0.0017493483610451221
773,0.05334722250699997,0.0017418056959286332
774,0.049414221197366714,0.0017346104141324759
775,0.047618597745895386,0.0017281873151659966
776,0.04727562516927719,0.0017219377914443612
777,0.04664692282676697,0.0017152922227978706
778,0.04566995054483414,0.0017082799458876252
779,0.044134099036455154,0.0017013781471177936
780,0.04245592653751373,0.0016949363052845001
781,0.04194255918264389,0.0016887129750102758
782,0.04112740606069565,0.0016822782345116138
783,0.039960332214832306,0.0016756098484620452
784,0.03911205381155014,0.0016689739422872663
785,0.03830283135175705,0.0016625749412924051
786,0.03801697865128517,0.0016563688404858112
787,0.03751419484615326,0.0016501452773809433
788,0.037129200994968414,0.0016437749145552516
789,0.036434587091207504,0.0016373577527701855
790,0.03588683158159256,0.00163105851970613
791,0.03552503511309624,0.001624908298254013
792,0.035157039761543274,0.0016188174486160278
793,0.034792862832546234,0.0016126955160871148
794,0.03431088477373123,0.0016065203817561269
795,0.033948007971048355,0.0016003565397113562
796,0.03355628252029419,0.0015942842001095414
797,0.0333368219435215,0.0015882989391684532
798,0.03301748260855675,0.0015823456924408674
799,0.03266655653715134,0.0015763858100399375
800,0.032332584261894226,0.0015704142861068249
801,0.032132480293512344,0.001564463134855032
802,0.03192758560180664,0.0015585699584335089
803,0.03170965611934662,0.0015527396462857723
804,0.03151096776127815,0.0015469429781660438
805,0.03130233287811279,0.0015411556232720613
806,0.031110674142837524,0.0015353765338659286
807,0.030928712338209152,0.0015296183992177248
808,0.030764028429985046,0.001523893792182207
809,0.03053980879485607,0.0015182129573076963
810,0.030355587601661682,0.0015125751961022615
811,0.03017706610262394,0.0015069569926708937
812,0.030018795281648636,0.0015013552037999034
813,0.029836174100637436,0.0014957766979932785
814,0.029679587110877037,0.0014902205439284444
815,0.029509272426366806,0.0014846972189843655
816,0.02935960330069065,0.0014792055590078235
817,0.029219161719083786,0.0014737490564584732
818,0.029075762256979942,0.0014683171175420284
819,0.028919674456119537,0.0014629046199843287
820,0.02877458743751049,0.0014575158711522818
821,0.02864004857838154,0.0014521526172757149
822,0.02849878929555416,0.0014468152076005936
823,0.028360016644001007,0.0014415060868486762
824,0.02822081372141838,0.00143622444011271
825,0.028085190802812576,0.001430970965884626
826,0.027951613068580627,0.0014257448492571712
827,0.027826480567455292,0.001420539221726358
828,0.027696684002876282,0.0014153590891510248
829,0.027569081634283066,0.0014102013083174825
830,0.027442164719104767,0.0014050697209313512
831,0.027319971472024918,0.0013999633956700563
832,0.027195900678634644,0.0013948834966868162
833,0.027074631303548813,0.0013898289762437344
834,0.026950035244226456,0.001384796341881156
835,0.02682904154062271,0.0013797900173813105
836,0.02671070396900177,0.0013748076744377613
837,0.02659519761800766,0.0013698479160666466
838,0.02647789567708969,0.0013649140018969774
839,0.026362869888544083,0.0013599998783320189
840,0.02624877728521824,0.0013551122974604368
841,0.026135846972465515,0.0013502478832378983
842,0.026023969054222107,0.0013454046566039324
843,0.025912905111908913,0.0013405901845544577
844,0.025801602751016617,0.0013357964344322681
845,0.025691688060760498,0.0013310244539752603
846,0.025583498179912567,0.0013262787833809853
847,0.025475850328803062,0.0013215518556535244
848,0.025368768721818924,0.0013168504228815436
849,0.025262627750635147,0.0013121706433594227
850,0.025157250463962555,0.0013075133319944143
851,0.025052683427929878,0.0013028773246333003
852,0.02494925446808338,0.001298264367505908
853,0.024846091866493225,0.0012936723651364446
854,0.024743519723415375,0.0012891043443232775
855,0.024641800671815872,0.0012845571618527174
856,0.02454102411866188,0.0012800334952771664
857,0.0244405847042799,0.0012755279894918203
858,0.024340901523828506,0.0012710480950772762
859,0.024241704493761063,0.0012665846152231097
860,0.024143248796463013,0.001262148143723607
861,0.02404540777206421,0.0012577305315062404
862,0.02394828572869301,0.0012533343397080898
863,0.023851580917835236,0.0012489584041759372
864,0.023755619302392006,0.0012446031905710697
865,0.023660175502300262,0.0012402682332322001
866,0.02356535568833351,0.0012359535321593285
867,0.023471076041460037,0.0012316618813201785
868,0.02337736263871193,0.0012273902539163828
869,0.023284122347831726,0.0012231359723955393
870,0.023191535845398903,0.0012189035769551992
871,0.023099474608898163,0.001214692136272788
872,0.023007983341813087,0.0012105006026104093
873,0.022916946560144424,0.001206328859552741
874,0.022826461121439934,0.0012021763250231743
875,0.02273646928369999,0.0011980440467596054
876,0.022647008299827576,0.001193931675516069
877,0.022558074444532394,0.0011898395605385303
878,0.022469596937298775,0.0011857693316414952
879,0.02238163724541664,0.0011817228514701128
880,0.022294191643595695,0.001177696860395372
881,0.02220720425248146,0.001173701137304306
882,0.022120721638202667,0.0011697394074872136
883,0.022034727036952972,0.0011658252915367484
884,0.021949181333184242,0.0011619867291301489
885,0.021864118054509163,0.0011582669103518128
886,0.021779533475637436,0.0011547594331204891
887,0.021695394068956375,0.0011516466038301587
888,0.021611714735627174,0.0011492734774947166
889,0.021528523415327072,0.0011483386624604464
890,0.021445738151669502,0.001150229130871594
891,0.021363429725170135,0.0011577785480767488
892,0.02128157578408718,0.0011767162941396236
893,0.021200161427259445,0.0012190488632768393
894,0.021119151264429092,0.00130918575450778
895,0.021038616076111794,0.0014997757971286774
896,0.020958486944437027,0.0018961604218930006
897,0.020878810435533524,0.002730761654675007
898,0.02079951763153076,0.004430115222930908
899,0.020720696076750755,0.007904314436018467
900,0.020642269402742386,0.014205235056579113
901,0.02056424506008625,0.024660971015691757
902,0.02048666775226593,0.034725937992334366
903,0.020409442484378815,0.03582620993256569
904,0.020332684740424156,0.017992813140153885
905,0.02025630883872509,0.0025014609564095736
906,0.020180346444249153,0.008648901246488094
907,0.02010476589202881,0.018476631492376328
908,0.02002960816025734,0.011793266050517559
909,0.019954845309257507,0.0028910532128065825
910,0.01988040842115879,0.008348891511559486
911,0.019806457683444023,0.011933288536965847
912,0.019732827320694923,0.005047716200351715
913,0.019659604877233505,0.0038928226567804813
914,0.019586730748414993,0.00811606552451849
915,0.019514283165335655,0.005772358272224665
916,0.019442174583673477,0.002651337068527937
917,0.019370460882782936,0.005122416652739048
918,0.019299127161502838,0.005857757292687893
919,0.019228149205446243,0.002448509680107236
920,0.01915755867958069,0.0025737262330949306
921,0.019087310880422592,0.00498898234218359
922,0.019017435610294342,0.0031027812510728836
923,0.01894792914390564,0.0012765235733240843
924,0.018878716975450516,0.0032270231749862432
925,0.018809951841831207,0.003440185682848096
926,0.018741514533758163,0.001644655130803585
927,0.01867338828742504,0.0018194608855992556
928,0.01860567182302475,0.0025014046113938093
929,0.018538260832428932,0.0022664382122457027
930,0.018471190705895424,0.001916750567033887
931,0.018404515460133553,0.00149913493078202
932,0.01833813264966011,0.001688481424935162
933,0.018272075802087784,0.002244288567453623
934,0.018206384032964706,0.001722264802083373
935,0.018141036853194237,0.0011171005899086595
936,0.018076013773679733,0.0015883222222328186
937,0.018011298030614853,0.0018286954145878553
938,0.017946962267160416,0.001389018027111888
939,0.017882948741316795,0.0012340759858489037
940,0.017819222062826157,0.0013316128170117736
941,0.01775585487484932,0.0013798574218526483
942,0.01769276335835457,0.00138823629822582
943,0.017630035057663918,0.0011796822072938085
944,0.017567595466971397,0.0010783664183691144
945,0.01750548928976059,0.0012959312880411744
946,0.017443709075450897,0.001277989475056529
947,0.01738220825791359,0.0010450324043631554
948,0.017321018502116203,0.00108245387673378
949,0.017260175198316574,0.0011913753114640713
950,0.01719961315393448,0.0011288387468084693
951,0.017139354720711708,0.0010638966923579574
952,0.01707940734922886,0.001052499981597066
953,0.017019761726260185,0.001066977740265429
954,0.01696043461561203,0.001099875196814537
955,0.016901370137929916,0.0010543905664235353
956,0.016842614859342575,0.0009875287069007754
957,0.01678416132926941,0.001030694111250341
958,0.016725996509194374,0.0010654726065695286
959,0.016668101772665977,0.001006321981549263
960,0.01661054976284504,0.0009788486640900373
961,0.016553260385990143,0.0010019424371421337
962,0.016496237367391586,0.001003749668598175
963,0.01643952913582325,0.0009925287449732423
964,0.01638307236135006,0.000974699854850769
965,0.016326937824487686,0.0009582791826687753
966,0.016271060332655907,0.0009709718869999051
967,0.01621546410024166,0.0009798204991966486
968,0.01616011932492256,0.0009548754896968603
969,0.01610511913895607,0.0009396653040312231
970,0.016050344333052635,0.0009505794732831419
971,0.01599583774805069,0.0009522225009277463
972,0.015941601246595383,0.0009417711407877505
973,0.015887651592493057,0.0009347781306132674
974,0.015833957120776176,0.0009285411797463894
975,0.015780556946992874,0.0009281267412006855
976,0.01572740636765957,0.0009319150121882558
977,0.015674501657485962,0.0009245795663446188
978,0.015621872618794441,0.0009135229629464447
979,0.015569506213068962,0.0009132673731073737
980,0.015517396852374077,0.0009151214035227895
981,0.015465528704226017,0.0009106408688239753
982,0.015413961373269558,0.0009052767418324947
983,0.015362624078989029,0.0009011650690808892
984,0.015311513096094131,0.0008976614335551858
985,0.015260711312294006,0.0008971071802079678
986,0.015210104174911976,0.0008957531535997987
987,0.015159782953560352,0.0008900068933144212
988,0.015109657309949398,0.0008854633197188377
989,0.01505986601114273,0.0008845195407047868
990,0.015010274015367031,0.0008828506106510758
991,0.014960925094783306,0.0008796153706498444
992,0.014911819249391556,0.0008764227386564016
993,0.014862963929772377,0.0008730633417144418
994,0.014814343303442001,0.0008702639024704695
995,0.014765949919819832,0.0008687998633831739
996,0.01471781451255083,0.0008666410576552153
997,0.014669913798570633,0.0008629780495539308
998,0.014622243121266365,0.0008599081775173545
999,0.0145748071372509,0.0008578191045671701
1000,0.014527583494782448,0.000855550984852016
1001,0.014480647630989552,0.0008531316416338086
1002,0.014433890581130981,0.0008505953010171652
1003,0.014387382194399834,0.00084766058716923
1004,0.014341101050376892,0.0008449552115052938
1005,0.01429503969848156,0.0008429078152403235
1006,0.014249218627810478,0.0008407537825405598
1007,0.014203622005879879,0.000838105333968997
1008,0.014158220030367374,0.0008355077588930726
1009,0.01411307230591774,0.0008330721175298095
1010,0.01406814157962799,0.0008306640665978193
1011,0.01402341853827238,0.0008284259820356965
1012,0.013978909701108932,0.0008262243936769664
1013,0.013934621587395668,0.0008237719302996993
1014,0.013890551403164864,0.000821246940176934
1015,0.013846712186932564,0.0008189304498955607
1016,0.013803085312247276,0.0008167013293132186
1017,0.0137596745043993,0.0008144273888319731
1018,0.013716453686356544,0.000812167942058295
1019,0.013673471286892891,0.0008098722901195288
1020,0.013630697503685951,0.0008075029472820461
1021,0.01358809880912304,0.0008052041521295905
1022,0.013545721769332886,0.0008030150202102959
1023,0.013503575697541237,0.0008008197182789445
1024,0.013461637310683727,0.000798579421825707
1025,0.01341988518834114,0.0007963472744449973
1026,0.013378320261836052,0.0007941134972497821
1027,0.013336957432329655,0.0007918745977804065
1028,0.013295846059918404,0.0007896899478510022
1029,0.01325488742440939,0.0007875467417761683
1030,0.013214174658060074,0.000785385724157095
1031,0.013173621147871017,0.000783205614425242
1032,0.0131332753226161,0.0007810413371771574
1033,0.013093102723360062,0.0007788839866407216
1034,0.013053178787231445,0.0007767322240397334
1035,0.013013392686843872,0.0007746138726361096
1036,0.012973856180906296,0.0007725136820226908
1037,0.012934476137161255,0.0007704039453528821
1038,0.012895294465124607,0.0007682936848141253
1039,0.012856300920248032,0.0007661943673156202
1040,0.012817504815757275,0.0007641043630428612
1041,0.01277889683842659,0.0007620197720825672
1042,0.012740491889417171,0.0007599546806886792
1043,0.012702260166406631,0.0007579035591334105
1044,0.012664210051298141,0.0007558531360700727
1045,0.01262633129954338,0.0007538056233897805
1046,0.012588661164045334,0.0007517671911045909
1047,0.01255117543041706,0.00074973568553105
1048,0.012513864785432816,0.000747710932046175
1049,0.012476742267608643,0.0007456992170773447
1050,0.012439788319170475,0.0007436979794874787
1051,0.012403015047311783,0.000741702679079026
1052,0.012366430833935738,0.0007397123263217509
1053,0.012330012395977974,0.0007377316360361874
1054,0.012293774634599686,0.0007357581052929163
1055,0.01225773710757494,0.0007337881252169609
1056,0.012221838347613811,0.000731828564312309
1057,0.01218614261597395,0.0007298772688955069
1058,0.012150591239333153,0.0007279329583980143
1059,0.01211522426456213,0.000725999241694808
1060,0.012080047279596329,0.0007240708218887448
1061,0.012045025825500488,0.000722148222848773
1062,0.012010189704596996,0.00072023383108899
1063,0.011975497007369995,0.0007183256675489247
1064,0.011941001750528812,0.0007164251292124391
1065,0.011906666681170464,0.0007145320414565504
1066,0.01187247596681118,0.0007126462296582758
1067,0.011838475242257118,0.0007107664714567363
1068,0.011804621666669846,0.0007088953861966729
1069,0.011770932003855705,0.00070703134406358
1070,0.011737428605556488,0.0007051721913740039
1071,0.011704054661095142,0.0007033225265331566
1072,0.011670883744955063,0.0007014787988737226
1073,0.011637834832072258,0.0006996393203735352
1074,0.011604983359575272,0.0006978090386837721
1075,0.011572261340916157,0.0006959845195524395
1076,0.011539719067513943,0.0006941678584553301
1077,0.011507314629852772,0.0006923574837855995
1078,0.011475076898932457,0.0006905517657287419
1079,0.011442981660366058,0.0006887557101435959
1080,0.011411071754992008,0.0006869639037176967
1081,0.011379275470972061,0.0006851795478723943
1082,0.011347675696015358,0.0006834024679847062
1083,0.011316209100186825,0.000681630801409483
1084,0.011284887790679932,0.0006798658869229257
1085,0.011253724806010723,0.000678107375279069
1086,0.011222727596759796,0.0006763551500625908
1087,0.011191865429282188,0.0006746085127815604
1088,0.011161137372255325,0.000672868627589196
1089,0.01113057043403387,0.0006711349124088883
1090,0.011100154370069504,0.0006694063195027411
1091,0.011069879867136478,0.0006676869234070182
1092,0.011039755307137966,0.0006659707869403064
1093,0.011009794659912586,0.0006642623338848352
1094,0.010979942046105862,0.0006625594687648118
1095,0.010950248688459396,0.0006608620751649141
1096,0.010920677334070206,0.0006591700948774815
1097,0.010891283862292767,0.0006574866129085422
1098,0.010862019844353199,0.0006558059831149876
1099,0.010832913219928741,0.0006541343173012137
1100,0.010803908109664917,0.0006524662021547556
1101,0.010775074362754822,0.0006508060032501817
1102,0.010746365413069725,0.0006491509266197681
1103,0.01071779616177082,0.0006475005066022277
1104,0.010689361952245235,0.0006458573625423014
1105,0.010661059990525246,0.0006442208541557193
1106,0.010632924735546112,0.0006425885367207229
1107,0.01060488261282444,0.0006409630877897143
1108,0.010576985776424408,0.0006393456133082509
1109,0.010549230501055717,0.0006377339013852179
1110,0.010521604679524899,0.0006361301057040691
1111,0.01049412228167057,0.0006345368456095457
1112,0.010466755367815495,0.0006329541793093085
1113,0.010439496487379074,0.0006313884514383972
1114,0.010412422008812428,0.0006298443186096847
1115,0.01038544625043869,0.0006283372058533132
1116,0.010358583182096481,0.0006268876022659242
1117,0.01033187098801136,0.0006255325279198587
1118,0.010305305942893028,0.0006243442185223103
1119,0.01027881819754839,0.0006234439788386226
1120,0.01025248970836401,0.0006230600411072373
1121,0.010226259008049965,0.0006236067274585366
1122,0.010200176388025284,0.0006258545909076929
1123,0.010174211114645004,0.0006312532932497561
1124,0.010148370638489723,0.0006425294559448957
1125,0.010122653096914291,0.0006649039569310844
1126,0.010097049176692963,0.0007083264645189047
1127,0.010071583092212677,0.0007922679069451988
1128,0.010046213865280151,0.0009539569145999849
1129,0.010020991787314415,0.00126714538782835
1130,0.009995869360864162,0.0018697807099670172
1131,0.00997086614370346,0.0030306619592010975
1132,0.009945965372025967,0.005196186248213053
1133,0.009921201504766941,0.009103153832256794
1134,0.009896565228700638,0.015291735529899597
1135,0.009872041642665863,0.023280372843146324
1136,0.009847616776823997,0.028150120750069618
1137,0.009823307394981384,0.02311662770807743
1138,0.009799106046557426,0.00883357971906662
1139,0.009775030426681042,0.0013003016356378794
1140,0.00975104235112667,0.0076319994404911995
1141,0.009727194905281067,0.013384006917476654
1142,0.009703462943434715,0.007979672402143478
1143,0.00967983528971672,0.001983214169740677
1144,0.009656322188675404,0.005373804364353418
1145,0.009632906876504421,0.008478200063109398
1146,0.00960960891097784,0.004630213137716055
1147,0.009586386382579803,0.002141907112672925
1148,0.0095633240416646,0.004479327239096165
1149,0.009540334343910217,0.005517466925084591
1150,0.009517460130155087,0.0028938758186995983
1151,0.009494691155850887,0.0014545585727319121
1152,0.009472012519836426,0.003324837191030383
1153,0.00944946426898241,0.00410663615912199
1154,0.009426997043192387,0.0019334051758050919
1155,0.009404648095369339,0.0008436567150056362
1156,0.009382402524352074,0.0024567542131990194
1157,0.00936026033014059,0.0030959644354879856
1158,0.0093381991609931,0.0015834323130548
1159,0.009316259995102882,0.000832129386253655
1160,0.009294416755437851,0.0015577917220070958
1161,0.009272672235965729,0.0019801566377282143
1162,0.009251032024621964,0.0016779099823907018
1163,0.009229478426277637,0.0012672075536102057
1164,0.009208033792674541,0.000941735808737576
1165,0.009186666458845139,0.001005717320367694
1166,0.009165409952402115,0.0014815129106864333
1167,0.009144260548055172,0.0014595394022762775
1168,0.009123197756707668,0.0008410454029217362
1169,0.009102227166295052,0.0006679638754576445
1170,0.009081344120204449,0.0010287825716659427
1171,0.00906057097017765,0.0011376416077837348
1172,0.009039897471666336,0.0008989664493128657
1173,0.009019294753670692,0.0007412437116727233
1174,0.008998786099255085,0.0007329051150009036
1175,0.008978385478258133,0.0007793487748131156
1176,0.008958077058196068,0.0008660679450258613
1177,0.008937840349972248,0.0008158386335708201
1178,0.008917701430618763,0.000633539748378098
1179,0.00889766775071621,0.0006147390231490135
1180,0.00887770764529705,0.0007595198694616556
1181,0.008857839740812778,0.0007739959983155131
1182,0.008838064968585968,0.0006407174514606595
1183,0.008818371221423149,0.0005952814244665205
1184,0.008798772469162941,0.0006485413177870214
1185,0.008779251947999,0.0006705382838845253
1186,0.008759823627769947,0.0006552849663421512
1187,0.008740490302443504,0.0006230953149497509
1188,0.008721232414245605,0.0005847983993589878
1189,0.008702065795660019,0.0005872510955668986
1190,0.008682960644364357,0.0006288717850111425
1191,0.008663956075906754,0.0006286664865911007
1192,0.00864503439515829,0.0005767426919192076
1193,0.008626192808151245,0.000556651153601706
1194,0.00860745832324028,0.0005804741522297263
1195,0.008588762953877449,0.0005931994528509676
1196,0.008570155128836632,0.0005814548931084573
1197,0.008551642298698425,0.0005669013480655849
1198,0.008533215150237083,0.0005559608107432723
1199,0.00851487461477518,0.000551467586774379
1200,0.00849659088999033,0.0005619229050353169
1201,0.008478391915559769,0.0005695998552255332
1202,0.0084602702409029,0.0005568204796873033
1203,0.008442249149084091,0.0005408514407463372
1204,0.008424277417361736,0.0005408034776337445
1205,0.008406389504671097,0.0005480695399455726
1206,0.008388595655560493,0.0005481106345541775
1207,0.00837086420506239,0.0005436954088509083
1208,0.008353214710950851,0.0005387552664615214
1209,0.008335644379258156,0.000532838050276041
1210,0.00831813458353281,0.0005306037492118776
1211,0.00830070674419403,0.0005339215858839452
1212,0.008283350616693497,0.0005355154280550778
1213,0.00826607458293438,0.0005303988000378013
1214,0.008248881436884403,0.0005246599903330207
1215,0.008231738582253456,0.0005233363481238484
1216,0.008214658126235008,0.0005237009027041495
1217,0.008197672665119171,0.0005232999683357775
1218,0.008180755190551281,0.0005223648622632027
1219,0.008163907565176487,0.0005204372573643923
1220,0.008147131651639938,0.0005170315853320062
1221,0.008130427449941635,0.0005146347684785724
1222,0.0081138014793396,0.0005146980984136462
1223,0.008097225800156593,0.0005148618365637958
1224,0.008080743253231049,0.0005132953519932926
1225,0.008064302615821362,0.0005109796184115112
1226,0.008047947660088539,0.0005091949133202434
1227,0.008031647652387619,0.0005076888483017683
1228,0.008015423081815243,0.0005064773140475154
1229,0.007999259978532791,0.0005058703827671707
1230,0.007983162999153137,0.0005051346961408854
1231,0.00796714797616005,0.0005035370122641325
1232,0.007951192557811737,0.0005015853676013649
1233,0.007935295812785625,0.0005001900135539472
1234,0.007919451221823692,0.0004992298199795187
1235,0.007903698831796646,0.0004982319078408182
1236,0.007887985557317734,0.0004971956950612366
1237,0.007872357964515686,0.0004961197846569121
1238,0.007856801152229309,0.0004947985289618373
1239,0.00784128438681364,0.0004932869924232364
1240,0.007825842127203941,0.0004920013598166406
1241,0.007810446433722973,0.000491017010062933
1242,0.007795139215886593,0.0004900395288132131
1243,0.007779868319630623,0.0004889336996711791
1244,0.007764672860503197,0.000487785175209865
1245,0.007749536540359259,0.00048661441542208195
1246,0.007734461221843958,0.00048536178655922413
1247,0.007719444110989571,0.0004841386107727885
1248,0.0077044786885380745,0.0004830570542253554
1249,0.0076895821839571,0.0004820542235393077
1250,0.007674750406295061,0.00048100034473463893
1251,0.007659961469471455,0.0004798895388375968
1252,0.0076452381908893585,0.00047877797624096274
1253,0.007630600593984127,0.00047765293857082725
1254,0.007615996990352869,0.0004765084304381162
1255,0.00760144367814064,0.00047539439401589334
1256,0.007586953230202198,0.0004743454046547413
1257,0.007572518661618233,0.0004733175737783313
1258,0.007558148354291916,0.0004722635494545102
1259,0.007543825078755617,0.0004711981164291501
1260,0.0075295655988156796,0.0004701328871306032
1261,0.007515367120504379,0.0004690594505518675
1262,0.007501213811337948,0.0004679765843320638
1263,0.007487117312848568,0.0004669087356887758
1264,0.0074730864726006985,0.0004658692341763526
1265,0.007459074258804321,0.0004648410249501467
1266,0.00744515098631382,0.0004638101963791996
1267,0.007431263569742441,0.00046278099762275815
1268,0.007417443208396435,0.0004617559025064111
1269,0.007403654046356678,0.00046072478289715946
1270,0.007389944978058338,0.00045968941412866116
1271,0.007376275956630707,0.00045865692663937807
1272,0.00736266141757369,0.0004576353821903467
1273,0.007349095307290554,0.0004566205898299813
1274,0.007335581351071596,0.0004556079802569002
1275,0.007322109304368496,0.00045460404362529516
1276,0.007308700121939182,0.000453605898655951
1277,0.007295348681509495,0.0004526095581240952
1278,0.007282032631337643,0.0004516120534390211
1279,0.007268774323165417,0.0004506156255956739
1280,0.007255572825670242,0.0004496233887039125
1281,0.007242411840707064,0.00044863487710244954
1282,0.007229303941130638,0.0004476458125282079
1283,0.00721623282879591,0.0004466615500859916
1284,0.007203218527138233,0.00044568165321834385
1285,0.007190253585577011,0.00044470609282143414
1286,0.007177341729402542,0.00044373428681865335
1287,0.0071644773706793785,0.00044276530388742685
1288,0.0071516335010528564,0.0004418002790771425
1289,0.007138878107070923,0.0004408390377648175
1290,0.007126129698008299,0.0004398798628244549
1291,0.00711346510797739,0.00043892371468245983
1292,0.007100841961801052,0.00043796992395073175
1293,0.007088225334882736,0.00043701910180971026
1294,0.0070757027715444565,0.00043607113184407353
1295,0.007063212804496288,0.00043512549018487334
1296,0.007050761952996254,0.00043418342829681933
1297,0.0070383441634476185,0.00043324369471520185
1298,0.007025985047221184,0.00043230623123236
1299,0.0070136599242687225,0.000431372900493443
1300,0.007001387421041727,0.0004304432077333331
1301,0.006989171728491783,0.00042951415525749326
1302,0.006976984441280365,0.0004285892064217478
1303,0.006964853964745998,0.0004276670515537262
1304,0.0069527458399534225,0.0004267481272108853
1305,0.006940694525837898,0.0004258308035787195
1306,0.006928679067641497,0.0004249177291058004
1307,0.006916713900864124,0.0004240069247316569
1308,0.006904789246618748,0.00042310034041292965
1309,0.006892891600728035,0.000422194367274642
1310,0.006881066597998142,0.00042129328357987106
1311,0.006869257427752018,0.00042039493564516306
1312,0.006857513450086117,0.0004194991197437048
1313,0.00684578251093626,0.00041860740748234093
1314,0.006834109779447317,0.00041772061376832426
1315,0.006822464056313038,0.0004168360901530832
1316,0.0068108998239040375,0.0004159590753261
1317,0.006799324415624142,0.0004150888998992741
1318,0.006787820719182491,0.00041422684444114566
1319,0.006776336580514908,0.00041337727452628314
1320,0.006764897145330906,0.00041254679672420025
1321,0.006753500550985336,0.0004117424541618675
1322,0.006742156110703945,0.0004109818546567112
1323,0.00673082796856761,0.0004102906968910247
1324,0.00671955943107605,0.00040970797999762
1325,0.006708311848342419,0.0004093059978913516
1326,0.006697117816656828,0.0004092055605724454
1327,0.006685942877084017,0.0004096122574992478
1328,0.0066748121753335,0.00041088100988417864
1329,0.0066637201234698296,0.0004136346105951816
1330,0.0066526783630251884,0.00041897056507878006
1331,0.006641671992838383,0.00042884834692813456
1332,0.006630695424973965,0.0004467629478313029
1333,0.0066197533160448074,0.0004790487000718713
1334,0.006608850788325071,0.0005371898296289146
1335,0.006597979459911585,0.0006422596634365618
1336,0.0065871491096913815,0.0008325739181600511
1337,0.0065763541497290134,0.0011784390080720186
1338,0.006565592717379332,0.0018046159530058503
1339,0.006554858293384314,0.002929431851953268
1340,0.006544196978211403,0.0048931436613202095
1341,0.006533541716635227,0.008150583133101463
1342,0.006522913463413715,0.012950249016284943
1343,0.006512344349175692,0.018531788140535355
1344,0.006501797586679459,0.021712984889745712
1345,0.006491268984973431,0.018003512173891068
1346,0.006480793468654156,0.007998330518603325
1347,0.006470361724495888,0.0011458548251539469
1348,0.006459937430918217,0.003880878444761038
1349,0.006449557840824127,0.009329910390079021
1350,0.006439219694584608,0.008154287934303284
1351,0.006428895518183708,0.0027638510800898075
1352,0.006418629549443722,0.0019738031551241875
1353,0.006408380344510078,0.005106717813760042
1354,0.006398160941898823,0.005459277890622616
1355,0.006387988105416298,0.002746746875345707
1356,0.00637785205617547,0.0015335017815232277
1357,0.006367725320160389,0.003021788550540805
1358,0.00635764142498374,0.004033639561384916
1359,0.006347606889903545,0.0028693643398582935
1360,0.006337584927678108,0.001141726621426642
1361,0.0063275983557105064,0.0012099230661988258
1362,0.006317627616226673,0.0026600919663906097
1363,0.006307713687419891,0.002976977499201894
1364,0.006297818850725889,0.0015750715974718332
1365,0.006287950091063976,0.00047300770529545844
1366,0.006278133951127529,0.001098208362236619
1367,0.006268343422561884,0.0020343807991594076
1368,0.006258552893996239,0.0019229658646509051
1369,0.006248814985156059,0.0011632487876340747
1370,0.006239112466573715,0.0007519287173636258
1371,0.006229430437088013,0.0008278336608782411
1372,0.006219766102731228,0.0009927528444677591
1373,0.006210157182067633,0.0012188521213829517
1374,0.006200568284839392,0.0012078220024704933
1375,0.006190990563482046,0.0008313336875289679
1376,0.006181458476930857,0.0004636015510186553
1377,0.006171957589685917,0.0005557204713113606
1378,0.0061625041998922825,0.0008943873108364642
1379,0.00615302799269557,0.0009091566316783428
1380,0.006143609993159771,0.0006311854813247919
1381,0.006134219467639923,0.0004498560447245836
1382,0.006124872714281082,0.000514342391397804
1383,0.006115550175309181,0.0006083502084948123
1384,0.006106218323111534,0.000616067904047668
1385,0.006096942350268364,0.0005779573111794889
1386,0.00608770502731204,0.0005045764846727252
1387,0.0060784826055169106,0.00043392955558374524
1388,0.0060692839324474335,0.0004387450753711164
1389,0.0060601201839745045,0.0005231515970081091
1390,0.006050979718565941,0.0005468018352985382
1391,0.006041857413947582,0.0004644995788112283
1392,0.006032772362232208,0.00038979138480499387
1393,0.006023711990565062,0.00040778995025902987
1394,0.006014666520059109,0.0004603929992299527
1395,0.00600566528737545,0.00046352430945262313
1396,0.005996688734740019,0.0004339902079664171
1397,0.005987721495330334,0.0004083662061020732
1398,0.005978802219033241,0.0003962175396736711
1399,0.0059698945842683315,0.0003914533881470561
1400,0.00596101488918066,0.00040419952711090446
1401,0.005952165462076664,0.0004218368558213115
1402,0.005943326745182276,0.00041461692308075726
1403,0.0059345378540456295,0.0003865962498821318
1404,0.0059257750399410725,0.00036905228625983
1405,0.005917009431868792,0.0003782442072406411
1406,0.005908290855586529,0.0003916807472705841
1407,0.005899583920836449,0.00039241465856321156
1408,0.005890903063118458,0.0003842907608486712
1409,0.0058822305873036385,0.00037707568844780326
1410,0.00587362190708518,0.0003709073644131422
1411,0.005865017417818308,0.00036591803655028343
1412,0.005856439936906099,0.00036761982482858
1413,0.005847875960171223,0.0003736613434739411
1414,0.005839350633323193,0.0003754033241420984
1415,0.005830843932926655,0.000368478853488341
1416,0.005822351668030024,0.00036073464434593916
1417,0.005813896656036377,0.00035856832982972264
1418,0.0058054495602846146,0.00036028234171681106
1419,0.005797053221613169,0.0003613473381847143
1420,0.005788644775748253,0.0003609605773817748
1421,0.005780288018286228,0.0003603339719120413
1422,0.005771950352936983,0.0003582987701520324
1423,0.005763608496636152,0.000354846881236881
1424,0.005755313206464052,0.0003521001199260354
1425,0.0057470486499369144,0.00035223475424572825
1426,0.0057387808337807655,0.00035361837944947183
1427,0.005730568431317806,0.00035364984069019556
1428,0.005722343921661377,0.00035197247052565217
1429,0.005714139435440302,0.00035002396907657385
1430,0.005706000607460737,0.0003486355417408049
1431,0.005697849206626415,0.00034736510133370757
1432,0.0056897238828241825,0.00034637999488040805
1433,0.005681638605892658,0.00034603089443407953
1434,0.005673544481396675,0.0003461537999100983
1435,0.005665493197739124,0.0003457374405115843
1436,0.005657471250742674,0.00034448420046828687
1437,0.0056494614109396935,0.0003430121287237853
1438,0.005641442257910967,0.000341943115927279
1439,0.005633494816720486,0.0003412422665860504
1440,0.005625526420772076,0.0003405648749321699
1441,0.005617613438516855,0.00033996172714978456
1442,0.005609680898487568,0.0003394930390641093
1443,0.005601824261248112,0.0003390152705833316
1444,0.005593948997557163,0.00033822812838479877
1445,0.005586112849414349,0.00033721051295287907
1446,0.005578295793384314,0.0003362465067766607
1447,0.0055705104023218155,0.0003354914952069521
1448,0.005562756676226854,0.0003348433820065111
1449,0.005555035080760717,0.00033418284147046506
1450,0.005547354929149151,0.00033355559571646154
1451,0.0055397585965693,0.0003329812316223979
1452,0.005532237235456705,0.00033239173353649676
1453,0.005524909123778343,0.00033168061054311693
1454,0.0055178431794047356,0.00033089303178712726
1455,0.005511226132512093,0.00033012375934049487
1456,0.0055054244585335255,0.00032942392863333225
1457,0.005501086823642254,0.00032875072793103755
1458,0.005499349907040596,0.00032807758543640375
1459,0.00550239160656929,0.00032742987968958914
1460,0.005514313001185656,0.00032681989250704646
1461,0.005542704835534096,0.0003262244281359017
1462,0.005602396558970213,0.0003255923802498728
1463,0.005720661021769047,0.00032492834725417197
1464,0.005952631123363972,0.0003242583479732275
1465,0.006397804245352745,0.0003236014163121581
1466,0.0072629922069609165,0.0003229436988476664
1467,0.008893141523003578,0.0003222772211302072
1468,0.012013264000415802,0.0003216167679056525
1469,0.017539720982313156,0.0003209769492968917
1470,0.027221109718084335,0.0003203563392162323
1471,0.0411221869289875,0.0003197372716385871
1472,0.05776583403348923,0.00031911549740470946
1473,0.06831227988004684,0.00031849590595811605
1474,0.05801989883184433,0.00031788504566065967
1475,0.031366556882858276,0.00031727421446703374
1476,0.009458595886826515,0.00031665776623412967
1477,0.01318247802555561,0.0003160387568641454
1478,0.02992658130824566,0.000315419165417552
1479,0.035374607890844345,0.0003148051619064063
1480,0.02013987861573696,0.00031419299193657935
1481,0.010156678035855293,0.0003135791339445859
1482,0.019090687856078148,0.00031296550878323615
1483,0.025518810376524925,0.0003123550268355757
1484,0.01626240648329258,0.00031174931791611016
1485,0.00731472996994853,0.00031114649027585983
1486,0.013748615980148315,0.0003105437499471009
1487,0.020016366615891457,0.00030994389089755714
1488,0.01397648360580206,0.0003093456325586885
1489,0.0068369219079613686,0.00030875304946675897
1490,0.009935837239027023,0.00030816037906333804
1491,0.015006469562649727,0.00030756916385143995
1492,0.01201060600578785,0.00030698030604980886
1493,0.0071013569831848145,0.00030639293254353106
1494,0.008171308785676956,0.00030580765451304615
1495,0.011493820697069168,0.00030522519955411553
1496,0.009935816749930382,0.0003046434430871159
1497,0.006417493801563978,0.00030406206496991217
1498,0.006926193833351135,0.00030348487780429423
1499,0.009338447824120522,0.00030290783615782857
1500,0.009220472536981106,0.0003023340250365436
1501,0.006637744605541229,0.00030176041764207184
1502,0.005604111589491367,0.0003011885564774275
1503,0.007033605594187975,0.0003006192564498633
1504,0.008100137114524841,0.00030005129519850016
1505,0.007224240340292454,0.00029948627343401313
1506,0.00574629008769989,0.0002989211352542043
1507,0.005670100916177034,0.00029835852910764515
1508,0.006580246612429619,0.0002977991825900972
1509,0.006951920222491026,0.00029724263004027307
1510,0.0063016703352332115,0.000296690093819052
1511,0.005537383258342743,0.0002961417194455862
1512,0.005550375673919916,0.0002956002426799387
1513,0.0060580214485526085,0.0002950701746158302
1514,0.006278236862272024,0.0002945561718661338
1515,0.00592118501663208,0.00029407002148218453
1516,0.005457520484924316,0.0002936267701443285
1517,0.00534987123683095,0.0002932587231043726
1518,0.005611310712993145,0.00029302056645974517
1519,0.0058339424431324005,0.00029300680034793913
1520,0.005728979595005512,0.00029338622698560357
1521,0.005438848398625851,0.00029446135158650577
1522,0.005242380779236555,0.0002967815089505166
1523,0.005298717878758907,0.0003013482491951436
1524,0.005465399473905563,0.0003100018948316574
1525,0.005535566247999668,0.00032615798409096897
1526,0.005429820157587528,0.0003561840858310461
1527,0.005248622968792915,0.00041203381260856986
1528,0.005157362204045057,0.0005162439774721861
1529,0.00519243348389864,0.0007113548344932497
1530,0.005287660751491785,0.0010773412650451064
1531,0.005327132064849138,0.0017622117884457111
1532,0.005267976783216,0.0030302011873573065
1533,0.005165313370525837,0.005314027890563011
1534,0.005096336826682091,0.009191307239234447
1535,0.005096847657114267,0.014986220747232437
1536,0.0051424200646579266,0.021551690995693207
1537,0.005176978651434183,0.024421878159046173
1538,0.005163918249309063,0.01827271841466427
1539,0.005114012863487005,0.006125824060291052
1540,0.005059502553194761,0.0013266692403703928
1541,0.005033861845731735,0.007136920932680368
1542,0.005041290074586868,0.010805190540850163
1543,0.005062108859419823,0.005954842548817396
1544,0.005071595311164856,0.0022054417058825493
1545,0.005057752598077059,0.004918808117508888
1546,0.005028522107750177,0.006162972189486027
1547,0.004998520947992802,0.0034016063436865807
1548,0.004982942249625921,0.002522463444620371
1549,0.004982186481356621,0.004033591132611036
1550,0.004988367203623056,0.0037095644511282444
1551,0.004991271533071995,0.0023316596634685993
1552,0.004983736667782068,0.0022649839520454407
1553,0.004967875778675079,0.0025839211884886026
1554,0.004949764348566532,0.0023044764529913664
1555,0.0049358876422047615,0.0020019463263452053
1556,0.004928811453282833,0.0020183471497148275
1557,0.004927054978907108,0.0015528583899140358
1558,0.004926174413412809,0.0011374906171113253
1559,0.004922570660710335,0.0015514661790803075
1560,0.004914839286357164,0.002049360889941454
1561,0.004904061555862427,0.001402812311425805
1562,0.0048928516916930676,0.0005017007933929563
1563,0.004883337300270796,0.0007216639933176339
1564,0.004876516759395599,0.0014838248025625944
1565,0.004871695302426815,0.0014455337077379227
1566,0.004867701791226864,0.0006843198789283633
1567,0.0048628319054841995,0.0004386880900710821
1568,0.004856633022427559,0.0007671653293073177
1569,0.004849155433475971,0.0009250425500795245
1570,0.0048410408198833466,0.000704607751686126
1571,0.004833265673369169,0.0005665281205438077
1572,0.0048262071795761585,0.0005958309629932046
1573,0.004820103291422129,0.0005382254021242261
1574,0.004814573563635349,0.0004507243575062603
1575,0.004809176549315453,0.0005150994402356446
1576,0.004803529474884272,0.0006041367305442691
1577,0.004797411151230335,0.0004781182506121695
1578,0.004790876060724258,0.0003198366321157664
1579,0.004784098360687494,0.00036736889160238206
1580,0.004777401685714722,0.000507963472045958
1581,0.004770944826304913,0.0004787440411746502
1582,0.00476480508223176,0.0003390861093066633
1583,0.004758961033076048,0.00030753854662179947
1584,0.004753316752612591,0.0003808185865636915
1585,0.004747683648020029,0.00040513317799195647
1586,0.004742009099572897,0.0003547565720509738
1587,0.004736172966659069,0.00032742071198299527
1588,0.004730202257633209,0.000333296658936888
1589,0.004724142141640186,0.0003275413764640689
1590,0.004718057811260223,0.00031114270677790046
1591,0.004711993038654327,0.000323229149216786
1592,0.004706026054918766,0.0003385571180842817
1593,0.004700168967247009,0.00031752081122249365
1594,0.004694424103945494,0.0002830532321240753
1595,0.00468877237290144,0.00028331729117780924
1596,0.00468317698687315,0.00031060053152032197
1597,0.004677658900618553,0.00031647703144699335
1598,0.004672166425734758,0.0002951122005470097
1599,0.004666745197027922,0.00027842039708048105
1600,0.004661412909626961,0.0002829055883921683
1601,0.004656239878386259,0.00028895054128952324
1602,0.0046512954868376255,0.00028569274581968784
1603,0.004646740388125181,0.0002816984779201448
1604,0.004642743617296219,0.0002831949677783996
1605,0.004639666527509689,0.0002813786268234253
1606,0.0046379766426980495,0.0002729729749262333
1607,0.004638456739485264,0.0002685546060092747
1608,0.004642433486878872,0.0002732071152422577
1609,0.004651948809623718,0.0002782881783787161
1610,0.004670662339776754,0.00027466542087495327
1611,0.004704073071479797,0.00026757424348033965
1612,0.004762611351907253,0.0002652015828061849
1613,0.004861802794039249,0.0002675557625479996
1614,0.005032470915466547,0.0002683500060811639
1615,0.005318349692970514,0.0002665579377207905
1616,0.005811811424791813,0.0002652355469763279
1617,0.006630954798310995,0.00026511220494285226
1618,0.00804530456662178,0.00026389621780253947
1619,0.010315090417861938,0.0002613574906717986
1620,0.014094370417296886,0.00026022910606116056
1621,0.019555028527975082,0.00026119599351659417
1622,0.027335481718182564,0.0002619975130073726
1623,0.03573795408010483,0.0002606160705909133
1624,0.0419146753847599,0.00025843229377642274
1625,0.04160229489207268,0.0002573530946392566
1626,0.030991511419415474,0.0002574329555500299
1627,0.015989724546670914,0.00025723734870553017
1628,0.006782172713428736,0.0002564702881500125
1629,0.008897638879716396,0.00025584083050489426
1630,0.017032228410243988,0.00025557700428180397
1631,0.020928965881466866,0.00025505214580334723
1632,0.016414226964116096,0.000253980077104643
1633,0.008326197043061256,0.0002530132478568703
1634,0.005337866954505444,0.0002526579482946545
1635,0.00924313347786665,0.0002526369353290647
1636,0.013485921546816826,0.00025227729929611087
1637,0.012504996731877327,0.00025154391187243164
1638,0.0076166121289134026,0.0002508102043066174
1639,0.005027639679610729,0.00025031252880580723
1640,0.006951050832867622,0.0002498394751455635
1641,0.009856733493506908,0.00024925294565036893
1642,0.009810677729547024,0.0002486786397639662
1643,0.00710443826392293,0.00024828422465361655
1644,0.004954978358000517,0.0002479745598975569
1645,0.005461335182189941,0.0002475318615324795
1646,0.007347766309976578,0.000246931507717818
1647,0.008051581680774689,0.00024633033899590373
1648,0.00685916468501091,0.0002458508824929595
1649,0.005177412182092667,0.00024542887695133686
1650,0.004690051544457674,0.0002449746825732291
1651,0.005489886272698641,0.0002444856218062341
1652,0.006477639079093933,0.00024403697170782834
1653,0.00658813863992691,0.00024362844123970717
1654,0.005793776363134384,0.00024319981457665563
1655,0.004879302345216274,0.00024270899302791804
1656,0.004516899585723877,0.0002421978861093521
1657,0.004855006467550993,0.00024172286794055253
1658,0.005428090691566467,0.00024129093799274415
1659,0.005683870054781437,0.00024086055054794997
1660,0.005475819576531649,0.00024041251162998378
1661,0.004988368134945631,0.0002399645309196785
1662,0.0045689428225159645,0.00023953487107064575
1663,0.004457529634237289,0.00023911590687930584
1664,0.004616798833012581,0.00023868173593655229
1665,0.004881054162979126,0.00023822914226911962
1666,0.005057078320533037,0.00023777576279826462
1667,0.005043437704443932,0.0002373380702920258
1668,0.00485941581428051,0.00023691162641625851
1669,0.0046230824664235115,0.0002364846004638821
1670,0.00444021075963974,0.00023605168098583817
1671,0.004371670540422201,0.0002356222685193643
1672,0.004417413845658302,0.00023520270769950002
1673,0.004517047666013241,0.0002347872796235606
1674,0.004614471923559904,0.00023436930496245623
1675,0.0046647051349282265,0.00023394575691781938
1676,0.004647826310247183,0.00023352124844677746
1677,0.004579068161547184,0.00023310317192226648
1678,0.004483170807361603,0.0002326872490812093
1679,0.004392652306705713,0.000232271064305678
1680,0.004335510544478893,0.00023185432655736804
1681,0.004315528087317944,0.0002314376615686342
1682,0.004328594543039799,0.00023102569684851915
1683,0.004360845312476158,0.0002306171227246523
1684,0.004395456984639168,0.00023020918888505548
1685,0.004419967532157898,0.0002298018371220678
1686,0.0044289096258580685,0.00022939433983992785
1687,0.004420255310833454,0.00022898959286976606
1688,0.0043984283693134785,0.00022858718875795603
1689,0.004369769711047411,0.00022818589059170336
1690,0.004339450970292091,0.00022778502898290753
1691,0.004313378594815731,0.00022738429834134877
1692,0.004295041784644127,0.00022698401880916208
1693,0.004284911789000034,0.0002265873336000368
1694,0.0042847078293561935,0.00022619057563133538
1695,0.004292909987270832,0.0002257958403788507
1696,0.004309050273150206,0.00022540010104421526
1697,0.004333043470978737,0.00022500689374282956
1698,0.004365512169897556,0.0002246151998406276
1699,0.004408169072121382,0.00022422525216825306
1700,0.00446575740352273,0.00022383472241926938
1701,0.004541594535112381,0.0002234468120150268
1702,0.004646618850529194,0.00022305954189505428
1703,0.004788832738995552,0.00022267395979724824
1704,0.004990690387785435,0.0002222907351097092
1705,0.005267090629786253,0.00022190919844433665
1706,0.005662028677761555,0.00022152956807985902
1707,0.006196269299834967,0.00022115340107120574
1708,0.006948815193027258,0.00022077954781707376
1709,0.007924022153019905,0.0002204120100941509
1710,0.009232738986611366,0.00022004991478752345
1711,0.010755058377981186,0.00021969860245008022
1712,0.012552415020763874,0.00021935896074865013
1713,0.014116726815700531,0.0002190384839195758
1714,0.015320324338972569,0.00021874760568607599
1715,0.015224799513816833,0.00021850032499060035
1716,0.013903061859309673,0.00021832027414347976
1717,0.01112920418381691,0.0002182457537855953
1718,0.007996429689228535,0.00021833721257280558
1719,0.0054295905865728855,0.0002186920028179884
1720,0.004282135050743818,0.00021947346976958215
1721,0.004626660607755184,0.0002209466474596411
1722,0.005904223304241896,0.00022355701366905123
1723,0.007292578462511301,0.0002280456101289019
1724,0.007989935576915741,0.00023566944582853466
1725,0.007754229009151459,0.00024856984964571893
1726,0.006683445535600185,0.00027042580768465996
1727,0.005456145852804184,0.00030758444336242974
1728,0.004648059606552124,0.00037109333788976073
1729,0.004607658367604017,0.0004800696624442935
1730,0.005241884849965572,0.0006679293001070619
1731,0.006163452751934528,0.0009918364230543375
1732,0.007043362129479647,0.0015492484671995044
1733,0.007599692791700363,0.0024957205168902874
1734,0.008093984797596931,0.0040643890388309956
1735,0.008695493452250957,0.006521929055452347
1736,0.009980123490095139,0.010001149028539658
1737,0.012068754062056541,0.013960392214357853
1738,0.014852790161967278,0.016533685848116875
1739,0.018188562244176865,0.014867134392261505
1740,0.020508185029029846,0.00838445220142603
1741,0.021777670830488205,0.001999680884182453
1742,0.01976478286087513,0.0013987775892019272
1743,0.015709057450294495,0.005158574320375919
1744,0.01017019897699356,0.006959040183573961
1745,0.005870003718882799,0.00441799545660615
1746,0.004372667521238327,0.001666045980527997
1747,0.005638796370476484,0.0020601938012987375
1748,0.008201206102967262,0.0035694544203579426
1749,0.010174650698900223,0.0034805869217962027
1750,0.0105314115062356,0.002180194016546011
1751,0.009203778579831123,0.001460545463487506
1752,0.007016880437731743,0.0016616217326372862
1753,0.005208481103181839,0.0020998611580580473
1754,0.00460100406780839,0.0022304861340671778
1755,0.005170738790184259,0.0018850457854568958
1756,0.006167824380099773,0.0012100501917302608
1757,0.0068564689718186855,0.0007028997642919421
1758,0.006842261180281639,0.0008651257958263159
1759,0.0062523409724235535,0.00149162660818547
1760,0.005456116516143084,0.0018035909160971642
1761,0.004780875518918037,0.0013152624014765024
1762,0.004459047690033913,0.0005431047175079584
1763,0.0044949837028980255,0.00026791548589244485
1764,0.0047478764317929745,0.0006240047514438629
1765,0.005019008181989193,0.0010274223750457168
1766,0.0051967548206448555,0.001017330912873149
1767,0.00523328734561801,0.0007155125495046377
1768,0.005113259889185429,0.00048342678928747773
1769,0.004878413863480091,0.0004367500660009682
1770,0.004568951204419136,0.0004523609532043338
1771,0.00427675899118185,0.0004525910771917552
1772,0.004063314758241177,0.00047881543287076056
1773,0.003971833270043135,0.0005297329626046121
1774,0.004005716182291508,0.0005046300939284265
1775,0.004132809583097696,0.0003713615005835891
1776,0.004300808068364859,0.00024676433531567454
1777,0.0044557079672813416,0.0002635156852193177
1778,0.0045725260861217976,0.0003792716015595943
1779,0.004632886499166489,0.000439236406236887
1780,0.004660409409552813,0.00037148743285797536
1781,0.004659788683056831,0.0002630043018143624
1782,0.004660169593989849,0.00022470459225587547
1783,0.0046632238663733006,0.00026331612025387585
1784,0.004676198121160269,0.00030432501807808876
1785,0.0046957083977758884,0.00030405574943870306
1786,0.0047156596556305885,0.00027939703431911767
1787,0.004740236327052116,0.0002605872869025916
1788,0.0047682104632258415,0.00024884226149879396
1789,0.004813648760318756,0.00023444462567567825
1790,0.0048817116767168045,0.0002241910551674664
1791,0.004983742721378803,0.00023163035803008825
1792,0.005127710290253162,0.0002515938540454954
1793,0.005315029993653297,0.0002603684552013874
1794,0.005560664460062981,0.0002450442989356816
1795,0.005855284631252289,0.00021869201736990362
1796,0.006225017365068197,0.00020469656737986952
1797,0.006651639938354492,0.00020976307860109955
1798,0.007164939772337675,0.0002216850989498198
1799,0.007730572950094938,0.00022637564688920975
1800,0.008348708972334862,0.0002227337972726673
1801,0.00895746611058712,0.00021724319958593696
1802,0.009480193257331848,0.00021391440532170236
1803,0.009837623685598373,0.0002105442399624735
1804,0.009868759661912918,0.00020546620362438262
1805,0.009556903503835201,0.00020136959210503846
1806,0.008793223649263382,0.000202089999220334
1807,0.007740621920675039,0.00020666410273406655
1808,0.0065008364617824554,0.00021002997527830303
1809,0.005345333367586136,0.00020845509425271302
1810,0.004448094870895147,0.0002034048520727083
1811,0.003933187108486891,0.00019904060172848403
1812,0.003804275067523122,0.0001976526837097481
1813,0.003983885515481234,0.00019822198373731226
1814,0.004354558885097504,0.00019865964713972062
1815,0.004798982758074999,0.00019835862622130662
1816,0.005222897045314312,0.00019807726494036615
1817,0.005560168996453285,0.00019828898075502366
1818,0.005770886782556772,0.00019822268222924322
1819,0.005842267069965601,0.00019702850840985775
1820,0.005779269151389599,0.00019493336731102318
1821,0.00561178382486105,0.000193147046957165
1822,0.0053676459938287735,0.00019251764751970768
1823,0.005092135164886713,0.000192855775821954
1824,0.004807665944099426,0.00019326730398461223
1825,0.004547542426735163,0.00019317958503961563
1826,0.0043183546513319016,0.00019266435992904007
1827,0.0041331639513373375,0.00019214366329833865
1828,0.003987499978393316,0.0001917569898068905
1829,0.0038803028874099255,0.00019130676810164005
1830,0.0038036250043660402,0.00019057827012147754
1831,0.0037518017925322056,0.0001896958565339446
1832,0.0037184820976108313,0.0001889693521661684
1833,0.003698898945003748,0.00018859561532735825
1834,0.0036892578937113285,0.0001884802186395973
1835,0.0036869037430733442,0.0001883773657027632
1836,0.003690376179292798,0.00018812429334502667
1837,0.003699216526001692,0.00018776033539325
1838,0.003714203368872404,0.00018740503583103418
1839,0.0037373725790530443,0.00018710672156885266
1840,0.0037731779739260674,0.00018679883214645088
1841,0.0038287912029772997,0.00018639703921508044
1842,0.003918251022696495,0.00018590503896120936
1843,0.0040625762194395065,0.00018540010205470026
1844,0.00430288165807724,0.00018496569828130305
1845,0.004699799697846174,0.00018461594299878925
1846,0.0053723338060081005,0.00018430384807288647
1847,0.006489220075309277,0.0001839782198658213
1848,0.008369633927941322,0.00018363160779699683
1849,0.011415841057896614,0.0001832932757679373
1850,0.016252106055617332,0.0001829918473958969
1851,0.023373842239379883,0.00018272176384925842
1852,0.0325092077255249,0.00018245393584948033
1853,0.04235081374645233,0.00018216355238109827
1854,0.04649285972118378,0.00018184841610491276
1855,0.04152025654911995,0.0001815277646528557
1856,0.024386025965213776,0.00018121898756362498
1857,0.008291891776025295,0.00018092502432409674
1858,0.004850644618272781,0.00018063248717226088
1859,0.013371497392654419,0.0001803320337785408
1860,0.021853072568774223,0.00018002161232288927
1861,0.020112289115786552,0.0001797110599000007
1862,0.010257193818688393,0.00017941226542461663
1863,0.004396067466586828,0.0001791274407878518
1864,0.008018421940505505,0.00017885415581986308
1865,0.013868511654436588,0.0001785852509783581
1866,0.012913541868329048,0.00017832407320383936
1867,0.007002303376793861,0.00017807629774324596
1868,0.0042147403582930565,0.00017785330419428647
1869,0.007214479614049196,0.00017766347446013242
1870,0.010502786375582218,0.00017751744599081576
1871,0.009331430308520794,0.00017742977070156485
1872,0.005557610187679529,0.00017741858027875423
1873,0.004076102282851934,0.000177520647412166
1874,0.005990914069116116,0.0001777864235918969
1875,0.007952495478093624,0.00017829261196311563
1876,0.007226628251373768,0.0001791511895135045
1877,0.004895787686109543,0.000180530667421408
1878,0.003853242378681898,0.00018268916755914688
1879,0.004820643458515406,0.00018602589261718094
1880,0.006214373745024204,0.00019116245675832033
1881,0.006333325523883104,0.00019907407113350928
1882,0.005129661411046982,0.0002112971560563892
1883,0.003951693885028362,0.00023029006842989475
1884,0.003759498707950115,0.00025996219483204186
1885,0.004447233863174915,0.0003066409844905138
1886,0.005161170847713947,0.00038045900873839855
1887,0.0051488676108419895,0.0004978753859177232
1888,0.0045341430231928825,0.0006850113859400153
1889,0.003857112955302,0.0009835349628701806
1890,0.0036121257580816746,0.001456375583074987
1891,0.003878180403262377,0.0021957699209451675
1892,0.004294983111321926,0.00331635563634336
1893,0.004531215410679579,0.004928908310830593
1894,0.004423040896654129,0.00702295545488596
1895,0.0040754275396466255,0.009272726252675056
1896,0.003727537579834461,0.01077559869736433
1897,0.0035745117347687483,0.010244100354611874
1898,0.003641584888100624,0.007111961022019386
1899,0.00383127573877573,0.002939346944913268
1900,0.003994735889136791,0.0006472840905189514
1901,0.004024691879749298,0.001463130465708673
1902,0.0039262715727090836,0.0035505197010934353
1903,0.0037572099827229977,0.004293955396860838
1904,0.0035992725752294064,0.0030402429401874542
1905,0.0035210889764130116,0.0013665180886164308
1906,0.0035254715476185083,0.0008873605402186513
1907,0.0035922513343393803,0.0015321534592658281
1908,0.0036667310632765293,0.0022368505597114563
1909,0.003708353266119957,0.002271728590130806
1910,0.0037004342302680016,0.001729646697640419
1911,0.0036474084481596947,0.001089085009880364
1912,0.0035772332921624184,0.0006964649073779583
1913,0.003516591154038906,0.0006857741391286254
1914,0.003482106141746044,0.0009835864184424281
1915,0.0034781768918037415,0.001368433004245162
1916,0.003499191254377365,0.0015456007095053792
1917,0.0035304296761751175,0.0013318262062966824
1918,0.0035601260606199503,0.0008400192018598318
1919,0.0035812645219266415,0.0003643831005319953
1920,0.003589207073673606,0.00019795246771536767
1921,0.0035929689183831215,0.00038008426781743765
1922,0.0035973726771771908,0.0006920768646523356
1923,0.0036151062231510878,0.0008756513707339764
1924,0.003655183594673872,0.0008207767968997359
1925,0.0037292446941137314,0.0006112054106779397
1926,0.003849209286272526,0.00039797829231247306
1927,0.004033590201288462,0.0002861015382222831
1928,0.004301856737583876,0.00027811984182335436
1929,0.004696445539593697,0.00031670654425397515
1930,0.005253498442471027,0.0003572867135517299
1931,0.006064438261091709,0.00038684485480189323
1932,0.007174854166805744,0.00040027755312621593
1933,0.008737720549106598,0.0003824037848971784
1934,0.010691720992326736,0.00032618953264318407
1935,0.013150449842214584,0.00025141448713839054
1936,0.015535811893641949,0.00019502744544297457
1937,0.017622951418161392,0.00018890165665652603
1938,0.01798456907272339,0.0002304938534507528
1939,0.016480769962072372,0.0002825705741997808
1940,0.01261933520436287,0.0003046808415092528
1941,0.008109096437692642,0.0002825133269652724
1942,0.004579119849950075,0.0002346593828406185
1943,0.0033824066631495953,0.00019152146705891937
1944,0.004442474339157343,0.00017311342526227236
1945,0.0065790386870503426,0.00017875991761684418
1946,0.008317781612277031,0.0001946006086654961
1947,0.008497148752212524,0.000207564327865839
1948,0.007176672108471394,0.00021302851382642984
1949,0.005151113960891962,0.0002131315995939076
1950,0.0036915126256644726,0.00021020702843088657
1951,0.003453507088124752,0.00020423572277650237
1952,0.004236252978444099,0.00019432121189311147
1953,0.005260264500975609,0.0001814421557355672
1954,0.00572007242590189,0.00016949433484114707
1955,0.005364936776459217,0.000162918891874142
1956,0.004454055801033974,0.00016374714323319495
1957,0.0036218338645994663,0.00017002358799800277
1958,0.0033162683248519897,0.00017716761794872582
1959,0.003577162278816104,0.00018131616525352
1960,0.0040778652764856815,0.00018124667985830456
1961,0.004399546887725592,0.00017811611178331077
1962,0.004333597607910633,0.00017396817565895617
1963,0.003947495482861996,0.00017029207083396614
1964,0.0035207518376410007,0.00016727711772546172
1965,0.003297684248536825,0.00016446041991002858
1966,0.0033532106317579746,0.0001617216767044738
1967,0.003575887531042099,0.00015948739019222558
1968,0.003773272968828678,0.00015837389219086617
1969,0.0038133994676172733,0.0001586786675034091
1970,0.0036827102303504944,0.0001600745163159445
1971,0.003485250985249877,0.00016171604511328042
1972,0.0033422145061194897,0.00016278406837955117
1973,0.003327742451801896,0.00016296502144541591
1974,0.003431202843785286,0.0001624087744858116
1975,0.0035850806161761284,0.000161502422997728
1976,0.003727121278643608,0.0001606087462278083
1977,0.00383340148255229,0.00015984161291271448
1978,0.0039609638042747974,0.00015907795750536025
1979,0.00419373344630003,0.00015817749954294413
1980,0.004667510744184256,0.00015711873129475862
1981,0.005517538636922836,0.00015599709877278656
1982,0.0068990024738013744,0.00015498517313972116
1983,0.009103492833673954,0.000154224326252006
1984,0.012290370650589466,0.00015372531197499484
1985,0.016989469528198242,0.0001533860486233607
1986,0.022773591801524162,0.00015309191076084971
1987,0.02934992127120495,0.00015276607882697135
1988,0.03340781107544899,0.00015239004278555512
1989,0.03280964493751526,0.0001520070363767445
1990,0.024177800863981247,0.00015168196114245802
1991,0.01248870324343443,0.00015144214557949454
1992,0.0045545403845608234,0.0001512727903900668
1993,0.00499761151149869,0.00015114041161723435
1994,0.011115546338260174,0.0001510060392320156
1995,0.01586797833442688,0.00015084963524714112
1996,0.01483503170311451,0.00015068278298713267
1997,0.009274294599890709,0.00015054058167152107
1998,0.004431198816746473,0.00015046121552586555
1999,0.004404405131936073,0.000150477557326667
2000,0.0077637252397835255,0.0001506187254562974
2001,0.010129844769835472,0.00015091260138433427
2002,0.008653230965137482,0.0001514066243544221
2003,0.005275912117213011,0.00015218535554595292
2004,0.003601028583943844,0.00015338801313191652
2005,0.004725421778857708,0.00015523427282460034
2006,0.006803796626627445,0.00015805629664100707
2007,0.007342875469475985,0.00016236143710557371
2008,0.005934033542871475,0.00016892173152882606
2009,0.004059756174683571,0.0001789353264030069
2010,0.003431983757764101,0.000194284031749703
2011,0.004232365172356367,0.00021796462533529848
2012,0.0053381845355033875,0.0002547363983467221
2013,0.005660948809236288,0.00031222557299770415
2014,0.0049381558783352375,0.00040256159263662994
2015,0.003907687030732632,0.0005451616598293185
2016,0.0033064265735447407,0.0007703577866777778
2017,0.0033965925686061382,0.0011254296405240893
2018,0.0039354125037789345,0.0016790120862424374
2019,0.004420119803398848,0.0025262951385229826
2020,0.004513835534453392,0.003770106239244342
2021,0.004183369688689709,0.005476330406963825
2022,0.003687135176733136,0.00752166286110878
2023,0.003299075411632657,0.009405966848134995
2024,0.0031907232478260994,0.010110615752637386
2025,0.0033374284394085407,0.00861545279622078
2026,0.003595860907807946,0.00511206267401576
2027,0.0038089861627668142,0.0017170198261737823
2028,0.0038740471936762333,0.0007173533085733652
2029,0.0037899157032370567,0.0021080798469483852
2030,0.0035948860459029675,0.003676820080727339
2031,0.0033817999064922333,0.0036087336484342813
2032,0.003226637141779065,0.0021609885152429342
2033,0.0031577281188219786,0.000995224341750145
2034,0.0031723505817353725,0.0010787706123664975
2035,0.0032418447080999613,0.001834134804084897
2036,0.003322969889268279,0.002247629687190056
2037,0.0033840383403003216,0.0019162369426339865
2038,0.003412557765841484,0.0012514926493167877
2039,0.0034033176489174366,0.0007995315827429295
2040,0.00336511991918087,0.0007548525463789701
2041,0.0033073381055146456,0.0009555522701703012
2042,0.0032439178321510553,0.0011305550578981638
2043,0.0031859898008406162,0.0011720932088792324
2044,0.0031410111114382744,0.001099111745133996
2045,0.003113435348495841,0.0009899117285385728
2046,0.003100795904174447,0.0008646511123515666
2047,0.0031004007905721664,0.0006994144059717655
2048,0.0031093209981918335,0.0005187774077057838
2049,0.003123215399682522,0.00037997495383024216
2050,0.0031390576623380184,0.00034844072069972754
2051,0.0031546340323984623,0.0004327352507971227
2052,0.00316681619733572,0.0005684145726263523
2053,0.003174298908561468,0.0006521042669191957
2054,0.003177272155880928,0.0006095693679526448
2055,0.003175557591021061,0.00045889191096648574
2056,0.003170689567923546,0.00028050114633515477
2057,0.003163090441375971,0.00016903883079066873
2058,0.003154600039124489,0.0001693215745035559
2059,0.0031459121964871883,0.00025521073257550597
2060,0.003138564992696047,0.00035204103915020823
2061,0.0031331321224570274,0.000390772707760334
2062,0.0031298669055104256,0.00035365030635148287
2063,0.0031291774939745665,0.00026951543986797333
2064,0.0031317113898694515,0.00019076521857641637
2065,0.003138211788609624,0.00015467763296328485
2066,0.0031494125723838806,0.00016533986490685493
2067,0.0031669684685766697,0.0001991058816201985
2068,0.0031920599285513163,0.00022712963982485235
2069,0.0032283873297274113,0.00023453029280062765
2070,0.003279565367847681,0.00022260872356127948
2071,0.0033530849032104015,0.00020308265811763704
2072,0.003456331789493561,0.00018679159984458238
2073,0.003604321274906397,0.00017730162653606385
2074,0.0038134786300361156,0.00017152936197817326
2075,0.004115920513868332,0.0001657206448726356
2076,0.004547616001218557,0.0001592995395185426
2077,0.005173020996153355,0.00015419453848153353
2078,0.006053792778402567,0.0001534136536065489
2079,0.0072979675605893135,0.00015803684073034674
2080,0.008960092440247536,0.00016558016068302095
2081,0.011133388616144657,0.00017152419604826719
2082,0.013632514514029026,0.0001722510642139241
2083,0.016284890472888947,0.00016696771490387619
2084,0.01815895177423954,0.00015743522089906037
2085,0.018709780648350716,0.00014736024604644626
2086,0.016723299399018288,0.00014017324429005384
2087,0.012799290008842945,0.00013731341459788382
2088,0.007930190302431583,0.00013810471864417195
2089,0.004309220239520073,0.00014074009959585965
2090,0.0031920347828418016,0.00014325625670608133
2091,0.0044476971961557865,0.00014444284897763282
2092,0.006788956932723522,0.00014428464055527002
2093,0.008555354550480843,0.00014344320516102016
2094,0.008826755918562412,0.00014260860916692764
2095,0.007424176204949617,0.00014210684457793832
2096,0.005302149802446365,0.000141841359436512
2097,0.0036008311435580254,0.000141409327625297
2098,0.0031283036805689335,0.00014042685506865382
2099,0.0038182297721505165,0.0001388387754559517
2100,0.004949863534420729,0.00013687476166523993
2101,0.0057694558054208755,0.00013492992729879916
2102,0.005789521150290966,0.00013340044824872166
2103,0.005126298405230045,0.0001325007324339822
2104,0.004141966812312603,0.0001321838644798845
2105,0.003342929296195507,0.00013224186841398478
2106,0.00301247532479465,0.0001324237382505089
2107,0.0031687584705650806,0.00013251589552965015
2108,0.0036118575371801853,0.0001324238837696612
2109,0.004068183712661266,0.00013218444655649364
2110,0.004356423392891884,0.0001319049479207024
2111,0.00437991414219141,0.00013169499288778752
2112,0.004200044088065624,0.0001316340349148959
2113,0.00387036195024848,0.00013174861669540405
2114,0.003518876386806369,0.0001320081064477563
2115,0.0032156093511730433,0.00013235968071967363
2116,0.003022701945155859,0.00013277064135763794
2117,0.0029526324942708015,0.00013323449820745736
2118,0.0029891752637922764,0.00013378667063079774
2119,0.003097796579822898,0.00013451372797135264
2120,0.0032427923288196325,0.00013553605822380632
2121,0.0033952118828892708,0.00013700558338314295
2122,0.00353963952511549,0.00013911646965425462
2123,0.003665332682430744,0.00014212552923709154
2124,0.003772282274439931,0.0001463869703002274
2125,0.003856245893985033,0.0001524007529951632
2126,0.003923119977116585,0.00016092963051050901
2127,0.003971538040786982,0.00017307557573076338
2128,0.0040189605206251144,0.00019055033044423908
2129,0.0040648141875863075,0.0002158444985980168
2130,0.0041350144892930984,0.0002528708428144455
2131,0.004218390677124262,0.00030728394631296396
2132,0.004347075708210468,0.00038798307650722563
2133,0.004498931113630533,0.0005077026435174048
2134,0.00472039682790637,0.0006862376467324793
2135,0.004976774100214243,0.0009506250498816371
2136,0.005336396396160126,0.001340900780633092
2137,0.005746822338551283,0.0019038370810449123
2138,0.006307439878582954,0.002696401672437787
2139,0.006928303744643927,0.0037437542341649532
2140,0.007735384628176689,0.005017482675611973
2141,0.008549753576517105,0.006300508510321379
2142,0.009487761184573174,0.00719295721501112
2143,0.010213631205260754,0.007083699107170105
2144,0.010796981863677502,0.0056767454370856285
2145,0.010786405764520168,0.00335318548604846
2146,0.010301575064659119,0.0013313437812030315
2147,0.00910883117467165,0.0006306840805336833
2148,0.007609379943460226,0.001245858147740364
2149,0.006029605865478516,0.0022138317581266165
2150,0.00489211268723011,0.002593281911686063
2151,0.004392580129206181,0.0021236592438071966
2152,0.004696166142821312,0.0012859205016866326
2153,0.0056205797009170055,0.0007313723908737302
2154,0.0069449832662940025,0.0007148749427869916
2155,0.0084190359339118,0.0010547604179009795
2156,0.009624424390494823,0.0013910228153690696
2157,0.010491208173334599,0.0015180864138528705
2158,0.010654685087502003,0.0013868414098396897
2159,0.010243779979646206,0.0011039547389373183
2160,0.009282639250159264,0.0008056225487962365
2161,0.007956195622682571,0.0005856647621840239
2162,0.0067148092202842236,0.0004764512996189296
2163,0.0056024156510829926,0.00045387650607153773
2164,0.004943699575960636,0.000491640530526638
2165,0.004562252201139927,0.000557680323254317
2166,0.004409269895404577,0.0006289961165748537
2167,0.004291032440960407,0.0006784669822081923
2168,0.004153423942625523,0.000685257778968662
2169,0.003989745397120714,0.0006377133540809155
2170,0.0038985866121947765,0.0005358870839700103
2171,0.003926815930753946,0.00040703712147660553
2172,0.004078279715031385,0.0002831455203704536
2173,0.004325076937675476,0.00019833123951684684
2174,0.004513903521001339,0.0001708269410301
2175,0.004630716983228922,0.00019847443036269397
2176,0.004530962556600571,0.0002584256581030786
2177,0.004303851164877415,0.0003187161055393517
2178,0.003931721672415733,0.00035259139258414507
2179,0.0035544438287615776,0.0003453118843026459
2180,0.0032200058922171593,0.00030158302979543805
2181,0.0030004512518644333,0.00023732217960059643
2182,0.0029004733078181744,0.0001758737489581108
2183,0.002899493556469679,0.00013526444672606885
2184,0.002954324707388878,0.00012321282702032477
2185,0.00301750167272985,0.00013574054173659533
2186,0.0030558831058442593,0.00016181924729608
2187,0.003051584819331765,0.00018915518012363464
2188,0.0030090922955423594,0.0002078109682770446
2189,0.0029425336979329586,0.00021334184566512704
2190,0.0028738684486597776,0.0002064095897367224
2191,0.002820881549268961,0.00019198746304027736
2192,0.002796629210934043,0.00017503887647762895
2193,0.002805776661261916,0.00015975639689713717
2194,0.0028488237876445055,0.00014832835586275905
2195,0.002924328437075019,0.00014103084686212242
2196,0.003033986547961831,0.00013673698413185775
2197,0.0031902259215712547,0.0001339241862297058
2198,0.0034161689691245556,0.0001315457484452054
2199,0.0037649483419954777,0.00012910780787933618
2200,0.004318307153880596,0.0001268459891434759
2201,0.0052145314402878284,0.00012531134416349232
2202,0.0066902064718306065,0.00012498251453507692
2203,0.009006540291011333,0.00012603461800608784
2204,0.012724675238132477,0.00012833898654207587
2205,0.017896607518196106,0.00013140359078533947
2206,0.02509402669966221,0.0001345465425401926
2207,0.032114427536726,0.00013720558490604162
2208,0.03737065941095352,0.0001389847748214379
2209,0.034341033548116684,0.00013977204798720777
2210,0.024595318362116814,0.00013963926176074892
2211,0.010814827866852283,0.0001389517419738695
2212,0.003482561092823744,0.00013805643538944423
2213,0.006102561019361019,0.00013733610103372484
2214,0.013481362722814083,0.00013705350283998996
2215,0.017327021807432175,0.00013740852591581643
2216,0.013912961818277836,0.00013847925583831966
2217,0.006704091094434261,0.00014030237798579037
2218,0.003265323815867305,0.00014295097207650542
2219,0.0060126460157334805,0.00014652262325398624
2220,0.010209252126514912,0.00015126213838811964
2221,0.010128210298717022,0.0001574880297994241
2222,0.006189796607941389,0.00016580599185544997
2223,0.0032759166788309813,0.00017696188297122717
2224,0.004072205163538456,0.00019216987129766494
2225,0.006732195615768433,0.00021294198813848197
2226,0.0076666176319122314,0.00024169038806576282
2227,0.005974888801574707,0.0002815437037497759
2228,0.0036233323626220226,0.0003372955252416432
2229,0.0030227298848330975,0.0004151987377554178
2230,0.00424502557143569,0.0005244881031103432
2231,0.005542377941310406,0.0006769015453755856
2232,0.0056047565303742886,0.000888827838934958
2233,0.004401510581374168,0.0011791579890996218
2234,0.003179887542501092,0.0015707152197137475
2235,0.002841005101799965,0.0020801187492907047
2236,0.003383314236998558,0.00271240109577775
2237,0.0041809845715761185,0.003428580006584525
2238,0.004495606757700443,0.004133653361350298
2239,0.004169541876763105,0.004633788485080004
2240,0.0034776730462908745,0.0047032819129526615
2241,0.002887231297791004,0.004149823449552059
2242,0.002723847981542349,0.003055768785998225
2243,0.0029690666124224663,0.001771315815858543
2244,0.0033678393810987473,0.0008291085250675678
2245,0.0036493176594376564,0.0005315726157277822
2246,0.0036774235777556896,0.000807391363196075
2247,0.0034582922235131264,0.0012887062039226294
2248,0.003123748814687133,0.0016194136114791036
2249,0.0028315987437963486,0.0016000611940398812
2250,0.0026944573037326336,0.001290653832256794
2251,0.0027216896414756775,0.0008719563484191895
2252,0.002858391497284174,0.0005360586801543832
2253,0.00301976571790874,0.00038811215199530125
2254,0.0031149352435022593,0.0004206314333714545
2255,0.0031216591596603394,0.0005672300467267632
2256,0.0030418504029512405,0.0007401896291412413
2257,0.0029148906469345093,0.000883361033629626
2258,0.002783479867503047,0.0009530626120977104
2259,0.002684804145246744,0.0009557842859067023
2260,0.0026383493095636368,0.0008969255140982568
2261,0.002643818501383066,0.0008041386608965695
2262,0.0026858279015868902,0.000694344867952168
2263,0.002740575233474374,0.0005832117749378085
2264,0.002786297583952546,0.00048411954776383936
2265,0.00280996086075902,0.00040283831185661256
2266,0.002808135002851486,0.00034446988138370216
2267,0.0027812495827674866,0.0003048680955544114
2268,0.0027418043464422226,0.0002803918323479593
2269,0.0026969686150550842,0.00026409723795950413
2270,0.0026561967097222805,0.00025296417879872024
2271,0.0026259198784828186,0.0002438921364955604
2272,0.0026084415148943663,0.0002380347141297534
2273,0.0026036533527076244,0.00023557532404083759
2274,0.0026085381396114826,0.00023721731849946082
2275,0.002619061153382063,0.00024190274416469038
2276,0.002632495481520891,0.0002473517379257828
2277,0.0026460380759090185,0.0002513661456760019
2278,0.002658283803611994,0.0002506810415070504
2279,0.002667721826583147,0.0002442721161060035
2280,0.002674849471077323,0.00023105987929739058
2281,0.0026801610365509987,0.00021281506633386016
2282,0.0026853077579289675,0.0001909133279696107
2283,0.0026915338821709156,0.0001682840520516038
2284,0.0027012242935597897,0.0001471428549848497
2285,0.0027153119444847107,0.00012974081619177014
2286,0.002738171722739935,0.00011714881838997826
2287,0.0027719493955373764,0.0001097386484616436
2288,0.0028234710916876793,0.0001071702063200064
2289,0.002898062113672495,0.00010861710325116292
2290,0.0030097116250544786,0.00011296311276964843
2291,0.0031706285662949085,0.00011909065506188199
2292,0.0034102960489690304,0.00012609499390237033
2293,0.0037532723508775234,0.00013325536565389484
2294,0.004261331632733345,0.00014019777881912887
2295,0.004978197626769543,0.00014669221127405763
2296,0.00602545915171504,0.00015297046047635376
2297,0.00743878586217761,0.00015924021136015654
2298,0.009396042674779892,0.00016621265967842191
2299,0.011737369000911713,0.00017442063835915178
2300,0.014528173953294754,0.0001850464759627357
2301,0.01688961684703827,0.0001990212476812303
2302,0.018471596762537956,0.00021816622756887227
2303,0.017683707177639008,0.00024404180294368416
2304,0.014755479991436005,0.00027968856738880277
2305,0.009922824800014496,0.00032804845250211656
2306,0.0053884414955973625,0.0003945866192225367
2307,0.002827713033184409,0.0004848866956308484
2308,0.002919535618275404,0.0006088691297918558
2309,0.004892898257821798,0.0007763979374431074
2310,0.007157777901738882,0.001003847224637866
2311,0.00832348968833685,0.0013043589424341917
2312,0.007614010013639927,0.0016973023302853107
2313,0.005723562091588974,0.002184089971706271
2314,0.0038128900341689587,0.0027608058881014585
2315,0.0030377667862921953,0.0033654188737273216
2316,0.003606610232964158,0.00390804884955287
2317,0.004861313849687576,0.00420546717941761
2318,0.005968411453068256,0.004107022192329168
2319,0.006170049775391817,0.0034947365056723356
2320,0.005734832491725683,0.002508449601009488
2321,0.005022604018449783,0.0014428463764488697
2322,0.0049242423847317696,0.0006953830597922206
2323,0.005651986226439476,0.00046126233064569533
2324,0.007071181666105986,0.000677103700581938
2325,0.008783344179391861,0.001080517889931798
2326,0.010157951153814793,0.0014127613976597786
2327,0.011251353658735752,0.0015007597394287586
2328,0.011903916485607624,0.0013415883295238018
2329,0.01222617644816637,0.0010209258180111647
2330,0.012327584438025951,0.0006723961560055614
2331,0.011329230852425098,0.00040625190013088286
2332,0.009765266440808773,0.0002731881686486304
2333,0.007168949581682682,0.0002734260051511228
2334,0.004783161915838718,0.00037030261592008173
2335,0.0030932745430618525,0.0005188424838706851
2336,0.002636239631101489,0.0006717192009091377
2337,0.0032939102966338396,0.0008033715421333909
2338,0.004521075636148453,0.0008874362101778388
2339,0.005716719198971987,0.0009234535391442478
2340,0.00619212631136179,0.000901504943612963
2341,0.005978490691632032,0.0008315339218825102
2342,0.005096632055938244,0.0007177738007158041
2343,0.004113099537789822,0.000579116225708276
2344,0.003318603616207838,0.0004346264759078622
2345,0.00289305136539042,0.00030632305424660444
2346,0.0028055282309651375,0.00021193637803662568
2347,0.0029269224032759666,0.00015992813860066235
2348,0.003148371120914817,0.00014914857456460595
2349,0.0033939422573894262,0.00016959250206127763
2350,0.0036572637036442757,0.00020752119598910213
2351,0.0038731496315449476,0.000248419470153749
2352,0.003989032469689846,0.0002824084658641368
2353,0.00394941633567214,0.00030223120120353997
2354,0.0037472755648195744,0.0003075671847909689
2355,0.003450320567935705,0.0002987697662319988
2356,0.0031391740776598454,0.00028035324066877365
2357,0.0028870690148323774,0.0002555221726652235
2358,0.0027266968972980976,0.00022881210315972567
2359,0.0026400871574878693,0.0002030664327321574
2360,0.0025974498130381107,0.00018062378512695432
2361,0.0025633391924202442,0.00016268636682070792
2362,0.0025246485602110624,0.00014959990221541375
2363,0.00248540285974741,0.00014118824037723243
2364,0.0024618543684482574,0.00013668049359694123
2365,0.0024674886371940374,0.00013542792294174433
2366,0.0025044747162610292,0.00013664705329574645
2367,0.00256520533002913,0.00013988636783324182
2368,0.0026371125131845474,0.00014456748613156378
2369,0.002719571813941002,0.0001505474792793393
2370,0.0028131601866334677,0.00015747257566545159
2371,0.002944720908999443,0.00016553563182242215
2372,0.0031277481466531754,0.00017450450104661286
2373,0.003410693258047104,0.00018488999921828508
2374,0.003815875155851245,0.00019649203750304878
2375,0.00442095659673214,0.0002101253776345402
2376,0.005268676206469536,0.0002254923019791022
2377,0.006493865512311459,0.00024379542446695268
2378,0.00813581608235836,0.00026462346431799233
2379,0.010385088622570038,0.0002897479571402073
2380,0.012990953400731087,0.0003184395027346909
2381,0.015968069434165955,0.0003531125548761338
2382,0.01817496307194233,0.000392288900911808
2383,0.01918596774339676,0.00043908623047173023
2384,0.01736469194293022,0.0004904611269012094
2385,0.013507791794836521,0.0005500316619873047
2386,0.00818643532693386,0.0006116532604210079
2387,0.004023920278996229,0.0006787548772990704
2388,0.00255785183981061,0.0007401622133329511
2389,0.003817288437858224,0.0007985911797732115
2390,0.006391153670847416,0.0008377885678783059
2391,0.008357834070920944,0.0008617212297394872
2392,0.008618665859103203,0.0008548077894374728
2393,0.006992288865149021,0.0008284180657938123
2394,0.004630356095731258,0.0007788615766912699
2395,0.002898940583691001,0.0007314750691875815
2396,0.0026238684076815844,0.0007015502196736634
2397,0.0035726656205952168,0.0007275845855474472
2398,0.004823840223252773,0.0008394585456699133
2399,0.005544744431972504,0.0010828825179487467
2400,0.005299828015267849,0.0014985066372901201
2401,0.004370666109025478,0.0021286814007908106
2402,0.003290934953838587,0.0030126587953418493
2403,0.0026025993283838034,0.004100741818547249
2404,0.0025080551858991385,0.005299089010804892
2405,0.002886391943320632,0.006179778836667538
2406,0.00343784736469388,0.006341750733554363
2407,0.003849534085020423,0.0052424208261072636
2408,0.004003497771918774,0.0032090588938444853
2409,0.0038512309547513723,0.001183482352644205
2410,0.0035227355547249317,0.0003268360160291195
2411,0.0031089219264686108,0.0008742734789848328
2412,0.002739975228905678,0.001992420759052038
2413,0.0024875712115317583,0.0026275385171175003
2414,0.0023835841566324234,0.0022510685957968235
2415,0.0024133967235684395,0.0012699407525360584
2416,0.0025360137224197388,0.0004189077590126544
2417,0.002705829218029976,0.00021413038484752178
2418,0.0028780815191566944,0.0006112535484135151
2419,0.0030323555693030357,0.0012100895401090384
2420,0.0031480519101023674,0.0016354918479919434
2421,0.0032318108715116978,0.0016686336603015661
2422,0.0032672027591615915,0.0013681789860129356
2423,0.0032696062698960304,0.0008910130709409714
2424,0.0032307831570506096,0.0004757571732625365
2425,0.0031763562001287937,0.0002681633923202753
2426,0.0031046876683831215,0.00028657139046117663
2427,0.0030376079957932234,0.000447046069893986
2428,0.0029665641486644745,0.0006225977558642626
2429,0.0029043126851320267,0.0007171061588451266
2430,0.0028418872971087694,0.0006777732633054256
2431,0.0027892431244254112,0.0005371059523895383
2432,0.002739164512604475,0.0003573177382349968
2433,0.0026997949462383986,0.00021940570150036365
2434,0.002664708998054266,0.00016847830556798726
2435,0.0026410860009491444,0.000203837756998837
2436,0.002623838372528553,0.0002880532410927117
2437,0.0026188120245933533,0.00036846206057816744
2438,0.0026216325350105762,0.00040449685184285045
2439,0.0026385458186268806,0.0003754618519451469
2440,0.0026659106370061636,0.00029765156796202064
2441,0.002711865119636059,0.00020313949789851904
2442,0.002773039974272251,0.00012952348333783448
2443,0.002862342866137624,9.696060442365706e-05
2444,0.002979128621518612,0.00010564365948084742
2445,0.0031483913771808147,0.00014016838395036757
2446,0.0033711432479321957,0.00017839338397607207
2447,0.00369271170347929,0.00020191690418869257
2448,0.004111954942345619,0.0002019770909100771
2449,0.004710054956376553,0.00018278411880601197
2450,0.005465143825858831,0.0001535653864266351
2451,0.006509377155452967,0.00012581993360072374
2452,0.007730479352176189,0.00010799174197018147
2453,0.00927647203207016,0.00010381758329458535
2454,0.010801042430102825,0.00011115356028312817
2455,0.012339942157268524,0.00012453515955712646
2456,0.013187584467232227,0.00013819201558362693
2457,0.013276458717882633,0.00014746867236681283
2458,0.011931933462619781,0.0001500443322584033
2459,0.009580990299582481,0.00014585100871045142
2460,0.006617438979446888,0.000137310940772295
2461,0.004090228118002415,0.00012734223855659366
2462,0.002702849917113781,0.00011883081606356427
2463,0.0026701493188738823,0.00011369096318958327
2464,0.0036479129921644926,0.00011277716112090275
2465,0.004939027596265078,0.00011590575013542548
2466,0.005999062675982714,0.00012195802992209792
2467,0.006233720108866692,0.00012967207294423133
2468,0.005740937311202288,0.00013789505464956164
2469,0.004626378882676363,0.00014630569785367697
2470,0.003471584524959326,0.0001547727733850479
2471,0.0026296270079910755,0.00016424035129602998
2472,0.002338122110813856,0.0001757551362970844
2473,0.00255223223939538,0.00019151448213960975
2474,0.003054572269320488,0.00021326076239347458
2475,0.003606881480664015,0.0002442988916300237
2476,0.003981359302997589,0.00028737320099025965
2477,0.00413435697555542,0.00034811231307685375
2478,0.00398800615221262,0.00043121096678078175
2479,0.0036754272878170013,0.0005471701151691377
2480,0.0032440675422549248,0.0007042540819384158
2481,0.0028461809270083904,0.0009218670893460512
2482,0.002532877493649721,0.0012107603251934052
2483,0.00234377384185791,0.0016011575935408473
2484,0.0022675846703350544,0.002091125352308154
2485,0.0022819237783551216,0.0027073263190686703
2486,0.002362226601690054,0.003378557041287422
2487,0.002485315315425396,0.0040730019100010395
2488,0.0026333704590797424,0.0045548719353973866
2489,0.002786734141409397,0.004704032093286514
2490,0.0029485959094017744,0.004235117696225643
2491,0.003108550328761339,0.0032383936922997236
2492,0.0032969580497592688,0.0019086308311671019
2493,0.003498453414067626,0.0007574647315777838
2494,0.0037619522772729397,0.00017088283493649215
2495,0.004052086733281612,0.00025420889141969383
2496,0.004436556249856949,0.0007846275111660361
2497,0.004839402623474598,0.0013839134480804205
2498,0.005344707984477282,0.0017428426072001457
2499,0.00582243874669075,0.001700963475741446
2500,0.0063825626857578754,0.0013400897150859237
2501,0.006834975443780422,0.0008375920006074011
2502,0.007285689935088158,0.00041381584014743567
2503,0.007502278778702021,0.00019232206977903843
2504,0.007572272792458534,0.00018133840057998896
2505,0.007292433641850948,0.00030566833447664976
2506,0.006764761637896299,0.00046634330647066236
2507,0.005981208756566048,0.000595128396525979
2508,0.005111806094646454,0.0006625060923397541
2509,0.004349784925580025,0.0006836280226707458
2510,0.0038342808838933706,0.0006808658945374191
2511,0.003718023654073477,0.0006708278669975698
2512,0.004015733953565359,0.0006546328077092767
2513,0.004740705713629723,0.0006115100113674998
2514,0.005795247387140989,0.0005358439520932734
2515,0.007204289548099041,0.0004224707081448287
2516,0.008626462891697884,0.0002960784186143428
2517,0.010228023864328861,0.00018221352365799248
2518,0.011234008707106113,0.00010836773435585201
2519,0.011970803141593933,8.570256613893434e-05
2520,0.011512383818626404,0.00010788779763970524
2521,0.010419169440865517,0.00015535828424617648
2522,0.008458558470010757,0.00020493229385465384
2523,0.006451710127294064,0.00024035663227550685
2524,0.0048591624945402145,0.00025389454094693065
2525,0.004209083504974842,0.00024968915386125445
2526,0.004516139626502991,0.00023417561897076666
2527,0.00553740793839097,0.0002165604819310829
2528,0.00680264038965106,0.00020109217439312488
2529,0.007574488874524832,0.00018896556866820902
2530,0.007810133509337902,0.00017801648937165737
2531,0.007018660195171833,0.0001654935476835817
2532,0.005852379836142063,0.0001503200182924047
2533,0.00442303903400898,0.00013295681856106967
2534,0.0033194520510733128,0.0001156642974819988
2535,0.002704029204323888,0.00010083629604196176
2536,0.0025958390906453133,9.042880992637947e-05
2537,0.0028369873762130737,8.502988202963024e-05
2538,0.003199933562427759,8.3876249846071e-05
2539,0.003519003512337804,8.534958033123985e-05
2540,0.003646187949925661,8.770488784648478e-05
2541,0.003642042400315404,8.961601997725666e-05
2542,0.003493619617074728,9.039888391271234e-05
2543,0.003373040584847331,9.01105158845894e-05
2544,0.003307974897325039,8.932755736168474e-05
2545,0.0033650523982942104,8.885050192475319e-05
2546,0.0035251984372735023,8.932419586926699e-05
2547,0.0037223603576421738,9.113773558055982e-05
2548,0.003927844576537609,9.442877490073442e-05
2549,0.004045847803354263,9.916233102558181e-05
2550,0.004099668934941292,0.00010528191342018545
2551,0.004037816077470779,0.00011276170698693022
2552,0.0039412048645317554,0.00012198345939395949
2553,0.003806497436016798,0.00013353840040508658
2554,0.0037186702247709036,0.00014873371401336044
2555,0.003690682351589203,0.0001690775534370914
2556,0.0037498525343835354,0.00019725238962564617
2557,0.00391132477670908,0.00023631128715351224
2558,0.004118524957448244,0.0002913837961386889
2559,0.004410845227539539,0.00036845088470727205
2560,0.004657811485230923,0.0004773569817189127
2561,0.004950689151883125,0.0006294688791967928
2562,0.005126127973198891,0.0008427886059507728
2563,0.005321528762578964,0.0011353952577337623
2564,0.005400800611823797,0.0015333287883549929
2565,0.005500510334968567,0.002048431197181344
2566,0.0055414531379938126,0.002688824664801359
2567,0.00559194665402174,0.003394539002329111
2568,0.005625215359032154,0.004066993948072195
2569,0.005611048545688391,0.004465939477086067
2570,0.005568556487560272,0.004376970697194338
2571,0.005407197400927544,0.0036191330291330814
2572,0.0051843877881765366,0.002374752191826701
2573,0.004818783141672611,0.0011060078395530581
2574,0.0043996768072247505,0.00035257264971733093
2575,0.0039014588110148907,0.0003363716241437942
2576,0.0034171310253441334,0.0008388836868107319
2577,0.002965089399367571,0.0014276995789259672
2578,0.0026026833802461624,0.0017224522307515144
2579,0.0023440318182110786,0.0016204785788431764
2580,0.0021952905226498842,0.0012123913038522005
2581,0.0021424945443868637,0.0007310309447348118
2582,0.002162207616493106,0.0003738052910193801
2583,0.0022284581791609526,0.00023125424922909588
2584,0.0023179990239441395,0.0002876774233300239
2585,0.0024159294553101063,0.0004643427091650665
2586,0.002512302715331316,0.0006774807116016746
2587,0.0026119062677025795,0.0008506145677529275
2588,0.002717105206102133,0.0009557656012475491
2589,0.0028514359146356583,0.0009709604200907052
2590,0.0030281981453299522,0.0009184899390675128
2591,0.003289483254775405,0.000810489000286907
2592,0.003669379511848092,0.0006772349588572979
2593,0.0042314305901527405,0.0005419810186140239
2594,0.005062182433903217,0.0004271898651495576
2595,0.006232024636119604,0.00034963394864462316
2596,0.007919219322502613,0.00031127798138186336
2597,0.01008627563714981,0.00030627252999693155
2598,0.012916028499603271,0.0003171115240547806
2599,0.015898263081908226,0.00032790558179840446
2600,0.01877242885529995,0.00032281127641908824
2601,0.02010240964591503,0.00029932783218100667
2602,0.01929992064833641,0.00025854408158920705
2603,0.01543094776570797,0.0002119679847965017
2604,0.00997387245297432,0.00016936422616709024
2605,0.00506399292498827,0.00014024501433596015
2606,0.0028472174890339375,0.00012818985851481557
2607,0.0037433048710227013,0.00013206369476392865
2608,0.006291280034929514,0.0001474421878810972
2609,0.008634028024971485,0.00016802216123323888
2610,0.008775557391345501,0.00018811631889548153
2611,0.006887651048600674,0.0002023688139161095
2612,0.0042277448810637,0.000208693731110543
2613,0.0025495351292192936,0.00020556279923766851
2614,0.002523049246519804,0.00019474630244076252
2615,0.003725349437445402,0.00017763467621989548
2616,0.005104167386889458,0.00015773018822073936
2617,0.005546370055526495,0.00013730349019169807
2618,0.004944982007145882,0.00011889624147443101
2619,0.003666825592517853,0.00010376048157922924
2620,0.0025899899192154408,9.278843208448961e-05
2621,0.0021622234489768744,8.602630987297744e-05
2622,0.0024226957466453314,8.310862176585943e-05
2623,0.003052052576094866,8.333905134350061e-05
2624,0.003618167247623205,8.591258665546775e-05
2625,0.0039003686979413033,9.000091085908934e-05
2626,0.003757412312552333,9.48380766203627e-05
2627,0.0033785896375775337,9.990695980377495e-05
2628,0.0028656383510679007,0.00010483157529961318
2629,0.002434530993923545,0.00010958744678646326
2630,0.002165983896702528,0.00011412468302296475
2631,0.0020963363349437714,0.00011878808436449617
2632,0.002188543789088726,0.00012380638509057462
2633,0.002377835800871253,0.00012987543595954776
2634,0.0025962793733924627,0.0001375492720399052
2635,0.0027875674422830343,0.000148012230056338
2636,0.0029357001185417175,0.0001624295546207577
2637,0.00301025016233325,0.00018286827253177762
2638,0.003035543952137232,0.00021178630413487554
2639,0.0029915107879787683,0.00025310562341473997
2640,0.0029117916710674763,0.000312169489916414
2641,0.0027905222959816456,0.00039675188600085676
2642,0.002666875021532178,0.0005184061592444777
2643,0.0025422004982829094,0.0006922172615304589
2644,0.0024338741786777973,0.0009417787659913301
2645,0.0023389835841953754,0.0012920040171593428
2646,0.002263273112475872,0.001782784005627036
2647,0.00220702588558197,0.0024338453076779842
2648,0.002169417217373848,0.003278723917901516
2649,0.0021488673519343138,0.00424317829310894
2650,0.0021433124784380198,0.005245318170636892
2651,0.002152563538402319,0.005929240956902504
2652,0.0021761534735560417,0.006038656923919916
2653,0.0022156317718327045,0.005173034034669399
2654,0.00227277516387403,0.003575301729142666
2655,0.0023529627360403538,0.0017634338000789285
2656,0.0024620071053504944,0.0005894663045182824
2657,0.0026126853190362453,0.0004430451663210988
2658,0.00281512807123363,0.0011013750918209553
2659,0.0030946885235607624,0.0019362525781616569
2660,0.0034668210428208113,0.0023587332107126713
2661,0.003980268258601427,0.002141242381185293
2662,0.004651378374546766,0.0014213151298463345
2663,0.005560816265642643,0.0006380695849657059
2664,0.006685773376375437,0.0001704440510366112
2665,0.008114811033010483,0.00017185532487928867
2666,0.009654906578361988,0.0005285681108944118
2667,0.01130327582359314,0.0009907352505251765
2668,0.012490641325712204,0.0013282268773764372
2669,0.013078833930194378,0.001412227749824524
2670,0.012339209206402302,0.001258626114577055
2671,0.010515074245631695,0.0009670095751062036
2672,0.00774048175662756,0.000669816741719842
2673,0.005053611472249031,0.0004667970060836524
2674,0.0032205458264797926,0.0003757203812710941
2675,0.0027844556607306004,0.00036357552744448185
2676,0.0036650830879807472,0.00036729301791638136
2677,0.005248574540019035,0.0003482797183096409
2678,0.007056033238768578,0.0002989727072417736
2679,0.008040833286941051,0.000246391718974337
2680,0.008518800139427185,0.00022219876700546592
2681,0.007912006229162216,0.00024243161897175014
2682,0.007426729425787926,0.00029558385722339153
2683,0.007156153209507465,0.00034651753958314657
2684,0.007725912146270275,0.00036530711804516613
2685,0.008961769752204418,0.0003338207025080919
2686,0.010105911642313004,0.0002648116205818951
2687,0.010867103934288025,0.00018206381355412304
2688,0.010276691056787968,0.00011568379704840481
2689,0.008759519085288048,8.296410669572651e-05
2690,0.00651566544547677,8.493356290273368e-05
2691,0.004508011043071747,0.00010817589645739645
2692,0.003294863272458315,0.00013433127605821937
2693,0.0029630069620907307,0.00015026098117232323
2694,0.0032487923745065928,0.00015174224972724915
2695,0.00361911510117352,0.00014333086437545717
2696,0.003732245182618499,0.00013243760622572154
2697,0.0035157601814717054,0.00012670720752794296
2698,0.003223902778699994,0.00012907900963909924
2699,0.0031134644523262978,0.00013813015539199114
2700,0.0032757543958723545,0.00014885622658766806
2701,0.003637133864685893,0.0001563148689456284
2702,0.0038563795387744904,0.00015751173486933112
2703,0.003874761052429676,0.00015206466196104884
2704,0.0035175010561943054,0.000142038450576365
2705,0.0030333399772644043,0.00013075950846541673
2706,0.0025493125431239605,0.00012140452599851415
2707,0.0022714780643582344,0.0001158059822046198
2708,0.002222549170255661,0.00011379440547898412
2709,0.0023209690116345882,0.00011433639883762226
2710,0.002435192931443453,0.00011561076098587364
2711,0.0024574212729930878,0.00011644297046586871
2712,0.0023650790099054575,0.00011581245780689642
2713,0.002200715010985732,0.00011405156692489982
2714,0.0020438209176063538,0.0001117052452173084
2715,0.0019557084888219833,0.00011006301792804152
2716,0.0019554118625819683,0.00010986434062942863
2717,0.002018044702708721,0.00011197898129466921
2718,0.0020954799838364124,0.00011663738405331969
2719,0.00214423262514174,0.00012419934500940144
2720,0.002142879646271467,0.00013464177027344704
2721,0.0020996681414544582,0.00014849861327093095
2722,0.0020400264766067266,0.00016635822248645127
2723,0.0019947392866015434,0.00018993530829902738
2724,0.001984690548852086,0.000221100082853809
2725,0.0020180735737085342,0.000263665133388713
2726,0.002094248542562127,0.000321210827678442
2727,0.0022075939923524857,0.00040107971290126443
2728,0.0023737139999866486,0.0005087372846901417
2729,0.0026079928502440453,0.000657471246086061
2730,0.003003950696438551,0.0008530389750376344
2731,0.0036284150555729866,0.0011169876670464873
2732,0.00475197471678257,0.0014449558220803738
2733,0.006520298775285482,0.0018607492092996836
2734,0.009533310309052467,0.002312768017873168
2735,0.013975589536130428,0.0027971903327852488
2736,0.02049848809838295,0.003149899886921048
2737,0.028408493846654892,0.003318793373182416
2738,0.0359208807349205,0.0030799435917288065
2739,0.03818236663937569,0.0024931232910603285
2740,0.03184651583433151,0.0016111752483993769
2741,0.017869403585791588,0.0007674000225961208
2742,0.006195643916726112,0.00022588172578252852
2743,0.00309372553601861,0.00012590167170856148
2744,0.007678722031414509,0.00038774972199462354
2745,0.0131178367882967,0.0008035048376768827
2746,0.015085771679878235,0.0011709985556080937
2747,0.011997232213616371,0.0013482988579198718
2748,0.006004705093801022,0.0013211441691964865
2749,0.0036450268235057592,0.0011120837880298495
2750,0.005562535021454096,0.0008203826728276908
2751,0.008374234661459923,0.0005182027234695852
2752,0.007785025052726269,0.00027696616598404944
2753,0.005172483157366514,0.00012747033906634897
2754,0.003223965410143137,7.525608816649765e-05
2755,0.0038893448654562235,0.00010344265319872648
2756,0.005035527516156435,0.0001840825570980087
2757,0.005168614909052849,0.00028856005519628525
2758,0.004213423002511263,0.00039142987225204706
2759,0.003157376777380705,0.00047862951760180295
2760,0.0025463243946433067,0.0005368212587200105
2761,0.003153259167447686,0.0005662470357492566
2762,0.00389325013384223,0.0005620000883936882
2763,0.004061660263687372,0.0005315420567058027
2764,0.0034351637586951256,0.0004777235153596848
2765,0.002763916738331318,0.00041197906830348074
2766,0.002230715472251177,0.0003434695245232433
2767,0.002181089948862791,0.00028244496206752956
2768,0.002384405117481947,0.0002366149565204978
2769,0.002671010559424758,0.0002087868342641741
2770,0.0028702192939817905,0.00019892104319296777
2771,0.002837483072653413,0.00020216553821228445
2772,0.0026249163784086704,0.00021337569341994822
2773,0.002379180397838354,0.0002256471198052168
2774,0.0021485420875251293,0.00023508792219217867
2775,0.0019938433542847633,0.00023745419457554817
2776,0.0020365987438708544,0.00023301046167034656
2777,0.002092928858473897,0.00022089795675128698
2778,0.0021968830842524767,0.00020398310152813792
2779,0.002278557512909174,0.00018313585314899683
2780,0.0023005357943475246,0.00016142416279762983
2781,0.002232216764241457,0.00013989262515679002
2782,0.0021890774369239807,0.00012044755567330867
2783,0.00208348804153502,0.00010360341548221186
2784,0.002012965502217412,9.002579463412985e-05
2785,0.0019572414457798004,7.963227108120918e-05
2786,0.0019375428091734648,7.226930028991774e-05
2787,0.0019268349278718233,6.752012996003032e-05
2788,0.001948528690263629,6.493724504252896e-05
2789,0.001959393499419093,6.405537715181708e-05
2790,0.001982675399631262,6.446198676712811e-05
2791,0.0019861406181007624,6.582251808140427e-05
2792,0.0019851778633892536,6.787874735891819e-05
2793,0.0019792881794273853,7.04528865753673e-05
2794,0.0019677539821714163,7.343440665863454e-05
2795,0.0019516819156706333,7.681729039177299e-05
2796,0.0019412359688431025,8.063479617703706e-05
2797,0.0019243629649281502,8.505574078299105e-05
2798,0.0019080922938883305,9.025039616972208e-05
2799,0.0018974572885781527,9.661842341301963e-05
2800,0.0018849028274416924,0.00010454849689267576
2801,0.0018753139302134514,0.00011485991126392037
2802,0.0018685595132410526,0.0001283788587898016
2803,0.001863535726442933,0.00014677856233902276
2804,0.001858533825725317,0.00017181187286041677
2805,0.001859114388935268,0.00020701787434518337
2806,0.0018578566377982497,0.00025616498896852136
2807,0.00186090765055269,0.0003269498993176967
2808,0.0018632765859365463,0.00042735040187835693
2809,0.0018675499595701694,0.0005741564673371613
2810,0.001871093874797225,0.0007827716181054711
2811,0.0018763735424727201,0.0010878427419811487
2812,0.0018803597195073962,0.0015116370050236583
2813,0.0018867619801312685,0.0021152235567569733
2814,0.001892318483442068,0.0028998565394431353
2815,0.0019000498577952385,0.003936386667191982
2816,0.0019099954515695572,0.005096462555229664
2817,0.0019231964834034443,0.0063735805451869965
2818,0.0019419395830482244,0.00734773650765419
2819,0.0019678440876305103,0.007811308838427067
2820,0.0020039717201143503,0.007255400996655226
2821,0.002052941359579563,0.005574741400778294
2822,0.002124727237969637,0.0033925294410437346
2823,0.002222637878730893,0.0016897867899388075
2824,0.00236634467728436,0.0014233308611437678
2825,0.0025546085089445114,0.002241176087409258
2826,0.002829993376508355,0.003010234097018838
2827,0.003190928138792515,0.002844019327312708
2828,0.0037293708883225918,0.001929726917296648
2829,0.0043965415097773075,0.0010863920906558633
2830,0.005348320584744215,0.0008394018514081836
2831,0.006437933072447777,0.0011086927261203527
2832,0.007871562615036964,0.0014349226839840412
2833,0.009227107279002666,0.0015555685386061668
2834,0.01065319124609232,0.0015077001880854368
2835,0.01143389381468296,0.00143703434150666
2836,0.011524781584739685,0.001380898174829781
2837,0.01036902330815792,0.0011836523190140724
2838,0.008424523286521435,0.0008257628651335835
2839,0.005949514918029308,0.00041026953840628266
2840,0.003782041370868683,0.00017363416554871947
2841,0.0026271012611687183,0.00024357784423045814
2842,0.002615144709125161,0.0005368251004256308
2843,0.0035079680383205414,0.0008362550870515406
2844,0.004695417825132608,0.0009284610860049725
2845,0.005763213615864515,0.0007838091114535928
2846,0.005972753744572401,0.0005041836993768811
2847,0.005579059943556786,0.00027587093063630164
2848,0.004475793801248074,0.00018269111751578748
2849,0.00338264973834157,0.00020026764832437038
2850,0.002492808038368821,0.0002503946889191866
2851,0.0020993377547711134,0.00027094068354927003
2852,0.0021981096360832453,0.00026029051514342427
2853,0.002621938707306981,0.0002493778301868588
2854,0.0031523851212114096,0.0002580657310318202
2855,0.0035967810545116663,0.00026893566246144474
2856,0.003830656874924898,0.00025201309472322464
2857,0.0037973332218825817,0.0001961610105354339
2858,0.003572209272533655,0.00012409852934069932
2859,0.0031971524003893137,7.689539779676124e-05
2860,0.0028085249941796064,7.686806929996237e-05
2861,0.0024620448239147663,0.00011483440903248265
2862,0.002198789967224002,0.00016087162657640874
2863,0.002039809012785554,0.00018534425180405378
2864,0.0019757843110710382,0.00017909705638885498
2865,0.001997061539441347,0.00015352873015217483
2866,0.0020858508069068193,0.00012663332745432854
2867,0.002228736411780119,0.00010927345283562317
2868,0.0024026858154684305,0.00010146173008251935
2869,0.0026239771395921707,9.644207602832466e-05
2870,0.0028669245075434446,8.835426706355065e-05
2871,0.003191789612174034,7.805003406247124e-05
2872,0.0035252347588539124,7.065842510201037e-05
2873,0.003966920077800751,7.087485573720187e-05
2874,0.004374515265226364,7.879868644522503e-05
2875,0.00492509501054883,8.956258534453809e-05
2876,0.005345928482711315,9.72217385424301e-05
2877,0.005863876082003117,9.824847802519798e-05
2878,0.006098675541579723,9.325120481662452e-05
2879,0.0063486360013484955,8.543182775611058e-05
2880,0.006228758953511715,7.8671655501239e-05
2881,0.006071634590625763,7.460192136932164e-05
2882,0.005612503737211227,7.264009036589414e-05
2883,0.005138621665537357,7.115263724699616e-05
2884,0.004596068058162928,6.887520430609584e-05
2885,0.004188419319689274,6.57823184155859e-05
2886,0.003972603473812342,6.285285780904815e-05
2887,0.004078678786754608,6.124006904428825e-05
2888,0.004513915628194809,6.149942055344582e-05
2889,0.005428028292953968,6.323787965811789e-05
2890,0.0067296503111720085,6.544910866068676e-05
2891,0.008487498387694359,6.71917077852413e-05
2892,0.010464871302247047,6.800459959777072e-05
2893,0.012248117476701736,6.799916445743293e-05
2894,0.013326412066817284,6.770544132450595e-05
2895,0.013043908402323723,6.764687714166939e-05
2896,0.011474239639937878,6.805579323554412e-05
2897,0.00854870118200779,6.88578948029317e-05
2898,0.005313768982887268,6.975512224016711e-05
2899,0.0030069935601204634,7.05002894392237e-05
2900,0.0021325573325157166,7.097494381014258e-05
2901,0.002614079276099801,7.130653102649376e-05
2902,0.003838689299300313,7.171230390667915e-05
2903,0.005082692950963974,7.24903802620247e-05
2904,0.00562831899151206,7.380130409728736e-05
2905,0.005425017327070236,7.57676680223085e-05
2906,0.004459151066839695,7.841610204195604e-05
2907,0.003344085067510605,8.182352758012712e-05
2908,0.002439611591398716,8.613611134933308e-05
2909,0.0020363549701869488,9.171542478725314e-05
2910,0.002168552251532674,9.904511534841731e-05
2911,0.002611786127090454,0.00010893009311985224
2912,0.0031421559397131205,0.00012231066648382694
2913,0.0034686564467847347,0.00014071997429709882
2914,0.003510706126689911,0.00016584328841418028
2915,0.0032523765694350004,0.000200714886886999
2916,0.002893435303121805,0.0002485145232640207
2917,0.0024853150825947523,0.00031539303017780185
2918,0.0021701620426028967,0.0004072703595738858
2919,0.0019894326105713844,0.000536203442607075
2920,0.0019367451313883066,0.0007117674103938043
2921,0.001999935833737254,0.0009550353861413896
2922,0.0021241893991827965,0.0012747078435495496
2923,0.002292544348165393,0.0016971027944236994
2924,0.0024578701704740524,0.0022016121074557304
2925,0.0026144974399358034,0.0027862556744366884
2926,0.002717228140681982,0.003321418771520257
2927,0.0028209583833813667,0.0037137530744075775
2928,0.0028728896286338568,0.003697897307574749
2929,0.002948368899524212,0.0032161532435566187
2930,0.002964979037642479,0.002253934508189559
2931,0.0029923049733042717,0.0011709937825798988
2932,0.0029703625477850437,0.00036859704414382577
2933,0.0029876972548663616,0.00012660722131840885
2934,0.0029528194572776556,0.00040303575224243104
2935,0.0029340859036892653,0.0009193314472213387
2936,0.0028626921121031046,0.001375274034217
2937,0.0028288885951042175,0.0015636100433766842
2938,0.00277712382376194,0.0014673327095806599
2939,0.0027843299321830273,0.001151776174083352
2940,0.0028021899051964283,0.0007626523729413748
2941,0.0028905030339956284,0.0004174311470706016
2942,0.0030162844341248274,0.00019155890913680196
2943,0.003235830692574382,0.00010456966992933303
2944,0.0035482447128742933,0.00013546011177822948
2945,0.004002788569778204,0.00024428393226116896
2946,0.004620984196662903,0.0003872820525430143
2947,0.005399787332862616,0.0005326604004949331
2948,0.006454296410083771,0.0006535854772664607
2949,0.007696432527154684,0.0007399716996587813
2950,0.009206010960042477,0.0007789064547978342
2951,0.010594972409307957,0.0007696682587265968
2952,0.012041077949106693,0.0007107361452654004
2953,0.01284619141370058,0.0006107864319346845
2954,0.012993250973522663,0.00048537575639784336
2955,0.011747950688004494,0.00035425915848463774
2956,0.009807181544601917,0.0002394061884842813
2957,0.007195885293185711,0.0001550115703139454
2958,0.004706565290689468,0.00010784272308228537
2959,0.0029440238140523434,9.481146116741002e-05
2960,0.002283391309902072,0.00010738521086750552
2961,0.002660747617483139,0.00013472030695993453
2962,0.003727450966835022,0.00016753502131905407
2963,0.004838788881897926,0.0001982336543733254
2964,0.005567377433180809,0.00022265211737249047
2965,0.005669383332133293,0.00023850382422097027
2966,0.0051941340789198875,0.0002455344656482339
2967,0.004238808527588844,0.000244812632445246
2968,0.003235273528844118,0.00023728673113510013
2969,0.0023967933375388384,0.00022511168208438903
2970,0.0018699257634580135,0.00020911917090415955
2971,0.0017364970408380032,0.0001911912258947268
2972,0.0019124289974570274,0.00017189531354233623
2973,0.00226147985085845,0.00015281920786947012
2974,0.0027197033632546663,0.00013452343409880996
2975,0.0030989234801381826,0.00011802239168900996
2976,0.0034143778029829264,0.00010355658014304936
2977,0.003613194217905402,9.149836114374921e-05
2978,0.003681030124425888,8.177928975783288e-05
2979,0.003654330037534237,7.432889105984941e-05
2980,0.0035316606517881155,6.889162614243105e-05
2981,0.0033282656222581863,6.517654401250184e-05
2982,0.003114963648840785,6.281340029090643e-05
2983,0.0029710689559578896,6.142441998235881e-05
2984,0.0028372083324939013,6.0694055719068274e-05
2985,0.002752356231212616,6.037694765836932e-05
2986,0.0026809065602719784,6.0308462707325816e-05
2987,0.0027126451022922993,6.0356309404596686e-05
2988,0.0027542035095393658,6.0447062423918396e-05
2989,0.0028791152872145176,6.0525082517415285e-05
2990,0.0029866371769458055,6.058547296561301e-05
2991,0.003123498521745205,6.062676038709469e-05
2992,0.0032137802336364985,6.068291258998215e-05
2993,0.0033460394479334354,6.0768121329601854e-05
2994,0.0034281795378774405,6.092231342336163e-05
2995,0.003544046077877283,6.117070734035224e-05
2996,0.0035639170091599226,6.157741881906986e-05
2997,0.0036161174066364765,6.220095383469015e-05
2998,0.003595876507461071,6.316128565231338e-05
2999,0.0036627724766731262,6.458121788455173e-05
3000,0.003662694478407502,6.655517790932208e-05
3001,0.0037654924672096968,6.949881935724989e-05
3002,0.003821148071438074,7.384280615951866e-05
3003,0.00400888454169035,8.024044655030593e-05
3004,0.0041869343258440495,8.974151569418609e-05
3005,0.004541908390820026,0.00010385405767010525
3006,0.004901160951703787,0.00012513567344285548
3007,0.0053311968222260475,0.00015728137805126607
3008,0.005756378639489412,0.00020668561046477407
3009,0.006237572990357876,0.00028234702767804265
3010,0.006577688734978437,0.0004001408815383911
3011,0.006671058479696512,0.0005818520439788699
3012,0.006559034809470177,0.0008655294659547508
3013,0.006214160472154617,0.0012981781037524343
3014,0.005543943494558334,0.0019572251476347446
3015,0.004622341599315405,0.002907835179939866
3016,0.003700339701026678,0.004222318064421415
3017,0.0028834091499447823,0.005798397585749626
3018,0.0022388084325939417,0.007362812757492065
3019,0.001860256539657712,0.008163345977663994
3020,0.0017333292635157704,0.007499649189412594
3021,0.0018277576891705394,0.005270984023809433
3022,0.002072863047942519,0.0027657998725771904
3023,0.002396063646301627,0.0017587993061169982
3024,0.002775288885459304,0.002578538842499256
3025,0.003118334338068962,0.00390719436109066
3026,0.0034249192103743553,0.003952205181121826
3027,0.0036651603877544403,0.002626403234899044
3028,0.003938694018870592,0.0009102595504373312
3029,0.004111393354833126,0.00019632735347840935
3030,0.004233268555253744,0.0007715318351984024
3031,0.004264982882887125,0.0019072629511356354
3032,0.0043394253589212894,0.002738002920523286
3033,0.00428224541246891,0.002690994180738926
3034,0.004218409303575754,0.0019517539767548442
3035,0.004058045335114002,0.000921795261092484
3036,0.003918053582310677,0.0002190462255384773
3037,0.0036910451017320156,0.00011251503019593656
3038,0.003519400954246521,0.0004958955105394125
3039,0.003295011818408966,0.0010434900177642703
3040,0.0030951809603720903,0.0014013675972819328
3041,0.002886381931602955,0.0014063784619793296
3042,0.002760430797934532,0.0010445693042129278
3043,0.0026407181285321712,0.0005556367104873061
3044,0.002587853232398629,0.00018272499437443912
3045,0.002555299550294876,8.46664042910561e-05
3046,0.00260566477663815,0.00023520019021816552
3047,0.0026904968544840813,0.00047575318603776395
3048,0.002870214404538274,0.0006350859766826034
3049,0.003100366797298193,0.0006099148886278272
3050,0.003444747067987919,0.00043581833597272635
3051,0.0038544717244803905,0.00021953170653432608
3052,0.004419628530740738,8.626440830994397e-05
3053,0.005060180090367794,8.471097680740058e-05
3054,0.005877338349819183,0.00017764599760994315
3055,0.006693657487630844,0.0002853253099601716
3056,0.007627006620168686,0.0003363024443387985
3057,0.008328844793140888,0.0003073203843086958
3058,0.008893359452486038,0.00021921582811046392
3059,0.00882836151868105,0.00012629173579625785
3060,0.008332454599440098,7.122910028556362e-05
3061,0.007109631784260273,6.833325460320339e-05
3062,0.005584668833762407,0.00010444497456774116
3063,0.00392580684274435,0.0001516687188996002
3064,0.002590291667729616,0.0001822395424824208
3065,0.0017989659681916237,0.00018123036716133356
3066,0.0016257708193734288,0.0001536588097224012
3067,0.001954310107976198,0.00011384434765204787
3068,0.0025560762733221054,7.886198000051081e-05
3069,0.0032061412930488586,6.058384315110743e-05
3070,0.0036692360881716013,6.213942833710462e-05
3071,0.003916499204933643,7.728869240963832e-05
3072,0.0038455200847238302,9.553669224260375e-05
3073,0.003689001314342022,0.00010786885104607791
3074,0.0034677903167903423,0.00010948339331662282
3075,0.0035390392877161503,0.0001006769307423383
3076,0.0039337435737252235,8.55754769872874e-05
3077,0.004968503024429083,7.036946044536307e-05
3078,0.006738439202308655,5.9989597502863035e-05
3079,0.009463908150792122,5.6319029681617394e-05
3080,0.013328652828931808,5.86216920055449e-05
3081,0.017967209219932556,6.458257848862559e-05
3082,0.023175956681370735,7.10564709152095e-05
3083,0.02688024193048477,7.53241911297664e-05
3084,0.02694096975028515,7.614505739184096e-05
3085,0.02107577584683895,7.375744462478906e-05
3086,0.013188721612095833,6.916934944456443e-05
3087,0.007468330208212137,6.385957385646179e-05
3088,0.004913459997624159,5.928444807068445e-05
3089,0.0037998983170837164,5.640315794153139e-05
3090,0.0038380648475140333,5.539011908695102e-05
3091,0.006254161708056927,5.60007210879121e-05
3092,0.007729469332844019,5.768489427282475e-05
3093,0.007297779433429241,5.972716462565586e-05
3094,0.005602915305644274,6.153806316433474e-05
3095,0.004120544996112585,6.276409840211272e-05
3096,0.002781735500320792,6.329355528578162e-05
3097,0.0029183747246861458,6.31610892014578e-05
3098,0.004250816069543362,6.261282396735623e-05
3099,0.005043552257120609,6.195060996105894e-05
3100,0.005122010596096516,6.148172542452812e-05
3101,0.004364835564047098,6.151237903395668e-05
3102,0.0030986901838332415,6.235504406504333e-05
3103,0.00214333925396204,6.431738438550383e-05
3104,0.002033093711361289,6.773321365471929e-05
3105,0.0020983186550438404,7.314388494705781e-05
3106,0.002608794718980789,8.13141668913886e-05
3107,0.0029827128164470196,9.349410538561642e-05
3108,0.003022789256647229,0.00011163796443725005
3109,0.0031877034343779087,0.00013886101078242064
3110,0.0031133012380450964,0.00018026516772806644
3111,0.002850871765986085,0.00024347826547455043
3112,0.0026233065873384476,0.00034148775739595294
3113,0.0022077984176576138,0.0004926139954477549
3114,0.0018942379392683506,0.0007290919311344624
3115,0.0018660827772691846,0.0010919761843979359
3116,0.0017206550110131502,0.0016545209800824523
3117,0.001842946163378656,0.002486784942448139
3118,0.0019288519397377968,0.003706845920532942
3119,0.001956172753125429,0.005304655060172081
3120,0.0020695747807621956,0.007231878116726875
3121,0.002158061135560274,0.008871180936694145
3122,0.0021489481441676617,0.009482129476964474
3123,0.002219983609393239,0.007982755079865456
3124,0.002188565442338586,0.004699289798736572
3125,0.0021082302555441856,0.0013953850138932467
3126,0.0021096235141158104,0.000240078050410375
3127,0.0020566710736602545,0.001514175906777382
3128,0.0020451839081943035,0.0034396261908113956
3129,0.0019830865785479546,0.004053022712469101
3130,0.001907865982502699,0.0028193574398756027
3131,0.0018518951255828142,0.0010081860236823559
3132,0.001789386267773807,0.00017209272482432425
3133,0.0017373330192640424,0.0007079015485942364
3134,0.001702388864941895,0.0017876788042485714
3135,0.0016548414714634418,0.0023818626068532467
3136,0.0016243171412497759,0.0021299279760569334
3137,0.0016087805852293968,0.0013949200510978699
3138,0.0015810271725058556,0.0007983733084984124
3139,0.0015813509235158563,0.0006326633738353848
3140,0.0015746387653052807,0.0007210393669083714
3141,0.0015659388154745102,0.0007738351123407483
3142,0.0015672349836677313,0.0006533339037559927
3143,0.0015655201859772205,0.0005013215122744441
3144,0.0015610528644174337,0.0005180879379622638
3145,0.0015652173897251487,0.0007114846375770867
3146,0.0015621681232005358,0.000912260904442519
3147,0.0015628241235390306,0.0009035392431542277
3148,0.0015671637374907732,0.0006606127135455608
3149,0.0015696852933615446,0.00032597058452665806
3150,0.0015830446500331163,0.0001170489631476812
3151,0.0015968482475727797,0.00011168033233843744
3152,0.0016219762619584799,0.00023407692788168788
3153,0.00166286900639534,0.0003439441788941622
3154,0.001725332229398191,0.0003543362836353481
3155,0.001829177956096828,0.00029612993239425123
3156,0.0019833603873848915,0.00024315697373822331
3157,0.0022278467658907175,0.0002366651751799509
3158,0.002593056531623006,0.0002526461612433195
3159,0.003214424243196845,0.00024042034056037664
3160,0.0041015176102519035,0.00018014165107160807
3161,0.005535213276743889,0.00010582012328086421
3162,0.007377339527010918,6.613406003452837e-05
3163,0.010158956050872803,7.975257176440209e-05
3164,0.013215398415923119,0.00012730646994896233
3165,0.016886252909898758,0.00016964005772024393
3166,0.019351914525032043,0.00018069332872983068
3167,0.020072463899850845,0.00016437744488939643
3168,0.0170659888535738,0.00014108390314504504
3169,0.012093267403542995,0.0001280888682231307
3170,0.006391570437699556,0.0001277931733056903
3171,0.002746520796790719,0.00012794490612577647
3172,0.003038292285054922,0.00011785473179770634
3173,0.005505959503352642,9.705078991828486e-05
3174,0.008716851472854614,7.454393926309422e-05
3175,0.010239210911095142,6.090094757382758e-05
3176,0.008549490012228489,6.0190875956323e-05
3177,0.006200725212693214,6.787710299249738e-05
3178,0.003961725160479546,7.600349636049941e-05
3179,0.002125461120158434,7.889965490903705e-05
3180,0.0021211483981460333,7.675238884985447e-05
3181,0.0028775916434824467,7.388236554106697e-05
3182,0.0038326196372509003,7.406927761621773e-05
3183,0.004099150188267231,7.801350147929043e-05
3184,0.00370969926007092,8.349522249773145e-05
3185,0.003055378794670105,8.724023791728541e-05
3186,0.002589331241324544,8.749421976972371e-05
3187,0.0020197967533022165,8.507560414727777e-05
3188,0.0019300463609397411,8.205985795939341e-05
3189,0.0021602208726108074,8.05593590484932e-05
3190,0.002384050516411662,8.12308571767062e-05
3191,0.002811412326991558,8.330175478477031e-05
3192,0.002988846506923437,8.546786557417363e-05
3193,0.002894742414355278,8.701363549334928e-05
3194,0.0027680443599820137,8.798156341072172e-05
3195,0.002436929615214467,8.946652087615803e-05
3196,0.0021670374553650618,9.256167686544359e-05
3197,0.0019629609305411577,9.826453606365249e-05
3198,0.001774679170921445,0.00010689719783840701
3199,0.0017112953355535865,0.00011885123967658728
3200,0.001761687221005559,0.00013447935634758323
3201,0.0017362753860652447,0.00015535386046394706
3202,0.0018860113341361284,0.00018333726620767266
3203,0.0019544637762010098,0.00022246110893320292
3204,0.002058085985481739,0.0002764509408734739
3205,0.0021536496933549643,0.0003532305418048054
3206,0.00224184338003397,0.0004586735158227384
3207,0.002340971492230892,0.0006085661007091403
3208,0.002414247253909707,0.0008105954620987177
3209,0.002446914091706276,0.0010940786451101303
3210,0.0025087064132094383,0.0014592872466892004
3211,0.0026349080726504326,0.0019471703562885523
3212,0.0027234533336013556,0.0025050851982086897
3213,0.0029078833758831024,0.0031477692537009716
3214,0.003044232726097107,0.00365943880751729
3215,0.003285397309809923,0.003968692384660244
3216,0.003580519463866949,0.0037167691625654697
3217,0.00394644308835268,0.002969335997477174
3218,0.00439936900511384,0.0017950240289792418
3219,0.004995488561689854,0.0007215656223706901
3220,0.005713507533073425,0.0001559362863190472
3221,0.00657805148512125,0.0002399898221483454
3222,0.007340524345636368,0.0007548403227701783
3223,0.008180755190551281,0.0013235659571364522
3224,0.008829444646835327,0.0016714496305212379
3225,0.00955756101757288,0.0016529050190001726
3226,0.009910570457577705,0.0013570263981819153
3227,0.01013781689107418,0.000904729007743299
3228,0.009790447540581226,0.0004803170741070062
3229,0.009491009637713432,0.0001871766144176945
3230,0.009615419432520866,6.932463293196633e-05
3231,0.009268863126635551,0.00010784580081235617
3232,0.007769873831421137,0.00025206117425113916
3233,0.00733628123998642,0.0004454570880625397
3234,0.007378776092082262,0.0006363802240230143
3235,0.007187570910900831,0.0007970808073878288
3236,0.006417682860046625,0.0008989551570266485
3237,0.0045504020527005196,0.0009409568156115711
3238,0.002740565687417984,0.0009070872911252081
3239,0.0023922750260680914,0.0008105766610242426
3240,0.0017092665657401085,0.0006572927813977003
3241,0.0021230331622064114,0.0004789148806594312
3242,0.002483505755662918,0.0003057130379602313
3243,0.0026191556826233864,0.0001700129359960556
3244,0.0028936509042978287,9.030494402395561e-05
3245,0.0030439358670264482,6.912738172104582e-05
3246,0.0027984953485429287,9.487207717029378e-05
3247,0.0026120836846530437,0.00014861176896374673
3248,0.0022214073687791824,0.00021163396013434976
3249,0.001725573092699051,0.00026858027558773756
3250,0.001858802163042128,0.00031120190396904945
3251,0.0016183132538571954,0.00033478389377705753
3252,0.0018185973167419434,0.00034075859002768993
3253,0.0018611482810229063,0.0003310085739940405
3254,0.001862228731624782,0.00031026816577650607
3255,0.0019312035292387009,0.00028202164685353637
3256,0.0019249710021540523,0.00025043802452273667
3257,0.0018374074716120958,0.00021802059200126678
3258,0.0018274134490638971,0.0001871842978289351
3259,0.0017407794948667288,0.00015914987307041883
3260,0.0016155355842784047,0.00013504837988875806
3261,0.0016747560584917665,0.00011501447443151847
3262,0.00156917714048177,9.905694605549797e-05
3263,0.0016619825037196279,8.66619375301525e-05
3264,0.00169189868029207,7.735957478871569e-05
3265,0.001739376224577427,7.050491694826633e-05
3266,0.00186879001557827,6.558090535691008e-05
3267,0.001966536743566394,6.210974243003875e-05
3268,0.0021390935871750116,5.965692980680615e-05
3269,0.002379709854722023,5.789472925243899e-05
3270,0.0026668310165405273,5.658641748595983e-05
3271,0.00310145178809762,5.563775630434975e-05
3272,0.0037569794803857803,5.4961878049653023e-05
3273,0.004682090133428574,5.4523159633390605e-05
3274,0.005773062817752361,5.426659117802046e-05
3275,0.007113236468285322,5.416976273409091e-05
3276,0.008809695951640606,5.420285742729902e-05
3277,0.010300525464117527,5.435164712253027e-05
3278,0.011273112148046494,5.4614036343991756e-05
3279,0.011703155934810638,5.4985845054034144e-05
3280,0.011662722565233707,5.549293564399704e-05
3281,0.01035146415233612,5.6173746997956187e-05
3282,0.007645516190677881,5.713821519748308e-05
3283,0.006033127196133137,5.8539113524602726e-05
3284,0.00458712549880147,6.0639766161330044e-05
3285,0.003862194949761033,6.382781430147588e-05
3286,0.003446530783548951,6.872947415104136e-05
3287,0.002666913438588381,7.635490328539163e-05
3288,0.0029267477802932262,8.830302977003157e-05
3289,0.0027614105492830276,0.00010726996697485447
3290,0.002631237730383873,0.0001374945422867313
3291,0.002918316051363945,0.00018633075524121523
3292,0.00291970232501626,0.00026519710081629455
3293,0.0023848102428019047,0.0003942694456782192
3294,0.002587013877928257,0.0006036118138581514
3295,0.0025704815052449703,0.0009464011527597904
3296,0.002503381110727787,0.001492998911999166
3297,0.002524278126657009,0.002362104831263423
3298,0.0022578099742531776,0.003649814985692501
3299,0.00203145295381546,0.005468315444886684
3300,0.002038653939962387,0.007549510337412357
3301,0.001838908065110445,0.009357727132737637
3302,0.001946719828993082,0.009400121867656708
3303,0.0019117874326184392,0.007039760705083609
3304,0.0018849404295906425,0.00313852122053504
3305,0.001989856129512191,0.0007919511990621686
3306,0.001921983202919364,0.0015887231566011906
3307,0.0019445177167654037,0.0037243240512907505
3308,0.0019875112920999527,0.004442669916898012
3309,0.001947998534888029,0.002791772363707423
3310,0.001991896890103817,0.0007644059951417148
3311,0.002025170950219035,0.00027365240384824574
3312,0.0019801475573331118,0.001376301166601479
3313,0.0020548668690025806,0.0027108541689813137
3314,0.00206490745767951,0.0030483189038932323
3315,0.0021123006008565426,0.002322965767234564
3316,0.0022027059458196163,0.0010981730883941054
3317,0.0022481821943074465,0.0002648690133355558
3318,0.002349523361772299,0.00022345781326293945
3319,0.002461436204612255,0.0007946913246996701
3320,0.002599951345473528,0.001492287963628769
3321,0.00280251307412982,0.0018587469821795821
3322,0.00306872371584177,0.0017213854007422924
3323,0.0034104171209037304,0.0011519173858687282
3324,0.003841497004032135,0.0005071939085610211
3325,0.004227762576192617,0.00012623223301488906
3326,0.004798022098839283,0.00015203194925561547
3327,0.005328416358679533,0.00045234872959554195
3328,0.006170337554067373,0.0007438965258188546
3329,0.006714946124702692,0.0008127650362439454
3330,0.007195211946964264,0.0006168546387925744
3331,0.007438514847308397,0.0003164393419865519
3332,0.008206089958548546,0.00010400570317870006
3333,0.00877554714679718,8.863114635460079e-05
3334,0.009042598307132721,0.00022734361118637025
3335,0.010349186137318611,0.00038412565481849015
3336,0.012862788513302803,0.0004473342269193381
3337,0.01735720969736576,0.0003834596136584878
3338,0.021829184144735336,0.00024605789803899825
3339,0.02920878678560257,0.00011717847519321367
3340,0.03788849338889122,6.33055969956331e-05
3341,0.03938090428709984,9.20739839784801e-05
3342,0.03529108315706253,0.00016385708295274526
3343,0.04581363871693611,0.0002298569743288681
3344,0.06568688899278641,0.0002540455898270011
3345,0.06085571274161339,0.00022733795049134642
3346,0.0434877946972847,0.00016703855362720788
3347,0.04149765893816948,0.00010598724475130439
3348,0.01680564507842064,6.833963561803102e-05
3349,0.031668826937675476,6.291440513450652e-05
3350,0.05549207702279091,8.397385681746528e-05
3351,0.11118406802415848,0.00011479751265142113
3352,0.12579813599586487,0.00013749390200246125
3353,0.11114545911550522,0.00014199198631104082
3354,0.07895923405885696,0.00012887401680927724
3355,0.12348125874996185,0.00010503366502234712
3356,0.3415549397468567,8.086670277407393e-05
3357,0.3915797770023346,6.495233537862077e-05
3358,0.5908776521682739,6.116738222772256e-05
3359,0.9291887283325195,6.756819493602961e-05
3360,0.90816330909729,7.90082267485559e-05
3361,1.0359270572662354,9.024623432196677e-05
3362,0.6485919952392578,9.718592627905309e-05
3363,0.4947488307952881,9.825036249822006e-05
3364,0.28100863099098206,9.489552030572668e-05
3365,0.1635727435350418,9.035145922098309e-05
3366,0.33712324500083923,8.775098103797063e-05
3367,0.4610651433467865,9.000116551760584e-05
3368,0.5320580005645752,9.930082887876779e-05
3369,0.569623589515686,0.00011691737017827109
3370,0.44116413593292236,0.0001438646431779489
3371,0.3476630747318268,0.000182242103619501
3372,0.19411249458789825,0.0002360412327107042
3373,0.10593829303979874,0.000311470270389691
3374,0.17258530855178833,0.00041967735160142183
3375,0.22728553414344788,0.000574414269067347
3376,0.29625681042671204,0.000797747983597219
3377,0.2942063808441162,0.0011086517479270697
3378,0.302226185798645,0.001536717638373375
3379,0.25064921379089355,0.002077993471175432
3380,0.23817695677280426,0.002726153004914522
3381,0.1465134471654892,0.0033525973558425903
3382,0.12467849999666214,0.0038239513523876667
3383,0.07117466628551483,0.0038477762136608362
3384,0.07221835106611252,0.0033584325574338436
3385,0.0741741806268692,0.0024076930712908506
3386,0.13179141283035278,0.0014322561910375953
3387,0.14053621888160706,0.0008180214208550751
3388,0.1267460286617279,0.0007072812877595425
3389,0.11125166714191437,0.000913531519472599
3390,0.06590383499860764,0.0010884162038564682
3391,0.04788699373602867,0.0010287652257829905
3392,0.053097303956747055,0.000753100321162492
3393,0.05202626436948776,0.00048611004604026675
3394,0.084266297519207,0.00042743654921650887
3395,0.08920774608850479,0.0006014513783156872
3396,0.08800086379051208,0.0008609741344116628
3397,0.08402250707149506,0.000990954227745533
3398,0.05836230143904686,0.0009048310457728803
3399,0.0420597568154335,0.0006309007294476032
3400,0.04038980230689049,0.0003399929846636951
3401,0.028272144496440887,0.0001667887845542282
3402,0.031027980148792267,0.00015387687017209828
3403,0.032219208776950836,0.00023377369507215917
3404,0.03877865895628929,0.00030102470191195607
3405,0.03992243483662605,0.0002937926328741014
3406,0.034489043056964874,0.00022481913038063794
3407,0.027945050969719887,0.00015760259702801704
3408,0.019161056727170944,0.0001462887885281816
3409,0.02105848118662834,0.00019978865748271346
3410,0.022143099457025528,0.0002810842706821859
3411,0.023980747908353806,0.00034014880657196045
3412,0.02122466452419758,0.00035063925315625966
3413,0.018762294203042984,0.0003202317748218775
3414,0.010531973093748093,0.0002810835721902549
3415,0.0118844173848629,0.00026149029145017266
3416,0.015165030024945736,0.0002690766705200076
3417,0.012703105807304382,0.00029150754562579095
3418,0.008416205644607544,0.00030495220562443137
3419,0.0075738998129963875,0.0002987746265716851
3420,0.009426767006516457,0.0002725084777921438
3421,0.011264626868069172,0.00024273921735584736
3422,0.0063067711889743805,0.00022199907107278705
3423,0.005765015259385109,0.00021762988762930036
3424,0.006915602833032608,0.0002250516408821568
3425,0.006450493820011616,0.0002353297604713589
3426,0.0069303447380661964,0.00024101085728034377
3427,0.00519977742806077,0.00024062198644969612
3428,0.004133616574108601,0.00023918403894640505
3429,0.005348470062017441,0.00024399260291829705
3430,0.005109836347401142,0.0002603862958494574
3431,0.005069672595709562,0.00029097372316755354
3432,0.004739429801702499,0.0003335863584652543
3433,0.00411828001961112,0.0003889361396431923
3434,0.004208080470561981,0.00045524045708589256
3435,0.004209741950035095,0.0005407256539911032
3436,0.004012530669569969,0.0006480412557721138
3437,0.003917031455785036,0.0007910624262876809
3438,0.0034397440031170845,0.000969930668361485
3439,0.0036590551026165485,0.0011951990891247988
3440,0.0033555300906300545,0.0014538064133375883
3441,0.003402628470212221,0.0017419375944882631
3442,0.0032620748970657587,0.002015497535467148
3443,0.0029203223530203104,0.0022432247642427683
3444,0.003080874914303422,0.0023402287624776363
3445,0.0027906917966902256,0.0022696342784911394
3446,0.0028766458854079247,0.001975510036572814
3447,0.002783307572826743,0.0015142080374062061
3448,0.002527984557673335,0.0009686325211077929
3449,0.0026211177464574575,0.00048655224964022636
3450,0.0025587708223611116,0.00017499667592346668
3451,0.002580243395641446,7.715357060078532e-05
3452,0.002511443803086877,0.000162509226356633
3453,0.002389214001595974,0.00036174620618112385
3454,0.002397899515926838,0.0006066643982194364
3455,0.0023888333234936,0.0008468795567750931
3456,0.002360355108976364,0.001061710761860013
3457,0.0023227122146636248,0.001236300216987729
3458,0.002305415691807866,0.001373170642182231
3459,0.002274805912747979,0.0014577694237232208
3460,0.002258941298350692,0.001488960930146277
3461,0.002230944111943245,0.0014431371819227934
3462,0.002208705758675933,0.0013219047104939818
3463,0.0021938495337963104,0.0011185146868228912
3464,0.002153057139366865,0.0008632151293568313
3465,0.0021353797055780888,0.0005888784071430564
3466,0.002112001646310091,0.0003454145335126668
3467,0.002104321261867881,0.0001691589568508789
3468,0.0020884627010673285,7.892911526141688e-05
3469,0.0020630178041756153,7.020132034085691e-05
3470,0.0020488882437348366,0.00012263318058103323
3471,0.002026359084993601,0.00021056151308584958
3472,0.002025341847911477,0.00031112387659959495
3473,0.0020090974867343903,0.0004098254139535129
3474,0.0019934498704969883,0.0004976143827661872
3475,0.00198792340233922,0.0005730566917918622
3476,0.001969530712813139,0.0006341640837490559
3477,0.00196468154899776,0.0006831783684901893
3478,0.0019527093973010778,0.0007178547093644738
3479,0.0019421696197241545,0.0007393729174509645
3480,0.0019370352383702993,0.0007434610743075609
3481,0.0019222940318286419,0.000730681698769331
3482,0.0019118607742711902,0.0006969956448301673
3483,0.0019045526860281825,0.0006452183588407934
3484,0.0018961618188768625,0.0005753008299507201
3485,0.001887363730929792,0.0004941426450386643
3486,0.0018777817022055387,0.00040657437057234347
3487,0.0018677881453186274,0.00032111385371536016
3488,0.0018618997419252992,0.00024339128867723048
3489,0.0018541826866567135,0.00017857833881862462
3490,0.0018453733064234257,0.00012860854621976614
3491,0.0018402447458356619,9.35500647756271e-05
3492,0.0018318970687687397,7.160902168834582e-05
3493,0.0018251328729093075,6.0283309721853584e-05
3494,0.001818510121665895,5.695400614058599e-05
3495,0.0018115171696990728,5.950339982518926e-05
3496,0.0018070731312036514,6.648954877164215e-05
3497,0.0018002218566834927,7.723858288954943e-05
3498,0.0017939368262887,9.182882058667019e-05
3499,0.0017885485431179404,0.0001109797740355134
3500,0.0017825948307290673,0.0001362101611448452
3501,0.0017772039864212275,0.00016968822455964983
3502,0.0017716656439006329,0.00021484131866600364
3503,0.00176628481131047,0.0002760044299066067
3504,0.001761286286637187,0.0003598164184950292
3505,0.0017561044078320265,0.0004739526193588972
3506,0.0017508596647530794,0.0006301768007688224
3507,0.001746354391798377,0.0008397803176194429
3508,0.001741501735523343,0.0011197616113349795
3509,0.0017366019310429692,0.0014777100877836347
3510,0.0017321256455034018,0.0019238123204559088
3511,0.0017275310819968581,0.002428531413897872
3512,0.0017234031111001968,0.002950802445411682
3513,0.0017190708313137293,0.0033584379125386477
3514,0.0017147001344710588,0.00352492299862206
3515,0.0017106642480939627,0.003276927163824439
3516,0.0017065337160602212,0.002613120013847947
3517,0.0017025349661707878,0.0016844520578160882
3518,0.0016986618284136057,0.0008228926453739405
3519,0.0016948215197771788,0.00032758183078840375
3520,0.0016910028643906116,0.00029139022808521986
3521,0.0016872930573299527,0.0005878501106053591
3522,0.0016835985006764531,0.0009854084346443415
3523,0.0016800237353891134,0.0013088325504213572
3524,0.0016765287145972252,0.0014472866896539927
3525,0.001672971062362194,0.0014116845559328794
3526,0.0016695831436663866,0.001233648625202477
3527,0.0016662140842527151,0.0009851498762145638
3528,0.001662891125306487,0.0007252070354297757
3529,0.001659646281041205,0.0005007238360121846
3530,0.0016564186662435532,0.00034056801814585924
3531,0.0016532584559172392,0.0002505519660189748
3532,0.0016501419013366103,0.00022226451255846769
3533,0.0016470589907839894,0.00023823766969144344
3534,0.001644041622057557,0.0002815822372213006
3535,0.0016410632524639368,0.0003364622825756669
3536,0.0016381086315959692,0.0003958226297982037
3537,0.0016351973172277212,0.000448930193670094
3538,0.0016323387390002608,0.00049441191367805
3539,0.001629516831599176,0.000524081930052489
3540,0.001626742072403431,0.0005388597492128611
3541,0.0016239790711551905,0.0005356941255740821
3542,0.0016212679911404848,0.0005174698308110237
3543,0.001618589973077178,0.00048625373165123165
3544,0.001615945715457201,0.00044542422983795404
3545,0.001613337779417634,0.0003996110172010958
3546,0.001610752777196467,0.0003517607692629099
3547,0.0016081985086202621,0.00030598961166106164
3548,0.001605688943527639,0.00026362662902101874
3549,0.00160320068243891,0.00022633225307799876
3550,0.001600729301571846,0.00019408127991482615
3551,0.0015982987824827433,0.00016686608432792127
3552,0.001595902256667614,0.00014428664871957153
3553,0.0015935166738927364,0.00012588145909830928
3554,0.0015911650843918324,0.00011137159162899479
3555,0.0015888442285358906,0.00010047222895082086
3556,0.0015865350142121315,9.320760727860034e-05
3557,0.0015842587454244494,8.966083260020241e-05
3558,0.0015820064581930637,8.999205601867288e-05
3559,0.00157978106290102,9.446588228456676e-05
3560,0.0015775692882016301,0.00010337245475966483
3561,0.0015753812622278929,0.00011749473924282938
3562,0.0015732139581814408,0.00013783545000478625
3563,0.0015710755251348019,0.00016641283582430333
3564,0.0015689507126808167,0.00020573314395733178
3565,0.0015668489504605532,0.0002599520958028734
3566,0.0015647653490304947,0.00033407434239052236
3567,0.0015626985114067793,0.00043589650886133313
3568,0.0015606631059199572,0.0005743008223362267
3569,0.001558629679493606,0.0007622006814926863
3570,0.001556622562929988,0.0010116093326359987
3571,0.0015546303475275636,0.0013382539618760347
3572,0.0015526534989476204,0.0017460213275626302
3573,0.0015507014468312263,0.0022342049051076174
3574,0.0015487598720937967,0.002756263827905059
3575,0.0015468302881345153,0.003242152277380228
3576,0.0015449324855580926,0.003537236712872982
3577,0.0015430301427841187,0.003505473956465721
3578,0.001541160512715578,0.0030287252739071846
3579,0.0015392934437841177,0.0021938916761428118
3580,0.001537447446025908,0.0012601815396919847
3581,0.0015356086660176516,0.0005677355220541358
3582,0.0015337896766141057,0.00032908274442888796
3583,0.0015319851227104664,0.0005149772623553872
3584,0.0015301817329600453,0.0009315598290413618
3585,0.0015284118708223104,0.0013382772449404001
3586,0.0015266436384990811,0.0016062005888670683
3587,0.0015248863492161036,0.0016428845701739192
3588,0.0015231466386467218,0.0014976960374042392
3589,0.001521409722045064,0.001201058505102992
3590,0.0015196949243545532,0.0008538645342923701
3591,0.001517985132522881,0.0005186317721381783
3592,0.001516295364126563,0.00026203636662103236
3593,0.0015146082732826471,0.00011299852485535666
3594,0.001512935385107994,7.383667980320752e-05
3595,0.001511276583187282,0.00012314734340179712
3596,0.0015096181305125356,0.00022879496100358665
3597,0.0015079821459949017,0.00036019820254296064
3598,0.0015063511673361063,0.0004899397608824074
3599,0.0015047310153022408,0.0006044205510988832
3600,0.001503117848187685,0.000684661790728569
3601,0.0015015150420367718,0.0007314604008570313
3602,0.0014999217819422483,0.0007308327476494014
3603,0.0014983337605372071,0.0006946545327082276
3604,0.0014967686729505658,0.0006184643134474754
3605,0.0014952047495171428,0.0005223500193096697
3606,0.001493658754043281,0.00041221175342798233
3607,0.0014921070542186499,0.00030845077708363533
3608,0.0014905701391398907,0.00021992254187352955
3609,0.0014890349702909589,0.0001573134068166837
3610,0.0014875236665830016,0.00012279268412385136
3611,0.001486001769080758,0.00011519750114530325
3612,0.0014845022233203053,0.0001303098542848602
3613,0.00148300570435822,0.00016314454842358828
3614,0.0014815162867307663,0.00020984761067666113
3615,0.0014800365315750241,0.00026862689992412925
3616,0.001478563528507948,0.0003393386141397059
3617,0.0014771061250939965,0.0004248746554367244
3618,0.0014756390592083335,0.0005282406928017735
3619,0.0014741870108991861,0.0006564130308106542
3620,0.0014727390371263027,0.0008131247595883906
3621,0.0014713117852807045,0.0010075503960251808
3622,0.0014698777813464403,0.001238140743225813
3623,0.0014684556517750025,0.0015104776248335838
3624,0.001467041322030127,0.0018036096589639783
3625,0.0014656264102086425,0.0021055741235613823
3626,0.0014642294263467193,0.0023540607653558254
3627,0.001462823012843728,0.0025072309654206038
3628,0.001461441395804286,0.002471083775162697
3629,0.0014600565191358328,0.0022236399818211794
3630,0.0014586793258786201,0.001753174583427608
3631,0.0014573114458471537,0.0011683849152177572
3632,0.00145594438072294,0.0006066773785278201
3633,0.0014545854646712542,0.00021733134053647518
3634,0.0014532319037243724,7.28251034161076e-05
3635,0.0014518812531605363,0.00015329866437241435
3636,0.0014505391009151936,0.0003693431499414146
3637,0.001449201605282724,0.0006099267629906535
3638,0.0014478681841865182,0.0007868617540225387
3639,0.001446543144993484,0.0008525471203029156
3640,0.001445225439965725,0.0008152986411005259
3641,0.0014439106453210115,0.0007142629474401474
3642,0.0014425960835069418,0.0006132319686003029
3643,0.001441287575289607,0.0005659815506078303
3644,0.0014399889623746276,0.0006039210129529238
3645,0.0014386983821168542,0.0007366355857811868
3646,0.0014374072197824717,0.0009332141489721835
3647,0.0014361279318109155,0.0011760627385228872
3648,0.0014348393306136131,0.001398833584971726
3649,0.0014335745945572853,0.001601553987711668
3650,0.0014323035720735788,0.0017118377145379782
3651,0.0014310417464002967,0.0017688418738543987
3652,0.0014297752641141415,0.0017109366599470377
3653,0.0014285256620496511,0.0015988944796845317
3654,0.001427270588465035,0.0013944081729277968
3655,0.0014260171446949244,0.0011530746705830097
3656,0.0014247834915295243,0.0008771945140324533
3657,0.00142354192212224,0.000613891170360148
3658,0.001422307570464909,0.00039257609751075506
3659,0.0014210783410817385,0.00023850062279962003
3660,0.0014198502758517861,0.00016061529458966106
3661,0.001418623374775052,0.00015325529966503382
3662,0.0014174131210893393,0.00020326493540778756
3663,0.0014162093866616488,0.00029563414864242077
3664,0.0014149965718388557,0.0004203270946163684
3665,0.0014137886464595795,0.0005659268936142325
3666,0.0014125964371487498,0.0007289810455404222
3667,0.0014113918878138065,0.0008994219242595136
3668,0.0014101960696280003,0.0010748828062787652
3669,0.0014090073527768254,0.0012404480949044228
3670,0.001407828414812684,0.0013887841487303376
3671,0.0014066449366509914,0.0014899377711117268
3672,0.0014054651837795973,0.0015305207343772054
3673,0.001404294860549271,0.0014705383218824863
3674,0.0014031213941052556,0.0013155278284102678
3675,0.0014019623631611466,0.0010595289058983326
3676,0.0014007973950356245,0.0007595639326609671
3677,0.0013996362686157227,0.00046376290265470743
3678,0.0013984772376716137,0.0002373609022470191
3679,0.0013973304303362966,0.00011131432256661355
3680,0.0013961802469566464,8.879721281118691e-05
3681,0.0013950355350971222,0.00014703426859341562
3682,0.0013938897754997015,0.00025362742599099874
3683,0.0013927521649748087,0.00038023816887289286
3684,0.0013916094321757555,0.0005072313942946494
3685,0.0013904832303524017,0.0006274554179981351
3686,0.0013893512077629566,0.0007343648467212915
3687,0.0013882326893508434,0.0008324931259267032
3688,0.00138711160980165,0.0009127861703746021
3689,0.001385988900437951,0.0009802180575206876
3690,0.0013848759699612856,0.001016870141029358
3691,0.0013837589649483562,0.0010258447146043181
3692,0.0013826480135321617,0.000986795173957944
3693,0.0013815471902489662,0.0009079587180167437
3694,0.0013804365880787373,0.0007822730694897473
3695,0.001379337627440691,0.0006308630690909922
3696,0.0013782388996332884,0.00046708615263924
3697,0.0013771486701443791,0.00031662004766985774
3698,0.001376051688566804,0.00019584302208386362
3699,0.0013749662321060896,0.0001156037615146488
3700,0.0013738783309236169,7.656256639165804e-05
3701,0.0013727903133258224,7.2579387051519e-05
3702,0.001371717662550509,9.418790432391688e-05
3703,0.0013706348836421967,0.00013237865641713142
3704,0.0013695666566491127,0.00018095571431331336
3705,0.0013684890000149608,0.00023625310859642923
3706,0.0013674183283001184,0.0002990149660035968
3707,0.0013663491699844599,0.0003698091022670269
3708,0.0013652918860316277,0.0004538539797067642
3709,0.0013642278499901295,0.0005524930893443525
3710,0.0013631698675453663,0.0006723102414980531
3711,0.0013621193356812,0.0008115368545986712
3712,0.0013610608875751495,0.0009738833177834749
3713,0.001360011287033558,0.0011480991961434484
3714,0.0013589640147984028,0.0013279280392453074
3715,0.001357921166345477,0.0014852642780169845
3716,0.0013568706344813108,0.0015997346490621567
3717,0.0013558311620727181,0.0016336117405444384
3718,0.0013547958806157112,0.0015704334946349263
3719,0.0013537588529288769,0.0014018021756783128
3720,0.001352721475996077,0.0011522285640239716
3721,0.0013516973704099655,0.000869179901201278
3722,0.0013506598770618439,0.0006064145127311349
3723,0.0013496356550604105,0.0004117487114854157
3724,0.001348618185147643,0.0003042063326574862
3725,0.0013476008316501975,0.0002792031446006149
3726,0.001346572651527822,0.00031526730163022876
3727,0.0013455626321956515,0.0003887340135406703
3728,0.0013445420190691948,0.000477736524771899
3729,0.0013435359578579664,0.0005765428068116307
3730,0.0013425210490822792,0.0006749655585736036
3731,0.001341516152024269,0.0007834680727683008
3732,0.0013405161444097757,0.0008934568613767624
3733,0.0013395092682912946,0.0010182373225688934
3734,0.0013385072816163301,0.0011401784140616655
3735,0.001337503781542182,0.0012645273236557841
3736,0.0013365072663873434,0.0013592219911515713
3737,0.0013355116825550795,0.00141772476490587
3738,0.0013345245970413089,0.0014044714625924826
3739,0.0013335255207493901,0.0013176952488720417
3740,0.0013325443724170327,0.0011542525608092546
3741,0.0013315589167177677,0.0009444277384318411
3742,0.001330581377260387,0.0007314853719435632
3743,0.0013295955723151565,0.0005590569926425815
3744,0.0013286187313497066,0.0004602425033226609
3745,0.001327636418864131,0.00044019095366820693
3746,0.00132665759883821,0.0004836500738747418
3747,0.0013256878592073917,0.000561627559363842
3748,0.0013247146271169186,0.0006475295522250235
3749,0.001323738950304687,0.0007145804120227695
3750,0.001322778407484293,0.0007583420956507325
3751,0.0013218127423897386,0.0007660101400688291
3752,0.0013208647724241018,0.0007532036397606134
3753,0.0013198896776884794,0.0007160651148296893
3754,0.0013189294841140509,0.0006767770973965526
3755,0.0013179703382775187,0.0006343756685964763
3756,0.0013170073507353663,0.00060698960442096
3757,0.0013160655507817864,0.0005928167956881225
3758,0.001315111294388771,0.0006010448560118675
3759,0.0013141605304554105,0.0006284696282818913
3760,0.0013132094172760844,0.0006759491516277194
3761,0.0013122608652338386,0.0007406858494505286
3762,0.0013113111490383744,0.0008176496485248208
3763,0.0013103701639920473,0.0009052053792402148
3764,0.0013094336027279496,0.000992863206192851
3765,0.0013084958773106337,0.0010777993593364954
3766,0.001307550584897399,0.001143158646300435
3767,0.0013066212413832545,0.0011837354395538568
3768,0.0013056885218247771,0.0011806969996541739
3769,0.0013047514948993921,0.001133459503762424
3770,0.0013038188917562366,0.0010350070660933852
3771,0.0013028951361775398,0.0009011902147904038
3772,0.001301971380598843,0.0007455938030034304
3773,0.001301045180298388,0.0005956714740023017
3774,0.0013001121114939451,0.0004700853314716369
3775,0.0012991956900805235,0.00038444166420958936
3776,0.0012982713524252176,0.00034176307963207364
3777,0.0012973572593182325,0.0003357850364409387
3778,0.0012964396737515926,0.0003566657833289355
3779,0.0012955195270478725,0.00038863217923790216
3780,0.0012946149799972773,0.00042392476461827755
3781,0.0012937021674588323,0.00045051652705296874
3782,0.001292789587751031,0.0004703992744907737
3783,0.0012918759603053331,0.0004791099636349827
3784,0.0012909665238112211,0.0004872012650594115
3785,0.0012900680303573608,0.0004955389886163175
3786,0.0012891602236777544,0.0005186375346966088
3787,0.0012882541632279754,0.0005588507046923041
3788,0.0012873564846813679,0.0006302129477262497
3789,0.0012864542659372091,0.0007336309645324945
3790,0.0012855594977736473,0.0008796320762485266
3791,0.0012846637982875109,0.0010651565389707685
3792,0.0012837647227570415,0.0012924674665555358
3793,0.001282871002331376,0.001547669991850853
3794,0.0012819813564419746,0.0018131411634385586
3795,0.0012810913613066077,0.0020508209709078074
3796,0.0012802013661712408,0.0022131383884698153
3797,0.0012793156784027815,0.0022434068378061056
3798,0.001278434880077839,0.0020996667444705963
3799,0.0012775418581441045,0.0017771711573004723
3800,0.0012766614090651274,0.0013249546755105257
3801,0.001275784452445805,0.0008421669481322169
3802,0.0012749119196087122,0.00043556393939070404
3803,0.0012740290258079767,0.00018245467799715698
3804,0.0012731460155919194,0.00010185975406784564
3805,0.0012722669634968042,0.000165286342962645
3806,0.0012713992036879063,0.00032288339571096003
3807,0.0012705216649919748,0.0005296895396895707
3808,0.0012696509948000312,0.000753563828766346
3809,0.0012687825364992023,0.000980370445176959
3810,0.0012679160572588444,0.0012004885356873274
3811,0.0012670475989580154,0.001408680691383779
3812,0.001266178209334612,0.0015890169888734818
3813,0.0012653155717998743,0.0017213557148352265
3814,0.0012644537491723895,0.0017690983368083835
3815,0.0012635954190045595,0.00170508015435189
3816,0.0012627355754375458,0.0015062913298606873
3817,0.0012618738692253828,0.001194660784676671
3818,0.0012610176345333457,0.00082021375419572
3819,0.0012601553462445736,0.0004668820765800774
3820,0.0012593064457178116,0.00020815675088670105
3821,0.0012584477663040161,8.495396468788385e-05
3822,0.0012575958389788866,9.263952961191535e-05
3823,0.0012567522935569286,0.00019440821779426187
3824,0.0012558958260342479,0.000343946652719751
3825,0.0012550477404147387,0.0005019332747906446
3826,0.0012542001204565167,0.0006455894326791167
3827,0.001253351103514433,0.0007623944547958672
3828,0.001252504764124751,0.0008510779007337987
3829,0.0012516644783318043,0.0009086159989237785
3830,0.0012508246582001448,0.0009369600447826087
3831,0.0012499799486249685,0.0009311717003583908
3832,0.0012491465313360095,0.0008925662259571254
3833,0.0012483068276196718,0.0008179504075087607
3834,0.0012474686373025179,0.0007140981033444405
3835,0.001246630446985364,0.0005872966139577329
3836,0.0012457927223294973,0.0004526195989456028
3837,0.0012449617497622967,0.0003236901538912207
3838,0.0012441363651305437,0.00021468942577484995
3839,0.001243299338966608,0.00013403089542407542
3840,0.0012424654560163617,8.475578943034634e-05
3841,0.0012416393728926778,6.448115163948387e-05
3842,0.0012408137554302812,6.770367326680571e-05
3843,0.001239980454556644,8.799482020549476e-05
3844,0.0012391533236950636,0.0001199189355247654
3845,0.0012383341090753675,0.00016011008119676262
3846,0.0012375077931210399,0.00020706240320578218
3847,0.0012366865994408727,0.00026180874556303024
3848,0.0012358627282083035,0.00032576912781223655
3849,0.0012350485194474459,0.00040287041338160634
3850,0.001234233845025301,0.0004949772846885026
3851,0.001233410555869341,0.0006071663228794932
3852,0.0012325942516326904,0.0007383185438811779
3853,0.0012317836517468095,0.000892124546226114
3854,0.0012309690937399864,0.0010582702234387398
3855,0.0012301526730880141,0.00123441347386688
3856,0.0012293403269723058,0.001392456702888012
3857,0.0012285318225622177,0.0015206155367195606
3858,0.0012277252972126007,0.0015735437627881765
3859,0.0012269106227904558,0.0015426520258188248
3860,0.0012261089868843555,0.001396451028995216
3861,0.0012253030436113477,0.0011626332998275757
3862,0.0012244915124028921,0.0008639450534246862
3863,0.0012236908078193665,0.0005644937045872211
3864,0.001222889288328588,0.00031232129549607635
3865,0.0012220804346725345,0.00014556755195371807
3866,0.0012212845031172037,7.277450640685856e-05
3867,0.0012204863596707582,8.183512545656413e-05
3868,0.001219690777361393,0.00015027099289000034
3869,0.0012188870459794998,0.00025621664826758206
3870,0.0012180921621620655,0.0003853998496197164
3871,0.0012173005379736423,0.0005303322686813772
3872,0.0012165068183094263,0.0006927119102329016
3873,0.0012157075107097626,0.0008728966931812465
3874,0.0012149142567068338,0.0010775822447612882
3875,0.0012141234474256635,0.0012991406256332994
3876,0.0012133335694670677,0.0015331077156588435
3877,0.0012125460198149085,0.0017456894274801016
3878,0.001211752649396658,0.0019070538692176342
3879,0.0012109692906960845,0.0019607488065958023
3880,0.0012101782485842705,0.0018794727511703968
3881,0.0012093933764845133,0.0016607855213806033
3882,0.0012086068745702505,0.0013647709274664521
3883,0.0012078267754986882,0.0011092482600361109
3884,0.0012070422526448965,0.0010192723711952567
3885,0.0012062587775290012,0.0011984852608293295
3886,0.0012054890394210815,0.0016798640135675669
3887,0.0012046995107084513,0.002426243619993329
3888,0.0012039199937134981,0.003289578016847372
3889,0.001203141175210476,0.004071085713803768
3890,0.0012023693416267633,0.004361838102340698
3891,0.0012015949469059706,0.003952150233089924
3892,0.0012008200865238905,0.0027542836032807827
3893,0.001200044876895845,0.001333573367446661
3894,0.001199271297082305,0.0003585861995816231
3895,0.0011984918965026736,0.00024305871920660138
3896,0.0011977212270721793,0.0007955695618875325
3897,0.0011969509068876505,0.0014477340737357736
3898,0.001196183729916811,0.00166938581969589
3899,0.0011954170186072588,0.0012986084911972284
3900,0.0011946517042815685,0.0006353688077069819
3901,0.0011938813840970397,0.0001590596220921725
3902,0.001193119678646326,0.00014150136848911643
3903,0.0011923534329980612,0.00047326466301456094
3904,0.001191590679809451,0.0008198174182325602
3905,0.0011908207088708878,0.0008972720243036747
3906,0.0011900578392669559,0.0006681756931357086
3907,0.001189305679872632,0.00033187848748639226
3908,0.0011885382700711489,0.00014145187742542475
3909,0.0011877808719873428,0.0001959509536391124
3910,0.0011870324378833175,0.0003899529983755201
3911,0.00118626665789634,0.0005301564233377576
3912,0.0011855124030262232,0.0005074123619124293
3913,0.001184759195894003,0.00035688281059265137
3914,0.001183997606858611,0.00021513673709705472
3915,0.0011832376476377249,0.0001869239058578387
3916,0.0011824914254248142,0.0002745562233030796
3917,0.0011817383347079158,0.0003932014515157789
3918,0.0011809843126684427,0.000454501248896122
3919,0.0011802400695160031,0.0004377191071398556
3920,0.0011794851161539555,0.0003924305783584714
3921,0.0011787374969571829,0.0003904796903952956
3922,0.0011779875494539738,0.0004680310667026788
3923,0.001177237369120121,0.0006070336094126105
3924,0.0011764928931370378,0.0007682169089093804
3925,0.0011757491156458855,0.0009146345546469092
3926,0.0011750080157071352,0.0010674740187823772
3927,0.0011742585338652134,0.0012462864397093654
3928,0.0011735217412933707,0.0014866605633869767
3929,0.0011727709788829088,0.0017672955291345716
3930,0.0011720352340489626,0.002040466293692589
3931,0.0011712918058037758,0.0022312330547720194
3932,0.0011705518700182438,0.0022628994192928076
3933,0.0011698121670633554,0.002094539813697338
3934,0.0011690714163705707,0.0017326490487903357
3935,0.001168332528322935,0.0012426936300471425
3936,0.001167599461041391,0.0007433849386870861
3937,0.0011668694205582142,0.0003477577120065689
3938,0.001166124944575131,0.00013289484195411205
3939,0.0011653947876766324,0.00010710652713896707
3940,0.0011646642815321684,0.0002298782637808472
3941,0.001163925277069211,0.00044117256766185164
3942,0.0011631983797997236,0.0006860067951492965
3943,0.0011624686885625124,0.0009281612001359463
3944,0.001161742489784956,0.001144956797361374
3945,0.0011610070941969752,0.0013315808027982712
3946,0.0011602824088186026,0.001474211923778057
3947,0.0011595498071983457,0.001567668979987502
3948,0.0011588236084207892,0.0015853525837883353
3949,0.0011580995051190257,0.0015124734491109848
3950,0.0011573664378374815,0.0013351537054404616
3951,0.0011566459434106946,0.001068906974978745
3952,0.0011559196282178164,0.0007553642499260604
3953,0.0011552020441740751,0.0004541768576018512
3954,0.001154475612565875,0.00022330685169436038
3955,0.0011537479003891349,9.672149462858215e-05
3956,0.001153033459559083,7.67603050917387e-05
3957,0.0011523074936121702,0.00014020170783624053
3958,0.0011516059748828411,0.00025326223112642765
3959,0.001150872907601297,0.0003851754008792341
3960,0.0011501589324325323,0.0005149740027263761
3961,0.0011494331993162632,0.0006330099422484636
3962,0.0011487203883007169,0.000735768408048898
3963,0.0011480048997327685,0.0008239424787461758
3964,0.0011472873156890273,0.0008968354668468237
3965,0.0011465754359960556,0.0009506606729701161
3966,0.0011458650697022676,0.0009803021093830466
3967,0.0011451425962150097,0.0009755913051776588
3968,0.0011444301344454288,0.0009321782272309065
3969,0.0011437293142080307,0.0008452065521851182
3970,0.0011430077720433474,0.0007228368194773793
3971,0.001142306486144662,0.0005767871625721455
3972,0.0011415943736210465,0.00042684649815782905
3973,0.001140883774496615,0.00029135181102901697
3974,0.001140171312727034,0.00018428977637086064
3975,0.0011394735192880034,0.00011225968773942441
3976,0.0011387697886675596,7.479080522898585e-05
3977,0.0011380553478375077,6.674306496279314e-05
3978,0.0011373504530638456,8.138496923493221e-05
3979,0.0011366414837539196,0.00011251239629928023
3980,0.0011359413620084524,0.00015576762962155044
3981,0.001135237980633974,0.00020910552120767534
3982,0.001134536461904645,0.0002726683742366731
3983,0.0011338315671309829,0.00034842148306779563
3984,0.0011331246932968497,0.0004401528276503086
3985,0.0011324317893013358,0.0005520891863852739
3986,0.001131732831709087,0.0006889932556077838
3987,0.0011310284025967121,0.0008537422982044518
3988,0.0011303301434963942,0.0010459523182362318
3989,0.0011296352604404092,0.0012595172738656402
3990,0.001128948526456952,0.0014775539748370647
3991,0.0011282431660220027,0.0016746908659115434
3992,0.0011275396682322025,0.0018101370660588145
3993,0.0011268553789705038,0.0018448319751769304
3994,0.0011261552572250366,0.0017431245651096106
3995,0.001125460141338408,0.0015021630097180605
3996,0.0011247650254517794,0.0011553755030035973
3997,0.00112408515997231,0.0007719086133874953
3998,0.0011233818950131536,0.00043347931932657957
3999,0.001122697489336133,0.00020015676273033023
4000,0.0011220027226954699,9.508561925031245e-05
4001,0.001121308421716094,0.00010493661102373153
4002,0.001120624947361648,0.0001974809856619686
4003,0.0011199393775314093,0.00033938547130674124
4004,0.0011192496167495847,0.0005067957099527121
4005,0.00111855985596776,0.0006863779854029417
4006,0.0011178790591657162,0.0008716207812540233
4007,0.0011171882506459951,0.0010615471983328462
4008,0.0011165061732754111,0.0012497950810939074
4009,0.0011158278211951256,0.001430279458872974
4010,0.001115132705308497,0.0015811368357390165
4011,0.0011144500458613038,0.0016782406019046903
4012,0.0011137682013213634,0.0016850626561790705
4013,0.0011130853090435266,0.00157622538972646
4014,0.0011124061420559883,0.0013451447011902928
4015,0.0011117295362055302,0.0010210496839135885
4016,0.0011110471095889807,0.0006669689901173115
4017,0.0011103602591902018,0.00035846669925376773
4018,0.0011096803937107325,0.0001545886043459177
4019,0.0011090043699368834,7.68751124269329e-05
4020,0.0011083275312557817,0.00010965311230393127
4021,0.0011076545342803001,0.00021665215899702162
4022,0.0011069709435105324,0.00036002491833642125
4023,0.0011062982957810163,0.0005124819581396878
4024,0.0011056195944547653,0.0006587785319425166
4025,0.0011049519525840878,0.0007923812954686582
4026,0.0011042732512578368,0.000911473180167377
4027,0.0011036056093871593,0.001012621563859284
4028,0.0011029267916455865,0.0010918683838099241
4029,0.0011022507678717375,0.0011395084438845515
4030,0.0011015826603397727,0.0011463641421869397
4031,0.0011009162990376353,0.001101595931686461
4032,0.001100238412618637,0.0010023399954661727
4033,0.001099567860364914,0.0008532645297236741
4034,0.0010989004513248801,0.0006719483062624931
4035,0.001098233973607421,0.0004828392411582172
4036,0.0010975587647408247,0.00031313978252001107
4037,0.0010968974092975259,0.00018317218928132206
4038,0.001096231397241354,0.0001027732650982216
4039,0.0010955604957416654,7.049263513181359e-05
4040,0.001094892853870988,7.746944174868986e-05
4041,0.001094228122383356,0.00011260338214924559
4042,0.0010935659520328045,0.000166385478223674
4043,0.001092907739803195,0.00023270025849342346
4044,0.0010922409128397703,0.0003091494145337492
4045,0.0010915775783360004,0.00039614486740902066
4046,0.0010909083066508174,0.0004956788034178317
4047,0.0010902576614171267,0.000610854069236666
4048,0.0010895931627601385,0.0007433661376126111
4049,0.0010889290133491158,0.0008942426065914333
4050,0.0010882648639380932,0.0010589553276076913
4051,0.0010876127053052187,0.0012295400956645608
4052,0.001086951233446598,0.0013879606267437339
4053,0.0010862983763217926,0.0015117572620511055
4054,0.001085637602955103,0.0015706573612987995
4055,0.0010849805548787117,0.0015404840232804418
4056,0.0010843276977539062,0.0014064908027648926
4057,0.001083670649677515,0.0011807236587628722
4058,0.0010830117389559746,0.0008960330742411315
4059,0.0010823558550328016,0.0006062712054699659
4060,0.001081701717339456,0.00036039919359609485
4061,0.0010810492094606161,0.00019291490025352687
4062,0.0010803989134728909,0.00011237003491260111
4063,0.0010797326685860753,0.00010757378186099231
4064,0.0010790916858240962,0.00015821299166418612
4065,0.0010784351034089923,0.0002447283186484128
4066,0.0010777863208204508,0.00035304753691889346
4067,0.0010771369561553001,0.00047770154196769
4068,0.0010764878243207932,0.00061713409377262
4069,0.0010758389253169298,0.0007745103212073445
4070,0.0010751960799098015,0.0009515571873635054
4071,0.0010745414765551686,0.001147540519014001
4072,0.0010738945566117764,0.0013548112474381924
4073,0.0010732508962973952,0.001554026617668569
4074,0.0010725955944508314,0.0017160535790026188
4075,0.0010719535639509559,0.0017984396545216441
4076,0.0010713086230680346,0.001765070715919137
4077,0.0010706657776609063,0.0015917711425572634
4078,0.001070020254701376,0.0012986073270440102
4079,0.0010693806689232588,0.0009378903778269887
4080,0.0010687339818105102,0.0005947242025285959
4081,0.0010680839186534286,0.00033922295551747084
4082,0.0010674470104277134,0.00020934248459525406
4083,0.0010668052127584815,0.00019973600865341723
4084,0.0010661643464118242,0.0002772684092633426
4085,0.0010655219666659832,0.0004016718885395676
4086,0.0010648842435330153,0.0005448937299661338
4087,0.0010642390698194504,0.0006852000951766968
4088,0.0010636035585775971,0.0008199610747396946
4089,0.001062961993739009,0.0009408153127878904
4090,0.0010623268317431211,0.0010505618993192911
4091,0.0010616921354085207,0.0011374658206477761
4092,0.0010610476601868868,0.0011963944416493177
4093,0.0010604148264974356,0.0012094072299078107
4094,0.001059787580743432,0.0011678197188302875
4095,0.0010591491591185331,0.001063880859874189
4096,0.001058512250892818,0.0009057726711034775
4097,0.0010578756919130683,0.0007149752927944064
4098,0.0010572418104857206,0.0005219061276875436
4099,0.0010566087439656258,0.000359911733539775
4100,0.0010559797519817948,0.00025066843954846263
4101,0.0010553484316915274,0.000202055016416125
4102,0.0010547187412157655,0.00020794779993593693
4103,0.0010540846269577742,0.0002535856328904629
4104,0.001053451094776392,0.00032323537743650377
4105,0.0010528278071433306,0.0004057207843288779
4106,0.0010521946242079139,0.0004910611896775663
4107,0.0010515721514821053,0.0005799850914627314
4108,0.0010509483981877565,0.0006658899364992976
4109,0.0010503209196031094,0.0007561604725196958
4110,0.0010496944887563586,0.0008406342240050435
4111,0.0010490653803572059,0.0009274332551285625
4112,0.0010484596714377403,0.0009982814081013203
4113,0.0010478422045707703,0.0010593296028673649
4114,0.0010472317226231098,0.0010848212987184525
4115,0.0010466359090059996,0.0010812391992658377
4116,0.0010460466146469116,0.0010253244545310736
4117,0.0010454762959852815,0.0009313481859862804
4118,0.0010449355468153954,0.0007940856739878654
4119,0.0010444361250847578,0.0006389406626112759
4120,0.0010439910693094134,0.00048013761988840997
4121,0.0010436464799568057,0.0003418440173845738
4122,0.001043454511091113,0.00023794111621100456
4123,0.0010435082949697971,0.00017611691146157682
4124,0.0010439342586323619,0.00015590696420986205
4125,0.0010449772235006094,0.00017144088633358479
4126,0.0010470016859471798,0.00021426656167022884
4127,0.001050627906806767,0.0002770831051748246
4128,0.0010568861616775393,0.00035330670652911067
4129,0.001067445264197886,0.0004392828559502959
4130,0.0010852126870304346,0.0005322143551893532
4131,0.001114945625886321,0.0006299432134255767
4132,0.0011650116648525,0.0007299812859855592
4133,0.001249175751581788,0.0008278795285150409
4134,0.0013920271303504705,0.0009172777645289898
4135,0.0016334297833964229,0.0009904105681926012
4136,0.002046245615929365,0.0010371048701927066
4137,0.0027440590783953667,0.0010532161686569452
4138,0.003934202715754509,0.0010356184793636203
4139,0.005913120694458485,0.0009996480075642467
4140,0.009159641340374947,0.0009672823362052441
4141,0.014258401468396187,0.0009800454135984182
4142,0.02146032638847828,0.0010867526289075613
4143,0.03091486729681492,0.001331666368059814
4144,0.03885547071695328,0.0017603113083168864
4145,0.04188133776187897,0.0023746080696582794
4146,0.03355205059051514,0.00313780689612031
4147,0.019515961408615112,0.00391977746039629
4148,0.01012987457215786,0.004447579849511385
4149,0.012492677196860313,0.004433684516698122
4150,0.01930672489106655,0.0036211898550391197
4151,0.021269628778100014,0.002243210794404149
4152,0.012500504963099957,0.0008891947218216956
4153,0.00304803135804832,0.00022632948821410537
4154,0.005180787295103073,0.00043154851300641894
4155,0.013920960947871208,0.0011291028931736946
4156,0.023123107850551605,0.0017770410049706697
4157,0.018464528024196625,0.001993288518860936
4158,0.008164700120687485,0.0017558090621605515
4159,0.0030442755669355392,0.0012427757028490305
4160,0.007564551196992397,0.0007204372668638825
4161,0.010496836155653,0.0003879732685163617
4162,0.008038615807890892,0.00030098253046162426
4163,0.0038455077446997166,0.00040118550532497466
4164,0.0036950798239558935,0.0005802492378279567
4165,0.005711033474653959,0.0007445262162946165
4166,0.006739284843206406,0.0008317792089655995
4167,0.005679609719663858,0.0008469914318993688
4168,0.003392542013898492,0.0008065621950663626
4169,0.0019747347105294466,0.0007457405445165932
4170,0.002904495457187295,0.0006895764963701367
4171,0.004242118448019028,0.0006503650802187622
4172,0.004481432493776083,0.0006351051270030439
4173,0.002900114981457591,0.0006321376422420144
4174,0.0019557869527488947,0.0006212091539055109
4175,0.0020248356740921736,0.0005819363286718726
4176,0.0027481974102556705,0.0005001113750040531
4177,0.003067048266530037,0.0003853450180031359
4178,0.0029555545188486576,0.00026042183162644506
4179,0.002500538481399417,0.00015568826347589493
4180,0.0015428269980475307,9.26893699215725e-05
4181,0.001322779688052833,7.919132622191682e-05
4182,0.0019187515135854483,0.00010811491665663198
4183,0.0027666790410876274,0.0001626867160666734
4184,0.0028000089805573225,0.0002239805762656033
4185,0.0025470536202192307,0.0002750745043158531
4186,0.001961305271834135,0.0003070961683988571
4187,0.0014252406544983387,0.0003175170859321952
4188,0.0012476019328460097,0.0003132656856905669
4189,0.0017348674591630697,0.0003031477681361139
4190,0.002101171063259244,0.00029811460990458727
4191,0.0020899157971143723,0.0003067536454182118
4192,0.0017727157101035118,0.00033452484058216214
4193,0.001489832648076117,0.00038445618702098727
4194,0.0013182247057557106,0.0004554573679342866
4195,0.0014163106679916382,0.0005460090469568968
4196,0.001682298257946968,0.000652539893053472
4197,0.0017677654977887869,0.0007714504608884454
4198,0.0015976622235029936,0.0008989688940346241
4199,0.0013206619769334793,0.001029600272886455
4200,0.0011584165040403605,0.0011546448804438114
4201,0.0011549610644578934,0.0012650982243940234
4202,0.0013257452519610524,0.0013449492398649454
4203,0.0015003918670117855,0.0013868507230654359
4204,0.00150814070366323,0.0013737283879891038
4205,0.0013579596998170018,0.0013110855361446738
4206,0.0011804322712123394,0.001193047733977437
4207,0.0010603527771309018,0.001040588365867734
4208,0.0010553569300100207,0.0008629577932879329
4209,0.0011478152591735125,0.0006827259203419089
4210,0.0012483210302889347,0.0005126884207129478
4211,0.0012591865379363298,0.00036442663986235857
4212,0.001202392391860485,0.0002458117378409952
4213,0.0011233199620619416,0.00016026213415898383
4214,0.0010575009509921074,0.0001102246533264406
4215,0.0010396408615633845,9.458257409278303e-05
4216,0.0010751861846074462,0.00011051883484469727
4217,0.0011171173537150025,0.00015369761968031526
4218,0.0011309701949357986,0.00021992182882968336
4219,0.0011175601975992322,0.0003062860923819244
4220,0.0010810059029608965,0.000413219619076699
4221,0.001037954119965434,0.0005433614715002477
4222,0.001016588183119893,0.0007053099106997252
4223,0.0010258958209306002,0.000906294968444854
4224,0.001045583514496684,0.0011614973191171885
4225,0.0010646275477483869,0.0014720014296472073
4226,0.0010736684780567884,0.0018451643409207463
4227,0.0010646427981555462,0.002245461568236351
4228,0.0010404224740341306,0.002633968135342002
4229,0.001020591240376234,0.0028996907640248537
4230,0.0010098617058247328,0.002942735096439719
4231,0.0010081781074404716,0.0026558758690953255
4232,0.0010144391562789679,0.0020522240083664656
4233,0.0010243916185572743,0.001275144168175757
4234,0.0010279389098286629,0.0005742328357882798
4235,0.0010253280634060502,0.00016667283489368856
4236,0.0010191749315708876,0.00012465703184716403
4237,0.0010107583366334438,0.00036574681871570647
4238,0.001003306359052658,0.0007360046147368848
4239,0.0010004269424825907,0.0010969677241519094
4240,0.0010011964477598667,0.0013606763677671552
4241,0.0010031949495896697,0.0014949300093576312
4242,0.001006155158393085,0.0014888057485222816
4243,0.0010078373597934842,0.0013634979259222746
4244,0.0010069506242871284,0.0011417801724746823
4245,0.001004010089673102,0.0008677165606059134
4246,0.001000649412162602,0.0005858296062797308
4247,0.0009968217927962542,0.0003436036640778184
4248,0.0009939477313309908,0.00017304472567047924
4249,0.0009926417842507362,8.773629815550521e-05
4250,0.0009924578480422497,8.1055004557129e-05
4251,0.000992660759948194,0.00013310025678947568
4252,0.0009932885877788067,0.00021938583813607693
4253,0.000993544701486826,0.00031790390494279563
4254,0.0009929633233696222,0.0004132604517508298
4255,0.0009918767027556896,0.0004963811952620745
4256,0.000990503584034741,0.0005644488264806569
4257,0.000988806365057826,0.000615814293269068
4258,0.0009872154332697392,0.0006519877933897078
4259,0.0009860380087047815,0.0006711712339892983
4260,0.0009850848000496626,0.0006745996070094407
4261,0.0009844496380537748,0.0006596648599952459
4262,0.000984138692729175,0.0006279538501985371
4263,0.0009839334525167942,0.0005792166339233518
4264,0.0009836838580667973,0.0005182664026506245
4265,0.0009834551019594073,0.000448778853751719
4266,0.000983145902864635,0.0003776754601858556
4267,0.000982689089141786,0.0003095339925494045
4268,0.0009822126012295485,0.00024923591990955174
4269,0.0009817869868129492,0.00019889473333023489
4270,0.0009814100340008736,0.00015953928232192993
4271,0.0009812088683247566,0.00013037236931268126
4272,0.0009813422802835703,0.00010984794789692387
4273,0.000981878605671227,9.612997382646427e-05
4274,0.0009830240160226822,8.735393203096464e-05
4275,0.0009850583737716079,8.221838652389124e-05
4276,0.000988320680335164,7.958005153341219e-05
4277,0.0009933849796652794,7.890253618825227e-05
4278,0.0010011697886511683,7.964637188706547e-05
4279,0.0010129703441634774,8.178924326784909e-05
4280,0.0010309148347005248,8.519519178662449e-05
4281,0.0010581320384517312,9.019165008794516e-05
4282,0.00109984225127846,9.702050010673702e-05
4283,0.0011635742848739028,0.00010650353215169162
4284,0.0012622445356100798,0.0001195543518406339
4285,0.001414101803675294,0.00013782671885564923
4286,0.0016513419104740024,0.00016348848294001073
4287,0.0020173818338662386,0.00019974421593360603
4288,0.002591509371995926,0.00025153765454888344
4289,0.0034685551654547453,0.00032532570185139775
4290,0.0048263221979141235,0.00043233614997006953
4291,0.006813850253820419,0.0005850918241776526
4292,0.009719219990074635,0.000807880365755409
4293,0.01345968246459961,0.001120823435485363
4294,0.0180034339427948,0.0015695476904511452
4295,0.021831579506397247,0.0021655068267136812
4296,0.023663295432925224,0.0029635215178132057
4297,0.020791366696357727,0.0038716562557965517
4298,0.014058932662010193,0.0048548514023423195
4299,0.006125824060291052,0.005503824912011623
4300,0.0015714112669229507,0.005609567277133465
4301,0.002164013683795929,0.0046998015604913235
4302,0.005985588766634464,0.003088907105848193
4303,0.00938626378774643,0.0014106397284194827
4304,0.00924316793680191,0.0005796643672510982
4305,0.006015005521476269,0.0008974279626272619
4306,0.002307663671672344,0.0018403405556455255
4307,0.0010644467547535896,0.002546367235481739
4308,0.00259004021063447,0.002405960112810135
4309,0.004819367080926895,0.0015904500614851713
4310,0.005601140204817057,0.0006581602501682937
4311,0.0042300745844841,0.0002069159527309239
4312,0.0022100096102803946,0.00037764213629998267
4313,0.0012196184834465384,0.0008906588773243129
4314,0.001804542844183743,0.001318066962994635
4315,0.002991305198520422,0.0013598207151517272
4316,0.0034546225797384977,0.0010091582080349326
4317,0.0027875229716300964,0.0005036141374148428
4318,0.001638221088796854,0.00015728612197563052
4319,0.0010009425459429622,0.00012804380094166845
4320,0.0012395204976201057,0.0003513433621264994
4321,0.0018988813972100616,0.0006243952084332705
4322,0.0022642710246145725,0.0007586153224110603
4323,0.002009360119700432,0.0006821692804805934
4324,0.0014192203525453806,0.0004746881895698607
4325,0.0010055010206997395,0.000288069189991802
4326,0.0010434037540107965,0.00024654355365782976
4327,0.0013780411100015044,0.0003664568066596985
4328,0.001636357745155692,0.0005706524243578315
4329,0.0015888329362496734,0.0007597195799462497
4330,0.0013044242514297366,0.0008823606767691672
4331,0.0010424571810290217,0.0009597876924090087
4332,0.0009939461015164852,0.0010671518975868821
4333,0.0011474275961518288,0.001284298487007618
4334,0.0013335447292774916,0.0016266293823719025
4335,0.0013926068786531687,0.0020799802150577307
4336,0.0013129495782777667,0.0025402004830539227
4337,0.0012024897150695324,0.0029254709370434284
4338,0.001192623283714056,0.0031010338570922613
4339,0.0013353332178667188,0.0030369299929589033
4340,0.0015814810758456588,0.0026711318641901016
4341,0.0018863067962229252,0.002090559806674719
4342,0.0021970621310174465,0.0013779359869658947
4343,0.0026462292298674583,0.0007204308640211821
4344,0.0032684090547263622,0.00027516743284650147
4345,0.0042820582166314125,0.00013176383799873292
4346,0.005681661423295736,0.0002685791696421802
4347,0.007596056442707777,0.0005805899272672832
4348,0.009847030974924564,0.0009415983804501593
4349,0.012227731756865978,0.0012402207357808948
4350,0.014128701761364937,0.0014200287405401468
4351,0.014740604907274246,0.00144136231392622
4352,0.0131728146225214,0.001325937919318676
4353,0.00965134333819151,0.0010964230168610811
4354,0.005170763935893774,0.0008161634323187172
4355,0.0019248509779572487,0.0005356046021915972
4356,0.0011658702278509736,0.00030742649687454104
4357,0.0026424641255289316,0.00015744639676995575
4358,0.004994378890842199,9.261061495635659e-05
4359,0.006433372385799885,0.00010334645048715174
4360,0.006143855396658182,0.00017027703870553523
4361,0.0042656539008021355,0.0002704467624425888
4362,0.002167473779991269,0.0003811234491877258
4363,0.0011251551331952214,0.00048588134814053774
4364,0.0014162097359076142,0.0005719446344301105
4365,0.002545460592955351,0.0006384118460118771
4366,0.003605267498642206,0.0006827745819464326
4367,0.003937766887247562,0.0007118273060768843
4368,0.0034048212692141533,0.0007221228443086147
4369,0.002442949451506138,0.0007166119758039713
4370,0.0015485597541555762,0.0006879261927679181
4371,0.0010630975011736155,0.0006378306425176561
4372,0.001063571311533451,0.0005652585532516241
4373,0.0014170578215271235,0.00047956997877918184
4374,0.00190002063754946,0.000388552580261603
4375,0.002294009318575263,0.0003035022527910769
4376,0.0025238306261599064,0.00023031308955978602
4377,0.0024999170564115047,0.0001725988695397973
4378,0.002285087713971734,0.00012987783702556044
4379,0.0019279343541711569,0.00010029996337834746
4380,0.0015399029944092035,8.165404869941995e-05
4381,0.0012139761820435524,7.180288957897574e-05
4382,0.0010187188163399696,6.915073026902974e-05
4383,0.0009556809673085809,7.220906991278753e-05
4384,0.000991753302514553,7.974002073751763e-05
4385,0.001096391468308866,9.093152766581625e-05
4386,0.001231469912454486,0.00010552487219683826
4387,0.0013684160076081753,0.00012429890921339393
4388,0.0014789410633966327,0.0001489911664975807
4389,0.0015608577523380518,0.0001823791826609522
4390,0.0015954640693962574,0.00022854922281112522
4391,0.0016061528585851192,0.000292435783194378
4392,0.00156928482465446,0.00038192476495169103
4393,0.0015109294326975942,0.0005058242822997272
4394,0.0014214112889021635,0.0006795916706323624
4395,0.0013281150022521615,0.0009173135622404516
4396,0.0012319220695644617,0.0012448575580492616
4397,0.0011494274949654937,0.001671651960350573
4398,0.0010793665423989296,0.0022192487958818674
4399,0.0010243923170492053,0.002838484477251768
4400,0.000983875012025237,0.003477681428194046
4401,0.000955483119469136,0.003923083655536175
4402,0.0009373309439979494,0.004007377196103334
4403,0.0009271781891584396,0.003499747486785054
4404,0.0009243058739230037,0.0025048134848475456
4405,0.0009270466398447752,0.0013312053633853793
4406,0.000933836039621383,0.0004715260583907366
4407,0.0009438744746148586,0.00020552269415929914
4408,0.000956379808485508,0.00047899584751576185
4409,0.000970879103988409,0.0010110292350873351
4410,0.000987810897640884,0.0015050398651510477
4411,0.0010081689106300473,0.0017840766813606024
4412,0.0010337437270209193,0.001763834385201335
4413,0.0010661708656698465,0.0014978392282500863
4414,0.0011098384857177734,0.001070518628694117
4415,0.0011666880454868078,0.0006275138584896922
4416,0.0012464877218008041,0.00028306094463914633
4417,0.001350166741758585,0.00010562536772340536
4418,0.0014967233873903751,9.839812992140651e-05
4419,0.001688060350716114,0.00021585961803793907
4420,0.0019664205610752106,0.00039302106597460806
4421,0.0023257900029420853,0.0005713430582545698
4422,0.002841041423380375,0.0007134138722904027
4423,0.003478136844933033,0.0007965861004777253
4424,0.004346900619566441,0.0008229327504523098
4425,0.005341485142707825,0.0007955206674523652
4426,0.006579995155334473,0.000731609994545579
4427,0.007771818432956934,0.0006401591235771775
4428,0.008868340402841568,0.0005329481791704893
4429,0.009405935183167458,0.0004182681441307068
4430,0.009220091626048088,0.00030616408912464976
4431,0.008002613671123981,0.00020824995590373874
4432,0.006013937294483185,0.00013397680595517159
4433,0.003768098773434758,8.874997001839802e-05
4434,0.0019877797458320856,7.239914702950045e-05
4435,0.0011394447647035122,8.039303793339059e-05
4436,0.0012797361705452204,0.00010591429600026459
4437,0.0021015929523855448,0.00014222438039723784
4438,0.0030773207545280457,0.00018449734488967806
4439,0.0038145266007632017,0.0002306958194822073
4440,0.00392229575663805,0.00028150301659479737
4441,0.003465866670012474,0.0003396189131308347
4442,0.002650139620527625,0.00040816643740981817
4443,0.0018383628921583295,0.0004908402333967388
4444,0.001249284134246409,0.0005896291695535183
4445,0.001006763195618987,0.000707746425177902
4446,0.001085952972061932,0.0008420109516009688
4447,0.0013744942843914032,0.0009924310725182295
4448,0.0017493065679445863,0.001144774490967393
4449,0.002084996085613966,0.0012905930634588003
4450,0.002342942636460066,0.001399466535076499
4451,0.0024518652353435755,0.001455709571018815
4452,0.0024424053262919188,0.0014249777887016535
4453,0.0023221042938530445,0.0013076233444735408
4454,0.002147565595805645,0.0011018577497452497
4455,0.0019292858196422458,0.0008473507477901876
4456,0.0017020564991980791,0.0005818953504785895
4457,0.0014826629776507616,0.00035352568374946713
4458,0.0012913468526676297,0.00018980479217134416
4459,0.0011374494060873985,0.00010115723125636578
4460,0.001026029814966023,8.049332245718688e-05
4461,0.0009546015062369406,0.00011234014527872205
4462,0.000917137018404901,0.00018112646648660302
4463,0.0009063393226824701,0.0002757845213636756
4464,0.0009145302465185523,0.0003922244650311768
4465,0.0009358279639855027,0.0005304571823216975
4466,0.0009658853523433208,0.0006978539749979973
4467,0.001001774799078703,0.0008974816300906241
4468,0.001041968585923314,0.0011396266054362059
4469,0.001087011070922017,0.001413495047017932
4470,0.0011387274134904146,0.0017144270241260529
4471,0.0012017437256872654,0.0019898582249879837
4472,0.0012793553760275245,0.0021994791459292173
4473,0.001381999347358942,0.002248000353574753
4474,0.0015128845116123557,0.0020999335683882236
4475,0.0016950289718806744,0.0017269635573029518
4476,0.0019236833322793245,0.0012197481701150537
4477,0.002241157228127122,0.0007007643580436707
4478,0.002623335923999548,0.00031527571263723075
4479,0.0031484952196478844,0.00013720407150685787
4480,0.0037382591981440783,0.00015989469829946756
4481,0.004510747734457254,0.0003207401605322957
4482,0.005277893040329218,0.0005469242460094392
4483,0.006145881488919258,0.0007842108607292175
4484,0.006782203912734985,0.0009999519679695368
4485,0.007253603078424931,0.0011850849259644747
4486,0.0071708704344928265,0.0013222249690443277
4487,0.006626063492149115,0.0014123597647994757
4488,0.005512640345841646,0.0014298337046056986
4489,0.004148225300014019,0.001375152263790369
4490,0.002815820975229144,0.0012305767741054296
4491,0.0018431246280670166,0.0010194219648838043
4492,0.0014087972231209278,0.000762608484365046
4493,0.0014948513126000762,0.000510664249304682
4494,0.001965411938726902,0.0003024378092959523
4495,0.002571116667240858,0.00016715502715669572
4496,0.00318186916410923,0.0001108467549784109
4497,0.0034533420111984015,0.0001214288713526912
4498,0.0034828868228942156,0.00017874663171824068
4499,0.00310366228222847,0.0002634418196976185
4500,0.002615800593048334,0.00036210822872817516
4501,0.002010219730436802,0.00046745489817112684
4502,0.0015051714144647121,0.0005787121481262147
4503,0.0011426412966102362,0.0006930389790795743
4504,0.000970718392636627,0.0008132123039104044
4505,0.000968526815995574,0.0009307593572884798
4506,0.0010934148449450731,0.001044494449160993
4507,0.0012999983737245202,0.0011354325106367469
4508,0.001545830862596631,0.0011977686081081629
4509,0.0018153171986341476,0.001206681365147233
4510,0.0020731037948280573,0.001161753898486495
4511,0.00234742509201169,0.001050965511240065
4512,0.0025831598322838545,0.0008936376543715596
4513,0.0028353221714496613,0.0007037992472760379
4514,0.0030181217007339,0.0005144923343323171
4515,0.0031943342182785273,0.0003477399586699903
4516,0.0032785714138299227,0.00022221781546249986
4517,0.0033505470491945744,0.00014310784172266722
4518,0.0033276276662945747,0.00010682725405786186
4519,0.003282389137893915,0.00010539611685089767
4520,0.003164396621286869,0.00012969937233719975
4521,0.003025705460458994,0.0001730784133542329
4522,0.0028578012716025114,0.0002319761406397447
4523,0.0026897781062871218,0.0003061087627429515
4524,0.0025533188600093126,0.00039766705594956875
4525,0.002457010792568326,0.0005118211847729981
4526,0.002455477835610509,0.0006532598054036498
4527,0.002546723000705242,0.0008301557973027229
4528,0.0027837902307510376,0.0010431840782985091
4529,0.0031642653048038483,0.0012961520114913583
4530,0.0037315674126148224,0.0015694545581936836
4531,0.004476710222661495,0.0018447458278387785
4532,0.005431496072560549,0.002059770282357931
4533,0.0065035028383135796,0.002166768768802285
4534,0.007690808270126581,0.0020863362587988377
4535,0.008658608421683311,0.0018124247435480356
4536,0.009362787008285522,0.0013686682796105742
4537,0.009219326078891754,0.0008782562217675149
4538,0.008366292342543602,0.00046732387272641063
4539,0.006557014770805836,0.00023967162996996194
4540,0.004441228695213795,0.00021763215772807598
4541,0.0024619498290121555,0.0003567486419342458
4542,0.0012200300116091967,0.0005838229553773999
4543,0.000913055962882936,0.0008379343198612332
4544,0.0013944503152742982,0.001072312705218792
4545,0.0022748862393200397,0.0012721407692879438
4546,0.003083575749769807,0.0014181779697537422
4547,0.003524027531966567,0.0015079653821885586
4548,0.003393270308151841,0.0015197133179754019
4549,0.0028564073145389557,0.0014518741518259048
4550,0.0020905989222228527,0.001289213658310473
4551,0.001423378475010395,0.001056051580235362
4552,0.0010300308931618929,0.0007772871758788824
4553,0.0009801489068195224,0.0005087058525532484
4554,0.0012002198491245508,0.00029402601649053395
4555,0.0015425255987793207,0.00016646778385620564
4556,0.0018567556980997324,0.00013188952289056033
4557,0.002027371898293495,0.00017557558021508157
4558,0.002025529509410262,0.0002735714369919151
4559,0.0018753999611362815,0.00040382053703069687
4560,0.0016728411428630352,0.0005501772975549102
4561,0.0015085430350154638,0.0007108821300789714
4562,0.001482657273299992,0.0008821560768410563
4563,0.0016549755819141865,0.001077794237062335
4564,0.0020494540221989155,0.0012914360268041492
4565,0.002730789128690958,0.0015402075368911028
4566,0.0036207374650985003,0.0018012190703302622
4567,0.004924453794956207,0.0020848691929131746
4568,0.0064009567722678185,0.0023485622368752956
4569,0.008427692577242851,0.002587981289252639
4570,0.010561173781752586,0.0027553194668143988
4571,0.01298294123262167,0.0028092616703361273
4572,0.014972043223679066,0.002712413901463151
4573,0.015811651945114136,0.002385940635576844
4574,0.014881717972457409,0.0018715201877057552
4575,0.011700796894729137,0.0012308097211644053
4576,0.007699424400925636,0.000672996393404901
4577,0.004329982213675976,0.00037749719922430813
4578,0.00300554814748466,0.000420572207076475
4579,0.0036857067607343197,0.0007253430085256696
4580,0.005433680489659309,0.0011141272261738777
4581,0.006320222280919552,0.0013954606838524342
4582,0.005715059116482735,0.0014491761103272438
4583,0.004081841092556715,0.001270180568099022
4584,0.0026303636841475964,0.0009494619444012642
4585,0.0021057743579149246,0.0006272187456488609
4586,0.002550246426835656,0.0004190454783383757
4587,0.003462707158178091,0.00035945334821008146
4588,0.0039047575555741787,0.0004078333731740713
4589,0.0035964250564575195,0.0004833973362110555
4590,0.0027763063553720713,0.0005095782107673585
4591,0.0020557816606014967,0.0004529476282186806
4592,0.0016471798298880458,0.0003325782890897244
4593,0.0016346229240298271,0.00019862821500282735
4594,0.00186273327562958,0.00010659352847142145
4595,0.0020942743867635727,8.444882405456156e-05
4596,0.0022181174717843533,0.00012617051834240556
4597,0.0021623196080327034,0.00020041702373418957
4598,0.0020766588859260082,0.0002697875024750829
4599,0.0019301974680274725,0.0003096344880759716
4600,0.0018163619097322226,0.0003165504022035748
4601,0.0017329141264781356,0.0003063947078771889
4602,0.00166510627605021,0.00030615844298154116
4603,0.0015855568926781416,0.0003398264816496521
4604,0.0014731213450431824,0.0004231641360092908
4605,0.001341479830443859,0.0005624641198664904
4606,0.0012121811741963029,0.0007552785682491958
4607,0.001120016211643815,0.0010057076578959823
4608,0.0010759482393041253,0.0013094013556838036
4609,0.0011007561115548015,0.001681166235357523
4610,0.001166381873190403,0.002097796183079481
4611,0.0012640708591789007,0.0025438552256673574
4612,0.001360201626084745,0.0029117765370756388
4613,0.001430876669473946,0.00308778858743608
4614,0.0014668602962046862,0.002918402198702097
4615,0.001461218809708953,0.002349379938095808
4616,0.001423617941327393,0.0015197471948340535
4617,0.0013566405978053808,0.0007098473142832518
4618,0.0012813704088330269,0.00022672719205729663
4619,0.001206125016324222,0.00018485673354007304
4620,0.0011417991481721401,0.0004845595103688538
4621,0.0010934036690741777,0.0009165101801045239
4622,0.0010608106385916471,0.0012965505011379719
4623,0.0010458305478096008,0.0015083857579156756
4624,0.0010368215152993798,0.0015292956959456205
4625,0.0010344217298552394,0.0013667921302840114
4626,0.0010286879260092974,0.0010871931444853544
4627,0.0010246291058138013,0.0007550731534138322
4628,0.001015790388919413,0.00044952210737392306
4629,0.0010092947632074356,0.00022494190488941967
4630,0.0010011019185185432,0.00010933721932815388
4631,0.0009970765095204115,9.71818808466196e-05
4632,0.0009956659050658345,0.00016087594849523157
4633,0.0010037890169769526,0.0002654546988196671
4634,0.0010201900731772184,0.0003800459671765566
4635,0.0010513061424717307,0.00048395691555924714
4636,0.0010965683031827211,0.000565374328289181
4637,0.001165508758276701,0.0006252803141251206
4638,0.001259446726180613,0.000663395447190851
4639,0.0013966552214697003,0.0006884522153995931
4640,0.0015827830648049712,0.0006979482132010162
4641,0.0018526959465816617,0.0006992184789851308
4642,0.002209964208304882,0.0006844524177722633
4643,0.0027153552509844303,0.0006592153804376721
4644,0.0033658554311841726,0.0006165770464576781
4645,0.004266848787665367,0.0005635952111333609
4646,0.005338465329259634,0.0004994470509700477
4647,0.006670587696135044,0.0004326624039094895
4648,0.008020465262234211,0.000365820131264627
4649,0.009282732382416725,0.0003050926316063851
4650,0.010004979558289051,0.0002521382994018495
4651,0.009933928027749062,0.00020932807819917798
4652,0.008762523531913757,0.00017635968106333166
4653,0.00664803571999073,0.00015279596846085042
4654,0.004322533495724201,0.0001371215912513435
4655,0.002508108504116535,0.00012808796600438654
4656,0.0017012383323162794,0.00012424106535036117
4657,0.0019557939376682043,0.0001247119507752359
4658,0.0029397523030638695,0.00012877638801001012
4659,0.003959327936172485,0.00013651512563228607
4660,0.004706145729869604,0.00014828064013272524
4661,0.004475747235119343,0.00016541226068511605
4662,0.0036072679795324802,0.00018968911899719387
4663,0.0023901057429611683,0.00022458081366494298
4664,0.0014388362178578973,0.00027439589030109346
4665,0.0009391162311658263,0.00034715086803771555
4666,0.000957373296841979,0.000451990170404315
4667,0.001340019516646862,0.000606378773227334
4668,0.001859482959844172,0.0008270458783954382
4669,0.0023441938683390617,0.0011481235269457102
4670,0.0026158986147493124,0.0015866023022681475
4671,0.0027110916562378407,0.002186647616326809
4672,0.0025287875905632973,0.0029028570279479027
4673,0.002217022003605962,0.00371013255789876
4674,0.0018265907419845462,0.0043297214433550835
4675,0.0014857936184853315,0.004563346039503813
4676,0.001196275232359767,0.004027715418487787
4677,0.0009949293453246355,0.0028741536661982536
4678,0.0008842652314342558,0.0015202052891254425
4679,0.0008575012907385826,0.0006744923302903771
4680,0.000895409903023392,0.0006487966747954488
4681,0.0009792950004339218,0.001209117705002427
4682,0.0010991273447871208,0.0018235562602058053
4683,0.0012380338739603758,0.002106529427692294
4684,0.0014073599595576525,0.001919611357152462
4685,0.0015829531475901604,0.0014009075239300728
4686,0.0018042153678834438,0.0008141977596096694
4687,0.0020148190669715405,0.0003753488708753139
4688,0.0022796965204179287,0.00021431740606203675
4689,0.0024944753386080265,0.0003170608833897859
4690,0.002763780066743493,0.0005785281537100673
4691,0.0029448261484503746,0.0008758308249525726
4692,0.0031923933420330286,0.0011140111600980163
4693,0.003306546714156866,0.0012292528990656137
4694,0.0034664152190089226,0.0012068088399246335
4695,0.003467486472800374,0.0010540693765506148
4696,0.0034985574893653393,0.0008101377752609551
4697,0.00339004909619689,0.000541727407835424
4698,0.0033214762806892395,0.00031398897408507764
4699,0.0032129075843840837,0.00017966734594665468
4700,0.003190654795616865,0.00014758537872694433
4701,0.003246849402785301,0.0001962664391612634
4702,0.00344984233379364,0.00029168243054300547
4703,0.0038098441436886787,0.0003979124885518104
4704,0.0043923864141106606,0.00048517598770558834
4705,0.005144603084772825,0.0005404184339568019
4706,0.0062021068297326565,0.0005584106547757983
4707,0.00736622791737318,0.000543409725651145
4708,0.008802277036011219,0.000505202857311815
4709,0.01001904346048832,0.0004547113203443587
4710,0.01104655396193266,0.0004036370955873281
4711,0.011131453327834606,0.0003594353620428592
4712,0.010166410356760025,0.0003297120565548539
4713,0.007929428480565548,0.00031718367245048285
4714,0.005100369453430176,0.00032468471908941865
4715,0.002621691208332777,0.00035085558192804456
4716,0.001196549623273313,0.0003972654230892658
4717,0.0011422809911891818,0.0004637414822354913
4718,0.0021054772660136223,0.0005491561023518443
4719,0.0034126394893974066,0.000655061099678278
4720,0.004397195763885975,0.0007788401562720537
4721,0.004675067029893398,0.0009238853817805648
4722,0.0041163647547364235,0.0010821528267115355
4723,0.0030871168710291386,0.0012553868582472205
4724,0.0019870297983288765,0.0014293445274233818
4725,0.001182779436931014,0.0015992545522749424
4726,0.0008615435799583793,0.0017475984059274197
4727,0.0009877791162580252,0.0018581680487841368
4728,0.0014060134999454021,0.0019200211390852928
4729,0.0019142180681228638,0.0019015561556443572
4730,0.0023611460346728563,0.0018114775884896517
4731,0.002627118956297636,0.0016171828610822558
4732,0.0026830886490643024,0.0013563197571784258
4733,0.0025162731762975454,0.0010383899789303541
4734,0.0022277815733104944,0.0007285128813236952
4735,0.0018772986950352788,0.00047368044033646584
4736,0.0015351958572864532,0.00031131820287555456
4737,0.0012534988345578313,0.0002488395548425615
4738,0.0010621164692565799,0.00026850300491787493
4739,0.000977880205027759,0.00034044490894302726
4740,0.0009837027173489332,0.00044114902266301215
4741,0.0010575723135843873,0.0005564638995565474
4742,0.0011657392606139183,0.0006807027384638786
4743,0.0012811138294637203,0.0008221927564591169
4744,0.001379463355988264,0.0009757750085555017
4745,0.0014499268727377057,0.001151049742475152
4746,0.001483590342104435,0.0013228426687419415
4747,0.0014891764149069786,0.0014831682201474905
4748,0.0014699017629027367,0.0015811471967026591
4749,0.0014412937453016639,0.0015938490396365523
4750,0.0014124372974038124,0.0014785544481128454
4751,0.0014012326719239354,0.001245416235178709
4752,0.001413634861819446,0.0009239712962880731
4753,0.0014737078454345465,0.0005875193164683878
4754,0.0015754401683807373,0.0003081363975070417
4755,0.0017659072764217854,0.00013735737593378872
4756,0.0020105193834751844,8.67228809511289e-05
4757,0.0023986450396478176,0.00013562809908762574
4758,0.0028374053072184324,0.00024964605108834803
4759,0.003483906388282776,0.0003973522689193487
4760,0.004121120553463697,0.0005602539167739451
4761,0.0049965656362473965,0.0007272385992109776
4762,0.005690835881978273,0.0009023799793794751
4763,0.0064641982316970825,0.0010777139104902744
4764,0.006720900069922209,0.001261591212823987
4765,0.00679223146289587,0.0014253820991143584
4766,0.0060982368886470795,0.001565837417729199
4767,0.005064367316663265,0.0016250645276159048
4768,0.003634374588727951,0.0015998997259885073
4769,0.0023501822724938393,0.0014447623398154974
4770,0.0013658157549798489,0.0012056295527145267
4771,0.0008946763118728995,0.0009104638593271375
4772,0.0009184805094264448,0.0006446822662837803
4773,0.001300836680456996,0.0004576581995934248
4774,0.0018797118682414293,0.00037356314714998007
4775,0.002437423449009657,0.0003804661682806909
4776,0.0029134871438145638,0.0004407168016768992
4777,0.003077144967392087,0.000519343710038811
4778,0.0030713060405105352,0.000593681528698653
4779,0.0027697195764631033,0.0006530730752274394
4780,0.0024185683578252792,0.0007005037041381001
4781,0.001961127854883671,0.0007443757494911551
4782,0.0015706055564805865,0.0007903012447059155
4783,0.001262617646716535,0.000849986681714654
4784,0.0010888734832406044,0.0009175004088319838
4785,0.0010300508001819253,0.0010013248538598418
4786,0.0010661139385774732,0.0010812488617375493
4787,0.0011721717892214656,0.001164797693490982
4788,0.0013328950153663754,0.0012243167730048299
4789,0.00153389573097229,0.0012709686998277903
4790,0.0017816490726545453,0.0012832341017201543
4791,0.0020710276439785957,0.0012734020128846169
4792,0.002413488458842039,0.0012329198652878404
4793,0.0028031724505126476,0.0011625760234892368
4794,0.0032585104927420616,0.0010638502426445484
4795,0.00376265961676836,0.000925983942579478
4796,0.004326525144279003,0.0007638703100383282
4797,0.0049066003412008286,0.0005795321194455028
4798,0.005488910712301731,0.00040274072671309114
4799,0.0059500522911548615,0.00025204490520991385
4800,0.006281235255300999,0.00014987972099334002
4801,0.006310930009931326,0.00010403641499578953
4802,0.0060396515764296055,0.00011242495384067297
4803,0.005358994007110596,0.00016399852756876498
4804,0.004499202594161034,0.00024436795501969755
4805,0.0035330774262547493,0.00034122835495509207
4806,0.002723280107602477,0.0004458659386727959
4807,0.002204444259405136,0.0005581501172855496
4808,0.0020977086387574673,0.000682877260260284
4809,0.0023972922936081886,0.0008323079091496766
4810,0.00309899658896029,0.0010273418156430125
4811,0.003925099037587643,0.0012810559710487723
4812,0.004906689748167992,0.0016261787386611104
4813,0.005422589834779501,0.002040381310507655
4814,0.005762825720012188,0.002532689366489649
4815,0.0053963810205459595,0.0029667892958968878
4816,0.004868019372224808,0.0032590453047305346
4817,0.0038708788342773914,0.0031697084195911884
4818,0.0029150554910302162,0.0026550053153187037
4819,0.0021183365024626255,0.0017808194970712066
4820,0.001688878983259201,0.0008763149962760508
4821,0.001624678960070014,0.0003033172688446939
4822,0.0018740014638751745,0.00023025792324915528
4823,0.002316349418833852,0.0005594855174422264
4824,0.002853936981409788,0.0010428896639496088
4825,0.0033737490884959698,0.0014650908997282386
4826,0.003754453267902136,0.001676142099313438
4827,0.003969085402786732,0.001676127314567566
4828,0.0038517555221915245,0.001453552977181971
4829,0.003487731795758009,0.0011148019693791866
4830,0.0028858373407274485,0.0007276233518496156
4831,0.002268056385219097,0.00039722846122458577
4832,0.0016584305558353662,0.00017897880752570927
4833,0.0012008945923298597,9.61993500823155e-05
4834,0.0009273543837480247,0.00013259467959869653
4835,0.0008420731173828244,0.00024795022909529507
4836,0.0009029206703417003,0.0003978184540756047
4837,0.001059646368958056,0.0005441110697574914
4838,0.0012661723885685205,0.0006682008388452232
4839,0.0014854985056445003,0.0007505325484089553
4840,0.0016955529572442174,0.0008001250098459423
4841,0.0018826688174158335,0.0008086817688308656
4842,0.002046596957370639,0.0007934130844660103
4843,0.002174822147935629,0.0007468425901606679
4844,0.0022705583833158016,0.0006838770932517946
4845,0.002336439210921526,0.0006010557990521193
4846,0.0023855515755712986,0.0005129465134814382
4847,0.002419655676931143,0.00042083809967152774
4848,0.002443829784169793,0.0003371960192453116
4849,0.002455349313095212,0.00026601486024446785
4850,0.002452724613249302,0.00021152531553525478
4851,0.002445633290335536,0.00017347610264550894
4852,0.002422954421490431,0.00014966947492212057
4853,0.002391907386481762,0.00013761434820480645
4854,0.00233898451551795,0.00013349272194318473
4855,0.002288099378347397,0.00013551097072195262
4856,0.0022214921191334724,0.00014163432933855802
4857,0.002170626074075699,0.0001517157070338726
4858,0.0021208340767771006,0.0001653525687288493
4859,0.002107545267790556,0.00018405735318083316
4860,0.002118271542713046,0.00020918241352774203
4861,0.0021941852755844593,0.00024339293304365128
4862,0.0023329376708716154,0.0002897395461332053
4863,0.0025785272009670734,0.0003528352826833725
4864,0.002955198287963867,0.00043851128430105746
4865,0.0035220119170844555,0.0005551238427869976
4866,0.004311372525990009,0.0007127628778107464
4867,0.005420851521193981,0.0009256675257347524
4868,0.006778398994356394,0.0012073386460542679
4869,0.008537683635950089,0.0015737375942990184
4870,0.010100875049829483,0.002022738102823496
4871,0.011635848321020603,0.0025432854890823364
4872,0.011727996170520782,0.0030460315756499767
4873,0.010869779624044895,0.0034248344600200653
4874,0.008139079436659813,0.0034565541427582502
4875,0.005048698745667934,0.0030384387355297804
4876,0.0023408294655382633,0.002164799254387617
4877,0.0011671505635604262,0.0011562959989532828
4878,0.0016311872750520706,0.00041352922562509775
4879,0.00308475224301219,0.00021995266433805227
4880,0.004555226303637028,0.0005325670936144888
4881,0.005188032053411007,0.001075330888852477
4882,0.0047566695138812065,0.0015323121333494782
4883,0.003481352236121893,0.001723375404253602
4884,0.0020663966424763203,0.001603627228178084
4885,0.0011190957156941295,0.0012502613244578242
4886,0.0009347828454338014,0.000808015582151711
4887,0.0014060698449611664,0.0004122594837099314
4888,0.002156158210709691,0.00016612530453130603
4889,0.0028350590728223324,9.9117802164983e-05
4890,0.0030883285216987133,0.00018061127047985792
4891,0.002985841128975153,0.0003464004257693887
4892,0.0025248946622014046,0.0005266620428301394
4893,0.002085862448439002,0.0006656600744463503
4894,0.0017886229325085878,0.0007314347894862294
4895,0.0018390226177871227,0.0007158693624660373
4896,0.0022029131650924683,0.0006308680749498308
4897,0.002789306454360485,0.0005040349205955863
4898,0.0035095741041004658,0.00036609615199267864
4899,0.00422197300940752,0.0002492046041879803
4900,0.005029179155826569,0.00017315693548880517
4901,0.005881353747099638,0.00014825780817773193
4902,0.006978332996368408,0.0001751143136061728
4903,0.008275002241134644,0.00024940152070485055
4904,0.009562917985022068,0.0003687033895403147
4905,0.010455364361405373,0.0005335402092896402
4906,0.010274482890963554,0.0007649937178939581
4907,0.009074113331735134,0.0010870435507968068
4908,0.0064515965059399605,0.0015709539875388145
4909,0.003483483800664544,0.0022837240248918533
4910,0.0014756213640794158,0.0033761411905288696
4911,0.0008922189008444548,0.00494161294773221
4912,0.0015077480347827077,0.007020848803222179
4913,0.002707738894969225,0.009307057596743107
4914,0.0037551105488091707,0.01063246838748455
4915,0.004131344612687826,0.009717095643281937
4916,0.003878750605508685,0.0057999673299491405
4917,0.0029734501149505377,0.0016317360568791628
4918,0.0019366656197234988,0.000678839220199734
4919,0.0011498722014948726,0.0029494818300008774
4920,0.0008665863424539566,0.005023615434765816
4921,0.0010302476584911346,0.004153626039624214
4922,0.0014709520619362593,0.0015518395230174065
4923,0.0019844667986035347,0.00028426252538338304
4924,0.002351500326767564,0.0013750935904681683
4925,0.0025284423027187586,0.0029396568424999714
4926,0.00250611687079072,0.003148251911625266
4927,0.002402644604444504,0.002063792897388339
4928,0.0021857228130102158,0.0007639090763404965
4929,0.0019058901816606522,0.00024219688202720135
4930,0.0016322529409080744,0.0007232718635350466
4931,0.0013802206376567483,0.0015471294755116105
4932,0.0011568639893084764,0.0018804033752530813
4933,0.0009861855069175363,0.0015238058986142278
4934,0.0008631340460851789,0.0009277477511204779
4935,0.000803544360678643,0.00047627577441744506
4936,0.0007918474730104208,0.0003893315442837775
4937,0.0008258214220404625,0.0006141330813989043
4938,0.0008937334641814232,0.0008206457714550197
4939,0.0009836391545832157,0.0008099597180262208
4940,0.001086701638996601,0.0006717834621667862
4941,0.0012004540767520666,0.0005492022028192878
4942,0.0013209197204560041,0.0004664923471864313
4943,0.0014450217131525278,0.00041951570892706513
4944,0.0015726860146969557,0.00036518118577077985
4945,0.0017050206661224365,0.0002880343236029148
4946,0.0018699460197240114,0.0002473133208695799
4947,0.0020458674989640713,0.00030096416594460607
4948,0.002268824027851224,0.0004071274888701737
4949,0.0024891907814890146,0.00048006518045440316
4950,0.0027473405934870243,0.00046736630611121655
4951,0.0029643485322594643,0.00036915516830049455
4952,0.003219013102352619,0.00023417489137500525
4953,0.0033754578325897455,0.00013540724467020482
4954,0.003484210930764675,0.00011198161519132555
4955,0.0034499745815992355,0.00013863181811757386
4956,0.0033825901336967945,0.00017279546591453254
4957,0.003157765371724963,0.0001909336424432695
4958,0.0028497057501226664,0.00018682601512409747
4959,0.0024588441010564566,0.0001731122611090541
4960,0.0020717706065624952,0.0001713587698759511
4961,0.0016962034860625863,0.00018533036927692592
4962,0.001377512700855732,0.00019691933994181454
4963,0.0011285619111731648,0.00019252634956501424
4964,0.0009538307785987854,0.0001704759051790461
4965,0.0008515940862707794,0.00013696034147869796
4966,0.0008083461434580386,0.00010482978541404009
4967,0.0008118274272419512,8.790868014330044e-05
4968,0.0008510721381753683,8.818583592073992e-05
4969,0.0009178253822028637,9.704594413051382e-05
4970,0.001004164107143879,0.00010653104982338846
4971,0.001116721541620791,0.00011261121835559607
4972,0.0012481271987780929,0.00011315877782180905
4973,0.0014209216460585594,0.00011140213609905913
4974,0.0016180732054635882,0.00011244967754464597
4975,0.0018819498363882303,0.00011723029456334189
4976,0.002196416025981307,0.00012333487393334508
4977,0.002636249642819166,0.00012810126645490527
4978,0.0031484845094382763,0.00012993277050554752
4979,0.003831100184470415,0.0001277374685741961
4980,0.004594002850353718,0.00012322283873800188
4981,0.00551839591935277,0.00011889101006090641
4982,0.00640483433380723,0.00011656175774987787
4983,0.007244843058288097,0.00011598877608776093
4984,0.00772558618336916,0.00011679137242026627
4985,0.0076821837574243546,0.00011819993960671127
4986,0.007034928072243929,0.00011939232354052365
4987,0.005877713207155466,0.00012019988935207948
4988,0.004414059221744537,0.00012174183211755008
4989,0.0030157221481204033,0.00012506931670941412
4990,0.002182573778554797,0.0001312157983193174
4991,0.0019812947139143944,0.0001410430995747447
4992,0.002396677853539586,0.00015608634566888213
4993,0.0031854347325861454,0.00017716482398100197
4994,0.004106489475816488,0.00020694639533758163
4995,0.0045340522192418575,0.0002481207193341106
4996,0.004672488197684288,0.0003072037361562252
4997,0.004098902922123671,0.0003899881266988814
4998,0.0033413784112781286,0.0005098885740153491
4999,0.002346494933590293,0.0006764167337678373
5000,0.00156650529243052,0.0009150730911642313
5001,0.0009963478660210967,0.0008434941992163658
5002,0.0009792102500796318,0.0003684480325318873
5003,0.0013460461050271988,8.308830729220062e-05
5004,0.0014042630791664124,0.0002561918809078634
5005,0.0010842462070286274,0.0005509633338078856
5006,0.0008590554352849722,0.0005469220923259854
5007,0.0009871392976492643,0.00027732676244340837
5008,0.001184047432616353,8.617338608019054e-05
5009,0.0011191734811291099,0.00016390226664952934
5010,0.0008973455987870693,0.00034468102967366576
5011,0.0008094711229205132,0.0003747705486603081
5012,0.0009161649504676461,0.0002318828337593004
5013,0.0010196350049227476,9.506045171292499e-05
5014,0.0009613423608243465,0.0001048915582941845
5015,0.0008301818743348122,0.0002095480595016852
5016,0.0007804307388141751,0.0002626839850563556
5017,0.0008438071818090975,0.00020644602773245424
5018,0.0009056135313585401,0.00011217751307412982
5019,0.0008784495876170695,8.032198820728809e-05
5020,0.0008003123803064227,0.00012502854224294424
5021,0.0007578071672469378,0.0001775386044755578
5022,0.0007855077274143696,0.00017581554129719734
5023,0.000828262185677886,0.00012596254236996174
5024,0.000823037582449615,8.351128781214356e-05
5025,0.0007788483053445816,8.544242882635444e-05
5026,0.0007460382767021656,0.00011735071893781424
5027,0.0007548332214355469,0.000138499541208148
5028,0.0007830361137166619,0.0001268731284653768
5029,0.0007883345242589712,9.73273126874119e-05
5030,0.0007650441257283092,7.891478162491694e-05
5031,0.0007401235634461045,8.46974944579415e-05
5032,0.0007384312339127064,0.00010259712144033983
5033,0.0007549864239990711,0.00011190434452146292
5034,0.0007641753181815147,0.00010423055209685117
5035,0.0007543043466284871,8.817955676931888e-05
5036,0.0007368781371042132,7.83602154115215e-05
5037,0.0007300403667613864,8.099554543150589e-05
5038,0.0007374885026365519,9.034611866809428e-05
5039,0.0007465562084689736,9.621332719689235e-05
5040,0.0007452338468283415,9.343551937490702e-05
5041,0.0007352399406954646,8.525078737875447e-05
5042,0.0007270785281434655,7.873165304772556e-05
5043,0.0007276904070749879,7.823960186215118e-05
5044,0.0007337580318562686,8.245096250902861e-05
5045,0.0007365618366748095,8.662405889481306e-05
5046,0.0007327538914978504,8.705395157448947e-05
5047,0.0007263511652126908,8.371405419893563e-05
5048,0.0007232375792227685,7.953050953801721e-05
5049,0.0007252268260344863,7.750156510155648e-05
5050,0.0007284597959369421,7.843883940950036e-05
5051,0.0007286133477464318,8.08165714261122e-05
5052,0.0007254364900290966,8.239349699579179e-05
5053,0.0007218244718387723,8.198057912522927e-05
5054,0.0007207978051155806,8.006295684026554e-05
5055,0.0007222937420010567,7.809701492078602e-05
5056,0.0007237269310280681,7.728724449407309e-05
5057,0.0007232171483337879,7.781554450048134e-05
5058,0.0007210418116301298,7.894640293670818e-05
5059,0.0007190252072177827,7.971081504365429e-05
5060,0.0007185953436419368,7.958620699355379e-05
5061,0.0007193423225544393,7.873206050135195e-05
5062,0.0007199073443189263,7.773164543323219e-05
5063,0.0007193554192781448,7.715327956248075e-05
5064,0.0007179556996561587,7.718920096522197e-05
5065,0.000716754118911922,7.763555913697928e-05
5066,0.0007163858972489834,7.809836824890226e-05
5067,0.0007166452705860138,7.82553106546402e-05
5068,0.0007168160518631339,7.80343689257279e-05
5069,0.0007163914269767702,7.758158608339727e-05
5070,0.0007155116181820631,7.714890671195462e-05
5071,0.0007146860007196665,7.691815699217841e-05
5072,0.000714263180270791,7.693797670071945e-05
5073,0.0007142259273678064,7.711762009421363e-05
5074,0.0007141899550333619,7.730604556854814e-05
5075,0.0007138843648135662,7.738886051811278e-05
5076,0.0007133057224564254,7.731947698630393e-05
5077,0.0007126830751076341,7.714175444561988e-05
5078,0.0007122476818040013,7.693261431995779e-05
5079,0.0007120136870071292,7.677059329580516e-05
5080,0.0007118463981896639,7.669618935324252e-05
5081,0.0007115864427760243,7.670578634133562e-05
5082,0.0007111909799277782,7.676496898056939e-05
5083,0.0007107151905074716,7.682442083023489e-05
5084,0.0007102873641997576,7.6851254561916e-05
5085,0.0007099663489498198,7.682670548092574e-05
5086,0.0007096996996551752,7.676088716834784e-05
5087,0.000709442887455225,7.667108729947358e-05
5088,0.0007091196021065116,7.658509275643155e-05
5089,0.0007087438134476542,7.651795749552548e-05
5090,0.0007083535892888904,7.647965685464442e-05
5091,0.0007079954957589507,7.646613084943965e-05
5092,0.0007076868787407875,7.646951416973025e-05
5093,0.000707395316567272,7.647871825611219e-05
5094,0.0007070947904139757,7.648238533874974e-05
5095,0.0007067709229886532,7.647683378309011e-05
5096,0.0007064316887408495,7.645714504178613e-05
5097,0.0007060910575091839,7.642678974661976e-05
5098,0.0007057552575133741,7.638755050720647e-05
5099,0.0007054370362311602,7.634695793967694e-05
5100,0.0007051276043057442,7.63077987357974e-05
5101,0.0007048200350254774,7.6273012382444e-05
5102,0.0007044966332614422,7.624352292623371e-05
5103,0.0007041827775537968,7.622015255037695e-05
5104,0.0007038551848381758,7.620142423547804e-05
5105,0.0007035403978079557,7.618556264787912e-05
5106,0.0007032211869955063,7.617256778758019e-05
5107,0.0007029116386547685,7.615989306941628e-05
5108,0.0007025927770882845,7.614828791702166e-05
5109,0.0007022811332717538,7.613509660586715e-05
5110,0.0007019741460680962,7.612141052959487e-05
5111,0.0007016528397798538,7.610551256220788e-05
5112,0.0007013405556790531,7.608980376971886e-05
5113,0.0007010265253484249,7.607290172018111e-05
5114,0.0007007126696407795,7.605671271448955e-05
5115,0.0007004003273323178,7.603896665386856e-05
5116,0.0007000952027738094,7.602343976031989e-05
5117,0.000699782045558095,7.600711251143366e-05
5118,0.0006994767463766038,7.599221862619743e-05
5119,0.0006991680129431188,7.597726653330028e-05
5120,0.0006988582899793983,7.596627983730286e-05
5121,0.0006985440850257874,7.595632632728666e-05
5122,0.0006982418708503246,7.595115312142298e-05
5123,0.0006979267345741391,7.594886119477451e-05
5124,0.0006976238219067454,7.595415081596002e-05
5125,0.0006973216659389436,7.596688374178484e-05
5126,0.0006970090907998383,7.599459786433727e-05
5127,0.0006967097870074213,7.603722042404115e-05
5128,0.0006964025087654591,7.610975444549695e-05
5129,0.0006960990140214562,7.621736585861072e-05
5130,0.0006957908044569194,7.638740498805419e-05
5131,0.0006954903365112841,7.664264558115974e-05
5132,0.0006951808463782072,7.70402402849868e-05
5133,0.0006948827649466693,7.76472661527805e-05
5134,0.0006945757195353508,7.859736797399819e-05
5135,0.000694269547238946,8.008058648556471e-05
5136,0.000693971524015069,8.243651973316446e-05
5137,0.0006936724530532956,8.620004518888891e-05
5138,0.0006933686090633273,9.227990813087672e-05
5139,0.0006930709932930768,0.00010221655247732997
5140,0.0006927665090188384,0.00011854038166347891
5141,0.0006924608605913818,0.00014584783639293164
5142,0.0006921676103956997,0.0001913445012178272
5143,0.0006918671424500644,0.0002690008550416678
5144,0.0006915692938491702,0.00039906444726511836
5145,0.0006912709213793278,0.0006236148183234036
5146,0.0006909716175869107,0.0009932894026860595
5147,0.0006906713824719191,0.0016219780081883073
5148,0.0006903755711391568,0.002576401922851801
5149,0.0006900759181007743,0.004043260123580694
5150,0.000689783482812345,0.005703672766685486
5151,0.0006894851103425026,0.007314616348594427
5152,0.0006891906959936023,0.007207981310784817
5153,0.0006888953503221273,0.005190146155655384
5154,0.0006886001792736351,0.001995029393583536
5155,0.0006882950547151268,0.0003880778094753623
5156,0.0006880080327391624,0.0013311600778251886
5157,0.0006877136183902621,0.0030737558845430613
5158,0.0006874125683680177,0.003419681219384074
5159,0.0006871221121400595,0.0020244927145540714
5160,0.00068682711571455,0.00048447714652866125
5161,0.0006865363102406263,0.00036724848905578256
5162,0.0006862427690066397,0.0013659463729709387
5163,0.0006859477143734694,0.0022557710763067007
5164,0.0006856514373794198,0.0024524396285414696
5165,0.0006853648810647428,0.002048361347988248
5166,0.0006850666832178831,0.0011354382149875164
5167,0.0006847759941592813,0.0003814632073044777
5168,0.0006844841409474611,0.0002248467062599957
5169,0.0006841935683041811,0.0005128243938088417
5170,0.0006839087000116706,0.000906419416423887
5171,0.0006836216198280454,0.0011653725523501635
5172,0.0006833261577412486,0.0011232519755139947
5173,0.0006830343045294285,0.0007580294623039663
5174,0.0006827440811321139,0.0003723030968103558
5175,0.0006824599113315344,0.0001945752592291683
5176,0.0006821689894422889,0.00022862217156216502
5177,0.0006818767869845033,0.00039078350528143346
5178,0.000681594479829073,0.0005786196561530232
5179,0.0006813019281253219,0.0006778393872082233
5180,0.0006810216582380235,0.0006266539567150176
5181,0.0006807243335060775,0.0005009472370147705
5182,0.0006804427830502391,0.0003503980697132647
5183,0.0006801607087254524,0.00021237152395769954
5184,0.0006798718823119998,0.00012752212933264673
5185,0.0006795908557251096,0.000118465322884731
5186,0.0006792995845898986,0.0001618752721697092
5187,0.0006790130282752216,0.00023105439322534949
5188,0.0006787261227145791,0.0003171751741319895
5189,0.0006784433498978615,0.00039696009480394423
5190,0.0006781606934964657,0.0004495081084314734
5191,0.0006778687238693237,0.00046956478036008775
5192,0.0006775867659598589,0.00046827737241983414
5193,0.0006773035856895149,0.000438165501691401
5194,0.0006770244799554348,0.00038915700861252844
5195,0.0006767400773242116,0.0003296018985565752
5196,0.0006764570134691894,0.00026916165370494127
5197,0.0006761738331988454,0.000206139447982423
5198,0.0006758852978236973,0.00015263882232829928
5199,0.0006756057264283299,0.00011514814104884863
5200,0.0006753231282345951,9.347408195026219e-05
5201,0.0006750417524017394,8.659789455123246e-05
5202,0.0006747565930709243,9.498033614363521e-05
5203,0.0006744791753590107,0.00011337250180076808
5204,0.0006742006517015398,0.00013486262469086796
5205,0.0006739185191690922,0.00015750170859973878
5206,0.0006736376089975238,0.00018002853903453797
5207,0.0006733588525094092,0.0002006518334383145
5208,0.0006730817840434611,0.00021732105233240873
5209,0.0006727977888658643,0.00023383958614431322
5210,0.0006725156563334167,0.0002492840285412967
5211,0.0006722410907968879,0.00026563549181446433
5212,0.0006719767116010189,0.00028172697057016194
5213,0.000671690795570612,0.0003012754023075104
5214,0.0006714325281791389,0.0003203251108061522
5215,0.0006711622118018568,0.00034156980109401047
5216,0.0006709052831865847,0.0003610139829106629
5217,0.0006706693093292415,0.0003828472690656781
5218,0.0006704559782519937,0.00040121586062014103
5219,0.0006702771061100066,0.0004212399071548134
5220,0.0006701681995764375,0.00043757876846939325
5221,0.0006701796082779765,0.000457191898021847
5222,0.0006703955586999655,0.00047307260683737695
5223,0.0006709748413413763,0.0004945549881085753
5224,0.0006721678655594587,0.0005142695154063404
5225,0.0006744683487340808,0.0005420406814664602
5226,0.0006787045276723802,0.0005685819196514785
5227,0.000686453829985112,0.0006055382546037436
5228,0.0007003622013144195,0.0006406172178685665
5229,0.0007256263634189963,0.0006871481891721487
5230,0.0007707963814027607,0.0007287139305844903
5231,0.0008538438705727458,0.0007811775431036949
5232,0.001002156175673008,0.0008225865894928575
5233,0.0012786276638507843,0.0008699093596078455
5234,0.0017657119315117598,0.0008947929600253701
5235,0.002678395714610815,0.0009163497597910464
5236,0.004221466835588217,0.0009025843464769423
5237,0.007004476618021727,0.0008765373495407403
5238,0.011321437545120716,0.0008121803984977305
5239,0.017829084768891335,0.000735828944016248
5240,0.026115940883755684,0.0006346224108710885
5241,0.03328390792012215,0.0005331040592864156
5242,0.03474436327815056,0.0004296139522921294
5243,0.024701368063688278,0.0003394102677702904
5244,0.016416888684034348,0.00026290942332707345
5245,0.012611880898475647,0.00020377742475830019
5246,0.011751355603337288,0.00016009910905268043
5247,0.011900527402758598,0.00012938768486492336
5248,0.010340465232729912,0.00010886918607866392
5249,0.010009577497839928,9.563412459101528e-05
5250,0.008718504570424557,8.777614857535809e-05
5251,0.004964812658727169,8.352871373062953e-05
5252,0.0026995018124580383,8.188834181055427e-05
5253,0.002887123264372349,8.207766222767532e-05
5254,0.003963085822761059,8.363497181562707e-05
5255,0.005127219017595053,8.646771311759949e-05
5256,0.006676744669675827,9.064736514119431e-05
5257,0.007750947028398514,9.694069740362465e-05
5258,0.006327804643660784,0.00010644466965459287
5259,0.005124167073518038,0.00012167759996373206
5260,0.004459543619304895,0.00014666278730146587
5261,0.0027827343437820673,0.00018875313980970532
5262,0.002368295332416892,0.00026125871227122843
5263,0.004019543528556824,0.000385764695238322
5264,0.004057646729052067,0.0006057755090296268
5265,0.004455621354281902,0.0009807082824409008
5266,0.004695264156907797,0.0016413668636232615
5267,0.004172993823885918,0.0026930321473628283
5268,0.002585888607427478,0.004394476301968098
5269,0.002815416781231761,0.006453452631831169
5270,0.003211286151781678,0.008630822412669659
5271,0.0029300267342478037,0.00872105360031128
5272,0.0028334660455584526,0.006352962926030159
5273,0.002418029587715864,0.0024276969488710165
5274,0.0018340636743232608,0.0006684073014184833
5275,0.001430303556844592,0.0020629954524338245
5276,0.0012577801244333386,0.004118629265576601
5277,0.0012058357242494822,0.004086061846464872
5278,0.0016392737161368132,0.0022010821849107742
5279,0.0018695986364036798,0.0004660366685129702
5280,0.0018190375994890928,0.0009735816856846213
5281,0.0015932000242173672,0.002521001035347581
5282,0.001262966776266694,0.00307956850156188
5283,0.00088497408432886,0.0026300260797142982
5284,0.0009142686030827463,0.001857867930084467
5285,0.0010517153423279524,0.000779604131821543
5286,0.001156163983978331,0.0001934647443704307
5287,0.0013338967692106962,0.0006018640706315637
5288,0.001257334602996707,0.001232617418281734
5289,0.0010267673060297966,0.001465408131480217
5290,0.000860566389746964,0.0013351412490010262
5291,0.0007655711960978806,0.0009422845905646682
5292,0.0007195695070549846,0.0003957384906243533
5293,0.0008316345047205687,0.00018953176913782954
5294,0.0009166819509118795,0.0004718141572084278
5295,0.0009302946273237467,0.0008048749295994639
5296,0.0009379396215081215,0.0008661249885335565
5297,0.000854901853017509,0.0007438560714945197
5298,0.0007699658162891865,0.0005233405972830951
5299,0.0007214546203613281,0.0002426114515401423
5300,0.0006952493567951024,0.0001029944178299047
5301,0.0007016288000158966,0.00018229761917609721
5302,0.0007464960217475891,0.0003338852257002145
5303,0.0007728904602117836,0.0004640196275431663
5304,0.0007733952952548862,0.0005818026838824153
5305,0.0007740132859908044,0.0006513303960673511
5306,0.0007344536716118455,0.0006109164096415043
5307,0.0007068506674841046,0.0005232028197497129
5308,0.0006952626863494515,0.00042636721627786756
5309,0.0006827245815657079,0.0003117882297374308
5310,0.0006914573023095727,0.0001932055747602135
5311,0.0007051108404994011,0.00012690568109974265
5312,0.0007099283393472433,0.00010614481288939714
5313,0.0007107410347089171,0.00010325637413188815
5314,0.0007054349407553673,0.00012584036448970437
5315,0.0006901943706907332,0.00017210895020980388
5316,0.0006790432962588966,0.00020937668159604073
5317,0.0006710157031193376,0.00022451674158219248
5318,0.0006628255359828472,0.00023153447546064854
5319,0.0006666184053756297,0.00022518355399370193
5320,0.0006702780956402421,0.00019981774676125497
5321,0.0006729389424435794,0.00016691526980139315
5322,0.0006786214071325958,0.00014201999874785542
5323,0.0006781825795769691,0.00012070080992998555
5324,0.0006762381526641548,0.00010150105663342401
5325,0.0006733558839187026,9.237797348760068e-05
5326,0.0006680689402855933,9.307311120210215e-05
5327,0.0006641558720730245,9.594004950486124e-05
5328,0.0006624890374951065,0.00010027612734120339
5329,0.0006611134158447385,0.00010980038496199995
5330,0.0006614771555177867,0.00012065850023645908
5331,0.0006636643083766103,0.0001292214001296088
5332,0.0006646605907008052,0.00013779551954939961
5333,0.0006664380198344588,0.00014826824190095067
5334,0.0006677690544165671,0.00015730741142760962
5335,0.0006676465272903442,0.0001651118800509721
5336,0.0006686336128041148,0.00017391072469763458
5337,0.0006690050358884037,0.00018472986994311213
5338,0.0006697786739096045,0.00019555038306862116
5339,0.0006723710102960467,0.0002090171619784087
5340,0.0006760632968507707,0.00022676317894365638
5341,0.0006824159063398838,0.00025090581038966775
5342,0.0006917968858033419,0.0002820309600792825
5343,0.0007050071144476533,0.00032544846180826426
5344,0.0007235127268359065,0.00038448069244623184
5345,0.0007513771997764707,0.00046639912761747837
5346,0.0007901407079771161,0.0005742553039453924
5347,0.0008487903396598995,0.0007216280791908503
5348,0.0009292016038671136,0.0009098582668229938
5349,0.0010519210482016206,0.0011522496351972222
5350,0.0012188873952254653,0.0014293038984760642
5351,0.0014829302672296762,0.0017405760008841753
5352,0.001831845031119883,0.002005753805860877
5353,0.0023791773710399866,0.002202593255788088
5354,0.003045232966542244,0.0022119346540421247
5355,0.004043390043079853,0.002093659248203039
5356,0.005108841694891453,0.0018945058109238744
5357,0.006542849820107222,0.0018831865163519979
5358,0.007670125458389521,0.0023073579650372267
5359,0.00866889301687479,0.003254855051636696
5360,0.008655589073896408,0.004709311295300722
5361,0.007938222959637642,0.00574524886906147
5362,0.006015297025442123,0.005771063733845949
5363,0.003714925842359662,0.0039198435842990875
5364,0.001789528876543045,0.0014701152686029673
5365,0.0008593894308432937,0.0003111765836365521
5366,0.0009722122340463102,0.0010806110221892595
5367,0.0018069042125716805,0.002462167991325259
5368,0.0029011638835072517,0.0027666224632412195
5369,0.0036492119543254375,0.0017345593078061938
5370,0.003985745366662741,0.0005403185496106744
5371,0.003509095637127757,0.0002726351376622915
5372,0.0026263510808348656,0.0009444772731512785
5373,0.001626448705792427,0.0017600968712940812
5374,0.0009561704355292022,0.002193494001403451
5375,0.0007181970286183059,0.002026383997872472
5376,0.0008781036594882607,0.001470450428314507
5377,0.0012784840073436499,0.000767643447034061
5378,0.0017385866958647966,0.0003754288190975785
5379,0.002156495349481702,0.0003409091441426426
5380,0.002379409037530422,0.0004930764553137124
5381,0.0024489196948707104,0.0006820816779509187
5382,0.00227956660091877,0.0007675853557884693
5383,0.0020294194109737873,0.0007083513191901147
5384,0.001684851013123989,0.0005839075311087072
5385,0.0013661659322679043,0.0005133417434990406
5386,0.0010679076658561826,0.00048564071767032146
5387,0.0008470498723909259,0.0004531234153546393
5388,0.0007137027569115162,0.0004008478717878461
5389,0.0006626899121329188,0.000321279454510659
5390,0.0006771499756723642,0.0002338025369681418
5391,0.0007373613771051168,0.0001909226702991873
5392,0.0008287272648885846,0.00022911321138963103
5393,0.0009378750692121685,0.000317358470056206
5394,0.0010653644567355514,0.00040602724766358733
5395,0.0011937911622226238,0.00046722323168069124
5396,0.0013309530913829803,0.0004747195343952626
5397,0.001445568399503827,0.00043704878771677613
5398,0.0015651797875761986,0.0003878489078488201
5399,0.0016531459987163544,0.0003684974508360028
5400,0.001756118843331933,0.0003940710739698261
5401,0.0018241668585687876,0.0004605851136147976
5402,0.0019093214068561792,0.0005626686615869403
5403,0.0019488957477733493,0.0006606735987588763
5404,0.0019996492192149162,0.000744342221878469
5405,0.001999306259676814,0.0007832523551769555
5406,0.002002934692427516,0.0008026203722693026
5407,0.0019530770368874073,0.0007824267959222198
5408,0.001903599128127098,0.0007560565718449652
5409,0.0018217964097857475,0.000711847678758204
5410,0.0017491915496066213,0.0006674079922959208
5411,0.0016666221199557185,0.0006065135239623487
5412,0.0015983833000063896,0.0005287741078063846
5413,0.0015478201676160097,0.00043468043440952897
5414,0.0015262631932273507,0.00032613781513646245
5415,0.0015511877136304975,0.00022268923930823803
5416,0.001623640302568674,0.0001422842324245721
5417,0.0017783410148695111,9.961496834876016e-05
5418,0.0020167098846286535,9.414140367880464e-05
5419,0.002394957235082984,0.00011551512579899281
5420,0.002925415989011526,0.0001477549085393548
5421,0.003692071419209242,0.00017502559057902545
5422,0.004712800495326519,0.00019153003813698888
5423,0.006068775430321693,0.0001993631012737751
5424,0.007695718668401241,0.00020982956630177796
5425,0.009516432881355286,0.00023450664593838155
5426,0.011144662275910378,0.00028637165087275207
5427,0.012152621522545815,0.0003772948693949729
5428,0.0118499044328928,0.0005113293300382793
5429,0.010104332119226456,0.0007062102085910738
5430,0.007067486178129911,0.0009566863300278783
5431,0.004015395417809486,0.00130321248434484
5432,0.001926760422065854,0.0017015014309436083
5433,0.001643241150304675,0.002206001430749893
5434,0.00295758037827909,0.0026375914458185434
5435,0.0048686787486076355,0.003024518257007003
5436,0.006341809406876564,0.003017114009708166
5437,0.00645219162106514,0.0027233613654971123
5438,0.005452961660921574,0.0020422039087861776
5439,0.0038571273908019066,0.0013305661268532276
5440,0.0027800227981060743,0.0008184134494513273
5441,0.0027046098839491606,0.000613535288721323
5442,0.003293488407507539,0.0006538594025187194
5443,0.004066193010658026,0.0008063530549407005
5444,0.004152876324951649,0.0009939817246049643
5445,0.0036505567841231823,0.0011489818571135402
5446,0.002498496789485216,0.0012577478773891926
5447,0.0014172791270539165,0.001237352378666401
5448,0.0008314223377965391,0.0010706065222620964
5449,0.0008810512372292578,0.0007956053595989943
5450,0.0012912445235997438,0.0004885044181719422
5451,0.0016560736112296581,0.0002493869105819613
5452,0.0017260845052078366,0.00013726166798733175
5453,0.0014879419468343258,0.00014826390543021262
5454,0.001182015286758542,0.00022727718169335276
5455,0.0010331147350370884,0.00030969310319051147
5456,0.0011702587362378836,0.0003593471774365753
5457,0.0015179545152932405,0.00036672380520030856
5458,0.0019081737846136093,0.0003583795332815498
5459,0.002229346428066492,0.0003685701231006533
5460,0.002406367100775242,0.00042285703239031136
5461,0.002562594600021839,0.0005346561665646732
5462,0.002802755916491151,0.0006862505106255412
5463,0.003173415083438158,0.0008771985303610563
5464,0.0037457426078617573,0.0010653738863766193
5465,0.004234746098518372,0.0012695466866716743
5466,0.004770233295857906,0.0014306333614513278
5467,0.004800110124051571,0.0015887130284681916
5468,0.004604518413543701,0.0016441275365650654
5469,0.003939869813621044,0.0016422169283032417
5470,0.003224798245355487,0.0014778869226574898
5471,0.0024012522771954536,0.0012379621621221304
5472,0.0017053380142897367,0.0009101156028918922
5473,0.0012142404448240995,0.0006077527068555355
5474,0.0009264147374778986,0.00037767685716971755
5475,0.0008156842668540776,0.0002499051042832434
5476,0.0008525040466338396,0.00021959247533231974
5477,0.0010114316828548908,0.00026513385819271207
5478,0.0012527686776593328,0.00037166752736084163
5479,0.0015594494761899114,0.0005245858337730169
5480,0.001859075273387134,0.0007252406794577837
5481,0.002122333738952875,0.0009497487335465848
5482,0.002288391115143895,0.001209193840622902
5483,0.0023549178149551153,0.0014668407384306192
5484,0.002322223735973239,0.0017475987551733851
5485,0.002248000353574753,0.001961388858035207
5486,0.0021025624591857195,0.0021230457350611687
5487,0.001943587907589972,0.0020420944783836603
5488,0.001755142118781805,0.0017718708841130137
5489,0.0016124369576573372,0.0012345243012532592
5490,0.0014462100807577372,0.0006706555723212659
5491,0.0013080298667773604,0.0002536059473641217
5492,0.0011595829855650663,0.00013064003724139184
5493,0.001041771494783461,0.0002765484678093344
5494,0.0009348480962216854,0.0005555826937779784
5495,0.0008586478652432561,0.000834148027934134
5496,0.0008002582471817732,0.0010049567790701985
5497,0.0007621784461662173,0.0010776581475511193
5498,0.0007389391539618373,0.0010253366781398654
5499,0.0007259708945639431,0.0009197359904646873
5500,0.0007180706597864628,0.0007573224720545113
5501,0.0007120934315025806,0.0005956546519882977
5502,0.0007079821079969406,0.0004386603832244873
5503,0.0007066162652336061,0.0003092352708335966
5504,0.0007106836419552565,0.00020880017837043852
5505,0.0007228869944810867,0.0001425153313903138
5506,0.0007453575963154435,0.0001066936893039383
5507,0.0007825668435543776,9.492888784734532e-05
5508,0.0008367787231691182,0.00010147260763915256
5509,0.0009212319855578244,0.00012197313481010497
5510,0.001038381364196539,0.0001533147442387417
5511,0.0012209949782118201,0.00019513902952894568
5512,0.0014697287697345018,0.0002517775574233383
5513,0.0018605494406074286,0.00032862022635526955
5514,0.0023835445754230022,0.0004393044800963253
5515,0.0031996050383895636,0.000592486874666065
5516,0.004211283754557371,0.0008203089237213135
5517,0.005629594437777996,0.0011272268602624536
5518,0.007201244123280048,0.0015751707833260298
5519,0.009046908468008041,0.0021090656518936157
5520,0.010439515113830566,0.002792969811707735
5521,0.010872569866478443,0.003320389660075307
5522,0.009952460415661335,0.0036611054092645645
5523,0.00800790823996067,0.003254408249631524
5524,0.005121354945003986,0.002347681438550353
5525,0.00236239074729383,0.0011422621319070458
5526,0.0013674487126991153,0.00040176708716899157
5527,0.0014328709803521633,0.00043413019739091396
5528,0.0023116290103644133,0.0010030412813648582
5529,0.0034252104815095663,0.0015587861416861415
5530,0.003456477541476488,0.0016891083214432001
5531,0.00340370018966496,0.001375841093249619
5532,0.0030967402271926403,0.0008255453431047499
5533,0.0025884434580802917,0.0003741568943951279
5534,0.0016405889764428139,0.00016842817422002554
5535,0.0010422313353046775,0.00022292416542768478
5536,0.0008582076407037675,0.00046017792192287743
5537,0.0009765215800143778,0.000763155345339328
5538,0.0015217114705592394,0.0010520659852772951
5539,0.0019236647058278322,0.0012487214989960194
5540,0.0021964404731988907,0.0013825665228068829
5541,0.0021753436885774136,0.0013596140779554844
5542,0.002064189873635769,0.0012314504710957408
5543,0.001930705038830638,0.0009779076790437102
5544,0.0016808268846943974,0.0007279933197423816
5545,0.0013508349657058716,0.0005292891291901469
5546,0.0011489333119243383,0.0004582212131936103
5547,0.000917967816349119,0.0005155679536983371
5548,0.0008511566556990147,0.0006360415136441588
5549,0.0007337572751566768,0.0007433962309733033
5550,0.0007258285768330097,0.0007747960044071078
5551,0.0007307907799258828,0.0007203068817034364
5552,0.0007637381786480546,0.0005965968011878431
5553,0.0008297793683595955,0.0004531614831648767
5554,0.000916058081202209,0.00033185354550369084
5555,0.0009703875984996557,0.00026851342408917844
5556,0.0010926646646112204,0.0002675220603123307
5557,0.0011393219465389848,0.00032463722163811326
5558,0.0012525985948741436,0.0004267645417712629
5559,0.0012849131599068642,0.0005606545601040125
5560,0.0013402982149273157,0.0007228768663480878
5561,0.0013762577436864376,0.0009158623870462179
5562,0.0014476804062724113,0.0011653968831524253
5563,0.0014945219736546278,0.0015009401831775904
5564,0.0015318277291953564,0.0019396755378693342
5565,0.0015419237315654755,0.0025195390917360783
5566,0.0016003830824047327,0.003082031849771738
5567,0.001623879885300994,0.003584835212677717
5568,0.0016500616911798716,0.0035091920290142298
5569,0.0016302810981869698,0.002923674415796995
5570,0.001611711923032999,0.0017286920920014381
5571,0.0015919923316687346,0.0006661616498604417
5572,0.001613141386769712,0.00023680311278440058
5573,0.0015968140214681625,0.0005359791684895754
5574,0.0015376697992905974,0.0011396171757951379
5575,0.00150030548684299,0.0015048625646159053
5576,0.0015257003251463175,0.0014571467181667686
5577,0.0015308440197259188,0.001049530110321939
5578,0.0015224841190502048,0.0006021251901984215
5579,0.001504253246821463,0.00030551402596756816
5580,0.0015108130173757672,0.00024080474395304918
5581,0.0015140416799113154,0.00036304842797107995
5582,0.0015630542766302824,0.0005866542924195528
5583,0.0015783840790390968,0.0008455858915112913
5584,0.0015821282286196947,0.0010609568562358618
5585,0.001595744164660573,0.0012441996950656176
5586,0.0017034376505762339,0.0013102204538881779
5587,0.001786851673386991,0.0012798653915524483
5588,0.00184782431460917,0.0010911499848589301
5589,0.0019176979549229145,0.0008437257492914796
5590,0.0020147354807704687,0.0005740875494666398
5591,0.0021272895392030478,0.00037396460538730025
5592,0.002264170441776514,0.0002845540002454072
5593,0.002331069204956293,0.0002996128750964999
5594,0.002362746512517333,0.00037234503543004394
5595,0.002382879378274083,0.00044945115223526955
5596,0.0025460910983383656,0.0005060714902356267
5597,0.002568187192082405,0.0005275191506370902
5598,0.002469358965754509,0.0005364105454646051
5599,0.0024188689421862364,0.000534834573045373
5600,0.0024090937804430723,0.0005481216358020902
5601,0.0023854547180235386,0.0005687833181582391
5602,0.002217026660218835,0.0006065971683710814
5603,0.0020894932094961405,0.0006478417781181633
5604,0.0019253030186519027,0.0006986921653151512
5605,0.0017795751336961985,0.0007487970287911594
5606,0.0017147054895758629,0.0008060930413194001
5607,0.0016122228698804975,0.0008580907015129924
5608,0.001595335197634995,0.0009202188812196255
5609,0.0016416929429396987,0.0009655518224462867
5610,0.0017446712590754032,0.0010094966273754835
5611,0.001973707228899002,0.0010053461883217096
5612,0.002285669557750225,0.0009755754144862294
5613,0.002845682203769684,0.0008752034045755863
5614,0.0035548568703234196,0.0007449970580637455
5615,0.004503557458519936,0.0005757053731940687
5616,0.005780970212072134,0.00041413059807382524
5617,0.0073760803788900375,0.0002728069666773081
5618,0.00910549983382225,0.0001734858815325424
5619,0.010722558945417404,0.00011825102410512045
5620,0.011395584791898727,0.00010229420877294615
5621,0.011026490479707718,0.00011658074072329327
5622,0.008746957406401634,0.00015318021178245544
5623,0.005614697001874447,0.0002101997088175267
5624,0.002503950847312808,0.00029052942409180105
5625,0.0008607457857578993,0.0004093576571904123
5626,0.0010521070798859,0.0005815668264403939
5627,0.0024730456061661243,0.0008522547432221472
5628,0.0040403082966804504,0.0012379951076582074
5629,0.004705128259956837,0.0018223035149276257
5630,0.0041706860065460205,0.0025140515062958
5631,0.002788732759654522,0.0033537044655531645
5632,0.0014182992745190859,0.0038116455543786287
5633,0.0007475347956642509,0.00382531457580626
5634,0.0009459616849198937,0.0028258138336241245
5635,0.001715818652883172,0.0015112109249457717
5636,0.0024860233534127474,0.0005480333929881454
5637,0.0028917123563587666,0.0005723098292946815
5638,0.002718389732763171,0.001336136250756681
5639,0.002308906987309456,0.0021079096477478743
5640,0.0018442817963659763,0.0022637404035776854
5641,0.0017140523996204138,0.0018118617590516806
5642,0.0019950494170188904,0.001078660017810762
5643,0.0026228497736155987,0.000566334929317236
5644,0.0033918574918061495,0.00048290571430698037
5645,0.004082013852894306,0.0007153482874855399
5646,0.004783498123288155,0.0011433379258960485
5647,0.005413836799561977,0.0017225363990291953
5648,0.006198109593242407,0.002259170403704047
5649,0.007235521916300058,0.002690104302018881
5650,0.008044500835239887,0.002682296559214592
5651,0.008110320195555687,0.002301925327628851
5652,0.0074363951571285725,0.0014294544234871864
5653,0.006905520334839821,0.000586082402151078
5654,0.00550569873303175,0.00019703799625858665
5655,0.003227692097425461,0.000409008382121101
5656,0.0023712487891316414,0.0009078664006665349
5657,0.0017375331372022629,0.0012029381468892097
5658,0.0013832506956532598,0.0010858915047720075
5659,0.0014704689383506775,0.0006872895173728466
5660,0.0011807107366621494,0.0003072353720199317
5661,0.0012954403646290302,0.00013115940964780748
5662,0.0012344527058303356,0.00021392336930148304
5663,0.0012771743349730968,0.00046866299817338586
5664,0.0013107185950502753,0.0007626810111105442
5665,0.0012534016277641058,0.00105146539863199
5666,0.0011955701047554612,0.0012663474772125483
5667,0.0012606052914634347,0.0014547263272106647
5668,0.001237996038980782,0.001526517211459577
5669,0.0012259106151759624,0.001527237007394433
5670,0.0011692699044942856,0.0013661662815138698
5671,0.001078794477507472,0.0011630463413894176
5672,0.0010006740922108293,0.0009369984036311507
5673,0.0009281039820052683,0.0008033465128391981
5674,0.0009272328461520374,0.0008158767013810575
5675,0.0008970446651801467,0.0009707305580377579
5676,0.0009529474191367626,0.0011915985960513353
5677,0.0009327366715297103,0.0013401906471699476
5678,0.0009647320839576423,0.0013501845533028245
5679,0.00100107048638165,0.0011755411978811026
5680,0.0009406571043655276,0.0008767960825935006
5681,0.0009920563315972686,0.0005376507760956883
5682,0.000945183914154768,0.00026848173001781106
5683,0.001000939984805882,0.00013003208732698113
5684,0.001073878025636077,0.00013530392607208341
5685,0.0011375753674656153,0.00024712798767723143
5686,0.0012784075224772096,0.0004074191674590111
5687,0.0014346102252602577,0.0005663087358698249
5688,0.0016200757818296552,0.000677239615470171
5689,0.0018842000281438231,0.0007390778046101332
5690,0.0021940700244158506,0.0007473013247363269
5691,0.0025808203499764204,0.000746681063901633
5692,0.003050606232136488,0.0007436333107762039
5693,0.00356330256909132,0.0007864765357226133
5694,0.004195652436465025,0.0008618677966296673
5695,0.004558979999274015,0.0010063796071335673
5696,0.0048277173191308975,0.0011775076854974031
5697,0.004821158945560455,0.0013822190230712295
5698,0.004584787879139185,0.0015610386617481709
5699,0.003939799964427948,0.0016710737254470587
5700,0.0030812006443738937,0.0016695986269041896
5701,0.0021859423723071814,0.0015034634852781892
5702,0.0014330490957945585,0.0012202048674225807
5703,0.0009152350248768926,0.0008723617065697908
5704,0.0006829483318142593,0.0005791842704638839
5705,0.0006930642994120717,0.0004193971399217844
5706,0.0008929450996220112,0.00040762306889519095
5707,0.0012131993426010013,0.0005027618026360869
5708,0.0015688405837863684,0.0006132912822067738
5709,0.0019182548858225346,0.0006839502602815628
5710,0.002154654124751687,0.0006758356466889381
5711,0.002340936567634344,0.0006264568655751646
5712,0.0024084493052214384,0.0005683776107616723
5713,0.00242607481777668,0.0005644190241582692
5714,0.002326438669115305,0.0006194636225700378
5715,0.002141547854989767,0.0007443835493177176
5716,0.0019415835849940777,0.0008924449793994427
5717,0.0017682375619187951,0.0010448284447193146
5718,0.0015672969166189432,0.0011495426297187805
5719,0.001352572813630104,0.0012057408457621932
5720,0.001173681579530239,0.0011886523570865393
5721,0.00103283510543406,0.001134774531237781
5722,0.0009158320026472211,0.0010370428208261728
5723,0.0008246689103543758,0.00094893469940871
5724,0.0007558073848485947,0.0008497086819261312
5725,0.0007043160730972886,0.0007767265778966248
5726,0.0006748627638444304,0.0006918151630088687
5727,0.0006615374586544931,0.0006159751210361719
5728,0.0006530515383929014,0.0005223559564910829
5729,0.0006497432477772236,0.0004322449385654181
5730,0.0006483725737780333,0.00034165731631219387
5731,0.0006456210976466537,0.00026872882153838873
5732,0.000646689091809094,0.00021466630278155208
5733,0.0006421505240723491,0.00018329521117266268
5734,0.0006399383419193327,0.0001689217024249956
5735,0.000637179589830339,0.0001651472266530618
5736,0.000631275528576225,0.0001657875400269404
5737,0.0006333861383609474,0.00016652641352266073
5738,0.0006305774440988898,0.00016783743922133
5739,0.0006359172984957695,0.0001722478773444891
5740,0.0006438455311581492,0.00018659615307115018
5741,0.0006585767259821296,0.00022055607405491173
5742,0.0006869711796753109,0.00028845376800745726
5743,0.000732158892787993,0.0004180119722150266
5744,0.0008020728128030896,0.0006459163851104677
5745,0.0009199801133945584,0.0010622196132317185
5746,0.0011004538973793387,0.0017438323702663183
5747,0.0014118712861090899,0.0029223167803138494
5748,0.0018659260822460055,0.004478077404201031
5749,0.0026288549415767193,0.006545160431414843
5750,0.0037041453178972006,0.007445602677762508
5751,0.005403533112257719,0.006909791845828295
5752,0.007546271197497845,0.003795746248215437
5753,0.010370499454438686,0.001328808255493641
5754,0.013128861784934998,0.0013942739460617304
5755,0.015049953944981098,0.0031628701835870743
5756,0.014967089518904686,0.004467578139156103
5757,0.012348082847893238,0.004808834288269281
5758,0.007903607562184334,0.002592571312561631
5759,0.003950153011828661,0.0006830028723925352
5760,0.0031789783388376236,0.0015872686635702848
5761,0.004876068793237209,0.0035973868798464537
5762,0.008362965658307076,0.004585077054798603
5763,0.010150950402021408,0.0060611143708229065
5764,0.007918287068605423,0.006820818409323692
5765,0.005781934130936861,0.005058854818344116
5766,0.0037600037176162004,0.002019984880462289
5767,0.002865707967430353,0.0007792095420882106
5768,0.001313560176640749,0.0013561705127358437
5769,0.00130755128338933,0.0023148779291659594
5770,0.0023536859080195427,0.0023449596483260393
5771,0.003436377737671137,0.0013181152753531933
5772,0.0051089017651975155,0.0007305881008505821
5773,0.004784740041941404,0.0011190429795533419
5774,0.0035696602426469326,0.0014562588185071945
5775,0.001995620084926486,0.0012659772764891386
5776,0.0010422212071716785,0.00052987365052104
5777,0.0008876555366441607,0.000278911495115608
5778,0.0014675762504339218,0.0008222241885960102
5779,0.0022300523705780506,0.0009542304906062782
5780,0.0026952363550662994,0.0010773998219519854
5781,0.002687471453100443,0.0011908161686733365
5782,0.0024306909181177616,0.0008518261602148414
5783,0.0017136912792921066,0.0005564026068896055
5784,0.0011722312774509192,0.00046280521200969815
5785,0.0007809108356013894,0.0003175917954649776
5786,0.0007768608629703522,0.0001665657910052687
5787,0.0009985609212890267,0.0002719357144087553
5788,0.0012472784146666527,0.0003693442849908024
5789,0.0015232423320412636,0.0003502437612041831
5790,0.001593354856595397,0.00046734369243495166
5791,0.0014943911228328943,0.0005415929481387138
5792,0.0012986749643459916,0.0004902385408058763
5793,0.000998767907731235,0.0004005644586868584
5794,0.0008086084853857756,0.0003415615065023303
5795,0.0006702254177071154,0.0002739380579441786
5796,0.000626409484539181,0.00016429289826191962
5797,0.0006812044302932918,0.00015030249778646976
5798,0.0007676332606934011,0.00016607729776296765
5799,0.0008757415926083922,0.00015500988229177892
5800,0.0009780771797522902,0.0001753245305735618
5801,0.001032404717989266,0.00023038733343128115
5802,0.0010585356503725052,0.0002662111655808985
5803,0.001035671797581017,0.0002784526441246271
5804,0.0010145247215405107,0.00033351112506352365
5805,0.0009845378808677197,0.00037967911339364946
5806,0.0009437166154384613,0.0004126171115785837
5807,0.0009068583603948355,0.0004817296867258847
5808,0.0008867813739925623,0.0005678639281541109
5809,0.0008913481142371893,0.0006491013919003308
5810,0.0009231904987245798,0.000737997586838901
5811,0.0009861940052360296,0.0008128370973281562
5812,0.0010796379065141082,0.000864208850543946
5813,0.001210629241541028,0.0008458023075945675
5814,0.0013752825325354934,0.000805392162874341
5815,0.0015793038764968514,0.0007173054618760943
5816,0.0018448000773787498,0.0006144876824691892
5817,0.002180482028052211,0.0005024929414503276
5818,0.002603949746116996,0.0004080466751474887
5819,0.0031072187703102827,0.00032833695877343416
5820,0.0036762019153684378,0.0002501642447896302
5821,0.004332451149821281,0.00019008642993867397
5822,0.005030487664043903,0.00014707431546412408
5823,0.005714603699743748,0.0001232078648172319
5824,0.0061743962578475475,0.0001277942501474172
5825,0.006388152949512005,0.0001595103385625407
5826,0.006190968677401543,0.00020599691197276115
5827,0.005733562633395195,0.00025657896185293794
5828,0.004898165352642536,0.0003129768301732838
5829,0.004041065461933613,0.0003726375289261341
5830,0.003254643874242902,0.0004474082961678505
5831,0.002730814041569829,0.0005602112505584955
5832,0.0024635435547679663,0.0007341907476074994
5833,0.002377908444032073,0.0010069459676742554
5834,0.002580618252977729,0.0013781136367470026
5835,0.0026330002583563328,0.0019067440880462527
5836,0.0025872192345559597,0.0024596338625997305
5837,0.002377104479819536,0.003072650171816349
5838,0.002055270131677389,0.0032910848967731
5839,0.0016616550274193287,0.0032091462053358555
5840,0.001298347720876336,0.0024635607842355967
5841,0.001065193908289075,0.0016679720720276237
5842,0.0010269585764035583,0.0011530308984220028
5843,0.0011787863913923502,0.001110290875658393
5844,0.001462711370550096,0.001268930733203888
5845,0.0017874118639156222,0.0012359474785625935
5846,0.001998285297304392,0.0009416199754923582
5847,0.0021647524554282427,0.0005979116540402174
5848,0.0020970813930034637,0.0004746892082039267
5849,0.001959705026820302,0.0005921790143474936
5850,0.001687435433268547,0.0007662401185370982
5851,0.0014508171007037163,0.0008241606410592794
5852,0.0012437526602298021,0.0007280381978489459
5853,0.0011258514132350683,0.000599613122176379
5854,0.0010622355621308088,0.0005608678911812603
5855,0.0010378137230873108,0.0007043241639621556
5856,0.0010358421131968498,0.0009706056443974376
5857,0.0010236849775537848,0.0012525185011327267
5858,0.0009932820685207844,0.0014555772067978978
5859,0.0009391130297444761,0.001551980385556817
5860,0.0008731391280889511,0.0015279268845915794
5861,0.0007966958219185472,0.0014341742498800159
5862,0.000724732642993331,0.0012307215947657824
5863,0.0006671061273664236,0.0009900334989652038
5864,0.0006263925461098552,0.0006723420228809118
5865,0.0006069826195016503,0.00038584551657550037
5866,0.0006039549480192363,0.00020235478586982936
5867,0.0006154289003461599,0.00017480921815149486
5868,0.0006371399504132569,0.00028038653545081615
5869,0.000662252539768815,0.00045243874774314463
5870,0.0006912027020007372,0.000634272990282625
5871,0.0007222146959975362,0.0007689854828640819
5872,0.0007561133243143559,0.0008754213340580463
5873,0.0008014115737751126,0.0009219683706760406
5874,0.0008532127249054611,0.0009630577405914664
5875,0.0009385390440002084,0.0009656691690906882
5876,0.0010561608942225575,0.0009810173651203513
5877,0.0012617476750165224,0.0009658447233960032
5878,0.0015420665731653571,0.0009556061122566462
5879,0.002004630398005247,0.0009004592429846525
5880,0.0026191663928329945,0.0008323310175910592
5881,0.0036017000675201416,0.0007162281544879079
5882,0.004833420738577843,0.0005882746772840619
5883,0.006525432225316763,0.0004467415565159172
5884,0.008385959081351757,0.00032291311072185636
5885,0.010304109193384647,0.0002239825262222439
5886,0.01168484054505825,0.0001576078648213297
5887,0.011662106029689312,0.00012296985369175673
5888,0.010121196508407593,0.00011509668547660112
5889,0.007359752897173166,0.00012858722766395658
5890,0.004508905112743378,0.0001590916799614206
5891,0.0028419781010597944,0.00020568034960888326
5892,0.003060661256313324,0.0002709806722123176
5893,0.004690362140536308,0.00036602767067961395
5894,0.007419591769576073,0.0005076141678728163
5895,0.00850109662860632,0.0007394439307972789
5896,0.006533338688313961,0.0011042427504435182
5897,0.005605852231383324,0.001721060136333108
5898,0.005122610367834568,0.0025964879896491766
5899,0.0059484634548425674,0.0039008469320833683
5900,0.005277805030345917,0.0050331889651715755
5901,0.007264134008437395,0.005866748746484518
5902,0.00872757937759161,0.004763500299304724
5903,0.008812750689685345,0.0027679537888616323
5904,0.00834742747247219,0.000957804499194026
5905,0.008731506764888763,0.0011522548738867044
5906,0.007837718352675438,0.002622639061883092
5907,0.008022483438253403,0.0035676229745149612
5908,0.008277731016278267,0.0029473472386598587
5909,0.005842355079948902,0.0016554282046854496
5910,0.004060649313032627,0.0006059797015041113
5911,0.0027926487382501364,0.0011199817527085543
5912,0.0013327095657587051,0.0022989902645349503
5913,0.002179419621825218,0.0030377903021872044
5914,0.0029273289255797863,0.0034908237867057323
5915,0.002562368055805564,0.003768649883568287
5916,0.002775180386379361,0.0029681609012186527
5917,0.001586451195180416,0.0017901357496157289
5918,0.0013633019989356399,0.0007499392377212644
5919,0.0013508201809599996,0.0003126823285128921
5920,0.0010303521994501352,0.0006458777352236211
5921,0.0017436358612030745,0.0012885087635368109
5922,0.001586088095791638,0.0013742170995101333
5923,0.0018323762342333794,0.0007619648240506649
5924,0.0016918634064495564,0.0002867441507987678
5925,0.001356092980131507,0.0003607576072681695
5926,0.0010690891649574041,0.000685445440467447
5927,0.0010110336588695645,0.0008991127251647413
5928,0.0007129574660211802,0.0008090480114333332
5929,0.0008743198704905808,0.000517109758220613
5930,0.00086092489073053,0.00023227697238326073
5931,0.0008683640626259148,0.000179870447027497
5932,0.0009471897501498461,0.0003269663720857352
5933,0.0007941634976305068,0.0004959437064826488
5934,0.0008371717995032668,0.0006066149799153209
5935,0.000760262890253216,0.0006646175170317292
5936,0.0007284784223884344,0.0007189398165792227
5937,0.0006710420711897314,0.0007477941690012813
5938,0.0007360231247730553,0.0008158127893693745
5939,0.000658564327750355,0.0009266065317206085
5940,0.0007085369434207678,0.00105959246866405
5941,0.0006822235882282257,0.0011487507726997137
5942,0.0006574502913281322,0.0012046750634908676
5943,0.0006638109916821122,0.0011804625391960144
5944,0.0006266401032917202,0.001068931189365685
5945,0.0006157269235700369,0.0008865998825058341
5946,0.000624978740233928,0.0006777248345315456
5947,0.0006092736148275435,0.00046193425077944994
5948,0.0006016987608745694,0.0002818862267304212
5949,0.000627969391644001,0.00016952602891251445
5950,0.0005983059527352452,0.0001226848689839244
5951,0.0006277202628552914,0.0001290593936573714
5952,0.0006029909127391875,0.00017734727589413524
5953,0.0006041439482942224,0.0002523938019294292
5954,0.0006058806320652366,0.0003421565343160182
5955,0.0005892651970498264,0.00043970352271571755
5956,0.0005921947304159403,0.0005531767965294421
5957,0.0005892844055779278,0.0007040799828246236
5958,0.0005844241240993142,0.0009079314186237752
5959,0.0005911283660680056,0.0012105170171707869
5960,0.0005898065865039825,0.0015995955327525735
5961,0.0005908267921768129,0.0021291193552315235
5962,0.0006026499322615564,0.00257362169213593
5963,0.0005996098625473678,0.0029331278055906296
5964,0.000614409800618887,0.002693725051358342
5965,0.0006226106779649854,0.002102920785546303
5966,0.00063587527256459,0.0011855642078444362
5967,0.0006619270425289869,0.0006395925884135067
5968,0.0006899369182065129,0.0006988511304371059
5969,0.0007406065706163645,0.0010999597143381834
5970,0.0008029009914025664,0.001303967321291566
5971,0.0008901343680918217,0.0010550463339313865
5972,0.0010078921914100647,0.000583149550948292
5973,0.001201567705720663,0.00023377142497338355
5974,0.001440617605112493,0.00021331360039766878
5975,0.0018029282800853252,0.00045693368883803487
5976,0.0022075213491916656,0.0007468244293704629
5977,0.0028434728737920523,0.0009408157202415168
5978,0.0034645393025130033,0.0009804907022044063
5979,0.004318762104958296,0.0009562260820530355
5980,0.004901329521089792,0.0008962976280599833
5981,0.005564860999584198,0.0009069028892554343
5982,0.005607352126389742,0.0009534838027320802
5983,0.005480985157191753,0.0010409178212285042
5984,0.00456539960578084,0.001110739540308714
5985,0.003468920476734638,0.0011393639724701643
5986,0.002221796428784728,0.001084956107661128
5987,0.0012965714558959007,0.0009394282824359834
5988,0.0007811215473338962,0.0007378265727311373
5989,0.0007095938781276345,0.0005188382929190993
5990,0.0009929175721481442,0.0003287184808868915
5991,0.0014749756082892418,0.00019512746075633913
5992,0.0020722271874547005,0.00013393776316661388
5993,0.0025378179270774126,0.00013593478070106357
5994,0.0028431308455765247,0.00017565878806635737
5995,0.0028238287195563316,0.00023081208928488195
5996,0.002732397522777319,0.00028522376669570804
5997,0.0023183608427643776,0.00033654365688562393
5998,0.0017929633613675833,0.0003921309835277498
5999,0.0013039488112553954,0.0004833012353628874
6000,0.0009558330057188869,0.0006581214838661253
6001,0.0007396136061288416,0.0009788662428036332
6002,0.0006289162556640804,0.0015809379983693361
6003,0.0006253966130316257,0.0025258278474211693
6004,0.0007023722282610834,0.004050735384225845
6005,0.0008282375056296587,0.0055174692533910275
6006,0.001013514120131731,0.0067184860818088055
6007,0.0012130090035498142,0.00543025229126215
6008,0.0014222958125174046,0.0030559927690774202
6009,0.0016874887514859438,0.0011262929765507579
6010,0.0019296682439744473,0.001997997984290123
6011,0.0022137502674013376,0.004222515970468521
6012,0.0024118702858686447,0.005811247043311596
6013,0.002618385711684823,0.0050673410296440125
6014,0.00272768153809011,0.0030925581231713295
6015,0.002898596925660968,0.0016006040386855602
6016,0.00286288489587605,0.0033490017522126436
6017,0.0027032659854739904,0.005359180737286806
6018,0.002478039124980569,0.007355337031185627
6019,0.002329660812392831,0.009742718189954758
6020,0.002070595743134618,0.009169821627438068
6021,0.001706784125417471,0.004273954313248396
6022,0.0014885382261127234,0.001305343583226204
6023,0.001307851169258356,0.0017102813581004739
6024,0.0012239508796483278,0.003639587666839361
6025,0.00115949846804142,0.003485653782263398
6026,0.0011843808460980654,0.002134124282747507
6027,0.0012876663822680712,0.001997909042984247
6028,0.0014171961229294538,0.001685566850937903
6029,0.0016823522746562958,0.0012826038291677833
6030,0.002021264983341098,0.0013385156635195017
6031,0.0024941256269812584,0.0010023561771959066
6032,0.003112998092547059,0.001051184255629778
6033,0.0038424290250986814,0.0015707251150161028
6034,0.004753114655613899,0.0007533177267760038
6035,0.005656030494719744,0.0006939820013940334
6036,0.006563633680343628,0.0006495449924841523
6037,0.007099267095327377,0.0005027753650210798
6038,0.007220999803394079,0.0009479131549596786
6039,0.006617852486670017,0.0007753536337986588
6040,0.005472579970955849,0.0007498928462155163
6041,0.003972731996327639,0.0005466581205837429
6042,0.002544559072703123,0.0005668461672030389
6043,0.0016830419190227985,0.000514584535267204
6044,0.0016387645155191422,0.0004580006352625787
6045,0.002282085595652461,0.0004937301273457706
6046,0.0033930710051208735,0.0002233617997262627
6047,0.004977230913937092,0.00026996448286809027
6048,0.006072456017136574,0.000267776136752218
6049,0.0061011165380477905,0.00030703606898896396
6050,0.006138892378658056,0.00030604825587943196
6051,0.0071873473934829235,0.0002617200370877981
6052,0.009123417548835278,0.00023753932327963412
6053,0.010452579706907272,0.0001603863638592884
6054,0.015124307945370674,0.00025643344270065427
6055,0.023189399391412735,0.00022137147607281804
6056,0.03255617991089821,0.00021741504315286875
6057,0.0341312400996685,0.0002050048060482368
6058,0.05031546577811241,0.00015014546806924045
6059,0.06135886162519455,0.00016046805831138045
6060,0.05390681326389313,0.0001552793401060626
6061,0.025750428438186646,0.00018620325135998428
6062,0.014558630995452404,0.00016837354633025825
6063,0.021984916180372238,0.00015863211592659354
6064,0.01990152895450592,0.0001493670861236751
6065,0.023568766191601753,0.0001351124665234238
6066,0.024554863572120667,0.00014875674969516695
6067,0.016671784222126007,0.00014743953943252563
6068,0.010975180193781853,0.00015975670248735696
6069,0.016014890745282173,0.00014792564616072923
6070,0.018091805279254913,0.0001455917808925733
6071,0.008666124194860458,0.00015414954395964742
6072,0.0068549225106835365,0.00015217020700220019
6073,0.01187232043594122,0.00017406076949555427
6074,0.015832042321562767,0.00018845837621483952
6075,0.013823151588439941,0.00020546899759210646
6076,0.016952374950051308,0.00022971568978391588
6077,0.010251437313854694,0.0002669891982804984
6078,0.0035741457249969244,0.00032320129685103893
6079,0.00888371653854847,0.0004051661235280335
6080,0.011497235856950283,0.0005283115315251052
6081,0.005328510422259569,0.000700329546816647
6082,0.0070703099481761456,0.0009454394457861781
6083,0.010470783337950706,0.0013125676196068525
6084,0.00435124384239316,0.001801058417186141
6085,0.009512554854154587,0.002518358873203397
6086,0.018583770841360092,0.0032990057952702045
6087,0.025728246197104454,0.004236247856169939
6088,0.017506273463368416,0.004647961352020502
6089,0.0322735421359539,0.004618142731487751
6090,0.02532944455742836,0.0033974573016166687
6091,0.012779123149812222,0.0019038646714761853
6092,0.01155921258032322,0.0007713358500041068
6093,0.019366877153515816,0.0006251178565435112
6094,0.016450099647045135,0.0011016139760613441
6095,0.008064611814916134,0.0013947507832199335
6096,0.013486665673553944,0.0013407482765614986
6097,0.01826440915465355,0.0010878178291022778
6098,0.011166148819029331,0.0008632384706288576
6099,0.021265782415866852,0.000693365465849638
6100,0.021356206387281418,0.0005710981786251068
6101,0.022364940494298935,0.0006198745686560869
6102,0.006392511073499918,0.0008251075632870197
6103,0.01035057008266449,0.0009664722019806504
6104,0.017607860267162323,0.0008477544179186225
6105,0.028427431359887123,0.0005027423030696809
6106,0.031085308641195297,0.0002132135850843042
6107,0.058698445558547974,0.00017678068252280354
6108,0.04985994100570679,0.0003427841584198177
6109,0.034698735922575,0.0004951175069436431
6110,0.02622034028172493,0.00048434946802444756
6111,0.02944542095065117,0.00037948833778500557
6112,0.02315237931907177,0.00033113284735009074
6113,0.0438661202788353,0.00042863120324909687
6114,0.03491966798901558,0.0006333593046292663
6115,0.03863632678985596,0.0008135800599120557
6116,0.014088762924075127,0.0009312144247815013
6117,0.028686074540019035,0.0009681552764959633
6118,0.016104262322187424,0.0010462524369359016
6119,0.01058565080165863,0.0011314779985696077
6120,0.012218342162668705,0.0012419455451890826
6121,0.009167814627289772,0.001246266532689333
6122,0.008770042099058628,0.0011304940562695265
6123,0.0065999217331409454,0.0008734128205105662
6124,0.007111533544957638,0.0005747673567384481
6125,0.007317771203815937,0.00032305531203746796
6126,0.005261140875518322,0.0001860943011706695
6127,0.004325627814978361,0.00016326745389960706
6128,0.006237857975065708,0.0002124346501659602
6129,0.003572404384613037,0.0002834819897543639
6130,0.003871348686516285,0.00035971819306723773
6131,0.0034672727342694998,0.00045658228918910027
6132,0.004610278178006411,0.0006009595235809684
6133,0.002314039971679449,0.0008370392024517059
6134,0.0025673185009509325,0.0011657689465209842
6135,0.0027351006865501404,0.001673989463597536
6136,0.0031839339062571526,0.002296792808920145
6137,0.001540197990834713,0.0031861551105976105
6138,0.0023030205629765987,0.0038939316291362047
6139,0.0019397528376430273,0.004465480335056782
6140,0.0020713096018880606,0.003823918290436268
6141,0.001291173859499395,0.0026103458367288113
6142,0.0016980513464659452,0.0011349022388458252
6143,0.001404058886691928,0.0007427525706589222
6144,0.0015720120863988996,0.0013375685084611177
6145,0.0011275196447968483,0.0017161323921754956
6146,0.0013410961255431175,0.0013435467844828963
6147,0.0013230899348855019,0.0007008111570030451
6148,0.001088488381356001,0.0004899963969364762
6149,0.0009425648604519665,0.000823498354293406
6150,0.0011079749092459679,0.001138791092671454
6151,0.0010301682632416487,0.00100377993658185
6152,0.0009100035531446338,0.0007305045728571713
6153,0.0008936382364481688,0.0006466733757406473
6154,0.0010056551545858383,0.0005625594058074057
6155,0.000885562039911747,0.00044715494732372463
6156,0.0008365573594346642,0.0003807028697337955
6157,0.000796704669483006,0.0003488477668724954
6158,0.0008920216932892799,0.0004471905995160341
6159,0.0007893603178672493,0.000747287180274725
6160,0.0007890142733231187,0.0011181256268173456
6161,0.0007412203121930361,0.0014708925737068057
6162,0.0007873410359025002,0.0019908498506993055
6163,0.0007389468373730779,0.0026528663001954556
6164,0.0007299992139451206,0.0034310987684875727
6165,0.000704717356711626,0.003576801624149084
6166,0.0007545843254774809,0.0031064350623637438
6167,0.0006911017699167132,0.0016590438317507505
6168,0.0006877973210066557,0.0005114899249747396
6169,0.0006759550888091326,0.0004970586742274463
6170,0.000700590608175844,0.0013189418241381645
6171,0.0006703162798658013,0.0017558556282892823
6172,0.0006765071884728968,0.001257466385141015
6173,0.0006591420387849212,0.00047884098603390157
6174,0.0006733972113579512,0.0002456542570143938
6175,0.0006568607059307396,0.0006385789019986987
6176,0.0006516490248031914,0.0011010653106495738
6177,0.0006490504019893706,0.001177859609015286
6178,0.0006557279266417027,0.0010129890870302916
6179,0.0006485436460934579,0.0007598571246489882
6180,0.000638189259916544,0.0005597313866019249
6181,0.0006356073427014053,0.0004367451183497906
6182,0.0006389555055648088,0.0003561890625860542
6183,0.0006349172326736152,0.0002611581585370004
6184,0.0006312417099252343,0.00020058508380316198
6185,0.0006286748684942722,0.00025078412727452815
6186,0.0006279678200371563,0.00039810844464227557
6187,0.0006262505194172263,0.0005890706088393927
6188,0.0006243542302399874,0.0008247242658399045
6189,0.0006200699135661125,0.0011435812339186668
6190,0.0006211605505086482,0.0015562906628474593
6191,0.0006202107761055231,0.002163565019145608
6192,0.0006176349706947803,0.0027606594376266003
6193,0.0006158265750855207,0.003319151233881712
6194,0.0006151275592856109,0.003071952611207962
6195,0.0006141065969131887,0.002329930430278182
6196,0.000613077194429934,0.0011160408612340689
6197,0.0006112422561272979,0.0004955970216542482
6198,0.0006100944010540843,0.000777643988840282
6199,0.0006097353179939091,0.0013491475256159902
6200,0.0006090851966291666,0.0013687717728316784
6201,0.0006074379198253155,0.0008115939563140273
6202,0.0006063043838366866,0.0003511483664624393
6203,0.0006057438440620899,0.00035609237966127694
6204,0.0006051555974408984,0.0007057816255837679
6205,0.0006041212473064661,0.0009834074880927801
6206,0.0006031328230164945,0.0009245341643691063
6207,0.0006023316527716815,0.000750099599827081
6208,0.0006016187253408134,0.0006254470208659768
6209,0.0006010105716995895,0.0005888087907806039
6210,0.0005998059059493244,0.0005673515261150897
6211,0.0005993093363940716,0.0005044262506999075
6212,0.0005986458854749799,0.00037762190913781524
6213,0.0005980752757750452,0.0002239145978819579
6214,0.0005970922647975385,0.00015611214621458203
6215,0.0005965089658275247,0.00019160234660375863
6216,0.0005957225803285837,0.0002491057093720883
6217,0.0005953417276032269,0.0002807455603033304
6218,0.0005945654702372849,0.00027051029610447586
6219,0.0005939208203926682,0.0002173889079131186
6220,0.0005932285566814244,0.0001532339956611395
6221,0.0005927186575718224,0.00012850158964283764
6222,0.0005920806434005499,0.0001478302729083225
6223,0.000591504795011133,0.00017766730161383748
6224,0.0005908324383199215,0.00019757458358071744
6225,0.000590298033785075,0.00019995548063889146
6226,0.0005897291703149676,0.00018200467457063496
6227,0.00058918003924191,0.00015077705029398203
6228,0.0005885666469112039,0.00012906294432468712
6229,0.0005880182725377381,0.00012765613791998476
6230,0.0005874845664948225,0.00013766414485871792
6231,0.0005869530141353607,0.0001496625627623871
6232,0.0005864082486368716,0.00016046647215262055
6233,0.0005858588265255094,0.00016632878396194428
6234,0.0005853410693816841,0.0001653696090215817
6235,0.0005848303553648293,0.00017068164015654474
6236,0.0005843148683197796,0.00020336167654022574
6237,0.0005837781354784966,0.0002960417768917978
6238,0.000583294837269932,0.0005196716520003974
6239,0.000582782959099859,0.0010256869718432426
6240,0.0005822990788146853,0.0022091357968747616
6241,0.0005817996570840478,0.00463553611189127
6242,0.0005813027964904904,0.009633726440370083
6243,0.0005808123969472945,0.015179784968495369
6244,0.000580347201321274,0.01915467344224453
6245,0.0005798648344352841,0.01050407625734806
6246,0.000579397426918149,0.004264254122972488
6247,0.0005789179122075438,0.004361346829682589
6248,0.000578452309127897,0.0036924772430211306
6249,0.0005779949715360999,0.009225607849657536
6250,0.0005775394383817911,0.0257965587079525
6251,0.0005770831485278904,0.06889994442462921
6252,0.0005766304093413055,0.13263994455337524
6253,0.0005761809879913926,0.0544140562415123
6254,0.000575738784391433,0.056727491319179535
6255,0.0005752953002229333,0.08561000972986221
6256,0.0005748631665483117,0.03293614089488983
6257,0.0005744242807850242,0.06998789310455322
6258,0.0005739929620176554,0.026733484119176865
6259,0.0005735672311857343,0.05224432796239853
6260,0.0005731385899707675,0.03730048984289169
6261,0.0005727168172597885,0.03537898510694504
6262,0.0005722943460568786,0.03522200882434845
6263,0.0005718783941119909,0.02939796820282936
6264,0.0005714677972719073,0.03300858289003372
6265,0.0005710561526939273,0.02141711115837097
6266,0.000570646661799401,0.025756940245628357
6267,0.0005702403141185641,0.02046452835202217
6268,0.0005698316963389516,0.022494301199913025
6269,0.0005694366991519928,0.013285204768180847
6270,0.0005690365796908736,0.019765356555581093
6271,0.0005686386721208692,0.011099277064204216
6272,0.0005682487972080708,0.014055043458938599
6273,0.0005678514717146754,0.009604467079043388
6274,0.00056746497284621,0.01056814193725586
6275,0.0005670756800100207,0.011094171553850174
6276,0.0005666915676556528,0.005869576707482338
6277,0.000566310016438365,0.01061970368027687
6278,0.0005659332382492721,0.005406839773058891
6279,0.000565549882594496,0.008180508390069008
6280,0.0005651729879900813,0.005323939956724644
6281,0.0005648009246215224,0.0048602186143398285
6282,0.0005644283955916762,0.00593561353161931
6283,0.0005640609888359904,0.0031541348434984684
6284,0.0005636961432173848,0.004524959251284599
6285,0.0005633254768326879,0.0028635754715651274
6286,0.0005629604565910995,0.00383828510530293
6287,0.0005626008496619761,0.0020681628957390785
6288,0.0005622451426461339,0.0029996628873050213
6289,0.0005618882132694125,0.0024055757094174623
6290,0.0005615274421870708,0.0021805125288665295
6291,0.0005611708620563149,0.0023077535443007946
6292,0.0005608239443972707,0.0018471439834684134
6293,0.0005604703910648823,0.001970373559743166
6294,0.0005601143930107355,0.001859839539974928
6295,0.0005597753333859146,0.0015561047475785017
6296,0.000559429288841784,0.0015922506572678685
6297,0.0005590852815657854,0.0013799392618238926
6298,0.0005587387713603675,0.0014731807168573141
6299,0.0005584005266427994,0.001078229513950646
6300,0.0005580612341873348,0.0012203623773530126
6301,0.0005577255506068468,0.001024872181005776
6302,0.000557391089387238,0.0009119237656705081
6303,0.0005570579669438303,0.0009258125210180879
6304,0.000556721817702055,0.0008088074391707778
6305,0.0005563927115872502,0.000868489732965827
6306,0.0005560658173635602,0.0005913835484534502
6307,0.0005557368276640773,0.000831328856293112
6308,0.0005554113886319101,0.0005976750981062651
6309,0.0005550846108235419,0.0006310497410595417
6310,0.000554759637452662,0.0005462375120259821
6311,0.0005544396699406207,0.0005945027805864811
6312,0.0005541192949749529,0.0005158110870979726
6313,0.0005537960096262395,0.0004957563942298293
6314,0.0005534814554266632,0.00046208902494981885
6315,0.0005531652132049203,0.00047034997260197997
6316,0.0005528486217372119,0.00044325203634798527
6317,0.0005525365704670548,0.0003956417494919151
6318,0.0005522232968360186,0.000397404539398849
6319,0.0005519165424630046,0.0004029925912618637
6320,0.0005515983211807907,0.0003626727557275444
6321,0.0005512908101081848,0.00035449882852844894
6322,0.0005509844049811363,0.00034871173556894064
6323,0.0005506784655153751,0.00033403682755306363
6324,0.0005503740394487977,0.0003318277304060757
6325,0.0005500699044205248,0.0002966830797959119
6326,0.000549766409676522,0.00031381024746224284
6327,0.000549465068615973,0.00029449290013872087
6328,0.0005491618649102747,0.00029127043671905994
6329,0.0005488685565069318,0.0002751277934294194
6330,0.0005485651781782508,0.00028301228303462267
6331,0.0005482700071297586,0.00026933837216347456
6332,0.000547973089851439,0.00026798868202604353
6333,0.000547678442671895,0.0002632058458402753
6334,0.0005473807686939836,0.0002574821701273322
6335,0.0005470861215144396,0.0002584974863566458
6336,0.0005467982264235616,0.0002492208150215447
6337,0.0005465114954859018,0.00024640749325044453
6338,0.0005462232511490583,0.0002454922650940716
6339,0.000545928836800158,0.00023952400078997016
6340,0.0005456428043544292,0.0002386024862062186
6341,0.0005453568883240223,0.0002313582954229787
6342,0.0005450691096484661,0.00023244938347488642
6343,0.000544786686077714,0.00022689813340548426
6344,0.0005445060087367892,0.00022784434258937836
6345,0.000544225622434169,0.00022091585560701787
6346,0.000543943140655756,0.00022288325999397784
6347,0.000543658621609211,0.000218871864490211
6348,0.000543378759175539,0.0002191830426454544
6349,0.0005430993041954935,0.00021538298460654914
6350,0.0005428240401670337,0.00021393531642388552
6351,0.0005425413837656379,0.00021296854538377374
6352,0.0005422665853984654,0.00021121215831954032
6353,0.000541992369107902,0.0002099267003359273
6354,0.0005417204229161143,0.0002082080318359658
6355,0.0005414498155005276,0.00020705474889837205
6356,0.0005411768215708435,0.00020589283667504787
6357,0.0005408996366895735,0.00020493472402449697
6358,0.0005406268173828721,0.00020339169714134187
6359,0.0005403615650720894,0.0002024266723310575
6360,0.000540092820301652,0.00020144421432632953
6361,0.0005398240173235536,0.00020064938871655613
6362,0.0005395550979301333,0.00019976274052169174
6363,0.0005392895545810461,0.00019851906108669937
6364,0.0005390266305767,0.00019769795471802354
6365,0.0005387569544836879,0.0001970382290892303
6366,0.0005384906544350088,0.00019605326815508306
6367,0.0005382293602451682,0.00019539693312253803
6368,0.0005379668436944485,0.00019433381385169923
6369,0.0005377046763896942,0.000193816696992144
6370,0.0005374415777623653,0.00019306478498037905
6371,0.0005371818551793694,0.00019247813906986266
6372,0.0005369175923988223,0.0001916302426252514
6373,0.000536660198122263,0.0001910780556499958
6374,0.0005364096723496914,0.0001903624797705561
6375,0.0005361520452424884,0.0001898842165246606
6376,0.0005358923226594925,0.0001892599684651941
6377,0.0005356388865038753,0.00018861220451071858
6378,0.0005353795131668448,0.0001881033822428435
6379,0.000535127182956785,0.00018746400019153953
6380,0.0005348667036741972,0.00018698307394515723
6381,0.0005346188554540277,0.00018642573559191078
6382,0.0005343653610907495,0.00018594678840599954
6383,0.000534112099558115,0.00018536233983468264
6384,0.0005338621558621526,0.00018489849753677845
6385,0.0005336122703738511,0.0001844016369432211
6386,0.0005333601147867739,0.00018399886903353035
6387,0.0005331133725121617,0.00018348757294006646
6388,0.0005328617990016937,0.00018304269178770483
6389,0.0005326154641807079,0.00018259207718074322
6390,0.0005323670338839293,0.00018218596233054996
6391,0.0005321206990629435,0.00018176370940636843
6392,0.0005318745970726013,0.0001813379058148712
6393,0.0005316280876286328,0.00018092877871822566
6394,0.0005313839064911008,0.00018053654639516026
6395,0.0005311397835612297,0.000180126735358499
6396,0.0005308965337462723,0.0001797526638256386
6397,0.0005306514212861657,0.0001793659757822752
6398,0.0005304093938320875,0.0001790093519957736
6399,0.0005301679484546185,0.00017862895037978888
6400,0.0005299329641275108,0.000178271351614967
6401,0.0005296920426189899,0.00017791279242374003
6402,0.0005294447182677686,0.0001775863056536764
6403,0.0005292054847814143,0.00017723077326081693
6404,0.0005289682885631919,0.00017689944070298225
6405,0.000528726726770401,0.00017656816635280848
6406,0.0005284923245199025,0.0001762544852681458
6407,0.0005282555357553065,0.00017593282973393798
6408,0.0005280151381157339,0.0001756194542394951
6409,0.0005277814343571663,0.00017531662888359278
6410,0.0005275491857901216,0.00017502404807601124
6411,0.0005273104761727154,0.0001747267961036414
6412,0.0005270777037367225,0.00017443863907828927
6413,0.0005268399836495519,0.00017415606998838484
6414,0.0005266069201752543,0.00017387894331477582
6415,0.0005263749626465142,0.00017360459605697542
6416,0.0005261429469101131,0.00017333525465801358
6417,0.0005259137833490968,0.00017307691450696439
6418,0.0005256776930764318,0.00017281787586398423
6419,0.0005254470743238926,0.0001725608017295599
6420,0.0005252187256701291,0.0001723098976071924
6421,0.0005249885143712163,0.00017206610937137157
6422,0.0005247638910077512,0.00017182703595608473
6423,0.0005245341453701258,0.00017158809350803494
6424,0.0005243063787929714,0.000171353793120943
6425,0.0005240730824880302,0.00017112483328673989
6426,0.0005238521262072027,0.00017089922039303929
6427,0.0005236209835857153,0.00017067621229216456
6428,0.0005233898991718888,0.00017045796266756952
6429,0.0005231659743003547,0.00017024361295625567
6430,0.0005229428643360734,0.00017002933600451797
6431,0.0005227167857810855,0.00016982170927803963
6432,0.0005224871565587819,0.00016961443179752678
6433,0.000522269110661,0.0001694164238870144
6434,0.0005220453604124486,0.000169214719790034
6435,0.0005218232981860638,0.000169019986060448
6436,0.0005215947749093175,0.00016882613999769092
6437,0.0005213767290115356,0.0001686377654550597
6438,0.0005211532698012888,0.00016844960919115692
6439,0.0005209348164498806,0.00016826624050736427
6440,0.0005207164213061333,0.00016808489453978837
6441,0.0005204883054830134,0.00016790712834335864
6442,0.0005202753818593919,0.00016773179231677204
6443,0.0005200542509555817,0.00016755859542172402
6444,0.000519832712598145,0.00016738807607907802
6445,0.0005196096026338637,0.0001672188809607178
6446,0.0005193982506170869,0.0001670528727117926
6447,0.0005191819509491324,0.00016688843606971204
6448,0.0005189661169424653,0.00016672900528647006
6449,0.0005187545903027058,0.0001665706658968702
6450,0.0005185368354432285,0.00016641398542560637
6451,0.0005183222237974405,0.00016625993885099888
6452,0.0005181089509278536,0.00016610791499260813
6453,0.000517902139108628,0.00016595603665336967
6454,0.0005176949198357761,0.00016581136151216924
6455,0.0005174975376576185,0.00016566409613005817
6456,0.0005173067329451442,0.0001655208907322958
6457,0.0005171190132386982,0.00016537877672817558
6458,0.0005169473588466644,0.00016523830709047616
6459,0.0005167931085452437,0.00016510070418007672
6460,0.0005166812334209681,0.00016496462922077626
6461,0.0005166141781955957,0.00016483056242577732
6462,0.0005166115588508546,0.00016469755792059004
6463,0.0005167446215637028,0.00016456696903333068
6464,0.0005170403746888041,0.00016443885397166014
6465,0.0005176291451789439,0.00016431204858236015
6466,0.0005186651251278818,0.00016418569430243224
6467,0.00052045559277758,0.00016406249778810889
6468,0.0005234201089479029,0.0001639411348151043
6469,0.0005283757345750928,0.00016381987370550632
6470,0.0005364358657971025,0.00016370143566746265
6471,0.0005499448161572218,0.00016358641732949764
6472,0.000571823853533715,0.00016346914344467223
6473,0.0006090622628107667,0.00016335448890458792
6474,0.0006690468289889395,0.00016324265743605793
6475,0.0007731797522865236,0.000163130767759867
6476,0.0009380761184729636,0.00016302229778375477
6477,0.0012299201916903257,0.0001629118632990867
6478,0.0016716498648747802,0.000162806551088579
6479,0.002456192160025239,0.0001627009769435972
6480,0.0035287418868392706,0.00016259554831776768
6481,0.005337053444236517,0.000162493422976695
6482,0.007361987605690956,0.000162392359925434
6483,0.010177826508879662,0.00016229288303293288
6484,0.012157917022705078,0.00016219323151744902
6485,0.013551434502005577,0.0001620952389203012
6486,0.012008313089609146,0.00016200027312152088
6487,0.00861651636660099,0.00016190260066650808
6488,0.004065126180648804,0.00016180980310309678
6489,0.0011402448872104287,0.00016171573952306062
6490,0.0009270511800423265,0.00016162583779077977
6491,0.0028597060590982437,0.00016153497563209385
6492,0.0054124509915709496,0.00016145239351317286
6493,0.006641543935984373,0.00016136685735546052
6494,0.006159717217087746,0.00016129888535942882
6495,0.003867591032758355,0.00016123491514008492
6496,0.0015781137626618147,0.00016121502267196774
6497,0.0007074428140185773,0.00016124155081342906
6498,0.0014355863677337766,0.00016142590902745724
6499,0.002964292885735631,0.00016185178537853062
6500,0.003943361341953278,0.0001629379257792607
6501,0.00392649183049798,0.0001652571518206969
6502,0.0029219435527920723,0.00017058145022019744
6503,0.0018193910364061594,0.00018216429452877492
6504,0.0009677369380369782,0.00020836986368522048
6505,0.0007583798724226654,0.0002669921377673745
6506,0.0011713411659002304,0.00040001500747166574
6507,0.0018590218387544155,0.0007046583341434598
6508,0.0025512934662401676,0.0013921628706157207
6509,0.002904075663536787,0.0029700081795454025
6510,0.002777320798486471,0.006274947430938482
6511,0.00227305106818676,0.01302354410290718
6512,0.0016784389736130834,0.021381065249443054
6513,0.0011811363510787487,0.02655627578496933
6514,0.0009632733417674899,0.00887666828930378
6515,0.0010650133481249213,0.004089733120054007
6516,0.0013882946223020554,0.017196502536535263
6517,0.001823687576688826,0.041974764317274094
6518,0.0022504718508571386,0.039719171822071075
6519,0.002582734217867255,0.016327589750289917
6520,0.0026600516866892576,0.01311502419412136
6521,0.0026269739028066397,0.026656009256839752
6522,0.0024901791475713253,0.01017487607896328
6523,0.002412086119875312,0.013139652088284492
6524,0.0024368418380618095,0.01558726467192173
6525,0.002615981735289097,0.006885791663080454
6526,0.002938021905720234,0.01401539333164692
6527,0.0034018324222415686,0.006809738464653492
6528,0.003885704092681408,0.012548472732305527
6529,0.004368619993329048,0.007320366334170103
6530,0.004676423966884613,0.009857864119112492
6531,0.0048416308127343655,0.007055541500449181
6532,0.004702863749116659,0.00782806146889925
6533,0.004310503602027893,0.007341470569372177
6534,0.003599691204726696,0.005468746647238731
6535,0.0027733901515603065,0.00692711491137743
6536,0.0019380971789360046,0.003661023685708642
6537,0.001278185984119773,0.00576926302164793
6538,0.0008849228033795953,0.00329673127271235
6539,0.0007725117029622197,0.003644644282758236
6540,0.0008815478067845106,0.004411483183503151
6541,0.0011341706849634647,0.0015306028071790934
6542,0.0013937018811702728,0.0035103883128613234
6543,0.001600072719156742,0.0027095226105302572
6544,0.001677018590271473,0.0014717713929712772
6545,0.001654079183936119,0.0018629435217007995
6546,0.001535908319056034,0.0020742861088365316
6547,0.001370334648527205,0.001167265116237104
6548,0.0011994587257504463,0.0016216383082792163
6549,0.0010444181971251965,0.0014356847386807203
6550,0.0009254715405404568,0.0010406230576336384
6551,0.0008398201316595078,0.0015384532744064927
6552,0.000786301214247942,0.0009548629750497639
6553,0.0007570165325887501,0.0010172431357204914
6554,0.0007471014396287501,0.0013143219985067844
6555,0.0007474636076949537,0.0006075185956433415
6556,0.0007621917757205665,0.0009913212852552533
6557,0.0007758395513519645,0.0008431911701336503
6558,0.0007948352722451091,0.0006004890892654657
6559,0.0008039347594603896,0.0006967168883420527
6560,0.0008163267048075795,0.0007291909423656762
6561,0.0008189587970264256,0.0003999844193458557
6562,0.0008223843760788441,0.0006269951118156314
6563,0.00081837602192536,0.0005587155465036631
6564,0.0008165400940924883,0.0003594935988076031
6565,0.0008130401838570833,0.0004896721802651882
6566,0.0008121923310682178,0.0004574943450279534
6567,0.0008112711948342621,0.0003619437920860946
6568,0.0008122931467369199,0.00040645699482411146
6569,0.0008151708170771599,0.0004028655239380896
6570,0.0008202539756894112,0.0003022590826731175
6571,0.0008292774436995387,0.0003785379230976105
6572,0.000842345179989934,0.0003605657839216292
6573,0.0008611356606706977,0.00026647804770618677
6574,0.0008855890482664108,0.0003097986045759171
6575,0.0009189779520966113,0.0003167196991853416
6576,0.0009616425959393382,0.00027093084645457566
6577,0.0010167688596993685,0.00026195423561148345
6578,0.001085807103663683,0.0002853992336895317
6579,0.0011750053381547332,0.000226853066124022
6580,0.0012875933898612857,0.00025413636467419565
6581,0.0014306714292615652,0.0002478431852068752
6582,0.001610256964340806,0.00022556300973519683
6583,0.0018341613467782736,0.00021791947074234486
6584,0.002111322246491909,0.00024317689531017095
6585,0.0024426060263067484,0.00021586033108178526
6586,0.002834299113601446,0.0002149452775483951
6587,0.0032685345504432917,0.00022322751465253532
6588,0.003738503437489271,0.0002126248728018254
6589,0.00418923981487751,0.00021030608331784606
6590,0.0045746201649308205,0.00021784949058201164
6591,0.004808055702596903,0.00020981623674742877
6592,0.004817645065486431,0.00020189843780826777
6593,0.004564549773931503,0.00021223632211331278
6594,0.0040418910793960094,0.0002045439905487001
6595,0.0033429116010665894,0.00019981287186965346
6596,0.0025655918288975954,0.000201883478439413
6597,0.0018820555415004492,0.00020044480334036052
6598,0.0013819625601172447,0.00019428951782174408
6599,0.0011419495567679405,0.0001983793918043375
6600,0.001172752701677382,0.0001958325447048992
6601,0.001463456777855754,0.00019098482152912766
6602,0.0019034147262573242,0.0001926687400555238
6603,0.002525639021769166,0.00019308623450342566
6604,0.003013840178027749,0.00018967955838888884
6605,0.003522546961903572,0.00018973840633407235
6606,0.0036145830526947975,0.00019020795298274606
6607,0.003589583095163107,0.00018756251665763557
6608,0.0031176856718957424,0.00018772727344185114
6609,0.0025773211382329464,0.00018832327623385936
6610,0.0019067528191953897,0.0001867096871137619
6611,0.0013891416601836681,0.00018559725140221417
6612,0.0010419912869110703,0.0001861891068983823
6613,0.0009155392181128263,0.0001853815483627841
6614,0.0009739380329847336,0.00018448682385496795
6615,0.0011666730279102921,0.00018491639639250934
6616,0.0014359065098688006,0.00018434501544106752
6617,0.0017392205772921443,0.00018329459999222308
6618,0.0020383410155773163,0.0001833610876929015
6619,0.002268737182021141,0.00018350286700297147
6620,0.0024368625599890947,0.00018264257232658565
6621,0.002447479171678424,0.0001825640065362677
6622,0.0023669195361435413,0.00018261167861055583
6623,0.002124212682247162,0.0001820341858547181
6624,0.0018439717823639512,0.00018169122631661594
6625,0.0014984238659963012,0.00018189038382843137
6626,0.0012033807579427958,0.00018155056750401855
6627,0.0009465289185754955,0.00018120111781172454
6628,0.0007820731261745095,0.00018116121646016836
6629,0.0006940918392501771,0.00018101133173331618
6630,0.0006859439890831709,0.000180685892701149
6631,0.0007404062780551612,0.00018059759167954326
6632,0.0008473555790260434,0.00018055603140965104
6633,0.0009988369420170784,0.00018031065701507032
6634,0.0011927704326808453,0.00018015559180639684
6635,0.0014316998422145844,0.00018008171173278242
6636,0.0017266635550186038,0.00017991372442338616
6637,0.0020862864330410957,0.00017972597561310977
6638,0.0025287000462412834,0.00017967665917240083
6639,0.0030578398145735264,0.0001795693242456764
6640,0.003681519301608205,0.00017938559176400304
6641,0.004378262907266617,0.00017929566092789173
6642,0.005106170196086168,0.00017921336984727532
6643,0.0057845087721943855,0.00017904676496982574
6644,0.006291959434747696,0.00017894752090796828
6645,0.006503927521407604,0.0001788833033060655
6646,0.006320173852145672,0.00017877307254821062
6647,0.005691420286893845,0.0001786423963494599
6648,0.004803008399903774,0.00017858200590126216
6649,0.0037150918506085873,0.00017848017159849405
6650,0.0028984532691538334,0.00017836269398685545
6651,0.0023641595616936684,0.0001782543840818107
6652,0.0024412707425653934,0.00017817846674006432
6653,0.002961610909551382,0.00017806781397666782
6654,0.0037821028381586075,0.00017795890744309872
6655,0.004644710570573807,0.00017787715478334576
6656,0.005124314688146114,0.00017779153131414205
6657,0.005157147999852896,0.00017768258112482727
6658,0.00453608762472868,0.00017758860485628247
6659,0.003552204929292202,0.00017751350242178887
6660,0.002438463969156146,0.00017741654301062226
6661,0.0015699639916419983,0.00017732687410898507
6662,0.0011789692798629403,0.00017725040379446
6663,0.0012129675596952438,0.00017717338050715625
6664,0.0015395908849313855,0.0001770878443494439
6665,0.0018764038104563951,0.00017700940952636302
6666,0.0020199103746563196,0.00017693478730507195
6667,0.0018748989095911384,0.00017685911734588444
6668,0.0015003759181126952,0.00017677905270829797
6669,0.0010520399082452059,0.0001767055073287338
6670,0.000694075133651495,0.00017663976177573204
6671,0.0005280082696117461,0.00017656774434726685
6672,0.0005621739546768367,0.00017649648361839354
6673,0.0007277486147359014,0.00017643318278715014
6674,0.0009235863108187914,0.0001763680629665032
6675,0.001062364666722715,0.00017630420916248113
6676,0.0010932011064141989,0.00017624313477426767
6677,0.0010202809935435653,0.00017618366109672934
6678,0.0008809995488263667,0.00017612337251193821
6679,0.0007369766244664788,0.00017606446635909379
6680,0.0006369128823280334,0.00017600769933778793
6681,0.0006123471539467573,0.00017595234385225922
6682,0.0006703563267365098,0.00017589557683095336
6683,0.0007923641242086887,0.00017584109446033835
6684,0.0009710915619507432,0.00017578978440724313
6685,0.0011732965940609574,0.00017573776131030172
6686,0.0014426081907004118,0.00017568576731719077
6687,0.001737307058647275,0.0001756369019858539
6688,0.002206164412200451,0.00017558742547407746
6689,0.002729261526837945,0.00017554248915985227
6690,0.003586017992347479,0.00017549414769746363
6691,0.004446959123015404,0.00017545136506669223
6692,0.005656264256685972,0.00017540660337544978
6693,0.006608526688069105,0.0001753686083247885
6694,0.007503862027078867,0.0001753251563059166
6695,0.007623766083270311,0.00017529461183585227
6696,0.007035014219582081,0.00017526184092275798
6697,0.005552569404244423,0.00017524904978927225
6698,0.003686098149046302,0.00017523946007713675
6699,0.0020130546763539314,0.00017528040916658938
6700,0.0010443946812301874,0.00017534568905830383
6701,0.0009336745133623481,0.00017554141231812537
6702,0.001500056590884924,0.00017586490139365196
6703,0.0024812754709273577,0.00017657858552411199
6704,0.0032945943530648947,0.000177816953510046
6705,0.003784610191360116,0.00018034128879662603
6706,0.00355665385723114,0.00018498935969546437
6707,0.0029594923835247755,0.00019429880194365978
6708,0.002005357528105378,0.00021223630756139755
6709,0.0011559369741007686,0.0002482617856003344
6710,0.000663275714032352,0.00032036437187343836
6711,0.0005855056224390864,0.0004659842816181481
6712,0.0008445322746410966,0.0007662933203391731
6713,0.0012838278198614717,0.0013676391681656241
6714,0.0017802361398935318,0.0026209112256765366
6715,0.002149062929674983,0.004948328249156475
6716,0.002445780672132969,0.009438557550311089
6717,0.002482510171830654,0.014944593422114849
6718,0.002373894676566124,0.020640403032302856
6719,0.0020498649682849646,0.01260787807404995
6720,0.0016821720637381077,0.002911314833909273
6721,0.0012585866497829556,0.004553647246211767
6722,0.0009031089139170945,0.008399014361202717
6723,0.0006508118822239339,0.00611407496035099
6724,0.00052602868527174,0.0019274009391665459
6725,0.0005090144113637507,0.0026723481714725494
6726,0.000574026198592037,0.004402270540595055
6727,0.0006925338529981673,0.0026380440685898066
6728,0.000838093226775527,0.0014573106309399009
6729,0.00100777018815279,0.0025152983143925667
6730,0.001167037757113576,0.0027372592594474554
6731,0.0013322550803422928,0.0007930360734462738
6732,0.0014391436707228422,0.0014597320696339011
6733,0.0015483865281566978,0.0022024388890713453
6734,0.0015888428315520287,0.002013829769566655
6735,0.0016505701933056116,0.0007102730451151729
6736,0.0016286341706290841,0.0008807549020275474
6737,0.0016181227983906865,0.0016287476755678654
6738,0.001535447547212243,0.0021216229069978
6739,0.001481641549617052,0.0014676618156954646
6740,0.001367324497550726,0.0008765591192059219
6741,0.0012726746499538422,0.0005159007851034403
6742,0.0011473937192931771,0.0007610947359353304
6743,0.0010552270105108619,0.0010277717374265194
6744,0.0009567696251906455,0.0013129842700436711
6745,0.0008857831126078963,0.0010097597260028124
6746,0.0008155505638569593,0.0005651313113048673
6747,0.0007657796959392726,0.00036806450225412846
6748,0.0007222256390377879,0.0004565142444334924
6749,0.000694979156833142,0.0006115363794378936
6750,0.0006729336455464363,0.0006630527786910534
6751,0.0006620817584916949,0.0005702276830561459
6752,0.000655949697829783,0.000369140412658453
6753,0.0006607334944419563,0.0002770736755337566
6754,0.0006717893993481994,0.0003901846648659557
6755,0.0006975224241614342,0.0005060827825218439
6756,0.000732757558580488,0.00046478406875394285
6757,0.0007928797276690602,0.00035184435546398163
6758,0.0008718579192645848,0.0002748775004874915
6759,0.0010013335850089788,0.00026340235490351915
6760,0.0011626994237303734,0.00029935603379271924
6761,0.001420588348992169,0.0003594399895519018
6762,0.0017258827574551105,0.00039241305785253644
6763,0.0022120631765574217,0.00035632672370411456
6764,0.0027224961668252945,0.0002963826118502766
6765,0.003484855405986309,0.00025126864784397185
6766,0.004130144603550434,0.00022055624867789447
6767,0.004966904874891043,0.00021383020794019103
6768,0.005352691747248173,0.00022438827727455646
6769,0.005622674245387316,0.0002595866681076586
6770,0.00514144217595458,0.00028075752197764814
6771,0.004363910760730505,0.0003067534707952291
6772,0.0031428763177245855,0.0003304108395241201
6773,0.002024704124778509,0.00035527657018974423
6774,0.0012163881910964847,0.0003733810444828123
6775,0.0009135401342064142,0.00039048120379447937
6776,0.0010871007107198238,0.0004151695466134697
6777,0.00159975397400558,0.0004398123128339648
6778,0.0023134686052799225,0.0004699256387539208
6779,0.0030135423876345158,0.0005018560914322734
6780,0.003696788102388382,0.0005445430288091302
6781,0.00402043666690588,0.0005842360551469028
6782,0.004174654837697744,0.0006326640141196549
6783,0.003898270195350051,0.0006757849478162825
6784,0.003493553726002574,0.0007236801320686936
6785,0.002959385747089982,0.000753032392822206
6786,0.0025236792862415314,0.0007753025856800377
6787,0.0022926265373826027,0.0007661851122975349
6788,0.002346908440813422,0.0007413931889459491
6789,0.0026948871091008186,0.0006772378110326827
6790,0.0033885252196341753,0.0005976425600238144
6791,0.0043438030406832695,0.0004982318496331573
6792,0.0054762703366577625,0.00040047219954431057
6793,0.006595294922590256,0.0003126128576695919
6794,0.007294418290257454,0.00024774533812887967
6795,0.007259735371917486,0.00021095520060043782
6796,0.006310506723821163,0.0001997571816900745
6797,0.0047439103946089745,0.00020862794190179557
6798,0.0030012449715286493,0.0002322761865798384
6799,0.0016992182936519384,0.00026559006073512137
6800,0.0012231783475726843,0.00030597110162489116
6801,0.0014927261509001255,0.0003560632176231593
6802,0.0023272500839084387,0.0004199485119897872
6803,0.003108515404164791,0.0005122863803990185
6804,0.0035460563376545906,0.000644827145151794
6805,0.0033064407762140036,0.0008584510651417077
6806,0.0028320280835032463,0.0011810763971880078
6807,0.0019676212687045336,0.0017224419862031937
6808,0.0011352024739608169,0.0024964017793536186
6809,0.0007623182609677315,0.0037263992708176374
6810,0.0007611431647092104,0.005044698249548674
6811,0.001073599560186267,0.006552110891789198
6812,0.0014584327582269907,0.006164992228150368
6813,0.0017427275888621807,0.004322087857872248
6814,0.001856821239925921,0.001247153035365045
6815,0.0018877943512052298,0.0007486797403544188
6816,0.0017311177216470242,0.0021894958335906267
6817,0.0013789532240480185,0.0019977446645498276
6818,0.0010772712994366884,0.0011276986915618181
6819,0.0008328061667270958,0.0013129302533343434
6820,0.0007088007405400276,0.0014958797255530953
6821,0.0006499234004877508,0.001009926083497703
6822,0.0006904121837578714,0.0011207993375137448
6823,0.0007909676642157137,0.0012319047236815095
6824,0.000917955650947988,0.0006908326176926494
6825,0.0010780681623145938,0.0008000300731509924
6826,0.0012273313477635384,0.0009652795270085335
6827,0.001355141052044928,0.0006565307849086821
6828,0.0014803034719079733,0.0004939217469654977
6829,0.0015584802022203803,0.0007457493920810521
6830,0.0016202408587560058,0.0006774456705898046
6831,0.001580056268721819,0.0003234755131416023
6832,0.0015290126902982593,0.0004770303494296968
6833,0.0014022990362718701,0.0007041123462840915
6834,0.0012853856896981597,0.0005695876316167414
6835,0.0011303334031254053,0.00039139774162322283
6836,0.0009868124034255743,0.0005735214799642563
6837,0.0008496445370838046,0.0008162194862961769
6838,0.0007337313727475703,0.0008779926574788988
6839,0.0006447320338338614,0.0011992534855380654
6840,0.0005799209466204047,0.0020969368051737547
6841,0.000542862166184932,0.003656167769804597
6842,0.0005294102593325078,0.00624883035197854
6843,0.0005337691400200129,0.009808991104364395
6844,0.0005585638573393226,0.013925322331488132
6845,0.000596010941080749,0.010810541920363903
6846,0.0006530557293444872,0.004087550565600395
6847,0.0007331673987209797,0.0017681845929473639
6848,0.0008387651178054512,0.005497272592037916
6849,0.0009876051917672157,0.005076180677860975
6850,0.0011709515238180757,0.00425895769149065
6851,0.0014520579716190696,0.00174934440292418
6852,0.001796326250769198,0.0021324632689356804
6853,0.002307309303432703,0.0020021635573357344
6854,0.0028778447303920984,0.0017078411765396595
6855,0.003651467151939869,0.0012994438875466585
6856,0.004467828199267387,0.0014528549509122968
6857,0.005486718378961086,0.0017899537924677134
6858,0.006401974707841873,0.0007669971091672778
6859,0.007063235156238079,0.0008793123997747898
6860,0.007577572949230671,0.001436839927919209
6861,0.007945099845528603,0.0015186936361715198
6862,0.00804513692855835,0.0007144081173464656
6863,0.007729881443083286,0.0005599582800641656
6864,0.007842573337256908,0.0007212759228423238
6865,0.007328074891120195,0.0013376770075410604
6866,0.006660870276391506,0.0014169408241286874
6867,0.005930710583925247,0.0013741166330873966
6868,0.004807569086551666,0.0010396577417850494
6869,0.00410088337957859,0.0006748430314473808
6870,0.00328299799002707,0.00045722140930593014
6871,0.004650212358683348,0.0003136721788905561
6872,0.004394260700792074,0.0003921733296010643
6873,0.004836645908653736,0.0004873604921158403
6874,0.005057631526142359,0.000610177987255156
6875,0.005314509849995375,0.0006887915660627186
6876,0.0038609113544225693,0.0006356161320582032
6877,0.003271888243034482,0.0005677685257978737
6878,0.002063772641122341,0.0003998783649876714
6879,0.001556267961859703,0.00031964099616743624
6880,0.0011750495759770274,0.00025105246459133923
6881,0.0011748077813535929,0.00027246453100815415
6882,0.0015354313654825091,0.00032603880390524864
6883,0.0018766028806567192,0.0003755903453566134
6884,0.0025865708012133837,0.00041407160460948944
6885,0.0025552744045853615,0.0004026498645544052
6886,0.0024689380079507828,0.0003763775166589767
6887,0.002058067824691534,0.00033440347760915756
6888,0.001638972433283925,0.00028466389630921185
6889,0.0011300938203930855,0.00025748286861926317
6890,0.0007545556873083115,0.0002272782294312492
6891,0.0006295153289102018,0.0002250548277515918
6892,0.0006736596114933491,0.00021828486933372915
6893,0.0009146027150563896,0.00022374457330442965
6894,0.001179603743366897,0.0002380807709414512
6895,0.0013862885534763336,0.00025261356495320797
6896,0.0016252638306468725,0.00028559641214087605
6897,0.001760690938681364,0.0003308681189082563
6898,0.001720926258713007,0.00041418237378820777
6899,0.001503242296166718,0.0005612993845716119
6900,0.0012760721147060394,0.0008294220897369087
6901,0.0010181181132793427,0.0013168200384825468
6902,0.0007848531822673976,0.00224056513980031
6903,0.0006158381002023816,0.0037699928507208824
6904,0.000525840325281024,0.006447658408433199
6905,0.0005108152399770916,0.00931031908839941
6906,0.0005411613383330405,0.011902731843292713
6907,0.0006065918714739382,0.007695314474403858
6908,0.0006779659306630492,0.0021344416309148073
6909,0.0007564550032839179,0.0019884726498275995
6910,0.000823735783342272,0.004476478789001703
6911,0.0008912209304980934,0.0033974559046328068
6912,0.0009404264274053276,0.0019386277999728918
6913,0.000983988051302731,0.0011314748553559184
6914,0.0010089764837175608,0.0025452536065131426
6915,0.0010586417047306895,0.0023930747993290424
6916,0.0010974531760439277,0.0012907827040180564
6917,0.0011545990128070116,0.0012640801724046469
6918,0.0011732954299077392,0.0015788211021572351
6919,0.0012242717202752829,0.0016955677419900894
6920,0.001249802648089826,0.0005026098224334419
6921,0.0013135772896930575,0.0009839413687586784
6922,0.0013201871188357472,0.0015499977162107825
6923,0.001341968309134245,0.0017738529713824391
6924,0.0013266911264508963,0.0011478529777377844
6925,0.001350777456536889,0.0005752493161708117
6926,0.001327033620327711,0.0004823192721232772
6927,0.0013145474949851632,0.0006788589525967836
6928,0.0012615399900823832,0.0012601378839462996
6929,0.0012354725040495396,0.0016835774295032024
6930,0.0011825521942228079,0.002158470917493105
6931,0.001154232770204544,0.0025117024779319763
6932,0.0010951365111395717,0.0025009973905980587
6933,0.0010568131692707539,0.0023629390634596348
6934,0.0010068826377391815,0.0015469050267711282
6935,0.0009884696919471025,0.0007894239388406277
6936,0.0009570776019245386,0.0003563243371900171
6937,0.0009467045310884714,0.0004893408040516078
6938,0.000932105234824121,0.0008615396800450981
6939,0.000948471250012517,0.0009237666381523013
6940,0.000966880819760263,0.0006732874899171293
6941,0.0010196557268500328,0.0003901299205608666
6942,0.001069847377948463,0.0004072576411999762
6943,0.0011650561355054379,0.0006037874263711274
6944,0.0012678845087066293,0.000668504333589226
6945,0.0014467380242422223,0.000531774596311152
6946,0.0016125473193824291,0.0003392738290131092
6947,0.0018591841217130423,0.00031411400414071977
6948,0.0020859919022768736,0.000448681996203959
6949,0.0024258026387542486,0.000529328070115298
6950,0.0026796767488121986,0.00048181554302573204
6951,0.002996130846440792,0.000347061431966722
6952,0.0031608000863343477,0.00029695776174776256
6953,0.0033443239517509937,0.00028165115509182215
6954,0.003302978118881583,0.0002935616939794272
6955,0.003199042286723852,0.0003109137178398669
6956,0.002896455582231283,0.0003755994257517159
6957,0.002558593638241291,0.0004815849824808538
6958,0.0021831472404301167,0.0005927552119828761
6959,0.0018714215839281678,0.0007708854391239583
6960,0.0016717719845473766,0.00106542999856174
6961,0.0016086769755929708,0.0016378563595935702
6962,0.0017117167590186,0.002575193764641881
6963,0.001967764925211668,0.0042905909940600395
6964,0.0023834477178752422,0.006512143183499575
6965,0.002963871229439974,0.00946372002363205
6966,0.003716578707098961,0.008735059760510921
6967,0.004567189607769251,0.005029491148889065
6968,0.00553462840616703,0.0010641028638929129
6969,0.006277711130678654,0.002831472083926201
6970,0.006815006025135517,0.0043381592258811
6971,0.006594548933207989,0.0034111225977540016
6972,0.0058134375140070915,0.0016641836846247315
6973,0.0043634893372654915,0.001460420899093151
6974,0.0027994827833026648,0.0027714150492101908
6975,0.0015547799412161112,0.0013079042546451092
6976,0.0009920448064804077,0.001233004266396165
6977,0.0011754237348213792,0.0012735056225210428
6978,0.001902229618281126,0.0014045044081285596
6979,0.0029191402718424797,0.0012051357189193368
6980,0.003672422841191292,0.0004588304727803916
6981,0.0041751498356461525,0.0009420895949006081
6982,0.003948010969907045,0.0009004011517390609
6983,0.0034393828827887774,0.001474775024689734
6984,0.0026293746195733547,0.0012616332387551665
6985,0.0019959546625614166,0.0011950205080211163
6986,0.0016515175811946392,0.0010116368066519499
6987,0.0016112023731693625,0.0007016395102255046
6988,0.0017595808021724224,0.000713951070792973
6989,0.0019106011604890227,0.0005689248791895807
6990,0.0019472325220704079,0.00047395064029842615
6991,0.0018292426830157638,0.0005385004915297031
6992,0.001602803822606802,0.00038550584577023983
6993,0.0013231594348326325,0.0004789389786310494
6994,0.001112939789891243,0.00042008754098787904
6995,0.0009917696006596088,0.00039672161801718175
6996,0.0010299310088157654,0.0004690375935751945
6997,0.0011969472980126739,0.000425363628892228
6998,0.0014826336409896612,0.00048282614443451166
6999,0.001850437605753541,0.0005144613096490502
7000,0.002241736277937889,0.0005110527272336185
7001,0.0026655932888388634,0.0006009529461152852
7002,0.0030618146993219852,0.0005977500113658607
7003,0.003501294646412134,0.0006529913516715169
7004,0.003920345567166805,0.0006924574845470488
7005,0.004373747855424881,0.0007062576478347182
7006,0.004778288304805756,0.0007577523938380182
7007,0.005018679890781641,0.0007598767406307161
7008,0.005031932145357132,0.0007569423178210855
7009,0.004581141285598278,0.0007489284034818411
7010,0.0038585346192121506,0.0006895033875480294
7011,0.0027752986643463373,0.0006553353741765022
7012,0.0017695357091724873,0.0005744652589783072
7013,0.0009891511872410774,0.0005078243557363749
7014,0.0006281902315095067,0.00044607650488615036
7015,0.0006389757618308067,0.0003757078084163368
7016,0.0009195471648126841,0.0003368329198565334
7017,0.0013431910192593932,0.00029400191851891577
7018,0.0017880871891975403,0.00027000936097465456
7019,0.002206749515607953,0.000259074498899281
7020,0.002459245501086116,0.00024278250930365175
7021,0.002562876557931304,0.000240166176808998
7022,0.0024360402021557093,0.0002350393042434007
7023,0.0022040102630853653,0.00022953370353206992
7024,0.0018074040999636054,0.0002317878679605201
7025,0.0013788774376735091,0.00022731669014319777
7026,0.0010034447768703103,0.00022762702428735793
7027,0.0007358528091572225,0.00023219038848765194
7028,0.0005709906108677387,0.00023690539819654077
7029,0.0004992728354409337,0.0002602547174319625
7030,0.0005083782016299665,0.000317595258820802
7031,0.0005733983125537634,0.0004726935876533389
7032,0.0006846308242529631,0.0009050792432390153
7033,0.0008218918810598552,0.00213673897087574
7034,0.0009760898537933826,0.005452214740216732
7035,0.0011283796047791839,0.014558159746229649
7036,0.0013194557977840304,0.030796390026807785
7037,0.001484006061218679,0.04820461943745613
7038,0.00165988237131387,0.015081893652677536
7039,0.0017901561222970486,0.011085700243711472
7040,0.001968230353668332,0.03925549238920212
7041,0.0020669084042310715,0.14773134887218475
7042,0.0021633293945342302,0.18182814121246338
7043,0.002174172317609191,0.04861973971128464
7044,0.0021911857184022665,0.17188073694705963
7045,0.002115855226293206,0.05922698974609375
7046,0.002014444675296545,0.13506504893302917
7047,0.0018493152456358075,0.07003902643918991
7048,0.001680827932432294,0.09983882308006287
7049,0.0014958642423152924,0.08889004588127136
7050,0.0013251793570816517,0.06698988378047943
7051,0.0011619279393926263,0.0827423483133316
7052,0.0010188110172748566,0.07323354482650757
7053,0.000903527601622045,0.06478871405124664
7054,0.0008098140242509544,0.05764258652925491
7055,0.0007396856090053916,0.059999220073223114
7056,0.0006864087772555649,0.05011459439992905
7057,0.0006524348864331841,0.04561496526002884
7058,0.000630956026725471,0.04956332594156265
7059,0.0006236429326236248,0.042050279676914215
7060,0.000628772540949285,0.03243721276521683
7061,0.0006468661595135927,0.03764520585536957
7062,0.0006784005090594292,0.03044365905225277
7063,0.0007311678491532803,0.023451445624232292
7064,0.0008025746210478246,0.02620633691549301
7065,0.0009121241164393723,0.02424710988998413
7066,0.0010490843560546637,0.018806234002113342
7067,0.0012671248987317085,0.017051702365279198
7068,0.0015204722294583917,0.017478905618190765
7069,0.0019160205265507102,0.01640813983976841
7070,0.0023262547329068184,0.01448475755751133
7071,0.002943245694041252,0.012352128513157368
7072,0.003469805233180523,0.014336727559566498
7073,0.00418319646269083,0.012923792004585266
7074,0.004555187653750181,0.010424277745187283
7075,0.004887882154434919,0.011251606047153473
7076,0.004678746219724417,0.01028925646096468
7077,0.004316497128456831,0.00935741700232029
7078,0.0035137953236699104,0.00803239643573761
7079,0.002658067038282752,0.008066677488386631
7080,0.002014287980273366,0.006778687238693237
7081,0.0017465288983657956,0.006639860570430756
7082,0.0018661594949662685,0.005522492807358503
7083,0.002332764444872737,0.00552927702665329
7084,0.0030573909170925617,0.005009313113987446
7085,0.003883887780830264,0.004515708424150944
7086,0.004751590080559254,0.004473360721021891
7087,0.005473382771015167,0.003719463013112545
7088,0.005886708851903677,0.0039025950245559216
7089,0.005804130807518959,0.003444159869104624
7090,0.0052426536567509174,0.0029655664693564177
7091,0.004214032553136349,0.003070550737902522
7092,0.0029237200506031513,0.0027500668074935675
7093,0.0018239214550703764,0.0023166912142187357
7094,0.001062919618561864,0.0023698247969150543
7095,0.0008670233655720949,0.0023560409899801016
7096,0.0011324080405756831,0.0019493693253025413
7097,0.0016301579307764769,0.002045698929578066
7098,0.002228861441835761,0.0019804327748715878
7099,0.0029375171288847923,0.0017043545376509428
7100,0.0033420806284993887,0.0016470459522679448
7101,0.0031461422331631184,0.0014744908548891544
7102,0.00311350729316473,0.0015140059404075146
7103,0.0034726345911622047,0.001361389528028667
7104,0.004235514439642429,0.0013255765661597252
7105,0.004349146969616413,0.0013614470371976495
7106,0.006165083032101393,0.0012679039500653744
7107,0.009136928245425224,0.0012012127554044127
7108,0.014390721917152405,0.001221183454617858
7109,0.018010640516877174,0.0011257159058004618
7110,0.026555320248007774,0.0010344646871089935
7111,0.04379253461956978,0.0010420458856970072
7112,0.06089881807565689,0.0009698661742731929
7113,0.053280994296073914,0.0009326692670583725
7114,0.024779822677373886,0.000903442851267755
7115,0.00918303057551384,0.0008860022062435746
7116,0.0193172600120306,0.0008525046287104487
7117,0.018483517691493034,0.000825852679554373
7118,0.010570881888270378,0.0008236541179940104
7119,0.014082429930567741,0.0007965592667460442
7120,0.013125743716955185,0.0007620425894856453
7121,0.019871875643730164,0.0007508908165618777
7122,0.010457519441843033,0.0007469303673133254
7123,0.007895391434431076,0.0007051246939226985
7124,0.007451057434082031,0.0007056494941934943
7125,0.007285356521606445,0.0006905989139340818
7126,0.007886307314038277,0.0006726352730765939
7127,0.0038271876983344555,0.0006565087824128568
7128,0.006770402658730745,0.0006481917225755751
7129,0.004698152653872967,0.000637836754322052
7130,0.006499548442661762,0.0006224355893209577
7131,0.003839838318526745,0.0006138813914731145
7132,0.005204388871788979,0.0006090666283853352
7133,0.003080765251070261,0.0006021015578880906
7134,0.00327108521014452,0.0005874625057913363
7135,0.0028037724550813437,0.0005852399626746774
7136,0.002363084815442562,0.0005753044970333576
7137,0.0031305686570703983,0.000565685797482729
7138,0.0019238174427300692,0.000561889202799648
7139,0.0022270430345088243,0.0005553783266805112
7140,0.001917851041071117,0.0005481122061610222
7141,0.0021066791377961636,0.0005436635692603886
7142,0.0014764624647796154,0.0005379057838581502
7143,0.00203980365768075,0.0005315539892762899
7144,0.0014798238407820463,0.0005275564035400748
7145,0.0010714385425671935,0.0005212445976212621
7146,0.0015146302757784724,0.0005164272151887417
7147,0.0011435940396040678,0.0005127243930473924
7148,0.0011767907999455929,0.0005078025278635323
7149,0.0012456246186047792,0.0005030615720897913
7150,0.0010946092661470175,0.0004993030452169478
7151,0.000784663250669837,0.0004951254813931882
7152,0.0011231045937165618,0.0004915087483823299
7153,0.0009440866997465491,0.0004875728045590222
7154,0.0008504271972924471,0.0004837338929064572
7155,0.000998321920633316,0.000480749731650576
7156,0.0007609640015289187,0.00047738171997480094
7157,0.0007867293315939605,0.00047365593491122127
7158,0.0007789126830175519,0.0004708260530605912
7159,0.0006389714544638991,0.00046811075299046934
7160,0.0007880269549787045,0.0004648359608836472
7161,0.0006984406500123441,0.00046225322876125574
7162,0.0006718316581100225,0.0004593571648001671
7163,0.0006560971960425377,0.00045666133519262075
7164,0.000612804782576859,0.00045422723633237183
7165,0.0005928786704316735,0.0004516686894930899
7166,0.0006475024274550378,0.0004489089478738606
7167,0.0005836152122355998,0.00044668366899713874
7168,0.0005952579667791724,0.0004444331570994109
7169,0.0005596615374088287,0.00044206675374880433
7170,0.0005416342755779624,0.00043988623656332493
7171,0.0005556442774832249,0.0004377329896669835
7172,0.0005654804408550262,0.0004356276476755738
7173,0.0005282413912937045,0.0004335982375778258
7174,0.0005428364966064692,0.00043166481191292405
7175,0.0004985978594049811,0.00042965487227775156
7176,0.0005234008422121406,0.0004277600673958659
7177,0.0005186600610613823,0.0004258924163877964
7178,0.0005134332459419966,0.00042411312460899353
7179,0.0005058023380115628,0.000422360491938889
7180,0.0005051856860518456,0.0004206142039038241
7181,0.0004879985353909433,0.00041891157161444426
7182,0.0005029059248045087,0.00041728781070560217
7183,0.0004906780086457729,0.0004156690847594291
7184,0.0004951448645442724,0.0004141029785387218
7185,0.0004916019970551133,0.0004125547711737454
7186,0.0004802710027433932,0.00041105394484475255
7187,0.000484245247207582,0.0004095770709682256
7188,0.0004834444262087345,0.00040812831139191985
7189,0.00047980097588151693,0.00040669675217941403
7190,0.0004833482962567359,0.000405263330321759
7191,0.0004757487331517041,0.0004038850893266499
7192,0.0004759302537422627,0.00040254733175970614
7193,0.0004757450078614056,0.00040123064536601305
7194,0.00047313314280472696,0.00039992143865674734
7195,0.0004751753294840455,0.0003986346710007638
7196,0.0004727501072920859,0.00039737243787385523
7197,0.00047008434194140136,0.0003961367765441537
7198,0.00047041269135661423,0.000394919712562114
7199,0.0004685766180045903,0.0003937250003218651
7200,0.0004689013003371656,0.0003925553464796394
7201,0.00046916079008951783,0.00039140431908890605
7202,0.0004672401410061866,0.00039024720899760723
7203,0.0004667961911763996,0.0003891261585522443
7204,0.0004658453690353781,0.0003880231233779341
7205,0.00046445237239822745,0.0003869292268063873
7206,0.0004653959767892957,0.0003858644631691277
7207,0.00046385935274884105,0.00038481722003780305
7208,0.0004639987018890679,0.00038378231693059206
7209,0.00046325899893417954,0.0003827699401881546
7210,0.00046212913002818823,0.0003817797696683556
7211,0.00046215252950787544,0.0003807921311818063
7212,0.00046145333908498287,0.00037982576759532094
7213,0.0004612254851963371,0.000378884666133672
7214,0.00046112819109112024,0.0003779445542022586
7215,0.0004603405250236392,0.00037702458212152123
7216,0.0004601047548931092,0.0003761085099540651
7217,0.0004595578066073358,0.00037521013291552663
7218,0.0004590539319906384,0.0003743307606782764
7219,0.0004589078016579151,0.0003734598867595196
7220,0.000458393944427371,0.00037260312819853425
7221,0.0004582040710374713,0.0003717611252795905
7222,0.00045783736277371645,0.00037092692218720913
7223,0.0004573807236738503,0.00037010994856245816
7224,0.00045707571553066373,0.00036930732312612236
7225,0.00045672195847146213,0.0003685147676151246
7226,0.0004563895636238158,0.0003677343775052577
7227,0.0004561736714094877,0.0003669652505777776
7228,0.0004558280052151531,0.0003662052331492305
7229,0.00045557215344160795,0.00036545851617120206
7230,0.00045525364112108946,0.00036472437204793096
7231,0.0004548656288534403,0.00036399796954356134
7232,0.0004546433046925813,0.00036328061833046377
7233,0.00045431090984493494,0.0003625754325184971
7234,0.00045406323624774814,0.0003618827904574573
7235,0.00045380715164355934,0.000361200247425586
7236,0.0004535146872512996,0.00036052404902875423
7237,0.0004532674793154001,0.00035985835711471736
7238,0.00045297053293325007,0.00035920413210988045
7239,0.00045269151451066136,0.00035855695023201406
7240,0.0004524418036453426,0.00035792100243270397
7241,0.00045216252328827977,0.0003572936693672091
7242,0.0004519279464147985,0.000356673524947837
7243,0.000451677042292431,0.0003560591139830649
7244,0.00045141851296648383,0.000355457334080711
7245,0.00045118454727344215,0.0003548605600371957
7246,0.0004509158607106656,0.00035427557304501534
7247,0.0004506787518039346,0.0003536979202181101
7248,0.00045043742284178734,0.00035312719410285354
7249,0.00045018293894827366,0.00035256979754194617
7250,0.0004499630013015121,0.00035201129503548145
7251,0.00044972074101679027,0.00035146830487065017
7252,0.0004494954482652247,0.00035092688631266356
7253,0.0004492631705943495,0.00035039574140682817
7254,0.00044902440276928246,0.0003498704172670841
7255,0.00044879617053084075,0.00034935364965349436
7256,0.0004485700628720224,0.00034884066553786397
7257,0.0004483406664803624,0.00034833597601391375
7258,0.0004481261130422354,0.00034783812589012086
7259,0.0004478953196667135,0.0003473491524346173
7260,0.00044768513180315495,0.00034685974242165685
7261,0.00044746429193764925,0.0003463849425315857
7262,0.000447243161033839,0.00034591276198625565
7263,0.00044702758896164596,0.00034545015660114586
7264,0.00044681355939246714,0.0003449902287684381
7265,0.0004466000245884061,0.0003445437178015709
7266,0.00044638669351115823,0.00034409944782964885
7267,0.0004461768548935652,0.00034367325133644044
7268,0.00044596847146749496,0.00034324979060329497
7269,0.0004457555478438735,0.0003428678901400417
7270,0.0004455558955669403,0.00034249259624630213
7271,0.00044534800690598786,0.0003422113077249378
7272,0.0004451475979294628,0.00034199861693196
7273,0.0004449477419257164,0.0003420459106564522
7274,0.00044475190225057304,0.00034239774686284363
7275,0.00044455373426899314,0.0003436133556533605
7276,0.0004443677025847137,0.00034616002812981606
7277,0.00044419063488021493,0.0003519161546137184
7278,0.00044402838102541864,0.0003635217435657978
7279,0.0004438849282450974,0.00038813339779153466
7280,0.00044377415906637907,0.0004389938258100301
7281,0.0004437133320607245,0.000545895891264081
7282,0.00044375454308465123,0.0007740836590528488
7283,0.00044394456199370325,0.0012498011346906424
7284,0.0004444035002961755,0.0022848863154649734
7285,0.00044529332080855966,0.004305221606045961
7286,0.00044695206452161074,0.008439670316874981
7287,0.0004499098868109286,0.014074182137846947
7288,0.0004551605088636279,0.020367052406072617
7289,0.00046433196985162795,0.01491240132600069
7290,0.0004805890785064548,0.004157829098403454
7291,0.0005089448532089591,0.0036409366875886917
7292,0.000559759559109807,0.007217773701995611
7293,0.0006482457392849028,0.0034346766769886017
7294,0.0008091790368780494,0.0027341479435563087
7295,0.0010865667136386037,0.005251055583357811
7296,0.001597527414560318,0.011017011478543282
7297,0.002445648657158017,0.016597526147961617
7298,0.00399411004036665,0.007913353852927685
7299,0.006310616619884968,0.004700083285570145
7300,0.010208915919065475,0.010501127690076828
7301,0.014726968482136726,0.006235416512936354
7302,0.020357511937618256,0.0016175794880837202
7303,0.022678008303046227,0.006870663724839687
7304,0.020996250212192535,0.014160780236124992
7305,0.012961117550730705,0.023398112505674362
7306,0.004729366861283779,0.015340051613748074
7307,0.0022976913023740053,0.0032323370687663555
7308,0.006423423998057842,0.012281246483325958
7309,0.01161680743098259,0.006613441742956638
7310,0.012491095811128616,0.007884077727794647
7311,0.007750288583338261,0.012576550245285034
7312,0.002395251300185919,0.02071978524327278
7313,0.0019847918301820755,0.026864323765039444
7314,0.005586342420428991,0.04443255811929703
7315,0.00761308241635561,0.041977934539318085
7316,0.006164598278701305,0.013183914124965668
7317,0.0026410059072077274,0.02363826148211956
7318,0.0009255784098058939,0.026456207036972046
7319,0.002379667479544878,0.006002465263009071
7320,0.004071225877851248,0.022989526391029358
7321,0.004533455707132816,0.00877857580780983
7322,0.003370921593159437,0.014920903369784355
7323,0.0013012661365792155,0.011351683177053928
7324,0.0011990449856966734,0.00576783437281847
7325,0.0014671499375253916,0.01827164739370346
7326,0.0019333919044584036,0.017846373841166496
7327,0.0020884834229946136,0.01406779419630766
7328,0.0014459816738963127,0.008328309282660484
7329,0.0010137358913198113,0.013700798153877258
7330,0.000823784910608083,0.008469955995678902
7331,0.0009910848457366228,0.010799025185406208
7332,0.0014663110487163067,0.010561896488070488
7333,0.0015810801414772868,0.007718204520642757
7334,0.0014361145440489054,0.010059472173452377
7335,0.0010460602352395654,0.007797154597938061
7336,0.0006426085019484162,0.007497945334762335
7337,0.0006015863618813455,0.007994571700692177
7338,0.0007740353466942906,0.006374054122716188
7339,0.0008911509066820145,0.005748840048909187
7340,0.0009626609389670193,0.006840517744421959
7341,0.0007583638653159142,0.006077830214053392
7342,0.0006429061759263277,0.005190964788198471
7343,0.0006172026041895151,0.003780251368880272
7344,0.0006410387577489018,0.0049081826582551
7345,0.0007269142661243677,0.006220947951078415
7346,0.000709694460965693,0.0050765820778906345
7347,0.0006264530238695443,0.004651180002838373
7348,0.0005536834942176938,0.003530592657625675
7349,0.00045733407023362815,0.002101427409797907
7350,0.0004980125231668353,0.003091334132477641
7351,0.000531668309122324,0.002640499034896493
7352,0.0005731878336519003,0.0013790129451081157
7353,0.0005855652270838618,0.00243720063008368
7354,0.0005378354690037668,0.0020787057001143694
7355,0.0005075478693470359,0.0011603909078985453
7356,0.000490118283778429,0.0019250274635851383
7357,0.000489239115267992,0.0018959463341161609
7358,0.0005223855841904879,0.001073947292752564
7359,0.0005219863960519433,0.0014361380599439144
7360,0.0005243298946879804,0.0016422822372987866
7361,0.0004974582698196173,0.0015797782689332962
7362,0.00046945438953116536,0.001102575333788991
7363,0.00045834758202545345,0.0009383411961607635
7364,0.0004543652758002281,0.0013857372105121613
7365,0.0004630151088349521,0.0013971570879220963
7366,0.00047332397662103176,0.0008479561656713486
7367,0.00046930613461881876,0.0008055221987888217
7368,0.0004656012752093375,0.0010597354266792536
7369,0.0004503952222876251,0.0010109813883900642
7370,0.0004428915854077786,0.0008753623114898801
7371,0.0004412616544868797,0.0007018050528131425
7372,0.000442793796537444,0.0007230726769194007
7373,0.0004492581356316805,0.0008518352406099439
7374,0.0004515580367296934,0.0007621551631018519
7375,0.0004503093077801168,0.0005524366861209273
7376,0.0004479370836634189,0.0006406683241948485
7377,0.00044168447493575513,0.0007215742953121662
7378,0.00044058647472411394,0.0005897027440369129
7379,0.0004396706644911319,0.0005365113611333072
7380,0.0004418596508912742,0.0005776706384494901
7381,0.00044518307549878955,0.0005903121782466769
7382,0.00044661108404397964,0.0005426703719422221
7383,0.0004483599914237857,0.0005149366334080696
7384,0.0004482138901948929,0.0005208353977650404
7385,0.0004485607787501067,0.0005465717986226082
7386,0.00045085878809913993,0.0005098896799609065
7387,0.0004548825090751052,0.0004711653455160558
7388,0.0004625766887329519,0.0005066014127805829
7389,0.0004730013897642493,0.000509351899381727
7390,0.0004871035343967378,0.0004652522620745003
7391,0.0005082804709672928,0.0004626758163794875
7392,0.000536520266905427,0.00048639054875820875
7393,0.0005797504563815892,0.0004686523461714387
7394,0.0006390737253241241,0.00045261875493451953
7395,0.0007311340887099504,0.0004537346540018916
7396,0.0008608243661001325,0.00045875401701778173
7397,0.0010653677163645625,0.00045398491783998907
7398,0.0013437534216791391,0.0004424629150889814
7399,0.0017675308044999838,0.0004380923928692937
7400,0.0023190637584775686,0.0004460780182853341
7401,0.0031458064913749695,0.0004432601563166827
7402,0.004116842057555914,0.0004296703264117241
7403,0.005361784715205431,0.00043094076681882143
7404,0.006568819750100374,0.00043617241317406297
7405,0.007665958721190691,0.0004317504062782973
7406,0.00806700624525547,0.0004245814634487033
7407,0.007453447673469782,0.0004251733189448714
7408,0.005872351583093405,0.0004256345273461193
7409,0.0038754772394895554,0.00042458795360289514
7410,0.001978424610570073,0.0004212756175547838
7411,0.000864790054038167,0.0004179778625257313
7412,0.0008295112638734281,0.0004187622107565403
7413,0.0015453402884304523,0.00041994565981440246
7414,0.0027527338825166225,0.0004166461294516921
7415,0.0036202238406986,0.000413369300076738
7416,0.0037287785671651363,0.00041417760076001287
7417,0.003561448771506548,0.00041434215381741524
7418,0.0033577769063413143,0.0004125089617446065
7419,0.0029707555659115314,0.00041057384805753827
7420,0.0019112490117549896,0.00040954811265692115
7421,0.0017801541835069656,0.00040917762089520693
7422,0.0013279067352414131,0.00040902598993852735
7423,0.0014836944174021482,0.00040804731543175876
7424,0.0011928258463740349,0.0004060106002725661
7425,0.001194290118291974,0.0004054033779539168
7426,0.0010650234762579203,0.000405644706916064
7427,0.0009192493162117898,0.0004047780530527234
7428,0.0008786065736785531,0.0004036378813907504
7429,0.0006998587632551789,0.0004027498362120241
7430,0.0006693077739328146,0.00040210102451965213
7431,0.0005522100254893303,0.00040168428677134216
7432,0.000667571322992444,0.00040133323636837304
7433,0.0005663285264745355,0.00040051975520327687
7434,0.0006556495791301131,0.0003995337465312332
7435,0.0006350320763885975,0.0003990003024227917
7436,0.0006137514137662947,0.00039868796011433005
7437,0.0006838995032012463,0.0003982583002652973
7438,0.0006379682454280555,0.0003976405132561922
7439,0.0007088616257533431,0.00039697374450042844
7440,0.0006793155916966498,0.00039639126043766737
7441,0.0007130039157345891,0.0003958969027735293
7442,0.0007623960846103728,0.00039553892565891147
7443,0.0007620389806106687,0.0003951555409003049
7444,0.0008323005167767406,0.00039454735815525055
7445,0.000868296017870307,0.000393999507650733
7446,0.0009190571727231145,0.000393555557820946
7447,0.0009686495177447796,0.0003931080282200128
7448,0.0010177843505516648,0.00039272208232432604
7449,0.0011371198343113065,0.0003923475742340088
7450,0.001218488672748208,0.0003918937291018665
7451,0.0013158912770450115,0.00039141092565841973
7452,0.001424620975740254,0.00039096613181754947
7453,0.0016179505037143826,0.0003905427874997258
7454,0.0018225052626803517,0.00039015867514535785
7455,0.002034698612987995,0.00038976373616605997
7456,0.0022043646313250065,0.0003893568064086139
7457,0.002431041095405817,0.00038897586637176573
7458,0.0025436952710151672,0.00038851500721648335
7459,0.002704963553696871,0.00038810234400443733
7460,0.0026377257890999317,0.0003877198905684054
7461,0.0024351924657821655,0.0003873092355206609
7462,0.002181657124310732,0.0003869372885674238
7463,0.0020584971643984318,0.00038657590630464256
7464,0.0018570615211501718,0.0003862136509269476
7465,0.0014564632438123226,0.0003858342533931136
7466,0.0013058915501460433,0.00038546571158804
7467,0.0011057908413931727,0.00038508721627295017
7468,0.0010878732427954674,0.0003847301995847374
7469,0.0008775822934694588,0.00038434946327470243
7470,0.000839554937556386,0.0003840036515612155
7471,0.0007358683506026864,0.00038366380613297224
7472,0.0006686006672680378,0.0003833149385172874
7473,0.0006344239809550345,0.0003829910419881344
7474,0.0005511751514859498,0.0003826734609901905
7475,0.0005436213104985654,0.0003823533479589969
7476,0.00048810133012011647,0.0003820461861323565
7477,0.0004823849885724485,0.00038175168447196484
7478,0.0004656632081605494,0.0003814494702965021
7479,0.00045687565580010414,0.00038117810618132353
7480,0.00045534427044913173,0.0003808884648606181
7481,0.0004599823441822082,0.00038063168176449835
7482,0.0004573450132738799,0.0003803708532359451
7483,0.0004774187982548028,0.00038014823803678155
7484,0.000485231023048982,0.0003799273108597845
7485,0.0005098759429529309,0.0003797725948970765
7486,0.0005564512684941292,0.0003796336823143065
7487,0.0006001953734084964,0.00037965085357427597
7488,0.000696777191478759,0.00037974939914420247
7489,0.0008110558846965432,0.0003802474238909781
7490,0.00101618526969105,0.00038115642382763326
7491,0.0012836947571486235,0.00038320262683555484
7492,0.001703741610981524,0.00038695542025379837
7493,0.002294781617820263,0.0003946271608583629
7494,0.003187185851857066,0.00040924976929090917
7495,0.004262450151145458,0.00043879926670342684
7496,0.005705451127141714,0.0004980431986041367
7497,0.007065358106046915,0.0006185068632476032
7498,0.008397005498409271,0.0008710235706530511
7499,0.008958909660577774,0.0013815577840432525
7500,0.008362535387277603,0.0024777771905064583
7501,0.006616458296775818,0.004538683220744133
7502,0.004554586485028267,0.008659550920128822
7503,0.0028077345341444016,0.014298257417976856
7504,0.0022097236942499876,0.02088788151741028
7505,0.0029385341331362724,0.018893161788582802
7506,0.004509888589382172,0.010311171412467957
7507,0.006795072462409735,0.0019404112827032804
7508,0.007797380443662405,0.007981962524354458
7509,0.006735994480550289,0.004751584026962519
7510,0.00620617950335145,0.0038667917251586914
7511,0.005273005925118923,0.0052758087404072285
7512,0.00587871577590704,0.013429807499051094
7513,0.003950824495404959,0.023966746404767036
7514,0.004517016001045704,0.014703664928674698
7515,0.004390396177768707,0.00512458011507988
7516,0.005187083501368761,0.013423952274024487
7517,0.00602949783205986,0.016913333907723427
7518,0.007838936522603035,0.005675341002643108
7519,0.00886654295027256,0.0038903921376913786
7520,0.008101608604192734,0.004535361658781767
7521,0.0067023346200585365,0.007824419066309929
7522,0.006110459566116333,0.0068063149228692055
7523,0.0036569247022271156,0.0032689101062715054
7524,0.002376545686274767,0.005050321575254202
7525,0.0016456791199743748,0.005230174865573645
7526,0.0012973792618140578,0.004373642615973949
7527,0.0018330449238419533,0.004253258462995291
7528,0.0020447992719709873,0.0038129230961203575
7529,0.0020397461485117674,0.004741222131997347
7530,0.0025179865770041943,0.0030794688500463963
7531,0.0016274177469313145,0.003934615291655064
7532,0.001665032934397459,0.003433734644204378
7533,0.001143030822277069,0.0034396760165691376
7534,0.0008443067199550569,0.0028443364426493645
7535,0.0008495018701069057,0.002625057939440012
7536,0.0006526308134198189,0.0029947850853204727
7537,0.0007595143397338688,0.0024011877831071615
7538,0.0008811798761598766,0.002040438586845994
7539,0.0008699986501596868,0.0017653373070061207
7540,0.0010385122150182724,0.0016488975379616022
7541,0.0009363187127746642,0.0014885866548866034
7542,0.0008560800924897194,0.0015219515189528465
7543,0.0008794876630418003,0.0014133794466033578
7544,0.0006587107200175524,0.0017178058624267578
7545,0.0007549017900601029,0.0022206339053809643
7546,0.0005981127033010125,0.00446039903908968
7547,0.0006460528820753098,0.009686718694865704
7548,0.0006330906762741506,0.022914215922355652
7549,0.0006083067273721099,0.041513923555612564
7550,0.0006344813155010343,0.04619208723306656
7551,0.0006419623387046158,0.0121593177318573
7552,0.0006237869965843856,0.012801263481378555
7553,0.0006560824112966657,0.02563735842704773
7554,0.0005716353189200163,0.05715763941407204
7555,0.0005760836065746844,0.04118385538458824
7556,0.0005124213639646769,0.012121851556003094
7557,0.0005033888155594468,0.03497820347547531
7558,0.00048613714170642197,0.03727295994758606
7559,0.0004685425665229559,0.011078031733632088
7560,0.00047434846055693924,0.03140288218855858
7561,0.00047402127529494464,0.009435789659619331
7562,0.0004691355279646814,0.03032768703997135
7563,0.0004809624806512147,0.027005501091480255
7564,0.0004710637731477618,0.013532727025449276
7565,0.0004779505543410778,0.015920136123895645
7566,0.0004720577271655202,0.010416397824883461
7567,0.0004654946969822049,0.013930548913776875
7568,0.00047018256736919284,0.008364556357264519
7569,0.0004553758190013468,0.010790561325848103
7570,0.0004657245008274913,0.009553718380630016
7571,0.00045852645416744053,0.0077288346365094185
7572,0.0004713243688456714,0.010792607441544533
7573,0.0004786222125403583,0.005023259669542313
7574,0.0004932291922159493,0.008264599367976189
7575,0.0005143164889886975,0.004907890688627958
7576,0.0005448480951599777,0.005823222454637289
7577,0.0005922713316977024,0.005739888176321983
7578,0.0006533322157338262,0.003666129894554615
7579,0.0007351316744461656,0.0052363937720656395
7580,0.0008571508224122226,0.0033379304222762585
7581,0.0010512840235605836,0.004300661850720644
7582,0.001307053491473198,0.0032308241352438927
7583,0.001684402348473668,0.002877349965274334
7584,0.0021184436045587063,0.0031385067850351334
7585,0.0027438674587756395,0.0024578215088695288
7586,0.003407355397939682,0.0026006256230175495
7587,0.004325062967836857,0.0022700182162225246
7588,0.005034718196839094,0.0021048844791948795
7589,0.005513326730579138,0.0020062383264303207
7590,0.005706058815121651,0.0018047736957669258
7591,0.005956132896244526,0.0017745504155755043
7592,0.005587556399405003,0.0015732944011688232
7593,0.004466710612177849,0.001659623347222805
7594,0.0041082631796598434,0.0014378646155819297
7595,0.004054259974509478,0.001415878999978304
7596,0.004651857540011406,0.0014423903776332736
7597,0.004053459037095308,0.0012693270109593868
7598,0.00521583529189229,0.0012261474039405584
7599,0.006326297298073769,0.0011896680807694793
7600,0.008288625627756119,0.0011630294611677527
7601,0.008325167000293732,0.0009374525398015976
7602,0.01004839688539505,0.0011570738861337304
7603,0.012010728940367699,0.000906866742298007
7604,0.013567894697189331,0.0009282698738388717
7605,0.008992373012006283,0.000908292131498456
7606,0.005363745614886284,0.0009353386121802032
7607,0.004620724357664585,0.0008064675494097173
7608,0.004583417437970638,0.0008128915214911103
7609,0.008465033024549484,0.0007643276476301253
7610,0.008667216636240482,0.0008080339757725596
7611,0.007228922098875046,0.0007426521042361856
7612,0.004836984910070896,0.0006945538334548473
7613,0.0022742399014532566,0.0007383812917396426
7614,0.0016964878886938095,0.0007113737519830465
7615,0.003982092719525099,0.0006887590861879289
7616,0.00516387028619647,0.0006586360395886004
7617,0.006723951548337936,0.0006683942629024386
7618,0.006177341099828482,0.0006567303789779544
7619,0.004319222643971443,0.0006612652796320617
7620,0.002983901184052229,0.0006165329832583666
7621,0.0011984116863459349,0.0006322315894067287
7622,0.001885835314169526,0.0006218311609700322
7623,0.0007317728595808148,0.0006186419632285833
7624,0.0013514524325728416,0.0006106200162321329
7625,0.00137430801987648,0.0005908334860578179
7626,0.001200853381305933,0.0005944686708971858
7627,0.0015657141339033842,0.000591242394875735
7628,0.0012869362253695726,0.0005915338988415897
7629,0.0013189328601583838,0.0005756402388215065
7630,0.001369240926578641,0.0005743795773014426
7631,0.001057312940247357,0.0005647760117426515
7632,0.0009949621744453907,0.0005721868365071714
7633,0.0010129765141755342,0.0005635403213091195
7634,0.0009982597548514605,0.0005595406400971115
7635,0.0008775161695666611,0.0005548271001316607
7636,0.0010153556941077113,0.0005488831666298211
7637,0.0007269097259268165,0.0005496194353327155
7638,0.0008556836401112378,0.0005488779861479998
7639,0.0006445154431276023,0.0005455994396470487
7640,0.0005645217606797814,0.0005429023876786232
7641,0.0006276491330936551,0.0005375558976083994
7642,0.00047421062481589615,0.0005371526931412518
7643,0.0006047647329978645,0.0005357845220714808
7644,0.000557906343601644,0.0005350597202777863
7645,0.0005626719212159514,0.0005342982476577163
7646,0.00062573078321293,0.0005311979912221432
7647,0.0005272431299090385,0.0005291803972795606
7648,0.0005868286243639886,0.0005271123955026269
7649,0.0005246041109785438,0.000526853313203901
7650,0.0004943510284647346,0.0005253334529697895
7651,0.0005035392241552472,0.0005251358961686492
7652,0.0004491821746341884,0.0005232792464084923
7653,0.0004744153411593288,0.000522194430232048
7654,0.0004552812606561929,0.0005202420288696885
7655,0.0004522673552855849,0.000519030261784792
7656,0.0004652966745197773,0.0005182047607377172
7657,0.0004551406600512564,0.0005172769888304174
7658,0.0004651662311516702,0.0005164747126400471
7659,0.00047339993761852384,0.000516086642164737
7660,0.0004577637882903218,0.0005147773190401495
7661,0.0004714556271210313,0.000514237501192838
7662,0.0004577307845465839,0.000513005128595978
7663,0.0004619073588401079,0.0005121352151036263
7664,0.0004673462244682014,0.0005112498765811324
7665,0.0004585946735460311,0.000510465179104358
7666,0.00047410227125510573,0.0005099927657283843
7667,0.0004728308995254338,0.0005092897335998714
7668,0.00048589977086521685,0.0005086485762149096
7669,0.0004997001960873604,0.0005082840216346085
7670,0.0005059352261014283,0.0005076182424090803
7671,0.0005292225396260619,0.0005071937339380383
7672,0.000543713744264096,0.0005066620651632547
7673,0.0005739410407841206,0.0005061902920715511
7674,0.0006054447731003165,0.0005056717782281339
7675,0.000641148304566741,0.0005052126361988485
7676,0.0006957287550903857,0.0005048809107393026
7677,0.0007671306375414133,0.0005044584977440536
7678,0.0008650876116007566,0.0005040583200752735
7679,0.0009895861148834229,0.0005038287490606308
7680,0.001138961175456643,0.0005035561043769121
7681,0.0013535269536077976,0.0005035209469497204
7682,0.0016053499421104789,0.000503598595969379
7683,0.0019474169239401817,0.0005039514508098364
7684,0.0022860411554574966,0.0005047236918471754
7685,0.0027162726037204266,0.0005063478020019829
7686,0.003088722936809063,0.0005092211649753153
7687,0.00353465648368001,0.0005144966999068856
7688,0.0037602074444293976,0.0005237997975200415
7689,0.0038986122235655785,0.0005410637240856886
7690,0.0037166443653404713,0.0005726024392060935
7691,0.003385780844837427,0.0006321570836007595
7692,0.002825983101502061,0.0007457287283614278
7693,0.0022084126248955727,0.0009655284229665995
7694,0.0016254499787464738,0.0014000876108184457
7695,0.0011802115477621555,0.0022541636135429144
7696,0.000936533382628113,0.003967350348830223
7697,0.000903463747818023,0.007226175628602505
7698,0.0010396098950877786,0.013297902420163155
7699,0.0012862971052527428,0.02260686829686165
7700,0.0016327016055583954,0.0334930382668972
7701,0.0018938162829726934,0.03626211732625961
7702,0.0021337377838790417,0.0243796706199646
7703,0.002174695488065481,0.005354513879865408
7704,0.0021974823903292418,0.004316287115216255
7705,0.0019940556958317757,0.012473372742533684
7706,0.001749156042933464,0.005638767033815384
7707,0.0014221391174942255,0.004574505612254143
7708,0.001142155728302896,0.006504045333713293
7709,0.000885137589648366,0.004175457172095776
7710,0.0006895474507473409,0.0060532307252287865
7711,0.0005623722681775689,0.0033819866366684437
7712,0.0005001233657822013,0.00471001211553812
7713,0.0004934060270898044,0.005340208299458027
7714,0.0005348252598196268,0.0024956236593425274
7715,0.0006099409074522555,0.004438802599906921
7716,0.0007135310443118215,0.003987573087215424
7717,0.0008527660393156111,0.0023257622960954905
7718,0.0010001359041780233,0.003623195458203554
7719,0.001177460653707385,0.002709942637011409
7720,0.0013405396603047848,0.0021532003302127123
7721,0.0015601254999637604,0.002964107319712639
7722,0.001733868382871151,0.0017631142400205135
7723,0.0019502239301800728,0.0023189354687929153
7724,0.0020656075794249773,0.002066883258521557
7725,0.0022122086957097054,0.0015236414037644863
7726,0.0022317369002848864,0.0020764870569109917
7727,0.0022615883499383926,0.001665650517679751
7728,0.0021381385158747435,0.001162650645710528
7729,0.00199869554489851,0.0019016889855265617
7730,0.0017841685330495238,0.0014925773721188307
7731,0.0015943084144964814,0.0012269628932699561
7732,0.0013898812467232347,0.0011531610507518053
7733,0.0012196652824059129,0.0013710504863411188
7734,0.001105633215047419,0.0014287459198385477
7735,0.0010416113073006272,0.0013620748650282621
7736,0.001032908447086811,0.000880471314303577
7737,0.0010634252103045583,0.0009553484851494431
7738,0.001135840779170394,0.0010310423094779253
7739,0.0012362416600808501,0.0011070303153246641
7740,0.001364262541756034,0.0010716912802308798
7741,0.001525928033515811,0.0010616886429488659
7742,0.001717952312901616,0.0008526023011654615
7743,0.0019457971211522818,0.0007531249430030584
7744,0.0022051441483199596,0.0007792554679326713
7745,0.0024946178309619427,0.0007990682497620583
7746,0.0028101024217903614,0.0007950435392558575
7747,0.0031073028221726418,0.0008935778168961406
7748,0.0033812865149229765,0.0008982400177046657
7749,0.003522624261677265,0.0008666009525768459
7750,0.003554432885721326,0.0008231370011344552
7751,0.0033380878157913685,0.0008040915708988905
7752,0.002963267732411623,0.0007217976963147521
7753,0.0023784139193594456,0.0006836673710495234
7754,0.0017566120950505137,0.0006728875450789928
7755,0.001159979379735887,0.0006385992746800184
7756,0.0007206910522654653,0.0006192405126057565
7757,0.00047879337216727436,0.0006306340801529586
7758,0.00043756095692515373,0.0006252574967220426
7759,0.0005512091447599232,0.0006247305427677929
7760,0.0007551778689958155,0.0006362655549310148
7761,0.0009852583752945065,0.0006582586793228984
7762,0.0011907541193068027,0.0006744351121596992
7763,0.0013387526851147413,0.0007253220537677407
7764,0.001412051497027278,0.0008090281626209617
7765,0.0014112235512584448,0.0009483166504651308
7766,0.0013439275790005922,0.0012071069795638323
7767,0.0012313507031649351,0.0016877989983186126
7768,0.0010899398475885391,0.0026019879151135683
7769,0.0009504221379756927,0.004235769622027874
7770,0.0008252914994955063,0.0073308683931827545
7771,0.0007459414191544056,0.012233772315084934
7772,0.0007171971956267953,0.02001544088125229
7773,0.0007771833334118128,0.02447154000401497
7774,0.0009343491401523352,0.02305482141673565
7775,0.0012644761009141803,0.0035036629997193813
7776,0.001814957824535668,0.00942396279424429
7777,0.0027562426403164864,0.011261651292443275
7778,0.004219849593937397,0.007622831501066685
7779,0.006517412140965462,0.0029060514643788338
7780,0.009798974730074406,0.008576281368732452
7781,0.013815173879265785,0.026060331612825394
7782,0.017866238951683044,0.052842676639556885
7783,0.019168158993124962,0.04692015051841736
7784,0.0161377415060997,0.012652388773858547
7785,0.009046541526913643,0.06379927694797516
7786,0.0035937558859586716,0.0760822594165802
7787,0.0017059992533177137,0.014427166432142258
7788,0.0029770154505968094,0.07264916598796844
7789,0.004641339648514986,0.027095060795545578
7790,0.005739505402743816,0.04648198187351227
7791,0.004925399087369442,0.04404322803020477
7792,0.003620300441980362,0.0997944101691246
7793,0.002071675145998597,0.09289589524269104
7794,0.0008200549054890871,0.0780114084482193
7795,0.0014277821173891425,0.021334290504455566
7796,0.0015626397216692567,0.035399969667196274
7797,0.0019019865430891514,0.03825925290584564
7798,0.0022807978093624115,0.03060138039290905
7799,0.001723926397971809,0.02142232097685337
7800,0.002098527504131198,0.030074922367930412
7801,0.0019076254684478045,0.03322704881429672
7802,0.002526648109778762,0.029126591980457306
7803,0.002117060124874115,0.023749295622110367
7804,0.002453727414831519,0.025986764580011368
7805,0.002223800867795944,0.021177243441343307
7806,0.002448486629873514,0.024837294593453407
7807,0.001954643987119198,0.0255594365298748
7808,0.0016401410102844238,0.02062617614865303
7809,0.0011249491944909096,0.024935394525527954
7810,0.0010822420008480549,0.0185217447578907
7811,0.0010961954249069095,0.024386001750826836
7812,0.0010880101472139359,0.020017050206661224
7813,0.0011492753401398659,0.02026631310582161
7814,0.0010472432477399707,0.01644444465637207
7815,0.0009649342391639948,0.018391679972410202
7816,0.0008773316512815654,0.014981522224843502
7817,0.000744666438549757,0.015128699131309986
7818,0.0008044210262596607,0.014274323359131813
7819,0.0006957434816285968,0.01478632539510727
7820,0.0008442727266810834,0.011233137920498848
7821,0.0007971932645887136,0.012859953567385674
7822,0.0009026479674503207,0.011284615844488144
7823,0.0008712197886779904,0.010152416303753853
7824,0.0008542842697352171,0.010701604187488556
7825,0.0008332192664965987,0.00857977382838726
7826,0.0007566144922748208,0.009102694690227509
7827,0.0006981241749599576,0.008427107706665993
7828,0.0006246704142540693,0.007433060556650162
7829,0.0005603943136520684,0.007873917929828167
7830,0.0005213406984694302,0.006140007637441158
7831,0.0004796010034624487,0.00676970649510622
7832,0.0004442473582457751,0.005692982114851475
7833,0.00045612474787048995,0.005310527980327606
7834,0.0004239973204676062,0.0052000535652041435
7835,0.00045976840192452073,0.004763963632285595
7836,0.00044241046998649836,0.004695134237408638
7837,0.0004721952136605978,0.003973027691245079
7838,0.00047805195208638906,0.0038500502705574036
7839,0.0004873956786468625,0.0037327324971556664
7840,0.000497319910209626,0.0034472038969397545
7841,0.0005062125856056809,0.0033011985942721367
7842,0.000515771796926856,0.0032540319953113794
7843,0.0005363918608054519,0.003279938595369458
7844,0.0005381242372095585,0.003063197247684002
7845,0.0005684735369868577,0.0031035463325679302
7846,0.000602542597334832,0.002942027524113655
7847,0.0006588426767848432,0.00311860628426075
7848,0.0007105585536919534,0.0029314663261175156
7849,0.0007971948944032192,0.003156354883685708
7850,0.0009442580631002784,0.0033238688483834267
7851,0.0011315348092466593,0.0037874304689466953
7852,0.0013871854171156883,0.003664380172267556
7853,0.0016426790971308947,0.0036377699580043554
7854,0.0020438104402273893,0.0031062320340424776
7855,0.0024309884756803513,0.0025393408723175526
7856,0.003025832585990429,0.001948432414792478
7857,0.0034315160010010004,0.0019317970145493746
7858,0.003917670343071222,0.002144387224689126
7859,0.00410554651170969,0.001877642935141921
7860,0.004328535869717598,0.0016036832239478827
7861,0.004092073068022728,0.0017952041234821081
7862,0.0036778824869543314,0.001789537607692182
7863,0.0031322988215833902,0.0015644067898392677
7864,0.002606860361993313,0.00143286248203367
7865,0.0022410363890230656,0.0015874174423515797
7866,0.0021095401607453823,0.0015997077571228147
7867,0.002236928092315793,0.0014529015170410275
7868,0.0026196823455393314,0.001323371659964323
7869,0.0032818184699863195,0.0013627145672217011
7870,0.003989192191511393,0.0014210744993761182
7871,0.004311021417379379,0.001382083515636623
7872,0.0045754918828606606,0.001277705654501915
7873,0.0054376451298594475,0.001214824616909027
7874,0.005857668351382017,0.0012305970303714275
7875,0.004914068151265383,0.0012661023065447807
7876,0.0057583958841860294,0.0012559600872918963
7877,0.0074617150239646435,0.0011986878234893084
7878,0.011781485751271248,0.001130502438172698
7879,0.013040381483733654,0.00110727921128273
7880,0.025435995310544968,0.0011183645110577345
7881,0.046393752098083496,0.0011361754732206464
7882,0.05783182382583618,0.001127657131291926
7883,0.042921509593725204,0.0011042868718504906
7884,0.06936007738113403,0.001064843381755054
7885,0.05779552459716797,0.0010372886899858713
7886,0.05651821196079254,0.0010231059277430177
7887,0.03398147225379944,0.0010258283000439405
7888,0.01908480003476143,0.0010304857278242707
7889,0.0318571999669075,0.0010320559376850724
7890,0.06781275570392609,0.0010271061910316348
7891,0.06992257386445999,0.0010187076404690742
7892,0.0769958645105362,0.001003163866698742
7893,0.06235206499695778,0.0009878100827336311
7894,0.04107768088579178,0.000973630347289145
7895,0.05893988534808159,0.0009614522568881512
7896,0.07640346884727478,0.0009496037964709103
7897,0.03166535124182701,0.0009427909972146153
7898,0.07217101752758026,0.0009371706983074546
7899,0.11243079602718353,0.0009340383112430573
7900,0.09389248490333557,0.0009297013166360557
7901,0.035906028002500534,0.0009274488547816873
7902,0.08743643015623093,0.0009261007653549314
7903,0.07172843813896179,0.000927759800106287
7904,0.061895474791526794,0.0009320233948528767
7905,0.07501544058322906,0.0009429434430785477
7906,0.062265217304229736,0.0009640507050789893
7907,0.09132225066423416,0.0010065509704872966
7908,0.09877927601337433,0.001090063014999032
7909,0.09918482601642609,0.0012534406268969178
7910,0.05374077707529068,0.0015805504517629743
7911,0.03054218739271164,0.002223947085440159
7912,0.06727778166532516,0.003543093567714095
7913,0.0678560808300972,0.006075334269553423
7914,0.11439432203769684,0.011093562468886375
7915,0.13286304473876953,0.01902434416115284
7916,0.07413826882839203,0.030972806736826897
7917,0.14863866567611694,0.036883991211652756
7918,0.20361952483654022,0.035733889788389206
7919,0.15416274964809418,0.04030994698405266
7920,0.2737067639827728,0.020086241886019707
7921,0.16662541031837463,0.007117890752851963
7922,0.11258061230182648,0.00473124161362648
7923,0.13487038016319275,0.01038413681089878
7924,0.05888248234987259,0.007262971252202988
7925,0.13650327920913696,0.00585515471175313
7926,0.1184496358036995,0.00490547064691782
7927,0.10283726453781128,0.005901042837649584
7928,0.07212619483470917,0.0058391946367919445
7929,0.13900551199913025,0.0031597046181559563
7930,0.05386348068714142,0.004905369132757187
7931,0.11196061223745346,0.004278802312910557
7932,0.06322608888149261,0.0036591258831322193
7933,0.06812011450529099,0.0034043057821691036
7934,0.050608307123184204,0.00374535727314651
7935,0.07219043374061584,0.0035885549150407314
7936,0.059742800891399384,0.002569983247667551
7937,0.08078332245349884,0.003516604658216238
7938,0.0571109801530838,0.0029315210413187742
7939,0.042068105190992355,0.0025420645251870155
7940,0.028936848044395447,0.0025929873809218407
7941,0.022147614508867264,0.002696148119866848
7942,0.030306542292237282,0.00263391574844718
7943,0.03315962105989456,0.0020313370041549206
7944,0.030718758702278137,0.0023126774467527866
7945,0.013624880462884903,0.0023744148202240467
7946,0.016048379242420197,0.002145264530554414
7947,0.02399877831339836,0.0019025320652872324
7948,0.017042512074112892,0.001880598021671176
7949,0.016659937798976898,0.002103951293975115
7950,0.010887918062508106,0.0018487717024981976
7951,0.012732801027595997,0.0016836886061355472
7952,0.01389287319034338,0.0016569853760302067
7953,0.007764489855617285,0.001694051781669259
7954,0.011285815387964249,0.0017717457376420498
7955,0.008911814540624619,0.0015356831718236208
7956,0.007850408554077148,0.0014684551861137152
7957,0.007488866336643696,0.0014484731946140528
7958,0.005317753180861473,0.0014630538644269109
7959,0.006499280221760273,0.0015165951335802674
7960,0.005977884400635958,0.0014241746393963695
7961,0.005655745975673199,0.0013851197436451912
7962,0.004718386568129063,0.0013068096013739705
7963,0.0033809649758040905,0.0012413494987413287
7964,0.0035765506327152252,0.0012709093280136585
7965,0.0037332961801439524,0.001263172598555684
7966,0.0033290532883256674,0.0012753333430737257
7967,0.0028526114765554667,0.0013005082728341222
7968,0.002659574616700411,0.0012732497416436672
7969,0.002070387825369835,0.0012678804341703653
7970,0.0023776174057275057,0.001245319377630949
7971,0.002298002829775214,0.0012205851962789893
7972,0.002106228843331337,0.001218183315359056
7973,0.002011665375903249,0.0011977583635598421
7974,0.0015723996330052614,0.0011920785764232278
7975,0.0018132845871150494,0.0012110446114093065
7976,0.0016158558428287506,0.0012379320105537772
7977,0.001472392352297902,0.0013114128960296512
7978,0.0015140403993427753,0.0014463582774624228
7979,0.0013994112377986312,0.0017119311960414052
7980,0.0013528696727007627,0.0022602390963584185
7981,0.0012121035251766443,0.0033174229320138693
7982,0.0011547459289431572,0.00554887019097805
7983,0.0011123176664113998,0.009791476652026176
7984,0.0011435296619310975,0.018301282078027725
7985,0.0010118085192516446,0.027521589770913124
7986,0.0009480561129748821,0.03337761387228966
7987,0.0009550382383167744,0.005147769581526518
7988,0.0008561847498640418,0.013568352907896042
7989,0.0009534001583233476,0.02089529298245907
7990,0.0008447260479442775,0.014340211637318134
7991,0.0007917130133137107,0.004271454643458128
7992,0.0008301632478833199,0.015268237330019474
7993,0.0007574774790555239,0.09807199239730835
7994,0.0008129223133437335,0.2731776237487793
7995,0.0007578276563435793,0.1045871153473854
7996,0.0007267489563673735,0.04188387468457222
7997,0.0007442825590260327,0.0751056894659996
7998,0.0007007449166849256,0.04228952154517174
7999,0.0007323056925088167,0.10089601576328278
8000,0.0007125003030523658,0.03793930262327194
8001,0.000675995834171772,0.07451775670051575
8002,0.0006860374705865979,0.052521973848342896
8003,0.0006717085489071906,0.051448024809360504
8004,0.000667374231852591,0.04421504959464073
8005,0.0006638973136432469,0.05029774084687233
8006,0.0006463103927671909,0.04054661840200424
8007,0.0006458506686612964,0.04386412352323532
8008,0.0006383589934557676,0.03965558856725693
8009,0.0006288003642112017,0.03427334874868393
8010,0.0006343285785987973,0.04220794141292572
8011,0.0006226400728337467,0.02924250066280365
8012,0.0006164138903841376,0.02908879891037941
8013,0.0006144185899756849,0.029129354283213615
8014,0.000607975060120225,0.027648746967315674
8015,0.0006098484736867249,0.022095005959272385
8016,0.000602822401560843,0.02552347630262375
8017,0.0005992935039103031,0.02091202512383461
8018,0.0005969440098851919,0.020415939390659332
8019,0.0005923734279349446,0.01847817189991474
8020,0.0005920577677898109,0.01804955303668976
8021,0.0005884733400307596,0.01789627969264984
8022,0.0005866878782398999,0.015350785106420517
8023,0.0005832550814375281,0.014952369034290314
8024,0.0005806631525047123,0.01447131298482418
8025,0.0005785517860203981,0.012769605964422226
8026,0.000575801997911185,0.011772328056395054
8027,0.0005760337808169425,0.011855799704790115
8028,0.0005726226372644305,0.010438458994030952
8029,0.0005702184280380607,0.009743859060108662
8030,0.0005688921664841473,0.00961126759648323
8031,0.0005663158372044563,0.00887376070022583
8032,0.0005658561130985618,0.008355442434549332
8033,0.0005637764115817845,0.007905549369752407
8034,0.0005618103314191103,0.0077588558197021484
8035,0.0005606120685115457,0.006804267875850201
8036,0.0005583170568570495,0.006676996126770973
8037,0.00055758620146662,0.006236855406314135
8038,0.0005562793230637908,0.005988390184938908
8039,0.0005542777944356203,0.005638289265334606
8040,0.0005532765644602478,0.005462024360895157
8041,0.0005516951787285507,0.005103683099150658
8042,0.0005504838773049414,0.004887101706117392
8043,0.000549241085536778,0.004623479209840298
8044,0.0005477943923324347,0.004221415147185326
8045,0.0005468184244818985,0.004270425997674465
8046,0.0005454470519907773,0.004119453020393848
8047,0.0005442923866212368,0.0037283715792000294
8048,0.000543088826816529,0.003753325901925564
8049,0.0005419384688138962,0.003298163879662752
8050,0.0005408666911534965,0.003345530480146408
8051,0.0005396590568125248,0.0033138508442789316
8052,0.00053872459102422,0.00313676823861897
8053,0.000537535990588367,0.003023386001586914
8054,0.0005364965181797743,0.0027994434349238873
8055,0.0005355231696739793,0.0027474043890833855
8056,0.0005343889351934195,0.0026691840030252934
8057,0.0005334916641004384,0.002586028538644314
8058,0.0005324675003066659,0.0025885130744427443
8059,0.0005314912414178252,0.002359951613470912
8060,0.0005305605591274798,0.0023317988961935043
8061,0.0005295590963214636,0.0022413195110857487
8062,0.0005286559462547302,0.002232760190963745
8063,0.0005277321906760335,0.002187844133004546
8064,0.0005268219392746687,0.002123574959114194
8065,0.000525946612469852,0.0020388856064528227
8066,0.0005250307731330395,0.0019975665491074324
8067,0.0005241448525339365,0.001958455191925168
8068,0.0005232780822552741,0.0019501564092934132
8069,0.0005224299966357648,0.0018701069056987762
8070,0.0005215896526351571,0.0018459557322785258
8071,0.0005207391222938895,0.0017885244451463223
8072,0.0005199188599362969,0.001782349543645978
8073,0.000519078690558672,0.0017552176723256707
8074,0.0005182740860618651,0.0017229783115908504
8075,0.0005174888065084815,0.0016953089507296681
8076,0.0005166805349290371,0.0016576058696955442
8077,0.000515905034262687,0.001651085913181305
8078,0.000515115330927074,0.0016280509298667312
8079,0.000514350482262671,0.0016084837261587381
8080,0.0005135983228683472,0.0015885240864008665
8081,0.0005128384800627828,0.0015646190149709582
8082,0.000512095051817596,0.0015490313526242971
8083,0.0005113519728183746,0.0015331421745941043
8084,0.0005106251919642091,0.0015209356788545847
8085,0.0005098981782793999,0.0015023370506241918
8086,0.0005091766943223774,0.0014879381051287055
8087,0.0005084703443571925,0.0014709950191900134
8088,0.0005077638197690248,0.0014561261050403118
8089,0.000507066142745316,0.0014444564003497362
8090,0.0005063762655481696,0.0014325028751045465
8091,0.0005056859226897359,0.0014174912357702851
8092,0.0005050092586316168,0.0014059250243008137
8093,0.0005043342243880033,0.0013895730953663588
8094,0.0005036689690314233,0.0013791224919259548
8095,0.0005030071479268372,0.0013665675651282072
8096,0.0005023527191951871,0.0013580629602074623
8097,0.0005017019575461745,0.0013472798746079206
8098,0.0005010528257116675,0.0013373910915106535
8099,0.0005004112608730793,0.0013274666853249073
8100,0.0004997769137844443,0.001316869631409645
8101,0.000499153567943722,0.001308566890656948
8102,0.0004985274281352758,0.0012992450501769781
8103,0.0004979132208973169,0.0012916733976453543
8104,0.0004972906899638474,0.001282768091186881
8105,0.0004966864944435656,0.001274903304874897
8106,0.0004960780497640371,0.0012667926494032145
8107,0.0004954845062457025,0.0012591127306222916
8108,0.0004948882269673049,0.0012520004529505968
8109,0.0004942958476021886,0.0012444676831364632
8110,0.0004937109770253301,0.0012371288612484932
8111,0.0004931291914545,0.0012299451045691967
8112,0.0004925512475892901,0.0012225080281496048
8113,0.0004919794155284762,0.0012157474411651492
8114,0.0004914072342216969,0.0012087038485333323
8115,0.0004908432019874454,0.0012021476868540049
8116,0.0004902896471321583,0.0011951582273468375
8117,0.0004897337639704347,0.0011884925188496709
8118,0.0004891837015748024,0.001181435422040522
8119,0.0004886298556812108,0.0011746317613869905
8120,0.000488093588501215,0.0011678438168019056
8121,0.00048755118041299284,0.0011609441135078669
8122,0.00048701418563723564,0.0011540679261088371
8123,0.0004864812653977424,0.0011469053570181131
8124,0.00048595143016427755,0.0011396398767828941
8125,0.00048542889999225736,0.001132335513830185
8126,0.0004849092219956219,0.001124945585615933
8127,0.0004843885253649205,0.0011177092092111707
8128,0.0004838782479055226,0.0011106100864708424
8129,0.0004833638668060303,0.001103977207094431
8130,0.0004828551900573075,0.001097659463994205
8131,0.00048235186841338873,0.0010918169282376766
8132,0.0004818530869670212,0.0010860173497349024
8133,0.00048135709948837757,0.0010803721379488707
8134,0.00048086047172546387,0.001074749743565917
8135,0.0004803699266631156,0.0010691916104406118
8136,0.0004798858135472983,0.0010638246312737465
8137,0.0004793981206603348,0.001058685127645731
8138,0.00047891552094370127,0.0010538414353504777
8139,0.00047843577340245247,0.0010491525754332542
8140,0.0004779634182341397,0.0010446503292769194
8141,0.0004774896369781345,0.0010402649641036987
8142,0.0004770240338984877,0.001035973895341158
8143,0.0004765554622281343,0.001031779684126377
8144,0.00047609448665753007,0.0010276618413627148
8145,0.00047562760300934315,0.001023603486828506
8146,0.00047517556231468916,0.001019567484036088
8147,0.0004747145576402545,0.001015579211525619
8148,0.0004742654855363071,0.0010115780169144273
8149,0.000473813182907179,0.0010076100006699562
8150,0.00047336844727396965,0.0010036701569333673
8151,0.0004729299689643085,0.000999796437099576
8152,0.0004724835744127631,0.0009960224851965904
8153,0.0004720446886494756,0.0009923443431034684
8154,0.00047160679241642356,0.000988766085356474
8155,0.00047117675421759486,0.0009852912044152617
8156,0.00047074255417101085,0.000981880002655089
8157,0.00047031190479174256,0.0009785325964912772
8158,0.0004698897828347981,0.0009752415935508907
8159,0.0004694671952165663,0.0009720141533762217
8160,0.00046904373448342085,0.000968854408711195
8161,0.00046862190356478095,0.0009657939663156867
8162,0.0004682075814343989,0.0009628159459680319
8163,0.00046779311378486454,0.0009599347831681371
8164,0.000467382138594985,0.0009571416303515434
8165,0.0004669691261369735,0.0009544296190142632
8166,0.0004665640299208462,0.0009517843136563897
8167,0.00046615785686299205,0.0009492035023868084
8168,0.0004657521494664252,0.0009466789197176695
8169,0.0004653563955798745,0.0009442081209272146
8170,0.0004649553447961807,0.0009417826076969504
8171,0.00046455772826448083,0.0009394254302605987
8172,0.0004641650302801281,0.0009371165651828051
8173,0.0004637717502191663,0.000934864510782063
8174,0.0004633832140825689,0.0009326511062681675
8175,0.00046299357200041413,0.0009304845007136464
8176,0.00046260165981948376,0.0009283749386668205
8177,0.0004622151027433574,0.0009262906387448311
8178,0.0004618367238435894,0.0009242478990927339
8179,0.0004614597128238529,0.0009222361259162426
8180,0.00046108110109344125,0.0009202645742334425
8181,0.00046070374082773924,0.0009183128131553531
8182,0.00046032932004891336,0.0009163934737443924
8183,0.00045995571417734027,0.0009145004441961646
8184,0.00045958132250234485,0.0009126289514824748
8185,0.0004592160112224519,0.0009107913356274366
8186,0.00045884435530751944,0.0009089700179174542
8187,0.0004584845155477524,0.0009071719250641763
8188,0.0004581204557325691,0.00090539560187608
8189,0.0004577547952067107,0.0009036341216415167
8190,0.0004573971964418888,0.0009018889395520091
8191,0.00045703849173150957,0.0009001665748655796
8192,0.0004566801362670958,0.0008984592277556658
8193,0.00045632690307684243,0.0008967749308794737
8194,0.0004559744556900114,0.0008951034396886826
8195,0.0004556216299533844,0.0008934461511671543
8196,0.00045526708709076047,0.000891809118911624
8197,0.0004549250879790634,0.0008901882683858275
8198,0.00045457849046215415,0.00088857626542449
8199,0.0004542362876236439,0.000886985391844064
8200,0.00045388832222670317,0.000885403947904706
8201,0.0004535478656180203,0.0008838388603180647
8202,0.00045321023208089173,0.0008822883828543127
8203,0.00045286910608410835,0.0008807461708784103
8204,0.00045253708958625793,0.0008792196167632937
8205,0.0004521991650108248,0.000877700571436435
8206,0.000451867061201483,0.0008762060315348208
8207,0.00045153399696573615,0.0008747175452299416
8208,0.0004512017476372421,0.0008732394780963659
8209,0.00045087316539138556,0.0008717745076864958
8210,0.00045054161455482244,0.0008703252533450723
8211,0.00045022013364359736,0.0008688820526003838
8212,0.00044989248272031546,0.0008674463024362922
8213,0.0004495686443988234,0.0008660274324938655
8214,0.0004492474836297333,0.0008646157803013921
8215,0.00044892533333040774,0.00086320994887501
8216,0.0004486064426600933,0.0008618250139988959
8217,0.00044828723184764385,0.0008604458998888731
8218,0.00044797040754929185,0.0008590706856921315
8219,0.00044765282655134797,0.000857710896525532
8220,0.0004473442677408457,0.0008563543669879436
8221,0.0004470277053769678,0.0008550158236175776
8222,0.00044671999057754874,0.0008536746026948094
8223,0.00044640604755841196,0.0008523489814251661
8224,0.0004460990894585848,0.0008510283078067005
8225,0.00044579169480130076,0.0008497231174260378
8226,0.0004454823792912066,0.000848422001581639
8227,0.0004451871500350535,0.000847123097628355
8228,0.00044487681589089334,0.0008458386291749775
8229,0.00044457378680817783,0.0008445570128969848
8230,0.00044427401735447347,0.0008432932081632316
8231,0.00044397631427273154,0.0008420320227742195
8232,0.0004436772142071277,0.0008407728746533394
8233,0.00044337898725643754,0.0008395303739234805
8234,0.00044308288488537073,0.0008382920641452074
8235,0.0004427855892572552,0.000837065395899117
8236,0.0004424889339134097,0.000835841172374785
8237,0.00044219568371772766,0.0008346427930518985
8238,0.00044190636253915727,0.0008334546582773328
8239,0.00044161954429000616,0.0008322852663695812
8240,0.0004413246351759881,0.0008311641868203878
8241,0.00044103938853368163,0.0008300899062305689
8242,0.0004407492815516889,0.0008291249396279454
8243,0.0004404647625051439,0.0008283403003588319
8244,0.0004401825135573745,0.0008278783061541617
8245,0.00043989584082737565,0.0008280412293970585
8246,0.00043961498886346817,0.0008293137652799487
8247,0.0004393330018501729,0.0008327889954671264
8248,0.00043905264465138316,0.000840313674416393
8249,0.000438772258348763,0.0008561777649447322
8250,0.0004384926869533956,0.000887093017809093
8251,0.00043821943108923733,0.000950248446315527
8252,0.0004379410529509187,0.0010659379186108708
8253,0.0004376657889224589,0.0012958861188963056
8254,0.0004373927367851138,0.0016448122914880514
8255,0.0004371188988443464,0.0022078414913266897
8256,0.0004368480877019465,0.0024453510995954275
8257,0.00043657052447088063,0.0021712705492973328
8258,0.00043630588334053755,0.0010806974023580551
8259,0.00043603626545518637,0.0013294494710862637
8260,0.00043576181633397937,0.0017233539838343859
8261,0.0004354969714768231,0.0015078748110681772
8262,0.000435239722719416,0.0020878841169178486
8263,0.00043496862053871155,0.0021816075313836336
8264,0.00043470447417348623,0.0017476372886449099
8265,0.00043443808681331575,0.0015208933036774397
8266,0.0004341775784268975,0.0017510560574010015
8267,0.0004339177394285798,0.0019073268631473184
8268,0.00043365650344640017,0.0017943583661690354
8269,0.000433392939157784,0.003118484513834119
8270,0.0004331397358328104,0.006417658179998398
8271,0.0004328767245169729,0.007704809308052063
8272,0.00043262270628474653,0.004235552623867989
8273,0.0004323638277128339,0.003108387812972069
8274,0.00043211187585256994,0.00550789525732398
8275,0.00043185590766370296,0.00473696319386363
8276,0.00043159740744158626,0.0050396607257425785
8277,0.00043135747546330094,0.004494798369705677
8278,0.0004311010707169771,0.005171637982130051
8279,0.00043084437493234873,0.009199852123856544
8280,0.0004305987386032939,0.006508966442197561
8281,0.00043035048292949796,0.005859686061739922
8282,0.0004301025765016675,0.0037714841309934855
8283,0.0004298517887946218,0.004979233257472515
8284,0.0004296094994060695,0.0028321482241153717
8285,0.00042935871169902384,0.004265692550688982
8286,0.0004291158402338624,0.002931946888566017
8287,0.0004288711934350431,0.003858700394630432
8288,0.00042862212285399437,0.0034321933053433895
8289,0.0004283840535208583,0.003931297920644283
8290,0.0004281459841877222,0.004323698580265045
8291,0.0004279007262084633,0.005629765335470438
8292,0.00042766117257997394,0.00704948278144002
8293,0.00042741838842630386,0.010238145478069782
8294,0.0004271832585800439,0.014090267941355705
8295,0.00042694079456850886,0.018911026418209076
8296,0.00042671096161939204,0.020095959305763245
8297,0.0004264740564394742,0.014592763036489487
8298,0.0004262382281012833,0.006815739907324314
8299,0.00042600135202519596,0.01494246069341898
8300,0.0004257673863321543,0.02007834054529667
8301,0.00042553077219054103,0.017422687262296677
8302,0.00042530574137344956,0.008965235203504562
8303,0.0004250674683135003,0.03022252768278122
8304,0.00042483696597628295,0.03994487598538399
8305,0.00042460637632757425,0.007744893431663513
8306,0.0004243809962645173,0.03269607946276665
8307,0.0004241463902872056,0.0896846354007721
8308,0.0004239199624862522,0.1801241636276245
8309,0.00042369012953713536,0.1280078887939453
8310,0.00042346748523414135,0.07828602194786072
8311,0.00042323459638282657,0.2993766665458679
8312,0.00042301067151129246,0.1402747482061386
8313,0.0004227909666951746,0.21413779258728027
8314,0.00042256174492649734,0.09974390268325806
8315,0.00042234151624143124,0.16629618406295776
8316,0.0004221153794787824,0.15858575701713562
8317,0.0004218937538098544,0.11113173514604568
8318,0.0004216711677145213,0.21745535731315613
8319,0.0004214540240354836,0.12545855343341827
8320,0.00042123132152482867,0.18351100385189056
8321,0.0004210096085444093,0.12656167149543762
8322,0.00042079505510628223,0.16335788369178772
8323,0.0004205724108032882,0.16543835401535034
8324,0.00042035707156173885,0.15778866410255432
8325,0.0004201412375550717,0.17681235074996948
8326,0.00041992575279437006,0.1795346736907959
8327,0.0004197045636828989,0.17983907461166382
8328,0.0004194946668576449,0.18889638781547546
8329,0.0004192809574306011,0.18976835906505585
8330,0.00041906762635335326,0.18660509586334229
8331,0.00041884894017130136,0.19376635551452637
8332,0.00041863921796903014,0.19229227304458618
8333,0.0004184251883998513,0.1892090141773224
8334,0.00041821401100605726,0.19257384538650513
8335,0.000417999952333048,0.19592604041099548
8336,0.00041779750608839095,0.19215679168701172
8337,0.0004175812646280974,0.18571124970912933
8338,0.00041737494757398963,0.18288549780845642
8339,0.0004171678447164595,0.18233773112297058
8340,0.00041695788968354464,0.17902594804763794
8341,0.00041674968088045716,0.17629432678222656
8342,0.0004165422869846225,0.17341887950897217
8343,0.0004163358244113624,0.16956105828285217
8344,0.0004161366377957165,0.16666506230831146
8345,0.000415925111155957,0.16578041017055511
8346,0.00041572132613509893,0.16375260055065155
8347,0.0004155219648964703,0.15861544013023376
8348,0.0004153197514824569,0.1535385698080063
8349,0.00041510991286486387,0.15061482787132263
8350,0.0004149099695496261,0.1479940265417099
8351,0.0004147083673160523,0.14433656632900238
8352,0.0004145098791923374,0.14028432965278625
8353,0.00041430650162510574,0.13767048716545105
8354,0.0004141059471294284,0.13518273830413818
8355,0.0004139016382396221,0.13161471486091614
8356,0.0004137091164011508,0.12916520237922668
8357,0.0004135072813369334,0.1268645077943802
8358,0.0004133098991587758,0.12280194461345673
8359,0.0004131114110350609,0.1202438622713089
8360,0.000412916240748018,0.11850693076848984
8361,0.00041272182716056705,0.11573216319084167
8362,0.0004125213308725506,0.11217787861824036
8363,0.0004123288090340793,0.11005724966526031
8364,0.0004121378296986222,0.10745403170585632
8365,0.00041193843935616314,0.10527194291353226
8366,0.0004117442585993558,0.10238926112651825
8367,0.0004115537158213556,0.10023394972085953
8368,0.00041135429637506604,0.09829699248075485
8369,0.00041116797365248203,0.09688898921012878
8370,0.00041097833309322596,0.0947294533252716
8371,0.0004107770510017872,0.09277547150850296
8372,0.00041059107752516866,0.0904836505651474
8373,0.0004104028339497745,0.08850037306547165
8374,0.0004102118837181479,0.0860871821641922
8375,0.00041002765647135675,0.08414459228515625
8376,0.00040983784128911793,0.08207331597805023
8377,0.00040964718209579587,0.08033137768507004
8378,0.0004094551841262728,0.07903178036212921
8379,0.0004092654853593558,0.07672085613012314
8380,0.0004090830043423921,0.07390137016773224
8381,0.00040889211231842637,0.07328292727470398
8382,0.00040870957309380174,0.0715697780251503
8383,0.0004085248801857233,0.06895408779382706
8384,0.0004083380335941911,0.06980552524328232
8385,0.00040815596003085375,0.06661868095397949
8386,0.00040797045221552253,0.06554032862186432
8387,0.00040778738912194967,0.06386195123195648
8388,0.00040760167757980525,0.06155449151992798
8389,0.000407419225666672,0.060314688831567764
8390,0.0004072377341799438,0.05789288878440857
8391,0.00040705775609239936,0.05673954635858536
8392,0.0004068713169544935,0.05485665798187256
8393,0.00040669404552318156,0.053490862250328064
8394,0.00040650804294273257,0.051703132688999176
8395,0.0004063315864186734,0.05041884258389473
8396,0.0004061507643200457,0.04902230203151703
8397,0.00040596810868009925,0.04785957559943199
8398,0.0004057939804624766,0.0464785061776638
8399,0.00040561091736890376,0.04509694501757622
8400,0.000405436207074672,0.04363046586513519
8401,0.000405258615501225,0.042440418154001236
8402,0.00040507587254978716,0.041254982352256775
8403,0.0004049023846164346,0.03993652015924454
8404,0.0004047267429996282,0.038701340556144714
8405,0.00040454749250784516,0.03735310956835747
8406,0.0004043718217872083,0.036129944026470184
8407,0.0004042017972096801,0.03523440286517143
8408,0.00040402496233582497,0.03396430239081383
8409,0.00040384868043474853,0.03310010954737663
8410,0.0004036750178784132,0.03207097575068474
8411,0.0004035022866446525,0.03117334097623825
8412,0.0004033288569189608,0.029898514971137047
8413,0.0004031533026136458,0.028923306614160538
8414,0.0004029828996863216,0.027993518859148026
8415,0.0004028100520372391,0.027129441499710083
8416,0.00040263572009280324,0.026689447462558746
8417,0.0004024675290565938,0.02591206692159176
8418,0.00040229811565950513,0.024882487952709198
8419,0.00040213053580373526,0.02446260303258896
8420,0.0004019573680125177,0.023807991296052933
8421,0.00040178810013458133,0.022725988179445267
8422,0.00040161667857319117,0.02230544574558735
8423,0.0004014464211650193,0.021597905084490776
8424,0.0004012772114947438,0.020724594593048096
8425,0.0004011085256934166,0.0201579462736845
8426,0.00040094737778417766,0.019547607749700546
8427,0.0004007772367913276,0.018778879195451736
8428,0.0004006114904768765,0.01836393214762211
8429,0.0004004408838227391,0.01775367744266987
8430,0.0004002740024589002,0.01702794060111046
8431,0.0004001100023742765,0.01643805205821991
8432,0.0003999425389338285,0.01584530621767044
8433,0.0003997787134721875,0.015351845882833004
8434,0.00039960863068699837,0.015006111934781075
8435,0.0003994502767454833,0.0145301204174757
8436,0.0003992894780822098,0.013807892799377441
8437,0.0003991221310570836,0.013447348959743977
8438,0.00039895804366096854,0.012912124395370483
8439,0.00039879599353298545,0.01240613404661417
8440,0.00039862870471552014,0.012099198065698147
8441,0.00039846933213993907,0.011715248227119446
8442,0.00039830341120250523,0.011395509354770184
8443,0.00039814182673580945,0.010954378172755241
8444,0.0003979798639193177,0.010504482313990593
8445,0.0003978214517701417,0.010186202824115753
8446,0.00039765890687704086,0.009871074929833412
8447,0.00039749976713210344,0.009696593508124352
8448,0.00039733940502628684,0.009332938119769096
8449,0.0003971834375988692,0.008888263255357742
8450,0.00039701664354652166,0.008723314851522446
8451,0.0003968611708842218,0.008444836363196373
8452,0.0003967024094890803,0.008215419016778469
8453,0.00039654294960200787,0.008137795142829418
8454,0.0003963888739235699,0.007932474836707115
8455,0.0003962291812058538,0.0076933810487389565
8456,0.0003960754256695509,0.0074664996936917305
8457,0.00039591011591255665,0.007217098958790302
8458,0.0003957587468903512,0.007105041295289993
8459,0.0003955997235607356,0.006740387063473463
8460,0.0003954456769861281,0.006525483913719654
8461,0.00039529046625830233,0.00668448768556118
8462,0.0003951354883611202,0.006581378635019064
8463,0.0003949795209337026,0.006478030700236559
8464,0.00039481814019382,0.006150255911052227
8465,0.0003946693323086947,0.0057948920875787735
8466,0.00039451554766856134,0.00563672324642539
8467,0.000394362083170563,0.0056389025412499905
8468,0.0003942014882341027,0.0055629415437579155
8469,0.0003940514288842678,0.005547188222408295
8470,0.0003938992158509791,0.005470368079841137
8471,0.000393740861909464,0.005423804745078087
8472,0.0003935952845495194,0.005276905372738838
8473,0.0003934379783459008,0.0052042994648218155
8474,0.0003932896943297237,0.005049288272857666
8475,0.0003931355895474553,0.004898373037576675
8476,0.000392985442886129,0.004754685331135988
8477,0.00039283576188609004,0.004726728890091181
8478,0.00039268453838303685,0.004661643877625465
8479,0.0003925359924323857,0.0045865727588534355
8480,0.00039238540921360254,0.004441813100129366
8481,0.00039223191561177373,0.0043447790667414665
8482,0.00039208345697261393,0.004267749842256308
8483,0.00039193464908748865,0.00426720455288887
8484,0.0003917873837053776,0.0042398651130497456
8485,0.0003916380228474736,0.004195308778434992
8486,0.00039149002986960113,0.004161333665251732
8487,0.00039133886457420886,0.004146648570895195
8488,0.00039119634311646223,0.004095312207937241
8489,0.0003910513478331268,0.004052520729601383
8490,0.0003908975631929934,0.004032972268760204
8491,0.00039075457607395947,0.004013217054307461
8492,0.0003906048368662596,0.003994766157120466
8493,0.00039045713492669165,0.0039797634817659855
8494,0.0003903105389326811,0.003936218097805977
8495,0.00039016775554046035,0.003899653907865286
8496,0.00039002011180855334,0.0038797957822680473
8497,0.00038987683365121484,0.0038764739874750376
8498,0.0003897324204444885,0.0038564344868063927
8499,0.0003895831760019064,0.003835105337202549
8500,0.00038943850086070597,0.0038077794015407562
8501,0.0003892956010531634,0.003788683097809553
8502,0.0003891501110047102,0.0037715579383075237
8503,0.00038900639628991485,0.0037620491348206997
8504,0.00038886137190274894,0.0037458676379173994
8505,0.0003887200145982206,0.003731689415872097
8506,0.0003885786863975227,0.003722167108207941
8507,0.00038843523361720145,0.0037109460681676865
8508,0.0003882944874931127,0.0036967324558645487
8509,0.00038815109292045236,0.0036804480478167534
8510,0.00038800627226009965,0.003667339449748397
8511,0.00038786878576502204,0.0036574865225702524
8512,0.00038772192783653736,0.0036493493244051933
8513,0.0003875850234180689,0.0036382293328642845
8514,0.00038744445191696286,0.003624672070145607
8515,0.0003873046371154487,0.003611796535551548
8516,0.00038716266863048077,0.0036019289400428534
8517,0.00038702168967574835,0.003593115136027336
8518,0.0003868796047754586,0.0035845814272761345
8519,0.0003867421473842114,0.003574522677809
8520,0.0003866036422550678,0.0035633163060992956
8521,0.00038646560278721154,0.0035530528984963894
8522,0.0003863215970341116,0.0035436348989605904
8523,0.0003861846635118127,0.0035332476254552603
8524,0.0003860456054098904,0.0035227849148213863
8525,0.00038590803160332143,0.003512324532493949
8526,0.00038577645318582654,0.003502548672258854
8527,0.0003856340772472322,0.0034921776968985796
8528,0.00038549909368157387,0.003481574822217226
8529,0.0003853584930766374,0.003470238298177719
8530,0.0003852216759696603,0.003459060098975897
8531,0.0003850865759886801,0.003447923343628645
8532,0.00038494824548251927,0.003436426632106304
8533,0.00038481346564367414,0.0034242221154272556
8534,0.0003846743784379214,0.0034116855822503567
8535,0.0003845353494398296,0.003398735076189041
8536,0.0003844031598418951,0.0033856350928545
8537,0.0003842706501018256,0.0033722687512636185
8538,0.00038413499714806676,0.0033580849412828684
8539,0.00038399483310058713,0.003343095537275076
8540,0.00038386305095627904,0.0033273925073444843
8541,0.0003837281255982816,0.003311040811240673
8542,0.00038359034806489944,0.003293831367045641
8543,0.000383462494937703,0.0032757315784692764
8544,0.00038332887925207615,0.003256660420447588
8545,0.00038319441955536604,0.0032364288344979286
8546,0.00038305873749777675,0.0032150018960237503
8547,0.0003829245688393712,0.0031921654008328915
8548,0.00038279686123132706,0.0031681128311902285
8549,0.00038266030605882406,0.00314310728572309
8550,0.0003825265448540449,0.003117984626442194
8551,0.0003823933657258749,0.00309442519210279
8552,0.0003822632716037333,0.0030757407657802105
8553,0.00038213294465094805,0.0030692489817738533
8554,0.00038200063863769174,0.0030900079291313887
8555,0.00038186844903975725,0.0031886440701782703
8556,0.0003817366959992796,0.003509877249598503
8557,0.0003816089010797441,0.004515369422733784
8558,0.00038147333543747663,0.007537150755524635
8559,0.0003813444054685533,0.01660100929439068
8560,0.00038121658144518733,0.04082820564508438
8561,0.0003810828784480691,0.09072475880384445
8562,0.000380955811124295,0.06621209532022476
8563,0.00038082245737314224,0.050325021147727966
8564,0.0003806966124102473,0.18031030893325806
8565,0.0003805671585723758,0.06254791468381882
8566,0.0003804350271821022,0.09069738537073135
8567,0.00038031162694096565,0.11032462865114212
8568,0.0003801817074418068,0.03477546200156212
8569,0.000380050390958786,0.0652608871459961
8570,0.00037992149009369314,0.07542351633310318
8571,0.00037979462649673223,0.03997999429702759
8572,0.0003796642122324556,0.06469262391328812
8573,0.0003795350785367191,0.06779815256595612
8574,0.0003794110962189734,0.0596463680267334
8575,0.0003792823990806937,0.03087626025080681
8576,0.0003791551571339369,0.05903494358062744
8577,0.00037902811891399324,0.02704174630343914
8578,0.00037890110979788005,0.04289696738123894
8579,0.0003787757596001029,0.031294431537389755
8580,0.0003786493034567684,0.025409270077943802
8581,0.00037852436071261764,0.04029938206076622
8582,0.0003783971769735217,0.021220024675130844
8583,0.00037826847983524203,0.025315051898360252
8584,0.0003781429841183126,0.03163318336009979
8585,0.000378019962226972,0.018791520968079567
8586,0.0003778936224989593,0.025930892676115036
8587,0.00037776894168928266,0.022213488817214966
8588,0.00037764915032312274,0.018079254776239395
8589,0.00037751859053969383,0.024669025093317032
8590,0.00037739769322797656,0.015682168304920197
8591,0.00037726981099694967,0.019475754350423813
8592,0.00037714579957537353,0.020075971260666847
8593,0.00037702536792494357,0.014728338457643986
8594,0.0003768946626223624,0.018652556464076042
8595,0.0003767745802178979,0.015854842960834503
8596,0.00037665304262191057,0.014733565971255302
8597,0.0003765253350138664,0.016617238521575928
8598,0.00037640711525455117,0.013044995255768299
8599,0.00037628173595294356,0.015828952193260193
8600,0.00037616188637912273,0.012807929888367653
8601,0.0003760340332519263,0.013166965916752815
8602,0.0003759115352295339,0.013866099528968334
8603,0.0003757918602786958,0.011632921174168587
8604,0.00037567122490145266,0.012861546128988266
8605,0.00037555277231149375,0.011241084896028042
8606,0.00037542852805927396,0.01208731159567833
8607,0.0003753068740479648,0.010827897116541862
8608,0.00037518463796004653,0.010664079338312149
8609,0.00037506455555558205,0.010729974135756493
8610,0.0003749402239918709,0.009771131910383701
8611,0.00037481950130313635,0.010077704675495625
8612,0.0003747018054127693,0.009177304804325104
8613,0.0003745802096091211,0.00935522560030222
8614,0.000374464550986886,0.008403551764786243
8615,0.00037434149999171495,0.008698668330907822
8616,0.00037422002060338855,0.007929942570626736
8617,0.0003740976098924875,0.007874985225498676
8618,0.00037398302811197937,0.007638643495738506
8619,0.0003738641971722245,0.007270476780831814
8620,0.0003737409133464098,0.006956515833735466
8621,0.0003736212383955717,0.006681504659354687
8622,0.00037350086495280266,0.006551605183631182
8623,0.00037338241236284375,0.0063546523451805115
8624,0.0003732629702426493,0.006109151057898998
8625,0.00037314838846214116,0.005796369630843401
8626,0.0003730294411070645,0.005845093168318272
8627,0.0003729099698830396,0.005694670137017965
8628,0.0003727895673364401,0.005429786629974842
8629,0.0003726746654137969,0.005341030657291412
8630,0.00037255854113027453,0.005217160098254681
8631,0.0003724424459505826,0.005027249921113253
8632,0.00037232384784147143,0.004882684908807278
8633,0.0003722034743987024,0.0047607943415641785
8634,0.0003720844106283039,0.004641955718398094
8635,0.00037197029450908303,0.0045325662940740585
8636,0.00037185277324169874,0.004422354511916637
8637,0.0003717337967827916,0.00436974223703146
8638,0.0003716181090567261,0.004333920776844025
8639,0.0003715015191119164,0.00424579530954361
8640,0.0003713818732649088,0.004143762402236462
8641,0.0003712716861627996,0.004024856723845005
8642,0.00037115870509296656,0.003931288607418537
8643,0.0003710404853336513,0.003851586487144232
8644,0.0003709255834110081,0.0037996459286659956
8645,0.0003708074800670147,0.003724671434611082
8646,0.00037069496465846896,0.0036514203529804945
8647,0.0003705818089656532,0.0036057510878890753
8648,0.00037046015495434403,0.0035414344165474176
8649,0.00037034612614661455,0.0034645716659724712
8650,0.0003702364629134536,0.0034020249731838703
8651,0.00037012016400694847,0.0033397390507161617
8652,0.00037000642623752356,0.003292690496891737
8653,0.0003698919899761677,0.00326487491838634
8654,0.00036977900890633464,0.003235939424484968
8655,0.00036966241896152496,0.0032131748739629984
8656,0.00036954646930098534,0.003173824865370989
8657,0.000369431683793664,0.0031381561420857906
8658,0.00036932301009073853,0.003108047414571047
8659,0.000369207322364673,0.0030876086093485355
8660,0.00036909314803779125,0.003065934171900153
8661,0.00036897932295687497,0.003040281357243657
8662,0.0003688718134071678,0.0030123305041342974
8663,0.00036875615478493273,0.0029693073593080044
8664,0.00036864279536530375,0.0029229456558823586
8665,0.0003685300762299448,0.0028756381943821907
8666,0.00036841852124780416,0.0028348658233880997
8667,0.0003683072282001376,0.0028060763143002987
8668,0.000368193956092,0.0027816593647003174
8669,0.0003680828376673162,0.002768471837043762
8670,0.00036797195207327604,0.002762701828032732
8671,0.00036785847623832524,0.002781826537102461
8672,0.0003677458153106272,0.0028817043639719486
8673,0.00036763749085366726,0.003333532251417637
8674,0.0003675290790852159,0.005371800623834133
8675,0.00036741109215654433,0.01391126774251461
8676,0.0003673046303447336,0.047399017959833145
8677,0.0003671904851216823,0.06710720807313919
8678,0.0003670825972221792,0.011092092841863632
8679,0.0003669681609608233,0.03435590863227844
8680,0.0003668604767881334,0.022010521963238716
8681,0.00036675037699751556,0.03947365656495094
8682,0.000366637425031513,0.025679755955934525
8683,0.00036653061397373676,0.03514058142900467
8684,0.000366421474609524,0.05292375758290291
8685,0.00036630447721108794,0.020527679473161697
8686,0.00036619679303839803,0.03473522514104843
8687,0.00036609184462577105,0.020652586594223976
8688,0.0003659781941678375,0.032490454614162445
8689,0.0003658690839074552,0.01789029873907566
8690,0.00036576009006239474,0.02826375886797905
8691,0.00036565272603183985,0.019829612225294113
8692,0.0003655414911918342,0.02306438237428665
8693,0.00036543136229738593,0.016761086881160736
8694,0.000365324376616627,0.020982760936021805
8695,0.0003652163140941411,0.017436223104596138
8696,0.00036510592326521873,0.018905717879533768
8697,0.00036500149872154,0.013958833180367947
8698,0.00036489407648332417,0.01818208396434784
8699,0.0003647850826382637,0.013718739151954651
8700,0.00036467559402808547,0.014378155581653118
8701,0.0003645672113634646,0.012308050878345966
8702,0.0003644658427219838,0.012994958087801933
8703,0.00036436234950087965,0.011859627440571785
8704,0.0003642560332082212,0.011554813012480736
8705,0.00036415160866454244,0.010519194416701794
8706,0.00036405364517122507,0.011555569246411324
8707,0.00036395504139363766,0.010201610624790192
8708,0.000363860308425501,0.009536140598356724
8709,0.00036378117511048913,0.009346776641905308
8710,0.0003637123736552894,0.009551040828227997
8711,0.0003636614710558206,0.008743583224713802
8712,0.0003636344335973263,0.008436644449830055
8713,0.0003636621404439211,0.008020058274269104
8714,0.00036375137278810143,0.007682906463742256
8715,0.00036396709037944674,0.007519241888076067
8716,0.0003643622621893883,0.007403359282761812
8717,0.0003650602884590626,0.006947599817067385
8718,0.0003662411472760141,0.006857720203697681
8719,0.00036822009133175015,0.0063026235438883305
8720,0.0003715030034072697,0.006265319883823395
8721,0.00037695642095059156,0.005976384971290827
8722,0.00038601679261773825,0.006009701173752546
8723,0.00040114475996233523,0.0057771531865000725
8724,0.0004264705639798194,0.0054457224905490875
8725,0.00046919556916691363,0.005147160496562719
8726,0.000541432062163949,0.005197511054575443
8727,0.0006645467365160584,0.00490221381187439
8728,0.0008742187637835741,0.004741751588881016
8729,0.001233971561305225,0.004544341936707497
8730,0.0018461933359503746,0.004465640522539616
8731,0.002891406649723649,0.004279006738215685
8732,0.004627568647265434,0.00424762349575758
8733,0.007468945812433958,0.00410483917221427
8734,0.011762330308556557,0.00397890992462635
8735,0.017750756815075874,0.0037645732518285513
8736,0.02423209697008133,0.003711520927026868
8737,0.028704529628157616,0.0036335058975964785
8738,0.02647911198437214,0.003586063627153635
8739,0.016977136954665184,0.003495587036013603
8740,0.005319090094417334,0.003438361920416355
8741,0.0006488697254098952,0.003304398851469159
8742,0.00494283065199852,0.003296749433502555
8743,0.011503644287586212,0.0032270641531795263
8744,0.012497012503445148,0.003143889596685767
8745,0.006859650835394859,0.003129876684397459
8746,0.0012744693085551262,0.0030583038460463285
8747,0.0014887836296111345,0.0030199410393834114
8748,0.005579028744250536,0.0029950495809316635
8749,0.00747123546898365,0.002961392281576991
8750,0.004899556282907724,0.00292905792593956
8751,0.0013349917717278004,0.002863495144993067
8752,0.0008112190989777446,0.0028300629928708076
8753,0.003064210992306471,0.00280158594250679
8754,0.00470806984230876,0.0027994478587061167
8755,0.003727590199559927,0.0027913032099604607
8756,0.0016407289076596498,0.0027288293931633234
8757,0.0006729837623424828,0.00269218347966671
8758,0.001448783208616078,0.0026641609147191048
8759,0.002598981838673353,0.002627003937959671
8760,0.002664703642949462,0.002588690258562565
8761,0.0017413072055205703,0.0025474834255874157
8762,0.0008825581171549857,0.0025388060603290796
8763,0.0007693080697208643,0.0025412542745471
8764,0.0012574514839798212,0.002581824781373143
8765,0.0016620540991425514,0.002787740435451269
8766,0.0015354121569544077,0.003769541857764125
8767,0.0010666168527677655,0.00836923997849226
8768,0.0006783790304325521,0.028301700949668884
8769,0.0006443321472033858,0.10579023510217667
8770,0.0008986462489701807,0.10409726202487946
8771,0.0011416373308748007,0.0394161157310009
8772,0.0010883646318688989,0.09186311811208725
8773,0.0007710576755926013,0.049933262169361115
8774,0.0005020716926082969,0.053923167288303375
8775,0.0004952521412633359,0.04507731273770332
8776,0.0007285622414201498,0.06230456754565239
8777,0.0009071953245438635,0.0330791249871254
8778,0.0008004371775314212,0.04254050552845001
8779,0.0005509972106665373,0.048754408955574036
8780,0.0003975012805312872,0.05532663315534592
8781,0.0004458082257770002,0.04487232118844986
8782,0.0006176099414005876,0.04403332620859146
8783,0.000685560517013073,0.05982282757759094
8784,0.00059622956905514,0.04795936495065689
8785,0.00045008931192569435,0.0541868731379509
8786,0.0003809431800618768,0.044956307858228683
8787,0.000419098068960011,0.05301981791853905
8788,0.0005083870491944253,0.04569312930107117
8789,0.0005382925737649202,0.04146438091993332
8790,0.0004913599113933742,0.04565178602933884
8791,0.00042370741721242666,0.0413849800825119
8792,0.0003857634146697819,0.04340583086013794
8793,0.00039427384035661817,0.035783685743808746
8794,0.00042901947745122015,0.039405614137649536
8795,0.0004472665605135262,0.03535027056932449
8796,0.00043804256711155176,0.0370551161468029
8797,0.00041431287536397576,0.033111587166786194
8798,0.00038791645783931017,0.033406030386686325
8799,0.0003759900573641062,0.031868793070316315
8800,0.00038450706051662564,0.03095139004290104
8801,0.00039830742753110826,0.0288538821041584
8802,0.0004065518151037395,0.02955416589975357
8803,0.0004028507391922176,0.02790827676653862
8804,0.0003859868738800287,0.030051060020923615
8805,0.0003698919899761677,0.025816280394792557
8806,0.0003661827649921179,0.027411285787820816
8807,0.00037285202415660024,0.02488742768764496
8808,0.00038300995947793126,0.025343220680952072
8809,0.00038758496521040797,0.02346581406891346
8810,0.0003806629392784089,0.023150384426116943
8811,0.0003694965271279216,0.022013749927282333
8812,0.00036237528547644615,0.02156185358762741
8813,0.00036246125819161534,0.021049387753009796
8814,0.0003677431377582252,0.02005401998758316
8815,0.0003731597971636802,0.019497789442539215
8816,0.00037283854908309877,0.018994145095348358
8817,0.0003685756237246096,0.018145261332392693
8818,0.0003635977045632899,0.01807168684899807
8819,0.00036071668728254735,0.0170967448502779
8820,0.0003609691630117595,0.016982346773147583
8821,0.0003632382140494883,0.016186490654945374
8822,0.0003645667457021773,0.015582168474793434
8823,0.0003647362464107573,0.014943473041057587
8824,0.00036351109156385064,0.014706656336784363
8825,0.0003615723690018058,0.014238578267395496
8826,0.00036001414991915226,0.013876599259674549
8827,0.0003593491273932159,0.01322177518159151
8828,0.00035931600723415613,0.012828792445361614
8829,0.0003599796036724001,0.012412641197443008
8830,0.00036061121500097215,0.01205821055918932
8831,0.0003606423269957304,0.011539412662386894
8832,0.0003600440686568618,0.011132316663861275
8833,0.0003590238920878619,0.01072915643453598
8834,0.000357957324013114,0.010456201620399952
8835,0.0003575158189050853,0.010036725550889969
8836,0.0003576583112590015,0.009717214852571487
8837,0.00035805522929877043,0.00940705742686987
8838,0.0003583671059459448,0.009167637676000595
8839,0.00035828520776703954,0.008822156116366386
8840,0.00035776698496192694,0.008549387566745281
8841,0.0003571898560039699,0.008409954607486725
8842,0.00035671197110787034,0.008092347532510757
8843,0.0003564756189007312,0.007872510701417923
8844,0.0003564668877515942,0.007518306374549866
8845,0.00035653746454045177,0.007372312247753143
8846,0.000356527540134266,0.0071888514794409275
8847,0.00035646051401272416,0.006952887400984764
8848,0.0003562723286449909,0.006764735095202923
8849,0.00035603041760623455,0.006615873891860247
8850,0.0003557823656592518,0.006323148962110281
8851,0.00035555718932300806,0.006142470054328442
8852,0.00035536946961656213,0.005948931444436312
8853,0.0003552644338924438,0.005806666798889637
8854,0.00035519024822860956,0.005720227956771851
8855,0.00035514149931259453,0.0055581554770469666
8856,0.0003550831461325288,0.005358107388019562
8857,0.00035496975760906935,0.005253857001662254
8858,0.00035481576924212277,0.005100596696138382
8859,0.0003546367515809834,0.0049239699728786945
8860,0.00035444804234430194,0.004689897410571575
8861,0.0003542940248735249,0.004612904507666826
8862,0.00035417889012023807,0.00456591323018074
8863,0.0003540804027579725,0.004448560066521168
8864,0.00035400065826252103,0.004388510249555111
8865,0.0003539111348800361,0.004404237028211355
8866,0.0003538113087415695,0.004248334560543299
8867,0.0003536939912009984,0.004087752662599087
8868,0.0003535725991241634,0.003993656486272812
8869,0.0003534452407620847,0.003920398652553558
8870,0.0003533179697114974,0.003843960352241993
8871,0.0003531954134814441,0.0037161880172789097
8872,0.0003530757676344365,0.003609858453273773
8873,0.0003529631649143994,0.003571456531062722
8874,0.0003528498928062618,0.003563173580914736
8875,0.0003527473600115627,0.0035459394566714764
8876,0.00035264535108581185,0.0034969858825206757
8877,0.0003525487845763564,0.003380343783646822
8878,0.0003524424973875284,0.003267355728894472
8879,0.00035234124516136944,0.0032064858824014664
8880,0.0003522270417306572,0.0031763575971126556
8881,0.00035211906651966274,0.0031505110673606396
8882,0.00035200687125325203,0.0031091889832168818
8883,0.00035189377376809716,0.0030439402908086777
8884,0.0003517853037919849,0.0029891878366470337
8885,0.00035167785244993865,0.002944221720099449
8886,0.0003515656280796975,0.0028950339183211327
8887,0.00035146655864082277,0.00285474956035614
8888,0.0003513638803269714,0.0028173839673399925
8889,0.0003512572729960084,0.0027789780870079994
8890,0.0003511559043545276,0.0027385312132537365
8891,0.00035105005372315645,0.002705159829929471
8892,0.00035094795748591423,0.0026834062300622463
8893,0.00035085040144622326,0.002655602991580963
8894,0.0003507447545416653,0.002617508638650179
8895,0.00035064242547377944,0.002574680373072624
8896,0.00035053963074460626,0.002532322658225894
8897,0.0003504319756757468,0.002505318261682987
8898,0.0003503331681713462,0.0024970087688416243
8899,0.00035022926749661565,0.002496755449101329
8900,0.000350127782439813,0.0025094698648899794
8901,0.00035002490039914846,0.0025748847983777523
8902,0.0003499202721286565,0.002827808726578951
8903,0.0003498192527331412,0.003774474374949932
8904,0.00034971669083461165,0.007383863441646099
8905,0.0003496165154501796,0.020437320694327354
8906,0.0003495158161967993,0.06537462025880814
8907,0.0003494118573144078,0.12712761759757996
8908,0.0003493127878755331,0.10257494449615479
8909,0.0003492118266876787,0.05260183662176132
8910,0.00034910975955426693,0.04405216872692108
8911,0.0003490123781375587,0.07408036291599274
8912,0.00034891374525614083,0.052154988050460815
8913,0.00034881592728197575,0.05060550943017006
8914,0.00034871420939452946,0.04787498712539673
8915,0.0003486160421743989,0.0664898157119751
8916,0.00034851886448450387,0.04744584113359451
8917,0.00034841778688132763,0.05537213757634163
8918,0.000348321336787194,0.054238028824329376
8919,0.00034822087036445737,0.041835397481918335
8920,0.0003481229941826314,0.05050013214349747
8921,0.0003480277955532074,0.03815276548266411
8922,0.00034793000668287277,0.03799851983785629
8923,0.0003478327998891473,0.03308030962944031
8924,0.0003477408899925649,0.037013206630945206
8925,0.00034764912561513484,0.03159979730844498
8926,0.00034755447995848954,0.02831992320716381
8927,0.0003474671975709498,0.03273966908454895
8928,0.00034738663816824555,0.029899287968873978
8929,0.00034729979233816266,0.027081593871116638
8930,0.0003472313692327589,0.030985455960035324
8931,0.0003471664385870099,0.026477335020899773
8932,0.0003471196978352964,0.027477793395519257
8933,0.00034710162435658276,0.02293863333761692
8934,0.00034712543128989637,0.024676766246557236
8935,0.0003472079406492412,0.022303584963083267
8936,0.00034738273825496435,0.02171262726187706
8937,0.0003477031132206321,0.021761814132332802
8938,0.00034825564944185317,0.0214528851211071
8939,0.0003491662791930139,0.01983170583844185
8940,0.00035066454438492656,0.01956886053085327
8941,0.0003530844987835735,0.01933876983821392
8942,0.00035702879540622234,0.01850825734436512
8943,0.0003634162130765617,0.017185766249895096
8944,0.0003738619270734489,0.01763850264251232
8945,0.0003909189545083791,0.017058605328202248
8946,0.00041913538007065654,0.016217276453971863
8947,0.0004656065138988197,0.015589931979775429
8948,0.0005434233462437987,0.015309415757656097
8949,0.0006724537815898657,0.014459371566772461
8950,0.0008909143507480621,0.014283576048910618
8951,0.0012529303785413504,0.013974882662296295
8952,0.0018671967554837465,0.013469524681568146
8953,0.002867339178919792,0.013028398156166077
8954,0.004519463516771793,0.012807187624275684
8955,0.007062937598675489,0.012419706210494041
8956,0.01080234907567501,0.011971312575042248
8957,0.015722336247563362,0.011376586742699146
8958,0.020498329773545265,0.011066906154155731
8959,0.023307515308260918,0.010881026275455952
8960,0.020218439400196075,0.010590719990432262
8961,0.012413697317242622,0.010118387639522552
8962,0.0052736671641469,0.009889512322843075
8963,0.0041795894503593445,0.009493010118603706
8964,0.00815888587385416,0.009305987507104874
8965,0.013787511736154556,0.009141150861978531
8966,0.0134319718927145,0.00873611867427826
8967,0.0062465365044772625,0.008396404795348644
8968,0.0035997391678392887,0.00822281464934349
8969,0.004164917394518852,0.008071486838161945
8970,0.006528642028570175,0.0078210961073637
8971,0.007414527237415314,0.007542978040874004
8972,0.003757492871955037,0.007354576140642166
8973,0.0019193546613678336,0.0072156162932515144
8974,0.0028362171724438667,0.007076991721987724
8975,0.00527194794267416,0.006820446811616421
8976,0.00800207257270813,0.006622533313930035
8977,0.007566091138869524,0.006444098427891731
8978,0.003486986504867673,0.00627493392676115
8979,0.0008760889177210629,0.006082210224121809
8980,0.0023946966975927353,0.005973400082439184
8981,0.004393806215375662,0.00590673740953207
8982,0.005785452201962471,0.005724950227886438
8983,0.005326858721673489,0.005608538631349802
8984,0.002314917044714093,0.0055335224606096745
8985,0.0007599244127050042,0.005413142964243889
8986,0.00218748627230525,0.0052622235380113125
8987,0.003894236870110035,0.00505776097998023
8988,0.005921248346567154,0.004868071060627699
8989,0.0049236612394452095,0.004788445308804512
8990,0.002159580122679472,0.004735591821372509
8991,0.0006120693869888783,0.004600245039910078
8992,0.0019435101421549916,0.004444553516805172
8993,0.0031798365525901318,0.004361872561275959
8994,0.003917888272553682,0.004270812496542931
8995,0.0032000518403947353,0.0041717225685715675
8996,0.001176059595309198,0.004108862020075321
8997,0.0006067969370633364,0.0040361313149333
8998,0.0018358605448156595,0.003989015240222216
8999,0.002819969318807125,0.00392127363011241
9000,0.003631839994341135,0.0038259942084550858
9001,0.002640308579429984,0.0037507200613617897
9002,0.0009620193741284311,0.003636203706264496
9003,0.0005656012217514217,0.0035139857791364193
9004,0.0016659183893352747,0.003456383477896452
9005,0.0023964773863554,0.003450659103691578
9006,0.0025597938802093267,0.0034380792640149593
9007,0.001841824036091566,0.003386976197361946
9008,0.0006710408488288522,0.003342979121953249
9009,0.0005818188656121492,0.0033019743859767914
9010,0.0014361173380166292,0.003244309686124325
9011,0.001955275423824787,0.003169847186654806
9012,0.002214883454144001,0.00309054646641016
9013,0.0015279523795470595,0.0030464872252196074
9014,0.0006026598857715726,0.0030259215272963047
9015,0.0005462615517899394,0.0030032487120479345
9016,0.0011992920190095901,0.0029789458494633436
9017,0.0015691970475018024,0.0029366295784711838
9018,0.0015971659449860454,0.002887871116399765
9019,0.0010943091474473476,0.0028373501263558865
9020,0.0004672295763157308,0.0027881923597306013
9021,0.000529908575117588,0.002749713370576501
9022,0.00096807413501665,0.0027153887785971165
9023,0.0011909056920558214,0.002680161502212286
9024,0.001308523933403194,0.002647622022777796
9025,0.0009107196237891912,0.0026222406886518
9026,0.00045743308146484196,0.0025964882224798203
9027,0.0004678739351220429,0.0025640372186899185
9028,0.0007685872260481119,0.0025264353025704622
9029,0.0009726979187689722,0.002492516068741679
9030,0.0010161928366869688,0.0024620075710117817
9031,0.0007348050712607801,0.0024309142027050257
9032,0.0004164130659773946,0.00240454007871449
9033,0.00042675487929955125,0.00238306587561965
9034,0.0005996628315187991,0.0023669227957725525
9035,0.0007171087199822068,0.002349737100303173
9036,0.0007966195116750896,0.002334141405299306
9037,0.0006265824194997549,0.002321335021406412
9038,0.0004281422297935933,0.002309262752532959
9039,0.0003862932790070772,0.0022947746329009533
9040,0.00046366272727027535,0.002280122833326459
9041,0.000555985257960856,0.002267530420795083
9042,0.0006309497985057533,0.0022566537372767925
9043,0.0005470385658554733,0.002246174728497863
9044,0.00042311119614169,0.002238806104287505
9045,0.00037504974170587957,0.0022462441120296717
9046,0.00038692360976710916,0.0023055300116539
9047,0.0004259713750798255,0.002556490246206522
9048,0.0004912255681119859,0.0035277397837489843
9049,0.0004706001200247556,0.007216700352728367
9050,0.0004239819827489555,0.02102341502904892
9051,0.0003798177931457758,0.06975103169679642
9052,0.0003570315311662853,0.20512408018112183
9053,0.0003635039320215583,0.42141014337539673
9054,0.0004000453045591712,0.10658295452594757
9055,0.00040664715925231576,0.16104750335216522
9056,0.0004023294313810766,0.03354204446077347
9057,0.0003844495222438127,0.10336630046367645
9058,0.0003614538291003555,0.07017239183187485
9059,0.00034953790600411594,0.060926973819732666
9060,0.0003561867051757872,0.09387341141700745
9061,0.0003605220699682832,0.04208092764019966
9062,0.0003721863031387329,0.05296375975012779
9063,0.00037441670428961515,0.06620141863822937
9064,0.0003672321909107268,0.05412910878658295
9065,0.00035856541944667697,0.05116558447480202
9066,0.0003513580886647105,0.068327397108078
9067,0.0003458217834122479,0.0356566347181797
9068,0.00034973002038896084,0.04329157620668411
9069,0.0003539720200933516,0.04659194126725197
9070,0.00035656639374792576,0.03859967365860939
9071,0.0003582842764444649,0.032482415437698364
9072,0.0003549194661900401,0.032588645815849304
9073,0.0003498608130030334,0.031392961740493774
9074,0.000346890592481941,0.026348045095801353
9075,0.0003448371426202357,0.03132196515798569
9076,0.0003449073410592973,0.03200140967965126
9077,0.00034754478838294744,0.02228720113635063
9078,0.0003483972977846861,0.023267630487680435
9079,0.00034907925873994827,0.02549203857779503
9080,0.00034850501106120646,0.021418187767267227
9081,0.00034661690006032586,0.02219458855688572
9082,0.0003447268682066351,0.021592412143945694
9083,0.0003437874256633222,0.018919680267572403
9084,0.00034270979813300073,0.019591230899095535
9085,0.00034328486071899533,0.018352027982473373
9086,0.00034380739089101553,0.015983188524842262
9087,0.00034426001366227865,0.015469228848814964
9088,0.0003445215988904238,0.01518968865275383
9089,0.0003443109162617475,0.01391378603875637
9090,0.00034340168349444866,0.014644134789705276
9091,0.000342842482496053,0.01360316202044487
9092,0.000342020473908633,0.01267338078469038
9093,0.00034155146568082273,0.012244690209627151
9094,0.00034146453253924847,0.011224480345845222
9095,0.000341450038831681,0.010759646072983742
9096,0.00034155670437030494,0.010306175798177719
9097,0.00034174404572695494,0.009609846398234367
9098,0.00034165644319728017,0.009272687137126923
9099,0.00034151453291997313,0.009142598137259483
9100,0.00034128979314118624,0.008594444952905178
9101,0.00034087366657331586,0.008232491090893745
9102,0.00034058361779898405,0.007406612858176231
9103,0.0003402934526093304,0.007231653667986393
9104,0.0003400613204576075,0.0070966873317956924
9105,0.0003399471170268953,0.0067543284967541695
9106,0.0003398892586119473,0.00646620150655508
9107,0.00033980398438870907,0.005938445683568716
9108,0.00033981347223743796,0.005861266516149044
9109,0.00033972205710597336,0.005662937648594379
9110,0.00033962985617108643,0.005237948149442673
9111,0.0003395136445760727,0.005003652535378933
9112,0.0003393597435206175,0.004797900095582008
9113,0.0003391869249753654,0.004676517564803362
9114,0.00033905653981491923,0.0043596383184194565
9115,0.00033889635233208537,0.004090078175067902
9116,0.0003388026962056756,0.003981037065386772
9117,0.0003387504257261753,0.003786108922213316
9118,0.0003387402684893459,0.0036594336852431297
9119,0.00033882627030834556,0.00340247992426157
9120,0.00033902336144819856,0.0033430871553719044
9121,0.0003394020604901016,0.0031800363212823868
9122,0.00034007057547569275,0.0030651804991066456
9123,0.0003411991347093135,0.002918337006121874
9124,0.00034308619797229767,0.0027950922958552837
9125,0.00034624358522705734,0.0027067093178629875
9126,0.00035150410258211195,0.002619305858388543
9127,0.0003603089426178485,0.002517180982977152
9128,0.0003750974719878286,0.0023882873356342316
9129,0.00040009524673223495,0.002342991065233946
9130,0.0004424494691193104,0.002265877090394497
9131,0.0005147435003891587,0.0021983664482831955
9132,0.0006382626015692949,0.0020829900167882442
9133,0.0008511972846463323,0.0020328201353549957
9134,0.001216455944813788,0.0019738408736884594
9135,0.0018478361889719963,0.001918790745548904
9136,0.002918334910646081,0.0018442446598783135
9137,0.004732187837362289,0.0018032868392765522
9138,0.0076408348977565765,0.0017451867461204529
9139,0.012151912786066532,0.0017046541906893253
9140,0.018120747059583664,0.001655653351917863
9141,0.02481154538691044,0.001615302637219429
9142,0.028631508350372314,0.0015782342525199056
9143,0.026535730808973312,0.0015448733465746045
9144,0.01676093600690365,0.0015056298580020666
9145,0.006009960547089577,0.0014748971443623304
9146,0.0020495536737143993,0.001450453419238329
9147,0.0064497292041778564,0.0014232487883418798
9148,0.012653155252337456,0.0013951822184026241
9149,0.012646572664380074,0.0013708870392292738
9150,0.006247284822165966,0.0013489718548953533
9151,0.0013034584699198604,0.001328003709204495
9152,0.0030731428414583206,0.0013082813238725066
9153,0.0076111070811748505,0.0012901925947517157
9154,0.008588265627622604,0.0012726951390504837
9155,0.004394445568323135,0.001257790718227625
9156,0.0006872097728773952,0.0012422507861629128
9157,0.0021636290475726128,0.0012289007427170873
9158,0.005426262971013784,0.001215510768815875
9159,0.0057213082909584045,0.001204254338517785
9160,0.002686072839424014,0.0011908712331205606
9161,0.0006592548452317715,0.0011795940808951855
9162,0.0017223306931555271,0.0011690666433423758
9163,0.0037673250772058964,0.0011588316410779953
9164,0.003484983230009675,0.0011488574091345072
9165,0.001416169572621584,0.001139625208452344
9166,0.0005787073750980198,0.0011304670479148626
9167,0.001462302403524518,0.0011220055166631937
9168,0.0023703170008957386,0.0011139495763927698
9169,0.0020251860842108727,0.001105522969737649
9170,0.000830804230645299,0.0010982363019138575
9171,0.0004936049808748066,0.0010906930547207594
9172,0.0011960436822846532,0.001083533512428403
9173,0.001437411643564701,0.0010766310151666403
9174,0.0011282999766990542,0.0010702117579057813
9175,0.0005143272574059665,0.0010636982042342424
9176,0.00048556909314356744,0.0010572262108325958
9177,0.0009170477278530598,0.0010512492153793573
9178,0.0010220706462860107,0.001045486656948924
9179,0.0006953309057280421,0.0010398195590823889
9180,0.00042195647256448865,0.0010342164896428585
9181,0.00048715504817664623,0.0010288746561855078
9182,0.000717588234692812,0.001023727236315608
9183,0.0007459761691279709,0.0010187604930251837
9184,0.0005125656607560813,0.0010138086508959532
9185,0.0003710502933245152,0.001009077182970941
9186,0.0004551557940430939,0.0010045778471976519
9187,0.0005991447833366692,0.001000013668090105
9188,0.0005786098772659898,0.0009956690482795238
9189,0.0004511980223469436,0.0009914699476212263
9190,0.00034927754313685,0.0009873848175629973
9191,0.0004235080268699676,0.0009833269286900759
9192,0.00050705811008811,0.0009794074576348066
9193,0.0004936123732477427,0.0009755943901836872
9194,0.00040776829700917006,0.0009718870278447866
9195,0.00035093975020572543,0.00096824363572523
9196,0.00038538570515811443,0.0009646727703511715
9197,0.00044600837281905115,0.0009612251888029277
9198,0.00043637529597617686,0.0009578322060406208
9199,0.00038480578223243356,0.0009545085486024618
9200,0.0003465613699518144,0.0009512603282928467
9201,0.0003618300543166697,0.0009480993030592799
9202,0.00039896403905004263,0.0009449960780330002
9203,0.00040077941957861185,0.0009419375564903021
9204,0.0003703827678691596,0.0009389768820255995
9205,0.0003441481676418334,0.0009360556141473353
9206,0.00034905329812318087,0.0009331938344985247
9207,0.00036928951158188283,0.0009303907863795757
9208,0.000377448508515954,0.0009276327327825129
9209,0.0003613687295001,0.0009249413851648569
9210,0.0003434705431573093,0.0009222755907103419
9211,0.00034182879608124495,0.0009196725441142917
9212,0.0003525319625623524,0.000917109427973628
9213,0.0003603379591368139,0.0009145999792963266
9214,0.00035524010309018195,0.0009121078765019774
9215,0.0003426418697927147,0.0009096871945075691
9216,0.0003391817444935441,0.0009072875254787505
9217,0.0003429420758038759,0.0009049292420968413
9218,0.0003494877018965781,0.0009026015177369118
9219,0.0003492631367407739,0.0009003138984553516
9220,0.000342860643286258,0.0008980582933872938
9221,0.00033830953179858625,0.0008958379621617496
9222,0.00033912359504029155,0.0008936460362747312
9223,0.00034288689494132996,0.0008914865320548415
9224,0.000345351523719728,0.0008893520571291447
9225,0.0003433266538195312,0.0008872525067999959
9226,0.0003405431052669883,0.0008851696620695293
9227,0.00034022037289105356,0.0008831192972138524
9228,0.0003431847144383937,0.0008811085717752576
9229,0.000347306951880455,0.0008790947031229734
9230,0.0003505890490487218,0.0008771249558776617
9231,0.00035338153247721493,0.0008751703426241875
9232,0.0003584889345802367,0.0008732433198019862
9233,0.0003686819691210985,0.0008713359711691737
9234,0.0003847078187391162,0.0008694488205946982
9235,0.00040877825813367963,0.0008675889694131911
9236,0.00044179183896631,0.0008657485013827682
9237,0.000492521096020937,0.0008639071602374315
9238,0.0005675049033015966,0.0008621020242571831
9239,0.0006894668331369758,0.0008603144669905305
9240,0.0008664134657010436,0.0008585373871028423
9241,0.0011480572866275907,0.0008567901095375419
9242,0.0015362701378762722,0.0008550455677323043
9243,0.0021556783467531204,0.0008533241343684494
9244,0.0029449965804815292,0.0008516117231920362
9245,0.004134920425713062,0.0008499120594933629
9246,0.005390741862356663,0.0008482372504658997
9247,0.006893503479659557,0.0008465717546641827
9248,0.007841598242521286,0.0008449251763522625
9249,0.008213515393435955,0.0008432834292761981
9250,0.0070625483058393,0.0008416599011979997
9251,0.00482952082529664,0.0008400446968153119
9252,0.0022836497519165277,0.0008384481770917773
9253,0.0006984818610362709,0.0008368633571080863
9254,0.0005280756740830839,0.0008352824952453375
9255,0.0014938542153686285,0.0008337137987837195
9256,0.0028994944877922535,0.0008321645436808467
9257,0.003893151180818677,0.0008306241361424327
9258,0.004214858636260033,0.0008290925761684775
9259,0.0034257324878126383,0.0008275624713860452
9260,0.0020651714876294136,0.0008260583272203803
9261,0.0008751253481023014,0.0008245499338954687
9262,0.0004069247515872121,0.0008230566745623946
9263,0.0006762238335795701,0.0008215647540055215
9264,0.0013365605846047401,0.0008200997253879905
9265,0.0019952126313000917,0.0008186326595023274
9266,0.002327917842194438,0.000817173277027905
9267,0.0023480472154915333,0.0008157237898558378
9268,0.001914005959406495,0.0008142837323248386
9269,0.0012918387074023485,0.0008128394838422537
9270,0.0007273613009601831,0.0008114129304885864
9271,0.0004174996283836663,0.0008100033737719059
9272,0.0003833603113889694,0.000808578566648066
9273,0.0005581277655437589,0.0008071772754192352
9274,0.0008432553731836379,0.0008057820377871394
9275,0.0011111937928944826,0.0008043852867558599
9276,0.0013086645631119609,0.0008030051831156015
9277,0.0013488557888194919,0.0008016281062737107
9278,0.001291286083869636,0.0008002506801858544
9279,0.0011053624330088496,0.0007988855941221118
9280,0.0008881104295141995,0.0007975246990099549
9281,0.0006592244608327746,0.0007961723022162914
9282,0.0004821910406462848,0.0007948190905153751
9283,0.00037372682709246874,0.0007934752502478659
9284,0.00034106202656403184,0.0007921322830952704
9285,0.0003691480669658631,0.0007908016559667885
9286,0.00043505238136276603,0.0007894672453403473
9287,0.0005222114850766957,0.0007881433703005314
9288,0.0006103115738369524,0.0007868256652727723
9289,0.0006976701552048326,0.000785502721555531
9290,0.0007606821600347757,0.0007842030609026551
9291,0.0008059479296207428,0.0007828841335140169
9292,0.0008089718758128583,0.000781587790697813
9293,0.0007948598358780146,0.0007802826585248113
9294,0.0007517596823163331,0.0007789848023094237
9295,0.0007081786752678454,0.0007776831043884158
9296,0.0006495392881333828,0.0007763993926346302
9297,0.0005949717597104609,0.0007751048542559147
9298,0.0005396373453550041,0.0007738257991150022
9299,0.0004952321178279817,0.0007725355681031942
9300,0.0004551151650957763,0.0007712592487223446
9301,0.00042349769501015544,0.0007699821144342422
9302,0.00039705162635073066,0.0007687081815674901
9303,0.00037753675132989883,0.0007674300577491522
9304,0.000363318482413888,0.0007661532144993544
9305,0.00035321727045811713,0.0007648812024854124
9306,0.00034612242598086596,0.0007636080263182521
9307,0.00034115201560780406,0.0007623378769494593
9308,0.0003377684624865651,0.0007610705215483904
9309,0.0003355305234435946,0.0007598017691634595
9310,0.0003338939568493515,0.0007585265557281673
9311,0.0003328875172883272,0.0007572538452222943
9312,0.0003320812829770148,0.0007559879450127482
9313,0.00033147024805657566,0.0007547111599706113
9314,0.00033101486042141914,0.0007534472388215363
9315,0.0003307777224108577,0.0007521692896261811
9316,0.0003306430298835039,0.0007508961716666818
9317,0.0003304965212009847,0.0007496149046346545
9318,0.00033045426243916154,0.0007483433582819998
9319,0.00033052804064936936,0.0007470510900020599
9320,0.0003307837469037622,0.0007457722676917911
9321,0.00033114198595285416,0.000744480814319104
9322,0.00033174402778968215,0.0007431846461258829
9323,0.0003328050661366433,0.0007418880122713745
9324,0.00033444497967138886,0.0007405909709632397
9325,0.00033701647771522403,0.0007392814150080085
9326,0.00034092686837539077,0.0007379616145044565
9327,0.0003471101517789066,0.0007366460049524903
9328,0.0003565903170965612,0.000735317007638514
9329,0.00037163597880862653,0.0007339816656894982
9330,0.00039478688267990947,0.0007326379418373108
9331,0.0004321910673752427,0.0007312850211746991
9332,0.0004898106562905014,0.0007299275603145361
9333,0.000585024943575263,0.0007285510655492544
9334,0.000730241066776216,0.0007271661888808012
9335,0.0009740537498146296,0.0007257761899381876
9336,0.001335120527073741,0.0007243608124554157
9337,0.001944756368175149,0.00072293053381145
9338,0.002782667987048626,0.0007214978686533868
9339,0.004123253747820854,0.0007200446561910212
9340,0.005708684213459492,0.0007185697322711349
9341,0.007813524454832077,0.0007170815952122211
9342,0.009539962746202946,0.0007155757630243897
9343,0.010619934648275375,0.0007140460074879229
9344,0.009677239693701267,0.0007124985568225384
9345,0.006874758284538984,0.0007109177531674504
9346,0.003224520245566964,0.0007093204185366631
9347,0.0008791091968305409,0.000707693980075419
9348,0.0008025332354009151,0.00070603983476758
9349,0.002448241924867034,0.0007043649675324559
9350,0.004595320671796799,0.0007026452803984284
9351,0.005594446323812008,0.0007009071414358914
9352,0.005055837333202362,0.0006991318077780306
9353,0.003113327082246542,0.0006973175331950188
9354,0.0012417228426784277,0.0006954727577976882
9355,0.0005164128378964961,0.0006935907294973731
9356,0.0011145162861794233,0.0006916593411006033
9357,0.0023429561406373978,0.0006897019920870662
9358,0.0031614690087735653,0.0006877024425193667
9359,0.0032403478398919106,0.0006856590043753386
9360,0.002476175082847476,0.0006835791282355785
9361,0.0014606004115194082,0.0006814517546445131
9362,0.0006636325269937515,0.000679283868521452
9363,0.00045726136886514723,0.0006770895561203361
9364,0.0007925098761916161,0.0006748507148586214
9365,0.0013424040516838431,0.0006725775310769677
9366,0.0018578360322862864,0.0006702646496705711
9367,0.0020456784404814243,0.0006679327925667167
9368,0.0019138500792905688,0.0006655697943642735
9369,0.001446483307518065,0.0006631795549765229
9370,0.0009243299718946218,0.0006607678951695561
9371,0.0005284211365506053,0.0006583428476005793
9372,0.0003812168724834919,0.0006559075554832816
9373,0.00046033080434426665,0.0006534630083478987
9374,0.0006727013969793916,0.0006510184612125158
9375,0.0009282443206757307,0.0006485785124823451
9376,0.0011046529980376363,0.0006461519515141845
9377,0.0011726767988875508,0.000643721898086369
9378,0.001074896426871419,0.0006413228111341596
9379,0.0009047535713762045,0.0006389343761838973
9380,0.0006953788688406348,0.0006365689914673567
9381,0.0005188630893826485,0.0006342296255752444
9382,0.0003953200066462159,0.0006319101084955037
9383,0.0003412885998841375,0.0006296467036008835
9384,0.00035155395744368434,0.0006273849867284298
9385,0.00040613836608827114,0.0006251869490370154
9386,0.0004803467309102416,0.0006230067228898406
9387,0.0005517444224096835,0.0006208785343915224
9388,0.0006151008419692516,0.0006187742110341787
9389,0.0006510076927952468,0.0006167116807773709
9390,0.0006682050880044699,0.0006146960658952594
9391,0.0006540805916301906,0.0006127108354121447
9392,0.0006257873028516769,0.0006107650697231293
9393,0.0005761467036791146,0.0006088560912758112
9394,0.0005234061391092837,0.0006069805240258574
9395,0.0004688077897299081,0.0006051432574167848
9396,0.0004237936809659004,0.0006033352110534906
9397,0.00038716726703569293,0.000601562496740371
9398,0.0003604313242249191,0.0005998234264552593
9399,0.0003426053444854915,0.0005981082795187831
9400,0.00033301394432783127,0.0005964316660538316
9401,0.0003291598695795983,0.0005947709432803094
9402,0.00032919825753197074,0.0005931472987867892
9403,0.0003323989803902805,0.0005915369838476181
9404,0.0003381652641110122,0.000589959614444524
9405,0.00034527271054685116,0.0005884031415916979
9406,0.0003531252732500434,0.0005868659354746342
9407,0.00036230264231562614,0.0005853421753272414
9408,0.00037266695289872587,0.0005838515353389084
9409,0.0003847670159302652,0.0005823588580824435
9410,0.000397855561459437,0.000580890045966953
9411,0.00041441561188548803,0.0005794399185106158
9412,0.00043337568058632314,0.0005779963685199618
9413,0.00045842715189792216,0.0005765642272308469
9414,0.00048721529310569167,0.0005751464050263166
9415,0.0005272298585623503,0.000573733588680625
9416,0.0005734354490414262,0.0005723308422602713
9417,0.0006388900801539421,0.0005709347315132618
9418,0.0007133441977202892,0.0005695470608770847
9419,0.0008210500236600637,0.0005681593320332468
9420,0.0009392669890075922,0.0005667752120643854
9421,0.0011101309210062027,0.0005653954576700926
9422,0.0012858364498242736,0.0005640155868604779
9423,0.0015359773533418775,0.0005626335041597486
9424,0.0017629896756261587,0.0005612472887150943
9425,0.00206971843726933,0.0005598585121333599
9426,0.002286310540512204,0.0005584671162068844
9427,0.002542167203500867,0.0005570686771534383
9428,0.0026120669208467007,0.0005556606338359416
9429,0.0026492569595575333,0.000554246362298727
9430,0.0024427464231848717,0.0005528246983885765
9431,0.002165508922189474,0.0005513860960491002
9432,0.0017350516282022,0.000549943360965699
9433,0.0013198108645156026,0.0005484691937454045
9434,0.0009359474643133581,0.0005469914758577943
9435,0.000664851046167314,0.0005454833153635263
9436,0.0005162981105968356,0.0005439745145849884
9437,0.0004823862691409886,0.0005424340488389134
9438,0.0005404509720392525,0.0005408620927482843
9439,0.0006655072793364525,0.0005392851307988167
9440,0.0008411299204453826,0.0005376742919906974
9441,0.0010403561173006892,0.0005360430222935975
9442,0.001279274234548211,0.0005343854427337646
9443,0.0015007618349045515,0.0005327155231498182
9444,0.0017640581354498863,0.000531023892108351
9445,0.0019576300401240587,0.0005293210269883275
9446,0.0021801134571433067,0.00052760069957003
9447,0.0022722119465470314,0.0005258695455268025
9448,0.0023616375401616096,0.0005241406615823507
9449,0.0022869636304676533,0.0005224134656600654
9450,0.002183989156037569,0.0005206853384152055
9451,0.001951649901457131,0.0005189887015148997
9452,0.0017081068363040686,0.0005173055687919259
9453,0.0014372710138559341,0.000515647348947823
9454,0.0012094341218471527,0.0005140171269886196
9455,0.001050037331879139,0.0005124419112689793
9456,0.0009826692985370755,0.0005108923651278019
9457,0.0010237550595775247,0.000509378092829138
9458,0.0011879797093570232,0.0005079134134575725
9459,0.0014750154223293066,0.000506480922922492
9460,0.0019143681274726987,0.0005050892359577119
9461,0.002504057250916958,0.0005037387018091977
9462,0.0032448074780404568,0.0005024218698963523
9463,0.004113481845706701,0.0005011339671909809
9464,0.004984375089406967,0.0004998767399229109
9465,0.0057258084416389465,0.0004986511776223779
9466,0.006075920071452856,0.0004974636249244213
9467,0.005850150249898434,0.0004962970269843936
9468,0.004996468313038349,0.0004951478913426399
9469,0.0037086973898112774,0.0004940269282087684
9470,0.0024108816869556904,0.0004929291317239404
9471,0.0014804890379309654,0.0004918475169688463
9472,0.0011439395602792501,0.0004907932598143816
9473,0.0013792815152555704,0.0004897555336356163
9474,0.0020577176474034786,0.0004887467948719859
9475,0.0027489778585731983,0.0004877462051808834
9476,0.0033491570502519608,0.0004867619136348367
9477,0.0032925214618444443,0.00048580579459667206
9478,0.0028610369190573692,0.0004848638200201094
9479,0.001967604272067547,0.00048394210170954466
9480,0.001112273894250393,0.0004830397083424032
9481,0.0005281874909996986,0.00048214118578471243
9482,0.00038208969635888934,0.0004812732804566622
9483,0.000611034338362515,0.00048041431000456214
9484,0.0010365177877247334,0.0004795761778950691
9485,0.001509625930339098,0.00047874177107587457
9486,0.0018140892498195171,0.00047793181147426367
9487,0.0019537259358912706,0.0004771373642142862
9488,0.001801776234060526,0.000476352171972394
9489,0.0015333620831370354,0.0004755743429996073
9490,0.0011287865927442908,0.00047481886576861143
9491,0.0007579734665341675,0.0004740710137411952
9492,0.00048343552043661475,0.00047333730617538095
9493,0.0003582693752832711,0.0004726046754512936
9494,0.0003681792877614498,0.00047188630560413003
9495,0.00047625566367059946,0.00047118490329012275
9496,0.000645760796032846,0.0004704846069216728
9497,0.0008298107422888279,0.0004697872791439295
9498,0.0010286862961947918,0.0004691079375334084
9499,0.0011793075827881694,0.0004684367449954152
9500,0.0013281801948323846,0.0004677698598243296
9501,0.0013845132198184729,0.00046711036702618003
9502,0.001425306429155171,0.0004664598382078111
9503,0.0013718238333240151,0.00046581614878959954
9504,0.0013213944621384144,0.00046518107410520315
9505,0.0012178323231637478,0.0004645499284379184
9506,0.0011339376214891672,0.0004639260587282479
9507,0.001045911223627627,0.00046330413897521794
9508,0.0009944809135049582,0.0004626935988198966
9509,0.0009821850107982755,0.00046208949061110616
9510,0.0010196040384471416,0.0004614919307641685
9511,0.0011170429643243551,0.0004608955350704491
9512,0.0012794368667528033,0.00046030350495129824
9513,0.0015119777526706457,0.0004597246879711747
9514,0.0018301717936992645,0.0004591413598973304
9515,0.002219997113570571,0.0004585633287206292
9516,0.002718430943787098,0.0004579969390761107
9517,0.0032645429018884897,0.00045743249938823283
9518,0.0039014695212244987,0.0004568626172840595
9519,0.0044743833132088184,0.0004563122056424618
9520,0.00500099640339613,0.00045575949479825795
9521,0.005237356759607792,0.0004552164173219353
9522,0.005190751515328884,0.00045466545270755887
9523,0.004650790244340897,0.0004541272355709225
9524,0.0037744315341115,0.00045359175419434905
9525,0.002652584109455347,0.0004530586302280426
9526,0.0015737595967948437,0.00045253016287460923
9527,0.0007668919861316681,0.000452003616373986
9528,0.0003833987284451723,0.00045147634227760136
9529,0.0004129589651711285,0.000450961000751704
9530,0.0007378727896139026,0.0004504395183175802
9531,0.0011932817287743092,0.0004499279020819813
9532,0.0016223358688876033,0.00044941980740986764
9533,0.0019225373398512602,0.00044891389552503824
9534,0.002034959150478244,0.0004484080709517002
9535,0.0019685407169163227,0.0004479079507291317
9536,0.0017425431869924068,0.0004474096931517124
9537,0.0014317475724965334,0.00044691539369523525
9538,0.0010945304529741406,0.00044642534339800477
9539,0.000794532592408359,0.00044593337224796414
9540,0.0005754830199293792,0.00044544285628944635
9541,0.00044927909038960934,0.00044496258487924933
9542,0.0004165340797044337,0.0004444814403541386
9543,0.0004546620766632259,0.00044399959733709693
9544,0.0005370209692046046,0.0004435254377312958
9545,0.0006350092589855194,0.00044305165647529066
9546,0.0007243092986755073,0.0004425823863130063
9547,0.0007896242896094918,0.0004421080811880529
9548,0.0008230038220062852,0.000441640499047935
9549,0.0008235984714701772,0.0004411780391819775
9550,0.0007956334156915545,0.00044071447337046266
9551,0.0007474979502148926,0.000440251431427896
9552,0.0006884429603815079,0.00043979744077660143
9553,0.000629437796305865,0.0004393415874801576
9554,0.0005782392108812928,0.0004388886736705899
9555,0.0005437099607661366,0.0004384333733469248
9556,0.0005326714599505067,0.0004379844176582992
9557,0.0005504988366737962,0.0004375379648990929
9558,0.0006098245503380895,0.0004370913375169039
9559,0.0007114192703738809,0.00043664395343512297
9560,0.0008909854805096984,0.0004362072213552892
9561,0.0011363648809492588,0.00043576554162427783
9562,0.0015345520805567503,0.0004353232216089964
9563,0.002013274235650897,0.00043489443487487733
9564,0.002745606703683734,0.0004344606713857502
9565,0.0034832393284887075,0.000434021872933954
9566,0.004481342621147633,0.0004335926496423781
9567,0.005140140186995268,0.00043316156370565295
9568,0.005688847973942757,0.00043273126357235014
9569,0.005361850839108229,0.0004323108587414026
9570,0.004571989178657532,0.0004318920837249607
9571,0.0030805289279669523,0.00043145992094650865
9572,0.0016543971141800284,0.00043104856740683317
9573,0.0006779104587621987,0.000430624233558774
9574,0.00043068983359262347,0.00043021206511184573
9575,0.0008018049411475658,0.0004297935520298779
9576,0.0015095475828275084,0.00042937896796502173
9577,0.0023114215582609177,0.0004289646749384701
9578,0.0028332604561001062,0.00042855337960645556
9579,0.0030460706911981106,0.0004281469155102968
9580,0.002676928648725152,0.0004277360567357391
9581,0.002026299247518182,0.0004273312515579164
9582,0.0012228316627442837,0.00042692827992141247
9583,0.000629566959105432,0.0004265231837052852
9584,0.000361848680768162,0.00042612600373104215
9585,0.00042296090396121144,0.0004257244581822306
9586,0.0007135726627893746,0.00042532599763944745
9587,0.0011003075633198023,0.0004249266639817506
9588,0.0015104416524991393,0.00042453338392078876
9589,0.0017868484137579799,0.0004241354763507843
9590,0.001978226937353611,0.000423750258050859
9591,0.0019307715119794011,0.00042334897443652153
9592,0.0017935083014890552,0.00042295700404793024
9593,0.0014733452117070556,0.0004225729499012232
9594,0.001139068859629333,0.0004221856070216745
9595,0.0008096268284134567,0.00042179913725703955
9596,0.0005852511385455728,0.0004214138025417924
9597,0.0004687206237576902,0.0004210269544273615
9598,0.00046262325486168265,0.0004206456942483783
9599,0.0005470390897244215,0.0004202669661026448
9600,0.0006992559647187591,0.00041988646262325346
9601,0.0008958475664258003,0.0004195112851448357
9602,0.0011264098575338721,0.0004191331099718809
9603,0.0013745324686169624,0.00041875592432916164
9604,0.0016481982311233878,0.0004183835699222982
9605,0.001933749532327056,0.00041800993494689465
9606,0.0022550844587385654,0.0004176340880803764
9607,0.002582981251180172,0.000417265051510185
9608,0.002960142446681857,0.0004168985178694129
9609,0.003321838565170765,0.0004165233694948256
9610,0.003728221170604229,0.00041615538066253066
9611,0.004079686477780342,0.00041579175740480423
9612,0.004426486324518919,0.0004154261841904372
9613,0.004673089366406202,0.00041506634443067014
9614,0.004827131517231464,0.00041470042197033763
9615,0.004873047117143869,0.00041434477316215634
9616,0.00478808069601655,0.0004139793454669416
9617,0.004689393099397421,0.0004136193310841918
9618,0.004620013292878866,0.0004132597823627293
9619,0.004411147907376289,0.00041290000081062317
9620,0.00424044718965888,0.00041254801908507943
9621,0.0036052404902875423,0.00041218812111765146
9622,0.0029588474426418543,0.0004118405340705067
9623,0.0022549298591911793,0.0004114817129448056
9624,0.0018607350066304207,0.0004111348825972527
9625,0.0018538732547312975,0.0004107790591660887
9626,0.0020987235475331545,0.0004104269901290536
9627,0.0023589390330016613,0.00041007628897204995
9628,0.0023846086114645004,0.00040973786963149905
9629,0.002093932358548045,0.00040938856545835733
9630,0.0016023691277951002,0.0004090435686521232
9631,0.0011102003045380116,0.0004086985718458891
9632,0.0007757135899737477,0.00040835642721503973
9633,0.0007120022200979292,0.0004080132348462939
9634,0.0008614243706688285,0.00040766503661870956
9635,0.001107314950786531,0.00040733112837187946
9636,0.0013209732715040445,0.0004069939022883773
9637,0.0013885851949453354,0.00040664951666258276
9638,0.001289833104237914,0.0004063076921738684
9639,0.001052501262165606,0.00040597308543510735
9640,0.0007668262114748359,0.00040563702350482345
9641,0.0005173414247110486,0.0004053061711601913
9642,0.00036562123568728566,0.00040496763540431857
9643,0.0003302216646261513,0.00040463535697199404
9644,0.00039194460259750485,0.00040430360240861773
9645,0.0005088357720524073,0.00040397580596618354
9646,0.0006327306036837399,0.00040364055894315243
9647,0.0007289156783372164,0.0004033101722598076
9648,0.0007751202210783958,0.0004029855481348932
9649,0.0007778459112159908,0.0004026571405120194
9650,0.0007499412167817354,0.00040232701576314867
9651,0.0007212783675640821,0.0004020051856059581
9652,0.0007128544384613633,0.00040167791303247213
9653,0.0007421510526910424,0.0004013532306998968
9654,0.0008330094860866666,0.00040103340870700777
9655,0.0009635845781303942,0.00040070826071314514
9656,0.0011673400877043605,0.0004003881476819515
9657,0.0013760500587522984,0.0004000672197435051
9658,0.001671806676313281,0.00039974722312763333
9659,0.00191251200158149,0.00039942265721037984
9660,0.0022268539760261774,0.0003991111880168319
9661,0.002393213799223304,0.0003987906384281814
9662,0.0025811055675148964,0.0003984720096923411
9663,0.002553018042817712,0.00039815480704419315
9664,0.0024992984253913164,0.0003978398162871599
9665,0.0022497782483696938,0.0003975321014877409
9666,0.00196434510871768,0.0003972134436480701
9667,0.001625922741368413,0.0003969007229898125
9668,0.0013256007805466652,0.000396595656638965
9669,0.001070873811841011,0.0003962755436077714
9670,0.0008734756847843528,0.0003959657624363899
9671,0.000737591297365725,0.000395656272303313
9672,0.0006455649854615331,0.00039534992538392544
9673,0.0005918974056839943,0.00039503700099885464
9674,0.0005751082208007574,0.0003947303630411625
9675,0.0005971333594061434,0.0003944252384826541
9676,0.0006527984514832497,0.00039411563193425536
9677,0.0007585177081637084,0.0003938133595511317
9678,0.0008868639124557376,0.0003935090790037066
9679,0.0010674962541088462,0.0003932047984562814
9680,0.0012472366215661168,0.00039290275890380144
9681,0.0014769560657441616,0.0003925986820831895
9682,0.0016855131834745407,0.0003922975738532841
9683,0.0019417571602389216,0.00039199733873829246
9684,0.002146900398656726,0.0003916909045074135
9685,0.0023657793644815683,0.000391397625207901
9686,0.0024894077796489,0.0003910968662239611
9687,0.002584136789664626,0.00039079971611499786
9688,0.0025275652296841145,0.00039050361374393106
9689,0.002383753191679716,0.00039020803524181247
9690,0.0020988360047340393,0.0003899087314493954
9691,0.00176039373036474,0.0003896114358212799
9692,0.001369511941447854,0.00038931897142902017
9693,0.0010091656586155295,0.00038902118103578687
9694,0.0007108663558028638,0.0003887327038682997
9695,0.0005035771755501628,0.0003884344478137791
9696,0.0003885964979417622,0.0003881468437612057
9697,0.0003549664979800582,0.0003878530114889145
9698,0.00038659689016640186,0.00038756418507546186
9699,0.0004662178398575634,0.00038727332139387727
9700,0.000585750734899193,0.00038698443677276373
9701,0.0007265828317031264,0.0003866947372443974
9702,0.0009021874866448343,0.0003864060854539275
9703,0.0010806614300236106,0.0003861176664941013
9704,0.0013037407770752907,0.0003858264535665512
9705,0.0015096728457137942,0.00038554397178813815
9706,0.0017668984364718199,0.0003852598019875586
9707,0.0019725796300917864,0.0003849717031698674
9708,0.002217245753854513,0.0003846846229862422
9709,0.002353131305426359,0.00038440339267253876
9710,0.0024836622178554535,0.0003841205616481602
9711,0.0024439517874270678,0.00038384392973966897
9712,0.0023525261785835028,0.00038355583092197776
9713,0.0020885844714939594,0.0003832784714177251
9714,0.0017827332485467196,0.00038299517473205924
9715,0.0014010058948770165,0.00038271836820058525
9716,0.0010559107176959515,0.00038243320886977017
9717,0.0007595891365781426,0.0003821534919552505
9718,0.0005535974632948637,0.00038188029429875314
9719,0.00043760467087849975,0.0003815972595475614
9720,0.000402842037146911,0.00038132001645863056
9721,0.0004348137299530208,0.00038104591658338904
9722,0.0005195242119953036,0.0003807663160841912
9723,0.0006515707354992628,0.00038048916030675173
9724,0.0008158549317158759,0.00038021692307665944
9725,0.0010360984597355127,0.00037994133890606463
9726,0.0012708280701190233,0.00037966639501973987
9727,0.0015888293273746967,0.00037939281901344657
9728,0.001885837409645319,0.00037912081461399794
9729,0.002284587360918522,0.000378851022105664
9730,0.0025882418267428875,0.0003785769222304225
9731,0.002972216811031103,0.0003783048887271434
9732,0.003148341318592429,0.0003780366387218237
9733,0.0033257058821618557,0.00037776550743728876
9734,0.0032276399433612823,0.0003774939104914665
9735,0.0030790832825005054,0.0003772206255234778
9736,0.002764672040939331,0.0003769551985897124
9737,0.0024725357070565224,0.00037668118602596223
9738,0.002269754884764552,0.00037642245297320187
9739,0.0022443134803324938,0.0003761517000384629
9740,0.002467675367370248,0.00037588836858049035
9741,0.00300414627417922,0.00037562038050964475
9742,0.003806737018749118,0.0003753530909307301
9743,0.00495142862200737,0.0003750859177671373
9744,0.006167358718812466,0.00037482305197045207
9745,0.0072448644787073135,0.0003745581489056349
9746,0.007547822315245867,0.00037429563235491514
9747,0.0067382617853581905,0.00037403294118121266
9748,0.004859201610088348,0.00037376914406195283
9749,0.0026004733517766,0.0003735049976967275
9750,0.0009744630660861731,0.0003732456243596971
9751,0.0005286242230795324,0.00037298130337148905
9752,0.0011623091995716095,0.0003727216098923236
9753,0.002448780694976449,0.0003724619746208191
9754,0.0035353917628526688,0.00037220295052975416
9755,0.004004159942269325,0.0003719399683177471
9756,0.0035115163773298264,0.0003716822247952223
9757,0.002557801315560937,0.000371426111087203
9758,0.0013626321451738477,0.00037116563180461526
9759,0.0005378610803745687,0.0003709114098455757
9760,0.0003923512122128159,0.0003706512216012925
9761,0.0007796739228069782,0.00037039758171886206
9762,0.0014606218319386244,0.00037013902328908443
9763,0.0020652231760323048,0.00036988392821513116
9764,0.0023428420536220074,0.0003696256026159972
9765,0.0022759290877729654,0.000369373825378716
9766,0.002020206768065691,0.0003691157035063952
9767,0.0015091935638338327,0.0003688622382469475
9768,0.0009151379344984889,0.0003686080453917384
9769,0.0005777805345132947,0.00036835967330262065
9770,0.0004338356084190309,0.00036810411256738007
9771,0.0005266106454655528,0.0003678555367514491
9772,0.0007185232825577259,0.0003676005289889872
9773,0.0009445446194149554,0.0003673498285934329
9774,0.0011381555814296007,0.00036709950654767454
9775,0.0013688390608876944,0.0003668448771350086
9776,0.0014778765616938472,0.00036659868783317506
9777,0.0014114370569586754,0.00036634778371080756
9778,0.0012415752280503511,0.0003660951042547822
9779,0.0010951056610792875,0.0003658462665043771
9780,0.0009430272621102631,0.0003655986220110208
9781,0.0008085035951808095,0.00036535278195515275
9782,0.0007557983044534922,0.00036510342033579946
9783,0.0007454742444679141,0.000364860228728503
9784,0.0008099523838609457,0.00036460766568779945
9785,0.0008955639787018299,0.0003643643285613507
9786,0.0010103314416483045,0.0003641198272816837
9787,0.0011262309271842241,0.00036387218278832734
9788,0.0012183617800474167,0.00036362645914778113
9789,0.001306696911342442,0.000363379018381238
9790,0.001347158569842577,0.00036313734017312527
9791,0.0013842945918440819,0.0003628920530900359
9792,0.0013733406085520983,0.00036265229573473334
9793,0.001354016363620758,0.0003624055825639516
9794,0.0013054923620074987,0.00036216183798387647
9795,0.0012547381920740008,0.00036191774415783584
9796,0.0011919420212507248,0.0003616757458075881
9797,0.0011398966889828444,0.0003614363959059119
9798,0.001122026238590479,0.0003611907595768571
9799,0.001140522537752986,0.00036095251562073827
9800,0.0012158845784142613,0.00036070612259209156
9801,0.0013538191560655832,0.00036046866443939507
9802,0.0015567142982035875,0.00036023123539052904
9803,0.0018403070280328393,0.00035998880048282444
9804,0.0021179665345698595,0.00035974953789263964
9805,0.0024844377767294645,0.000359513855073601
9806,0.002688224194571376,0.0003592752036638558
9807,0.002842940855771303,0.00035903084790334105
9808,0.002685478888452053,0.00035880209179595113
9809,0.002444288693368435,0.0003585641970857978
9810,0.0019427795195952058,0.0003583208308555186
9811,0.0014171423390507698,0.0003580869233701378
9812,0.0009034868562594056,0.0003578489413484931
9813,0.000543687492609024,0.00035761191975325346
9814,0.00035847380058839917,0.0003573803114704788
9815,0.00034021554165519774,0.0003571410779841244
9816,0.0004471111751627177,0.0003569037653505802
9817,0.0006319399108178914,0.0003566729137673974
9818,0.0008670397801324725,0.00035643717274069786
9819,0.0010930176358669996,0.0003561995690688491
9820,0.0013297544792294502,0.00035597060923464596
9821,0.001485686982050538,0.00035573841887526214
9822,0.0016519646160304546,0.00035550110624171793
9823,0.0016907115932554007,0.00035526929423213005
9824,0.001723370049148798,0.0003550394030753523
9825,0.001615620101802051,0.0003548028180375695
9826,0.0014996558893471956,0.00035457435296848416
9827,0.0012946802889928222,0.00035433797165751457
9828,0.0011108777252957225,0.00035411358112469316
9829,0.0008998547564260662,0.00035387492971494794
9830,0.0007239878759719431,0.0003536483272910118
9831,0.0005727246752940118,0.0003534209681674838
9832,0.0004642499843612313,0.0003531881084199995
9833,0.00039125647163018584,0.0003529606037773192
9834,0.00035132578341290355,0.0003527294029481709
9835,0.000339082587743178,0.00035250262590125203
9836,0.0003491822280921042,0.00035227008629590273
9837,0.00037800444988533854,0.00035203719744458795
9838,0.0004235022934153676,0.00035181385464966297
9839,0.0004868012329097837,0.0003515862044878304
9840,0.0005672877887263894,0.000351357099134475
9841,0.0006796999368816614,0.00035112793557345867
9842,0.0008181526209227741,0.00035090604797005653
9843,0.001018921728245914,0.00035067752469331026
9844,0.0012604387011379004,0.0003504527558106929
9845,0.0016150556039065123,0.00035022408701479435
9846,0.002017587423324585,0.0003499966114759445
9847,0.0025872811675071716,0.0003497734433040023
9848,0.003165388945490122,0.00034955237060785294
9849,0.0038600475527346134,0.00034932076232507825
9850,0.004434139467775822,0.0003490964008960873
9851,0.004921908024698496,0.00034887282527051866
9852,0.005102235823869705,0.00034864951157942414
9853,0.004945683293044567,0.00034842867171391845
9854,0.004614881705492735,0.00034820279688574374
9855,0.004222664050757885,0.0003479764563962817
9856,0.004079978913068771,0.0003477550926618278
9857,0.004283346701413393,0.00034753678482957184
9858,0.004866722971200943,0.0003473122196737677
9859,0.005752028431743383,0.0003470861411187798
9860,0.006760186515748501,0.00034686445724219084
9861,0.0073129646480083466,0.00034664280246943235
9862,0.00717248534783721,0.00034641934325918555
9863,0.00552535941824317,0.000346199405612424
9864,0.0034098082687705755,0.0003459796425886452
9865,0.0013495356542989612,0.0003457570564933121
9866,0.00042770980508066714,0.00034554058220237494
9867,0.0009089059312827885,0.00034531590063124895
9868,0.0020749601535499096,0.00034509808756411076
9869,0.003119351575151086,0.0003448761999607086
9870,0.00324024329893291,0.00034465768840163946
9871,0.0024950779043138027,0.0003444366157054901
9872,0.001411555102095008,0.0003442207525949925
9873,0.0005771820433437824,0.0003440038417465985
9874,0.00039762770757079124,0.00034378416603431106
9875,0.0006854833336547017,0.00034356629475951195
9876,0.0012271655723452568,0.0003433438250795007
9877,0.0016780059086158872,0.0003431272925809026
9878,0.0018984067719429731,0.0003429155040066689
9879,0.0018089102813974023,0.0003426977200433612
9880,0.0013865584041923285,0.00034247629810124636
9881,0.0009664116078056395,0.0003422615409363061
9882,0.0006584166549146175,0.0003420413995627314
9883,0.0005268477834761143,0.00034182926174253225
9884,0.0005371259176172316,0.00034161319490522146
9885,0.0006582896457985044,0.00034139753552153707
9886,0.0008219245355576277,0.00034118129406124353
9887,0.0009313914342783391,0.0003409654600545764
9888,0.0009502992033958435,0.00034074849099852145
9889,0.0008961519924923778,0.0003405298339203
9890,0.0007661014096811414,0.00034032014082185924
9891,0.0006172951543703675,0.00034010360832326114
9892,0.0004803792107850313,0.00033989513758569956
9893,0.0003850466455332935,0.00033967645140364766
9894,0.0003666296834126115,0.0003394627710804343
9895,0.00038067169953137636,0.00033924850868061185
9896,0.00044151974725537,0.0003390297060832381
9897,0.0004981034435331821,0.0003388186451047659
9898,0.0005601996090263128,0.0003386105818208307
9899,0.0005947663448750973,0.00033839623210951686
9900,0.0006030409131199121,0.0003381822316441685
9901,0.0006001484580338001,0.00033796631032601
9902,0.000604533008299768,0.000337755773216486
9903,0.0006265981355682015,0.00033754471223801374
9904,0.0006831834325566888,0.0003373335348442197
9905,0.0007753834943287075,0.00033711877767927945
9906,0.0009381049312651157,0.0003369125770404935
9907,0.0011858120560646057,0.00033670064294710755
9908,0.001574450172483921,0.00033648847602307796
9909,0.0020762511994689703,0.00033628277014940977
9910,0.002698143245652318,0.0003360676928423345
9911,0.003530849702656269,0.0003358566318638623
9912,0.004647497553378344,0.0003356463275849819
9913,0.005811071489006281,0.0003354370128363371
9914,0.006545473821461201,0.00033522964804433286
9915,0.007076587527990341,0.000335023389197886
9916,0.007560611702501774,0.0003348150639794767
9917,0.00711018918082118,0.00033461159910075366
9918,0.005018563941121101,0.00033440784318372607
9919,0.004041487351059914,0.00033420827821828425
9920,0.0035132369957864285,0.00033401051769033074
9921,0.004432843066751957,0.0003338168899063021
9922,0.003053688909858465,0.0003336264635436237
9923,0.003651934675872326,0.00033344567054882646
9924,0.0040774354711174965,0.0003332768683321774
9925,0.004803417716175318,0.00033312002778984606
9926,0.0050855823792517185,0.0003329946775920689
9927,0.004318672232329845,0.00033290626015514135
9928,0.002650837879627943,0.00033287476981058717
9929,0.0019165212288498878,0.00033291944419033825
9930,0.0016106665134429932,0.00033310212893411517
9931,0.0014656371204182506,0.0003334812936373055
9932,0.0010741828009486198,0.0003341634292155504
9933,0.0010656543308869004,0.00033531372901052237
9934,0.001276678522117436,0.00033720419742166996
9935,0.0009277064236812294,0.00034024714841507375
9936,0.0016065100207924843,0.0003451134543865919
9937,0.0019027248490601778,0.0003528381057549268
9938,0.002053047763183713,0.00036522967275232077
9939,0.0026244211476296186,0.0003849276981782168
9940,0.00245543010532856,0.0004167602164670825
9941,0.002485977252945304,0.000467559730168432
9942,0.002236474771052599,0.000550414843019098
9943,0.001515815733000636,0.0006825579330325127
9944,0.0014957226812839508,0.0008993022493086755
9945,0.0011022952385246754,0.001239872188307345
9946,0.0010238165268674493,0.001793732400983572
9947,0.0008525687735527754,0.0026196795515716076
9948,0.000651185808237642,0.00388913182541728
9949,0.0006596603197976947,0.005498099140822887
9950,0.0005025503924116492,0.007448998745530844
9951,0.0005314878653734922,0.008774345740675926
9952,0.0006806853925809264,0.00854033324867487
9953,0.0005880459793843329,0.006690662354230881
9954,0.0006764361169189215,0.003340378636494279
9955,0.0006748724263161421,0.000934813404455781
9956,0.0006084752967581153,0.0005769499111920595
9957,0.0007246184395626187,0.0019403011538088322
9958,0.0005596007686108351,0.0033380682580173016
9959,0.000606118468567729,0.0031833178363740444
9960,0.0005631239037029445,0.0016653435304760933
9961,0.0005033317138440907,0.0005114352097734809
9962,0.0005236053839325905,0.0008093264186754823
9963,0.00043376898975111544,0.0016285052988678217
9964,0.00043066038051620126,0.0015444213058799505
9965,0.0004043124208692461,0.0007022790377959609
9966,0.00036786991404369473,0.0004255985259078443
9967,0.00038667244371026754,0.0009828588226810098
9968,0.0003566483501344919,0.001165795954875648
9969,0.00035935419145971537,0.0006250145961530507
9970,0.0003675661573652178,0.0003652659070212394
9971,0.00034892925759777427,0.0007269990164786577
9972,0.0003752753254957497,0.0008340646745637059
9973,0.0003708672593347728,0.0004523126408457756
9974,0.0003792904026340693,0.0003774026408791542
9975,0.0004025934322271496,0.0006333083147183061
9976,0.00040887645445764065,0.0005410850862972438
9977,0.00044248253107070923,0.0003247999702580273
9978,0.0004575089260470122,0.0004302343586459756
9979,0.00047372205881401896,0.000508847355376929
9980,0.0005072056083008647,0.00035546818980947137
9981,0.0005424689734354615,0.00033542868914082646
9982,0.0006019766442477703,0.00044094910845160484
9983,0.0006534275598824024,0.00037132384022697806
9984,0.0007100231596268713,0.00030256176250986755
9985,0.0008067534072324634,0.0003771751653403044
9986,0.0009080452146008611,0.00036661842023022473
9987,0.0010574349435046315,0.00029263898613862693
9988,0.0011723220814019442,0.000328697293298319
9989,0.0013174099149182439,0.0003496588615234941
9990,0.0014498619129881263,0.00029249099316075444
9991,0.0016793266404420137,0.0002972187357954681
9992,0.0018302745884284377,0.000329102564137429
9993,0.001959903398528695,0.0002953374641947448
9994,0.0019889483228325844,0.00028025510255247355
9995,0.0020635901018977165,0.00030879658879712224
9996,0.0020062425173819065,0.0002955029485747218
9997,0.0019061481580138206,0.0002727673854678869
9998,0.0017084552673622966,0.0002896313089877367
9999,0.0015420125564560294,0.00029141196864657104
10000,0.0013849192764610052,0.00027026442694477737
10001,0.0009423533920198679,0.00027409291942603886
10002,0.0004523026873357594,0.00027674937155097723
10003,0.0005036346847191453,0.0002655509451869875
10004,0.0008508630562573671,0.00027138309087604284
10005,0.000913256430067122,0.0002694927097763866
10006,0.0006347217713482678,0.0002631601528264582
10007,0.00040213181637227535,0.0002679492172319442
10008,0.000463324598968029,0.0002641701721586287
10009,0.0006445763865485787,0.0002612430544104427
10010,0.0006554764695465565,0.0002641109167598188
10011,0.0004956157063134015,0.00026028926367871463
10012,0.0003698049404192716,0.0002592648088466376
10013,0.0004040817730128765,0.0002604244800750166
10014,0.0005058689275756478,0.0002574566169641912
10015,0.0005161798326298594,0.0002571673830971122
10016,0.000426656159106642,0.00025737303076311946
10017,0.0003464195760898292,0.00025525648379698396
10018,0.0003567163075786084,0.00025510217528790236
10019,0.00041655972017906606,0.00025482915225438774
10020,0.00043290574103593826,0.0002533399674575776
10021,0.00038627488538622856,0.0002530522469896823
10022,0.0003316410584375262,0.0002526793978177011
10023,0.0003270056622568518,0.00025154647300951183
10024,0.00036122120218351483,0.00025118625489994884
10025,0.00037983717629686,0.0002508381730876863
10026,0.000359086727257818,0.00024990944075398147
10027,0.00032269395887851715,0.0002495108055882156
10028,0.00031124847009778023,0.00024921941803768277
10029,0.00032879094942472875,0.00024837558157742023
10030,0.00034591142321005464,0.0002480205148458481
10031,0.00034046225482597947,0.0002477370435371995
10032,0.00031803688034415245,0.0002469705359544605
10033,0.000304077984765172,0.0002466586884111166
10034,0.00030987063655629754,0.0002463709388393909
10035,0.00032315056887455285,0.00024566546198911965
10036,0.0003263931139372289,0.0002454125205986202
10037,0.0003153907018713653,0.0002450882748235017
10038,0.0003025805635843426,0.00024446839233860373
10039,0.00030053596128709614,0.00024423585273325443
10040,0.0003078943118453026,0.00024389688041992486
10041,0.000314265547785908,0.0002433487243251875
10042,0.00031195758492685854,0.00024313200265169144
10043,0.0003035507397726178,0.00024277190095745027
10044,0.00029795063892379403,0.0002423075638944283
10045,0.0002992639201693237,0.00024207690148614347
10046,0.0003042465541511774,0.00024171800760086626
10047,0.0003066381614189595,0.00024130755627993494
10048,0.00030371107277460396,0.00024107375065796077
10049,0.0002987720654346049,0.00024072181258816272
10050,0.0002963449223898351,0.0002403607068117708
10051,0.0002978082629851997,0.00024011025379877537
10052,0.0003006738843396306,0.00023978088574949652
10053,0.0003014836402144283,0.00023944862186908722
10054,0.00029946150607429445,0.00023918721126392484
10055,0.0002966692845802754,0.00023888176656328142
10056,0.0002954703231807798,0.00023857415362726897
10057,0.00029639812419191003,0.000238312961300835
10058,0.00029793038265779614,0.00023802201030775905
10059,0.00029828737024217844,0.0002377270138822496
10060,0.00029716710560023785,0.00023746181977912784
10061,0.00029557954985648394,0.0002371875598328188
10062,0.0002948385081253946,0.00023690579109825194
10063,0.00029524508863687515,0.00023664438049308956
10064,0.0002960248675663024,0.00023637901176698506
10065,0.0002962964354082942,0.00023611298820469528
10066,0.0002957401447929442,0.00023585764574818313
10067,0.0002948571345768869,0.00023560530098620802
10068,0.0002943113213405013,0.0002353423769818619
10069,0.00029435433680191636,0.00023509198217652738
10070,0.0002947222092188895,0.00023484748089686036
10071,0.00029491883469745517,0.00023459200747311115
10072,0.00029471510788425803,0.0002343495434615761
10073,0.000294247642159462,0.0002341096114832908
10074,0.0002938350080512464,0.00023386678367387503
10075,0.00029369918047450483,0.0002336216130061075
10076,0.0002937943208962679,0.00023339252220466733
10077,0.0002939041587524116,0.00023314870486501604
10078,0.0002938587567768991,0.00023291623801924288
10079,0.00029363666544668376,0.00023268717632163316
10080,0.00029337190790101886,0.00023245590273290873
10081,0.00029318698216229677,0.00023222636082209647
10082,0.00029312874539755285,0.000232001839322038
10083,0.00029313500272110105,0.000231772632105276
10084,0.0002931179478764534,0.00023155145754572004
10085,0.0002930246409960091,0.00023133133072406054
10086,0.00029287318466231227,0.00023111386690288782
10087,0.00029271229868754745,0.00023088895250111818
10088,0.00029260391602292657,0.00023067326401360333
10089,0.00029253721004351974,0.0002304541994817555
10090,0.00029249180806800723,0.00023023741960059851
10091,0.00029242667369544506,0.0002300277992617339
10092,0.0002923365100286901,0.0002298150211572647
10093,0.0002922253916040063,0.00022960471687838435
10094,0.00029212236404418945,0.0002293931320309639
10095,0.00029203586746007204,0.00022918406466487795
10096,0.0002919588587246835,0.0002289736148668453
10097,0.0002918869140557945,0.00022876464936416596
10098,0.0002918129903264344,0.00022856364375911653
10099,0.00029172791983000934,0.00022835850541014224
10100,0.0002916360681410879,0.0002281519555253908
10101,0.00029155233642086387,0.00022795354016125202
10102,0.0002914743672590703,0.00022775106481276453
10103,0.0002913977950811386,0.0002275510341860354
10104,0.00029132384224794805,0.00022735018865205348
10105,0.0002912459021899849,0.00022715220984537154
10106,0.0002911621704697609,0.00022695475490763783
10107,0.0002910805051214993,0.00022675644140690565
10108,0.00029100189567543566,0.0002265603980049491
10109,0.000290926662273705,0.00022636557696387172
10110,0.0002908492460846901,0.0002261683257529512
10111,0.0002907778834924102,0.00022597616771236062
10112,0.0002907009038608521,0.00022578437346965075
10113,0.00029062011162750423,0.00022559020726475865
10114,0.000290543248411268,0.0002254029968753457
10115,0.0002904646098613739,0.0002252112317364663
10116,0.00029039071523584425,0.00022501946659758687
10117,0.00029031577287241817,0.00022483590873889625
10118,0.0002902474079746753,0.00022464318317361176
10119,0.0002901681582443416,0.00022445451759267598
10120,0.00029009312856942415,0.00022426716168411076
10121,0.0002900178078562021,0.00022408559743780643
10122,0.0002899420214816928,0.00022389944933820516
10123,0.00028986716642975807,0.0002237131993751973
10124,0.0002897974627558142,0.0002235301653854549
10125,0.0002897215890698135,0.00022334392997436225
10126,0.00028964888770133257,0.00022316303511615843
10127,0.00028957644826732576,0.00022298053954727948
10128,0.00028950237901881337,0.00022280067787505686
10129,0.00028942705830559134,0.0002226221258752048
10130,0.0002893595374189317,0.0002224396012024954
10131,0.0002892795600928366,0.00022225796419661492
10132,0.00028921113698743284,0.00022207782603800297
10133,0.00028913671849295497,0.00022190110757946968
10134,0.00028906483203172684,0.0002217254223069176
10135,0.0002889883180614561,0.00022154544421937317
10136,0.0002889203024096787,0.0002213691477663815
10137,0.000288854178506881,0.000221193244215101
10138,0.0002887806622311473,0.0002210164675489068
10139,0.0002887084265239537,0.0002208392834290862
10140,0.0002886349684558809,0.00022066754172556102
10141,0.000288561888737604,0.00022048864047974348
10142,0.0002884926798287779,0.00022031999833416194
10143,0.00028842390747740865,0.00022014504065737128
10144,0.0002883525157812983,0.00021997300791554153
10145,0.0002882754197344184,0.00021979502344038337
10146,0.00028820947045460343,0.00021962470782455057
10147,0.00028814037796109915,0.00021945858316030353
10148,0.00028807049966417253,0.00021928294154349715
10149,0.00028800126165151596,0.0002191108651459217
10150,0.0002879306557588279,0.00021894174278713763
10151,0.00028785859467461705,0.0002187748468713835
10152,0.0002877880760934204,0.00021860322158318013
10153,0.0002877132501453161,0.00021843487047590315
10154,0.0002876494254451245,0.00021826312877237797
10155,0.00028757849941030145,0.0002180999144911766
10156,0.00028751231729984283,0.00021793089399579912
10157,0.0002874443307518959,0.00021776347421109676
10158,0.0002873673220165074,0.0002175948175136
10159,0.0002873017801903188,0.00021742818353231996
10160,0.00028723521973006427,0.0002172634849557653
10161,0.00028716554515995085,0.00021709913562517613
10162,0.00028709412436001003,0.00021693141025025398
10163,0.00028702709823846817,0.00021676676988136023
10164,0.00028696286608465016,0.00021660097991116345
10165,0.00028689156170003116,0.00021643994841724634
10166,0.0002868256706278771,0.0002162744349334389
10167,0.00028675521025434136,0.0002161117736250162
10168,0.00028668635059148073,0.00021594669669866562
10169,0.00028661981923505664,0.00021578687301371247
10170,0.00028655087226070464,0.00021562307665590197
10171,0.0002864812850020826,0.0002154606336262077
10172,0.0002864143461920321,0.00021529833611566573
10173,0.0002863472909666598,0.00021513705723918974
10174,0.0002862787223421037,0.0002149784122593701
10175,0.00028620968805626035,0.00021481761359609663
10176,0.00028614469920285046,0.0002146581100532785
10177,0.00028607749845832586,0.00021449491032399237
10178,0.0002860114327631891,0.00021433582878671587
10179,0.0002859419328160584,0.00021417668904177845
10180,0.0002858793595805764,0.00021401616686489433
10181,0.00028581026708707213,0.00021385766740422696
10182,0.0002857441722881049,0.00021370362082961947
10183,0.0002856771170627326,0.00021354109048843384
10184,0.0002856103819794953,0.00021338489023037255
10185,0.00028554548043757677,0.0002132269146386534
10186,0.0002854798804037273,0.0002130678331013769
10187,0.00028541311621665955,0.00021291458688210696
10188,0.0002853437326848507,0.00021275843027979136
10189,0.0002852794132195413,0.00021260249195620418
10190,0.00028520991327241063,0.00021244822710286826
10191,0.0002851436147466302,0.00021228856348898262
10192,0.0002850804594345391,0.00021213172294665128
10193,0.0002850187011063099,0.00021198159083724022
10194,0.00028495286824181676,0.00021182544878683984
10195,0.0002848886651918292,0.00021166758961044252
10196,0.00028481980552896857,0.00021151377586647868
10197,0.0002847560681402683,0.0002113616355927661
10198,0.000284690351691097,0.00021120661403983831
10199,0.0002846289426088333,0.00021105396444909275
10200,0.0002845661365427077,0.00021089971414767206
10201,0.00028450385434553027,0.00021074771939311177
10202,0.00028444890631362796,0.00021059569553472102
10203,0.0002843982365448028,0.00021044336608611047
10204,0.00028434969135560095,0.00021028882474638522
10205,0.00028431168175302446,0.00021013585501350462
10206,0.00028428673977032304,0.00020998557738494128
10207,0.0002842900576069951,0.0002098341501550749
10208,0.00028433118131943047,0.000209683072171174
10209,0.00028443208429962397,0.00020953545754309744
10210,0.0002846386923920363,0.00020938522357027978
10211,0.0002850148594006896,0.00020923228294122964
10212,0.00028566858964040875,0.00020908244187012315
10213,0.0002867802104447037,0.00020893162582069635
10214,0.00028867798391729593,0.00020878197392448783
10215,0.0002918601967394352,0.00020863399549853057
10216,0.0002972962101921439,0.00020848441636189818
10217,0.0003064520424231887,0.00020833418238908052
10218,0.00032225955510511994,0.0002081888960674405
10219,0.0003490049857646227,0.0002080375561490655
10220,0.00039590027881786227,0.00020789015979971737
10221,0.00047521141823381186,0.0002077422250295058
10222,0.0006165413651615381,0.0002075953088933602
10223,0.0008522788994014263,0.0002074476215057075
10224,0.0012762132100760937,0.00020730124379042536
10225,0.001955755753442645,0.00020715240680146962
10226,0.0031485341023653746,0.00020700243476312608
10227,0.004904065281152725,0.00020685791969299316
10228,0.007596367970108986,0.00020671410311479121
10229,0.01094119343906641,0.00020656573178712279
10230,0.014186300337314606,0.00020641858282033354
10231,0.01587297022342682,0.00020627485355362296
10232,0.013723863288760185,0.00020612755906768143
10233,0.00924735702574253,0.00020598465926013887
10234,0.006178377196192741,0.0002058408863376826
10235,0.00718197226524353,0.00020569318439811468
10236,0.01152094267308712,0.0002055515069514513
10237,0.017236655578017235,0.00020540383411571383
10238,0.016699865460395813,0.00020525814034044743
10239,0.008558531291782856,0.0002051155170192942
10240,0.004057612270116806,0.0002049687464023009
10241,0.0016902494244277477,0.00020482718537095934
10242,0.004972127266228199,0.00020468360162340105
10243,0.005324076861143112,0.00020454172044992447
10244,0.005204495973885059,0.00020439592481125146
10245,0.004798732697963715,0.00020425581897143275
10246,0.0011818553321063519,0.00020411110017448664
10247,0.002263984177261591,0.00020396889885887504
10248,0.00292616942897439,0.00020382946240715683
10249,0.003869435517117381,0.00020368651894386858
10250,0.0060415444895625114,0.00020354475418571383
10251,0.004448426887392998,0.0002034030039794743
10252,0.0025393771938979626,0.00020325877994764596
10253,0.0021479367278516293,0.00020311883417889476
10254,0.0008555250242352486,0.0002029748575296253
10255,0.0011065341532230377,0.00020283913181629032
10256,0.002070382935926318,0.00020269623200874776
10257,0.0015157475136220455,0.00020255470008123666
10258,0.001511911628767848,0.0002024171408265829
10259,0.0016522059449926019,0.0002022730332100764
10260,0.0010741096921265125,0.00020213369862176478
10261,0.0009590929839760065,0.00020199577556923032
10262,0.0010638260282576084,0.0002018543309532106
10263,0.0005566452164202929,0.0002017153601627797
10264,0.0008307064417749643,0.00020157467224635184
10265,0.0007547988789156079,0.00020143628353253007
10266,0.0006101875333115458,0.00020129562471993268
10267,0.0007502788212150335,0.00020115617371629924
10268,0.0006009089993312955,0.00020101916743442416
10269,0.0005234628915786743,0.00020088019664399326
10270,0.0007644620491191745,0.00020074163330718875
10271,0.0004463951336219907,0.00020060388487763703
10272,0.000570286123547703,0.0002004679845413193
10273,0.0005024585989303887,0.00020032774773426354
10274,0.0003756052174139768,0.0002001904504140839
10275,0.0005008280277252197,0.00020005372061859816
10276,0.0003952111874241382,0.0001999147643800825
10277,0.0003737998194992542,0.00019978168711531907
10278,0.00045921187847852707,0.00019964277453254908
10279,0.0003219764039386064,0.00019950148998759687
10280,0.00043291013571433723,0.00019936957687605172
10281,0.0003961519687436521,0.00019923204672522843
10282,0.00036750765866599977,0.00019909668480977416
10283,0.0004227713798172772,0.00019895710283890367
10284,0.00034683983540162444,0.0001988226140383631
10285,0.00035560072865337133,0.00019868722301907837
10286,0.0003568674437701702,0.0001985507842618972
10287,0.0003042804601136595,0.000198416382772848
10288,0.00034451682586222887,0.0001982812536880374
10289,0.00031624146504327655,0.0001981444365810603
10290,0.0003144538786727935,0.0001980125962290913
10291,0.00033944594906643033,0.00019787621567957103
10292,0.00030801401589997113,0.00019773967505898327
10293,0.00032995286164805293,0.00019760490977205336
10294,0.00031884212512522936,0.00019747311307583004
10295,0.0003064991324208677,0.00019733703811652958
10296,0.00031767028849571943,0.0001972033642232418
10297,0.00029950280440971255,0.00019706619787029922
10298,0.0003012966481037438,0.00019693659851327538
10299,0.0003033981774933636,0.00019680136756505817
10300,0.00029103714041411877,0.0001966652926057577
10301,0.000304427114315331,0.0001965322735486552
10302,0.0002949665067717433,0.00019640337268356234
10303,0.0002975421375595033,0.00019626953871920705
10304,0.0002997700357809663,0.000196134191355668
10305,0.000292854878352955,0.00019600201630964875
10306,0.0002979190612677485,0.0001958695356734097
10307,0.0002940912381745875,0.00019573833560571074
10308,0.00029280129820108414,0.0001956027263076976
10309,0.00029512180481106043,0.00019547365081962198
10310,0.0002902207197621465,0.00019533585873432457
10311,0.0002925941371358931,0.00019520739442668855
10312,0.0002907700836658478,0.00019507600518409163
10313,0.0002883900888264179,0.00019494535808917135
10314,0.00028981961077079177,0.00019481174240354449
10315,0.00028637697687372565,0.00019468074606265873
10316,0.0002873212215490639,0.0001945482799783349
10317,0.0002864939742721617,0.00019441958284005523
10318,0.0002850304590538144,0.00019428852829150856
10319,0.0002861492394004017,0.0001941563532454893
10320,0.0002845675335265696,0.00019402509497012943
10321,0.00028518540784716606,0.00019389469525776803
10322,0.00028530872077681124,0.00019376579439267516
10323,0.0002845260896719992,0.0001936357730301097
10324,0.0002855422208085656,0.00019350479124113917
10325,0.00028465056675486267,0.00019337311096023768
10326,0.00028511419077403843,0.0001932429731823504
10327,0.00028512434801086783,0.00019311363575980067
10328,0.00028471319819800556,0.0001929842255776748
10329,0.0002851223689503968,0.00019285312737338245
10330,0.00028477777959778905,0.0001927275152411312
10331,0.00028499081963673234,0.0001925937831401825
10332,0.00028524710796773434,0.00019246696319896728
10333,0.0002851330500561744,0.00019233685452491045
10334,0.0002857398067135364,0.0001922099618241191
10335,0.0002859939413610846,0.00019208014418836683
10336,0.00028674601344391704,0.00019195143249817193
10337,0.0002877926453948021,0.00019182205141987652
10338,0.0002888580784201622,0.0001916954352054745
10339,0.0002908285241574049,0.0001915637985803187
10340,0.00029320199973881245,0.00019143856479786336
10341,0.0002968020853586495,0.0001913104351842776
10342,0.0003017090493813157,0.00019118240743409842
10343,0.00030825965222902596,0.0001910566061269492
10344,0.00031788955675438046,0.00019092699221801013
10345,0.0003312795015517622,0.00019079938647337258
10346,0.0003510360838845372,0.00019067326502408832
10347,0.0003785851877182722,0.00019054615404456854
10348,0.00041914370376616716,0.00019041924679186195
10349,0.00047656556125730276,0.00019028945825994015
10350,0.0005645211786031723,0.00019016160513274372
10351,0.0006870223442092538,0.00019003536726813763
10352,0.0008734891889616847,0.00018991086108144373
10353,0.0011246160138398409,0.00018978197476826608
10354,0.0015055007534101605,0.0001896591274999082
10355,0.0019899141043424606,0.0001895298482850194
10356,0.0026839126367121935,0.0001894033921416849
10357,0.003464643843472004,0.00018927911878563464
10358,0.004384982865303755,0.00018915164400823414
10359,0.005188222974538803,0.00018902530428022146
10360,0.005749085918068886,0.00018889980856329203
10361,0.005752332042902708,0.00018877637921832502
10362,0.005047151353210211,0.00018865092715714127
10363,0.00400096271187067,0.00018852599896490574
10364,0.0029681005980819464,0.00018839750555343926
10365,0.002368076704442501,0.0001882730721263215
10366,0.002395275980234146,0.00018814561190083623
10367,0.002977804746478796,0.00018802388512995094
10368,0.0037865228950977325,0.0001879027986433357
10369,0.0047483597882092,0.00018777507648337632
10370,0.004644799046218395,0.00018764878041110933
10371,0.0035815860610455275,0.00018752773758023977
10372,0.002082446590065956,0.00018740059749688953
10373,0.00093529571313411,0.00018727764836512506
10374,0.000498944369610399,0.00018715299665927887
10375,0.00057569844648242,0.00018702910165302455
10376,0.0011922321282327175,0.0001869031839305535
10377,0.0017134592635557055,0.00018677994376048446
10378,0.0021109306253492832,0.00018665759125724435
10379,0.002162771299481392,0.00018653273582458496
10380,0.0015541906468570232,0.00018640741473063827
10381,0.0012231199070811272,0.00018628654652275145
10382,0.000799259461928159,0.00018616364104673266
10383,0.000774912943597883,0.00018604117212817073
10384,0.0006389057962223887,0.00018591761181596667
10385,0.0007505390094593167,0.00018579565221443772
10386,0.0009159082546830177,0.00018567260121926665
10387,0.000980429700575769,0.00018554847338236868
10388,0.0011377347400411963,0.0001854270085459575
10389,0.0012384155998006463,0.0001853026624303311
10390,0.0012389265466481447,0.00018518099386710674
10391,0.0012663269881159067,0.00018505891785025597
10392,0.0011318380711600184,0.00018493727839086205
10393,0.0010550174629315734,0.0001848147512646392
10394,0.0008993172668851912,0.0001846933737397194
10395,0.0006894408725202084,0.00018456860561855137
10396,0.0005961006390862167,0.0001844475045800209
10397,0.0004482472431845963,0.00018432801880408078
10398,0.00043611659202724695,0.00018420672859065235
10399,0.00038734040572308004,0.00018408367759548128
10400,0.00039003745769150555,0.00018396168889012188
10401,0.000434914487414062,0.00018384029681328684
10402,0.00046310870675370097,0.00018371887563262135
10403,0.000529321376234293,0.00018359975365456194
10404,0.0005891688633710146,0.00018347804143559188
10405,0.000641164428088814,0.00018335593631491065
10406,0.0007070933352224529,0.00018323685799259692
10407,0.0007243237923830748,0.00018311421445105225
10408,0.000757369794882834,0.00018299382645636797
10409,0.0007838909514248371,0.00018287509738001972
10410,0.0008155921241268516,0.00018275331240147352
10411,0.0008596638217568398,0.00018263381207361817
10412,0.0008940707193687558,0.00018251565052196383
10413,0.0009673811146058142,0.00018239530618302524
10414,0.0010576099157333374,0.0001822733029257506
10415,0.0011598053388297558,0.00018215463205706328
10416,0.0013106437399983406,0.0001820337784010917
10417,0.0015479191206395626,0.00018191398703493178
10418,0.0018152189441025257,0.00018179563630837947
10419,0.0020008976571261883,0.00018167519010603428
10420,0.0022263703867793083,0.00018155487487092614
10421,0.0025133450981229544,0.00018143454508390278
10422,0.002696831477805972,0.00018131516117136925
10423,0.0025921263732016087,0.00018119631567969918
10424,0.002357254968956113,0.00018107815412804484
10425,0.0020733221899718046,0.00018096088024321944
10426,0.0016819117590785027,0.00018084244220517576
10427,0.0012133466079831123,0.00018072250531986356
10428,0.0008462773403152823,0.00018060379079543054
10429,0.0006014762329868972,0.00018048514903057367
10430,0.0004974962212145329,0.00018036813708022237
10431,0.0004998953081667423,0.0001802509796107188
10432,0.000590883195400238,0.00018012913642451167
10433,0.0007193663623183966,0.0001800126046873629
10434,0.0008998681441880763,0.00017989470507018268
10435,0.001038174144923687,0.00017977633979171515
10436,0.0011534589575603604,0.00017965742154046893
10437,0.0011750457342714071,0.0001795410644263029
10438,0.001186469802632928,0.0001794206618797034
10439,0.0011084823636338115,0.00017930605099536479
10440,0.000998254050500691,0.00017918713274411857
10441,0.0008477334049530327,0.0001790707465261221
10442,0.0007188431918621063,0.00017895236669573933
10443,0.0006141734775155783,0.00017883417604025453
10444,0.000534779392182827,0.00017872059834189713
10445,0.0004973389441147447,0.00017859945364762098
10446,0.0004886910319328308,0.00017848721472546458
10447,0.0005135511164553463,0.00017836893675848842
10448,0.0005608272040262818,0.00017825193936005235
10449,0.0006303974660113454,0.0001781335158739239
10450,0.0007225451990962029,0.0001780180900823325
10451,0.0008316925959661603,0.000177900874405168
10452,0.0009731101454235613,0.0001777832512743771
10453,0.0011428158031776547,0.0001776681310730055
10454,0.0013505700044333935,0.0001775531709427014
10455,0.0015834757359698415,0.000177437235834077
10456,0.0018603166099637747,0.000177317502675578
10457,0.0021607759408652782,0.00017720175674185157
10458,0.00247965008020401,0.00017708665109239519
10459,0.0027569830417633057,0.00017697268049232662
10460,0.0029679301660507917,0.00017685641068965197
10461,0.0030411817133426666,0.0001767402864061296
10462,0.002950279740616679,0.0001766257337294519
10463,0.0026480050291866064,0.00017650926019996405
10464,0.0021838687825948,0.0001763947948347777
10465,0.001626484445296228,0.00017627680790610611
10466,0.00110843894071877,0.00017616369586903602
10467,0.0007219567196443677,0.0001760481100063771
10468,0.0005324227968230844,0.0001759331935318187
10469,0.0005566288600675762,0.00017581893189344555
10470,0.000768051715567708,0.0001757040445227176
10471,0.0010943288216367364,0.00017559024854563177
10472,0.0015377132222056389,0.0001754738623276353
10473,0.0019360188161954284,0.00017535951337777078
10474,0.002405711216852069,0.00017524520808365196
10475,0.0026674149557948112,0.00017512960766907781
10476,0.0029354433063417673,0.00017501672846265137
10477,0.0029238478746265173,0.00017489989113528281
10478,0.0028898713644593954,0.0001747875357978046
10479,0.0026877301279455423,0.0001746716588968411
10480,0.0024836945813149214,0.00017455937631893903
10481,0.002332760952413082,0.00017444684635847807
10482,0.002236019354313612,0.0001743325701681897
10483,0.002204327378422022,0.0001742191525408998
10484,0.0021289829164743423,0.00017410540021955967
10485,0.001988547621294856,0.0001739910221658647
10486,0.0017292690463364124,0.00017387566913384944
10487,0.001388619071803987,0.00017376487085130066
10488,0.001042284071445465,0.00017365004168823361
10489,0.000749882310628891,0.00017353663861285895
10490,0.0005657465080730617,0.00017342368664685637
10491,0.000521364388987422,0.00017331473645754158
10492,0.0005950591876171529,0.00017319539620075375
10493,0.0007634239736944437,0.00017308274982497096
10494,0.0009868652559816837,0.0001729700161376968
10495,0.0012263000244274735,0.0001728582865325734
10496,0.0014601692091673613,0.00017274630954489112
10497,0.0016514081507921219,0.00017263460904359818
10498,0.0018244292587041855,0.00017251911049243063
10499,0.0019469894468784332,0.00017240727902390063
10500,0.0020626953337341547,0.0001722962479107082
10501,0.0021573295816779137,0.0001721820590319112
10502,0.00222670566290617,0.0001720706932246685
10503,0.002274304162710905,0.00017196031694766134
10504,0.0022382065653800964,0.00017184705939143896
10505,0.0021858392283320427,0.00017173722153529525
10506,0.001958562061190605,0.0001716247497824952
10507,0.001697451458312571,0.00017151345673482865
10508,0.0013314770767465234,0.0001714004756649956
10509,0.0010286488104611635,0.00017128634499385953
10510,0.0007430643308907747,0.00017117522656917572
10511,0.0005518273683264852,0.00017106645100284368
10512,0.0004422096535563469,0.00017095121438615024
10513,0.0004108453285880387,0.00017084137653000653
10514,0.00043961801566183567,0.00017073130584321916
10515,0.0005149790667928755,0.0001706186158116907
10516,0.0006257579661905766,0.00017050953465513885
10517,0.0007629995234310627,0.00017039693193510175
10518,0.000930748472455889,0.00017028400907292962
10519,0.001095430226996541,0.00017017491336446255
10520,0.001283277291804552,0.00017006347479764372
10521,0.0014266506768763065,0.0001699558342806995
10522,0.0015793656930327415,0.00016984381363727152
10523,0.0016442739870399237,0.00016973153105936944
10524,0.001703823683783412,0.00016962211520876735
10525,0.001644679345190525,0.00016950990539044142
10526,0.001563729834742844,0.00016939887427724898
10527,0.0013916156021878123,0.00016929165576584637
10528,0.0012185841333121061,0.00016918002802412957
10529,0.0010072652949020267,0.00016907101962715387
10530,0.0008204114274121821,0.00016895850421860814
10531,0.0006491520907729864,0.00016884939395822585
10532,0.0005173605168238282,0.0001687395415501669
10533,0.0004212456406094134,0.00016862998018041253
10534,0.00035959563683718443,0.0001685206952970475
10535,0.0003255788469687104,0.00016841094475239515
10536,0.0003132611745968461,0.000168302416568622
10537,0.00031737590325064957,0.00016819471784401685
10538,0.00033362035173922777,0.00016808268264867365
10539,0.00036082544829696417,0.00016797301941551268
10540,0.0003963714116252959,0.00016786677588243037
10541,0.00044460437493398786,0.0001677557302173227
10542,0.0005025408463552594,0.0001676457468420267
10543,0.0005858464282937348,0.0001675364765105769
10544,0.0006820704438723624,0.00016742778825573623
10545,0.0008209358784370124,0.0001673194783506915
10546,0.0009763531852513552,0.00016720920393709093
10547,0.0012080324813723564,0.00016710179625079036
10548,0.0014484997373074293,0.0001669917837716639
10549,0.0017887928988784552,0.00016688335745129734
10550,0.0020940799731761217,0.00016677480016369373
10551,0.0024824808351695538,0.00016666584997437894
10552,0.002741840435191989,0.0001665565650910139
10553,0.002985874656587839,0.000166451558470726
10554,0.0029776631854474545,0.00016634250641800463
10555,0.0028254021890461445,0.00016623279952909797
10556,0.002468542894348502,0.00016612364561297
10557,0.002056664554402232,0.0001660170528339222
10558,0.0016723384615033865,0.0001659093250054866
10559,0.0014132414944469929,0.00016579988005105406
10560,0.0013583668041974306,0.00016569231229368597
10561,0.0014875861816108227,0.00016558427887503058
10562,0.0017770521808415651,0.00016547917039133608
10563,0.002199869602918625,0.00016536716429982334
10564,0.0027023199945688248,0.00016526164836250246
10565,0.003159116953611374,0.00016515393508598208
10566,0.003564657410606742,0.0001650439517106861
10567,0.0036036213859915733,0.00016493911971338093
10568,0.0033648591488599777,0.00016483386571053416
10569,0.0027009821496903896,0.00016472526476718485
10570,0.0019066670211032033,0.00016461897757835686
10571,0.0011337441392242908,0.00016451238479930907
10572,0.0006267084972932935,0.00016440423496533185
10573,0.0004841535701416433,0.00016429639072157443
10574,0.0006678841891698539,0.00016419036546722054
10575,0.001072445884346962,0.00016408116789534688
10576,0.001505556283518672,0.0001639761176193133
10577,0.001887183403596282,0.0001638704416109249
10578,0.0020282838959246874,0.00016376376152038574
10579,0.002061137231066823,0.00016365671763196588
10580,0.001801447244361043,0.00016355121624656022
10581,0.0014386775437742472,0.0001634431246202439
10582,0.0010761409066617489,0.0001633393985684961
10583,0.0008437351789325476,0.0001632294151932001
10584,0.0007280678255483508,0.00016312499064952135
10585,0.0007163326372392476,0.0001630172919249162
10586,0.0007984802359715104,0.0001629139733267948
10587,0.0009040312725119293,0.00016280832642223686
10588,0.001006763195618987,0.0001627034362172708
10589,0.0010907026007771492,0.00016259941912721843
10590,0.0011299160541966558,0.0001624976866878569
10591,0.0011204496258869767,0.00016239105025306344
10592,0.0010804698104038835,0.00016228770255111158
10593,0.00099090114235878,0.00016218787641264498
10594,0.0008830924052745104,0.00016208972374442965
10595,0.0007428539101965725,0.00016199485980905592
10596,0.0006314698257483542,0.00016190367750823498
10597,0.0005387716228142381,0.0001618246315047145
10598,0.0004952571471221745,0.0001617587695363909
10599,0.0004975898191332817,0.0001617097295820713
10600,0.0005541428690776229,0.00016170092567335814
10601,0.0006668563582934439,0.00016174867050722241
10602,0.000822643400169909,0.00016188138397410512
10603,0.0010311875957995653,0.00016216484073083848
10604,0.001282235374674201,0.0001626872253837064
10605,0.0016088772099465132,0.00016359749133698642
10606,0.0019801203161478043,0.0001651740458328277
10607,0.0024556927382946014,0.0001678347762208432
10608,0.00300907832570374,0.00017235784616786987
10609,0.003677982371300459,0.00017998434486798942
10610,0.00431761983782053,0.00019301789870951325
10611,0.004936931189149618,0.00021508018835447729
10612,0.005440385080873966,0.00025322416331619024
10613,0.005445727612823248,0.0003179603663738817
10614,0.004592164419591427,0.00043130433186888695
10615,0.0033725015819072723,0.0006227592239156365
10616,0.0023566021118313074,0.0009608354303054512
10617,0.0013628681190311909,0.0015160461189225316
10618,0.000540933629963547,0.0024837260134518147
10619,0.0006370522314682603,0.003935870248824358
10620,0.0007441302295774221,0.00624552508816123
10621,0.001193311414681375,0.008936736732721329
10622,0.0015411539934575558,0.011762052774429321
10623,0.0016971201403066516,0.013852360658347607
10624,0.0019221800612285733,0.011683383025228977
10625,0.0020511569455266,0.007339893840253353
10626,0.0022554444149136543,0.0030004268046468496
10627,0.0019757277332246304,0.0010645872680470347
10628,0.0021684993989765644,0.002347353845834732
10629,0.002511529950425029,0.006333920173346996
10630,0.003242450300604105,0.008833756670355797
10631,0.0028012082912027836,0.00927722081542015
10632,0.003033232409507036,0.00523925619199872
10633,0.003185417503118515,0.0016261100536212325
10634,0.0036313924938440323,0.0016884966753423214
10635,0.002841995330527425,0.004078899044543505
10636,0.0024007619358599186,0.003966096322983503
10637,0.0015973325353115797,0.0014305167132988572
10638,0.0013376434799283743,0.0009160700137726963
10639,0.0007126504788175225,0.001699412940070033
10640,0.0007318316493183374,0.002322407439351082
10641,0.0006311364704743028,0.0015906330663710833
10642,0.0009030283545143902,0.0009991989936679602
10643,0.0011224152985960245,0.0016153870383277535
10644,0.0012244810350239277,0.001019884250126779
10645,0.001328352140262723,0.0008966183522716165
10646,0.0013140749651938677,0.0006866210605949163
10647,0.001282840734347701,0.0008593960083089769
10648,0.0009417860419489443,0.0010831025429069996
10649,0.0007663655560463667,0.0010321905137971044
10650,0.0005032449844293296,0.0009657167247496545
10651,0.0004737430135719478,0.0005110508063808084
10652,0.0003043566830456257,0.00044516025809571147
10653,0.0003761927946470678,0.0004083078820258379
10654,0.00032577046658843756,0.0007213343633338809
10655,0.0004311070078983903,0.0007517951889894903
10656,0.0004581327666528523,0.0007540268125012517
10657,0.0005217655561864376,0.0005563281010836363
10658,0.0005752557190135121,0.0004251161590218544
10659,0.0006097881705500185,0.0003260194498579949
10660,0.0006685631815344095,0.00027554959524422884
10661,0.0006459453725256026,0.000330778188072145
10662,0.0006623080116696656,0.0003937761939596385
10663,0.0006214200984686613,0.0005015912465751171
10664,0.0006223993841558695,0.0005069536855444312
10665,0.0005546567845158279,0.0005056994850747287
10666,0.0005298485630191863,0.0004515874315984547
10667,0.0004733655077870935,0.00041243364103138447
10668,0.0004494583117775619,0.00034857229911722243
10669,0.00040235614869743586,0.000280523847322911
10670,0.0003779363469220698,0.00024077801208477467
10671,0.0003517526783980429,0.0002064524742309004
10672,0.00033131465897895396,0.0002092517097480595
10673,0.00032152264611795545,0.0001946677512023598
10674,0.00030159211019054055,0.00020617537666112185
10675,0.000302855740301311,0.0002115518000209704
10676,0.0002871976757887751,0.00023726637300569564
10677,0.0002920348779298365,0.0002596881240606308
10678,0.0002828710130415857,0.00028193483012728393
10679,0.0002870378375519067,0.00031531095737591386
10680,0.0002835439518094063,0.00035182179999537766
10681,0.0002869787276722491,0.000412693276302889
10682,0.0002875674981623888,0.0004762228636536747
10683,0.0002916430530603975,0.0005674927961081266
10684,0.0002961677382700145,0.0006861311267130077
10685,0.0003020038129761815,0.000846683222334832
10686,0.0003122001944575459,0.0010626299772411585
10687,0.00032308566733263433,0.0013225269503891468
10688,0.0003426784824114293,0.0016781134763732553
10689,0.00036598381120711565,0.00204759044572711
10690,0.0004039202176500112,0.0025110538117587566
10691,0.0004539729852695018,0.0028177269268780947
10692,0.0005293483845889568,0.0030496222898364067
10693,0.0006378422840498388,0.0027702527586370707
10694,0.0007966160774230957,0.0021872951183468103
10695,0.0010303598828613758,0.0012341958936303854
10696,0.0013605068670585752,0.00047532154712826014
10697,0.0018547452054917812,0.00027048701304011047
10698,0.002549263881519437,0.0005727995303459466
10699,0.0035383845679461956,0.0008893831400200725
10700,0.004772666376084089,0.0007683401927351952
10701,0.006384536623954773,0.0004123919643461704
10702,0.008070563897490501,0.00027064757887274027
10703,0.00955907627940178,0.00047832835116423666
10704,0.009633964858949184,0.0006768629536963999
10705,0.008394241333007812,0.0005933255888521671
10706,0.006068716756999493,0.00032098268275149167
10707,0.0033141719177365303,0.00022243289276957512
10708,0.001502498984336853,0.0003403293085284531
10709,0.0015345863066613674,0.000433189794421196
10710,0.002940090838819742,0.0003758137463591993
10711,0.006250585895031691,0.0002657814184203744
10712,0.008878576569259167,0.0002359344798605889
10713,0.00833945907652378,0.00029429077403619885
10714,0.010054094716906548,0.00034166895784437656
10715,0.015438955277204514,0.000305031833704561
10716,0.025955764576792717,0.00023266718199010938
10717,0.02043585479259491,0.0001986838469747454
10718,0.017417706549167633,0.00022319727577269077
10719,0.012841107323765755,0.0002671300317160785
10720,0.012825210578739643,0.0002783734817057848
10721,0.02254025638103485,0.00024876283714547753
10722,0.02037530392408371,0.00020619573479052633
10723,0.023358240723609924,0.0001817373267840594
10724,0.014032476581633091,0.00018682920199353248
10725,0.01404339075088501,0.00020934092754032463
10726,0.030930262058973312,0.00022781659208703786
10727,0.026426950469613075,0.0002295990416314453
10728,0.024185018613934517,0.0002140547730959952
10729,0.037235550582408905,0.00019054647418670356
10730,0.029654745012521744,0.00017204665346071124
10731,0.03448563441634178,0.00016484566731378436
10732,0.034118521958589554,0.00017022086831275374
10733,0.03154058754444122,0.00018187385285273194
10734,0.01684972643852234,0.0001928416168084368
10735,0.015329388901591301,0.0001988101430470124
10736,0.02832810953259468,0.00019770230574067682
10737,0.018240878358483315,0.00019223078561481088
10738,0.007069450803101063,0.0001838911703089252
10739,0.024314366281032562,0.00017525316798128188
10740,0.026016324758529663,0.00016756758850533515
10741,0.03079981543123722,0.00016154431796167046
10742,0.03673773258924484,0.000157919290359132
10743,0.04629754275083542,0.00015648691623937339
10744,0.07154366374015808,0.00015685897960793227
10745,0.07567957788705826,0.00015837083628866822
10746,0.026354553177952766,0.00016036572924349457
10747,0.04239632189273834,0.00016287670587189496
10748,0.07778300344944,0.00016584008699283004
10749,0.03455498069524765,0.000169414997799322
10750,0.01684214547276497,0.00017371520516462624
10751,0.04668031260371208,0.00017870501324068755
10752,0.017237931489944458,0.00018500366422813386
10753,0.024347536265850067,0.00019283675646875054
10754,0.024178626015782356,0.00020351694547571242
10755,0.01343090645968914,0.0002175094123231247
10756,0.024352561682462692,0.00023696730204392225
10757,0.007270900998264551,0.0002627219364512712
10758,0.018858566880226135,0.00029906840063631535
10759,0.015410586260259151,0.0003471896634437144
10760,0.010310504585504532,0.00041585066355764866
10761,0.012025248259305954,0.0005049670580774546
10762,0.008762639947235584,0.0006316856015473604
10763,0.0065795318223536015,0.000788106641266495
10764,0.00532422075048089,0.0010044859955087304
10765,0.007582064718008041,0.001242240658029914
10766,0.0061843255534768105,0.0015433195512741804
10767,0.003701255191117525,0.001782962353900075
10768,0.0037161842919886112,0.0020013228058815002
10769,0.004445424769073725,0.0019460698822513223
10770,0.003133973339572549,0.0016981010558083653
10771,0.003159513231366873,0.0011277823941782117
10772,0.003064218908548355,0.0005474442150443792
10773,0.0028577144257724285,0.000207960867555812
10774,0.0025006593205034733,0.00025210832245647907
10775,0.002325901761651039,0.0005337750189937651
10776,0.0026826285757124424,0.0007852148846723139
10777,0.0021436456590890884,0.0008281748741865158
10778,0.0017367120599374175,0.0007595133502036333
10779,0.0014609958743676543,0.0006680263322778046
10780,0.0019528615521267056,0.0006829400081187487
10781,0.001697604195214808,0.0007042100187391043
10782,0.0010257815010845661,0.0006152697606012225
10783,0.0011775570455938578,0.00045790430158376694
10784,0.0012801715638488531,0.00031726123415865004
10785,0.0012058246647939086,0.00029712714604102075
10786,0.0006904113688506186,0.0003834773669950664
10787,0.0010241440031677485,0.0004620935069397092
10788,0.000878525956068188,0.00044825271470472217
10789,0.0008550662314519286,0.00033259723568335176
10790,0.0006956759607419372,0.0002118667180184275
10791,0.0007638039533048868,0.0001686533505562693
10792,0.0007364382618106902,0.00020564532314892858
10793,0.0006655298639088869,0.0002599470317363739
10794,0.0006152743007987738,0.00026686451747082174
10795,0.0006092831026762724,0.00022723668371327221
10796,0.0006135866278782487,0.0001862290082499385
10797,0.0005941477720625699,0.0001870995038188994
10798,0.0005140118882991374,0.00023138776305131614
10799,0.0005457618972286582,0.00028599577490240335
10800,0.0004905426176264882,0.0003252459573559463
10801,0.0004977499484084547,0.00035606982419267297
10802,0.0004663846339099109,0.000413597677834332
10803,0.0004571807512547821,0.0005423433613032103
10804,0.0004352043615654111,0.0007584838895127177
10805,0.00042973150266334414,0.001104150665923953
10806,0.00045077194226905704,0.0015695710899308324
10807,0.0004088070127181709,0.0022829254157841206
10808,0.000404644466470927,0.0031218822114169598
10809,0.00040461402386426926,0.004240282345563173
10810,0.00041477434569969773,0.0048425933346152306
10811,0.0003891427186317742,0.004861791152507067
10812,0.0003819594858214259,0.0032349403481930494
10813,0.00038694177055731416,0.0013619433157145977
10814,0.0003812902432400733,0.0008411433082073927
10815,0.00036924739833921194,0.0011681495234370232
10816,0.0003648530400823802,0.001660820678807795
10817,0.0003632997686509043,0.0021257635671645403
10818,0.00036736205220222473,0.0022275145165622234
10819,0.00035408767871558666,0.00416569784283638
10820,0.00035316875437274575,0.010213405825197697
10821,0.00034922570921480656,0.019670968875288963
10822,0.0003561753546819091,0.03296070918440819
10823,0.00034477567533031106,0.04103021323680878
10824,0.00034492992563173175,0.018106330186128616
10825,0.00034383346792310476,0.004750626161694527
10826,0.0003426217008382082,0.02470928244292736
10827,0.00033980191801674664,0.04780957102775574
10828,0.000339317019097507,0.13993994891643524
10829,0.0003372472710907459,0.1257597804069519
10830,0.0003351013292558491,0.03635402023792267
10831,0.0003341676783747971,0.07574112713336945
10832,0.0003335335641168058,0.05796251446008682
10833,0.0003308878804091364,0.058184243738651276
10834,0.0003310383763164282,0.16086257994174957
10835,0.0003288498264737427,0.07783466577529907
10836,0.0003285069833509624,0.13637462258338928
10837,0.00032662798184901476,0.06966409832239151
10838,0.00032628036569803953,0.06797830015420914
10839,0.00032491664751432836,0.039270732551813126
10840,0.000324354536132887,0.05855495482683182
10841,0.00032320001628249884,0.0294242724776268
10842,0.00032215146347880363,0.05298752337694168
10843,0.00032190632191486657,0.0378781259059906
10844,0.00032097368966788054,0.03886756673455238
10845,0.00032021861989051104,0.05012417584657669
10846,0.00031951250275596976,0.032175514847040176
10847,0.0003188595292158425,0.04359055310487747
10848,0.00031820929143577814,0.04377281665802002
10849,0.00031755524105392396,0.03879515081644058
10850,0.00031707744346931577,0.03857175633311272
10851,0.00031620037043467164,0.03614065796136856
10852,0.00031570030841976404,0.03943345695734024
10853,0.0003150814736727625,0.036868758499622345
10854,0.0003144677320960909,0.03483717888593674
10855,0.00031389135983772576,0.032346438616514206
10856,0.00031332974322140217,0.035068318247795105
10857,0.00031281192786991596,0.030649015679955482
10858,0.00031217304058372974,0.03016345202922821
10859,0.0003117609885521233,0.03169098123908043
10860,0.0003112010017503053,0.027660544961690903
10861,0.00031075961305759847,0.027689587324857712
10862,0.00031019264133647084,0.027042105793952942
10863,0.0003097499720752239,0.02626749873161316
10864,0.0003093085833825171,0.024300552904605865
10865,0.00030883291037753224,0.02394222840666771
10866,0.0003083473420701921,0.023638566955924034
10867,0.0003079125890508294,0.02201927825808525
10868,0.0003074914566241205,0.022386398166418076
10869,0.000307014852296561,0.020544996485114098
10870,0.00030657852767035365,0.019794512540102005
10871,0.00030619296012446284,0.019283747300505638
10872,0.0003057494468521327,0.018904201686382294
10873,0.0003053377731703222,0.01836242340505123
10874,0.00030491972574964166,0.017015758901834488
10875,0.00030454160878434777,0.016723353415727615
10876,0.00030412859632633626,0.0164213627576828
10877,0.00030375338974408805,0.01536882296204567
10878,0.00030335588962771,0.014878775924444199
10879,0.00030298877391032875,0.014247938990592957
10880,0.00030261484789662063,0.01386245060712099
10881,0.000302238913718611,0.013423636555671692
10882,0.0003018748830072582,0.012804575264453888
10883,0.00030151556711643934,0.012201230973005295
10884,0.00030115662957541645,0.01197486836463213
10885,0.00030080368742346764,0.011356041766703129
10886,0.00030046270694583654,0.010922590270638466
10887,0.0003001137520186603,0.010713143274188042
10888,0.00029976869700476527,0.010150899179279804
10889,0.0002994422393385321,0.009736599400639534
10890,0.0002991058281622827,0.00950060598552227
10891,0.0002987799816764891,0.009228764101862907
10892,0.00029845265089534223,0.008870415389537811
10893,0.00029813189757987857,0.00842895545065403
10894,0.0002978144329972565,0.008380443789064884
10895,0.0002975009847432375,0.008015867322683334
10896,0.0002971951907966286,0.007755717262625694
10897,0.0002968868357129395,0.007480638101696968
10898,0.0002965782769024372,0.007054561749100685
10899,0.00029627824551425874,0.006864340044558048
10900,0.0002959826379083097,0.006503096781671047
10901,0.0002956900862045586,0.006395180709660053
10902,0.00029539631213992834,0.0061103710904717445
10903,0.00029510591411963105,0.005964936688542366
10904,0.00029481941601261497,0.005765892565250397
10905,0.0002945362066384405,0.005625289399176836
10906,0.0002942583232652396,0.0054579833522439
10907,0.00029398343758657575,0.005206645466387272
10908,0.00029370549600571394,0.005094367079436779
10909,0.0002934311341959983,0.004885663744062185
10910,0.00029316122527234256,0.004783780314028263
10911,0.00029289262602105737,0.004668646492063999
10912,0.00029263226315379143,0.004526360426098108
10913,0.00029236802947707474,0.004411596804857254
10914,0.00029211011133156717,0.004349368158727884
10915,0.0002918517857324332,0.004212160129100084
10916,0.00029160125995986164,0.004122486803680658
10917,0.00029134933720342815,0.003940023481845856
10918,0.0002910966577474028,0.0038560237735509872
10919,0.0002908460737671703,0.0037663853727281094
10920,0.00029060186352580786,0.0036838704254478216
10921,0.0002903540735132992,0.003632588777691126
10922,0.00029011390870437026,0.0035273050889372826
10923,0.00028987458790652454,0.003474081866443157
10924,0.00028963913791812956,0.003423166461288929
10925,0.0002894048229791224,0.0033636954613029957
10926,0.00028917170129716396,0.0032347349915653467
10927,0.0002889391907956451,0.0031205546110868454
10928,0.00028870810638181865,0.003098609857261181
10929,0.0002884812420234084,0.003082310315221548
10930,0.0002882572007365525,0.0030337986536324024
10931,0.00028803377063013613,0.0029533046763390303
10932,0.0002878082450479269,0.002879448002204299
10933,0.000287594593828544,0.002786080352962017
10934,0.00028737622778862715,0.0027215394657105207
10935,0.0002871581818908453,0.0026549852918833494
10936,0.000286943482933566,0.0026092398911714554
10937,0.000286729569779709,0.002575537422671914
10938,0.00028651455068029463,0.0025442522019147873
10939,0.0002863081463146955,0.0025051734410226345
10940,0.00028610098524950445,0.002482437761500478
10941,0.0002858925727196038,0.002452257089316845
10942,0.00028568701236508787,0.0024234852753579617
10943,0.00028548436239361763,0.002421143464744091
10944,0.0002852819161489606,0.002550321165472269
10945,0.0002850806340575218,0.00329238036647439
10946,0.0002848831354640424,0.0071168821305036545
10947,0.000284686335362494,0.025768063962459564
10948,0.00028448799275793135,0.11405941098928452
10949,0.00028429212397895753,0.18698298931121826
10950,0.00028409919468685985,0.025350021198391914
10951,0.0002839123480953276,0.07929389923810959
10952,0.000283717701677233,0.03903511166572571
10953,0.0002835297491401434,0.057914622128009796
10954,0.0002833454345818609,0.04572205990552902
10955,0.0002831582387443632,0.04149831086397171
10956,0.0002829727018252015,0.03383366018533707
10957,0.0002827878051903099,0.04036153852939606
10958,0.0002826037525665015,0.04291713237762451
10959,0.00028242351254448295,0.03397147357463837
10960,0.00028224417474120855,0.030447781085968018
10961,0.0002820667577907443,0.03513317182660103
10962,0.0002818878856487572,0.028177015483379364
10963,0.00028171352460049093,0.02794862911105156
10964,0.0002815370389726013,0.030661094933748245
10965,0.0002813644823618233,0.02424115315079689
10966,0.00028119218768551946,0.023214414715766907
10967,0.0002810198056977242,0.026156079024076462
10968,0.00028084765654057264,0.025548677891492844
10969,0.0002806797856464982,0.023340575397014618
10970,0.0002805119729600847,0.02244928665459156
10971,0.00028034334536641836,0.021797817200422287
10972,0.0002801766968332231,0.02080831304192543
10973,0.00028001374448649585,0.01934153214097023
10974,0.00027985183987766504,0.020259499549865723
10975,0.0002796853659674525,0.01877424493432045
10976,0.00027952599339187145,0.018684424459934235
10977,0.0002793654566630721,0.0180332250893116
10978,0.00027920209686271846,0.01707429066300392
10979,0.0002790491853374988,0.0165084321051836
10980,0.0002788873971439898,0.01573786325752735
10981,0.00027873244835063815,0.015961991623044014
10982,0.00027857592795044184,0.014906710013747215
10983,0.0002784201060421765,0.014376327395439148
10984,0.0002782668452709913,0.013968115672469139
10985,0.0002781087241601199,0.013415122404694557
10986,0.0002779611386358738,0.01299777626991272
10987,0.00027781183598563075,0.012661357410252094
10988,0.000277657643891871,0.012080419808626175
10989,0.00027750758454203606,0.011600539088249207
10990,0.0002773609885480255,0.011082291603088379
10991,0.0002772123843897134,0.010761911049485207
10992,0.00027706759283319116,0.010371282696723938
10993,0.00027692411094903946,0.010171154513955116
10994,0.0002767758851405233,0.009874535724520683
10995,0.00027663283981382847,0.009398183785378933
10996,0.00027648781542666256,0.0091629633679986
10997,0.00027634217985905707,0.00900566577911377
10998,0.0002762015792541206,0.008785039186477661
10999,0.0002760636853054166,0.00855359248816967
11000,0.00027592197875492275,0.008378274738788605
11001,0.00027578469598665833,0.00806851964443922
11002,0.0002756442700047046,0.00774375768378377
11003,0.00027550270897336304,0.007499371189624071
11004,0.0002753674634732306,0.00732489675283432
11005,0.00027523236349225044,0.00707167899236083
11006,0.0002750956336967647,0.006767390761524439
11007,0.00027496120310388505,0.006626458372920752
11008,0.00027482950827106833,0.006466740742325783
11009,0.0002746956597547978,0.0061728209257125854
11010,0.00027456297539174557,0.005951460916548967
11011,0.00027442455757409334,0.005764948669821024
11012,0.0002743001386988908,0.005541743710637093
11013,0.00027416759985499084,0.005383192095905542
11014,0.00027403741842135787,0.005221189931035042
11015,0.0002739052288234234,0.005084386561065912
11016,0.0002737772883847356,0.004915106110274792
11017,0.00027365112327970564,0.004721681587398052
11018,0.00027352277538739145,0.00456701684743166
11019,0.0002733892761170864,0.004418430849909782
11020,0.0002732673892751336,0.004279044922441244
11021,0.0002731429703999311,0.004158464260399342
11022,0.0002730184351094067,0.004070277791470289
11023,0.0002728918625507504,0.003942970652133226
11024,0.00027277242043055594,0.0037924530915915966
11025,0.0002726459060795605,0.003678432898595929
11026,0.0002725234371609986,0.003580953925848007
11027,0.00027240553754381835,0.0034872086253017187
11028,0.0002722809440456331,0.0034069884568452835
11029,0.0002721625496633351,0.003341322299093008
11030,0.00027204258367419243,0.0032512634061276913
11031,0.00027191921253688633,0.0031415466219186783
11032,0.00027180375764146447,0.0030346433632075787
11033,0.00027168108499608934,0.002948865294456482
11034,0.00027156685246154666,0.0028741047717630863
11035,0.0002714493894018233,0.002799803391098976
11036,0.0002713346329983324,0.002727835439145565
11037,0.00027121571474708617,0.0026469372678548098
11038,0.0002711007837206125,0.002587700728327036
11039,0.0002709894033614546,0.0025322309229522943
11040,0.0002708717656787485,0.0024706635158509016
11041,0.0002707558451220393,0.0024251528084278107
11042,0.000270643038675189,0.002382654929533601
11043,0.00027053040685132146,0.0023185245227068663
11044,0.0002704134676605463,0.0022564262617379427
11045,0.00027030459023080766,0.0021994279231876135
11046,0.00027019428671337664,0.002127239014953375
11047,0.00027008092729374766,0.0020757156889885664
11048,0.0002699734759517014,0.0020288678351789713
11049,0.0002698636380955577,0.0019701870623975992
11050,0.0002697517047636211,0.001921891700476408
11051,0.000269646174274385,0.0018958206055685878
11052,0.0002695386647246778,0.0018844502046704292
11053,0.0002694270806387067,0.0018789635505527258
11054,0.00026932096807286143,0.0019070073030889034
11055,0.0002692139823921025,0.0020606752950698137
11056,0.00026910609449259937,0.0026430897414684296
11057,0.000268999399850145,0.004473906941711903
11058,0.0002688960812520236,0.0096690459176898
11059,0.000268789503024891,0.020206574350595474
11060,0.00026868400163948536,0.03659487143158913
11061,0.0002685792278498411,0.027377942577004433
11062,0.00026847337721847,0.0032650961074978113
11063,0.00026837276527658105,0.01072986051440239
11064,0.00026826796238310635,0.0024382045958191156
11065,0.00026816531317308545,0.007736301515251398
11066,0.00026806234382092953,0.0022306533064693213
11067,0.00026795928715728223,0.006205711513757706
11068,0.0002678599557839334,0.0017030073795467615
11069,0.0002677605953067541,0.004784420598298311
11070,0.00026765791699290276,0.0018222788348793983
11071,0.00026755797443911433,0.003527135355398059
11072,0.00026745989453047514,0.0019876700825989246
11073,0.0002673608250916004,0.0027626771479845047
11074,0.00026725803036242723,0.0020611120853573084
11075,0.00026716385036706924,0.0015174299478530884
11076,0.0002670646063052118,0.0030729600694030523
11077,0.00026696413988247514,0.001455206423997879
11078,0.0002668713277671486,0.001325101125985384
11079,0.00026677254936657846,0.0023832754231989384
11080,0.00026667476049624383,0.0011818833881989121
11081,0.0002665797364898026,0.0013134952168911695
11082,0.0002664824714884162,0.0018345393473282456
11083,0.00026638718554750085,0.001099260407499969
11084,0.00026629434432834387,0.00098590983543545
11085,0.00026619783602654934,0.0015119512099772692
11086,0.0002661043545231223,0.0010192146291956306
11087,0.0002660078462213278,0.0008144555613398552
11088,0.0002659102319739759,0.0013523476663976908
11089,0.0002658216399140656,0.0009335788199678063
11090,0.0002657294098753482,0.0006526630604639649
11091,0.0002656378783285618,0.001033240114338696
11092,0.00026554588112048805,0.0008544058655388653
11093,0.0002654521376825869,0.0005886956350877881
11094,0.0002653605188243091,0.0008289676043204963
11095,0.0002652688999660313,0.000792953185737133
11096,0.000265175593085587,0.0005566927720792592
11097,0.00026508746668696404,0.0006415950483642519
11098,0.0002649978850968182,0.0007009928813204169
11099,0.00026490501477383077,0.0005507578025572002
11100,0.0002648163354024291,0.0005113204242661595
11101,0.0002647282090038061,0.000628818990662694
11102,0.00026463804533705115,0.0005327464896254241
11103,0.00026454826002009213,0.00044367616646923125
11104,0.0002644583582878113,0.0005435566417872906
11105,0.00026437093038111925,0.0005085994489490986
11106,0.0002642870240379125,0.00041750387754291296
11107,0.0002641996543388814,0.0004680108977481723
11108,0.0002641126047819853,0.00047323887702077627
11109,0.0002640234015416354,0.0004066338296979666
11110,0.00026393559528514743,0.000411380548030138
11111,0.00026385061210021377,0.0004445560625754297
11112,0.00026376667665317655,0.00040388127672486007
11113,0.00026367802638560534,0.00037750101182609797
11114,0.0002635918790474534,0.0004118156502954662
11115,0.00026351233827881515,0.00038969743764027953
11116,0.0002634257834870368,0.00036044977605342865
11117,0.0002633382682688534,0.0003823861188720912
11118,0.00026325476937927306,0.00037907742080278695
11119,0.00026317290030419827,0.0003517798031680286
11120,0.00026308660744689405,0.0003593026485759765
11121,0.00026300427271053195,0.00036185234785079956
11122,0.0002629209775477648,0.00034604239044710994
11123,0.00026283529587090015,0.0003403589071240276
11124,0.0002627554058562964,0.0003499960876069963
11125,0.00026267211069352925,0.0003385511809028685
11126,0.00026259123114869,0.00032953350455500185
11127,0.0002625073248054832,0.000335658056428656
11128,0.00026242583408020437,0.0003293462214060128
11129,0.00026234524557366967,0.00032128964085131884
11130,0.0002622618922032416,0.0003237577620893717
11131,0.0002621849125716835,0.0003208849811926484
11132,0.0002621037419885397,0.0003145691880490631
11133,0.0002620224840939045,0.0003130364348180592
11134,0.00026194093516096473,0.0003134993021376431
11135,0.000261861365288496,0.0003073100815527141
11136,0.0002617809223011136,0.0003054383851122111
11137,0.00026170306955464184,0.0003056130954064429
11138,0.0002616248093545437,0.0003010680084116757
11139,0.000261544220848009,0.00029868772253394127
11140,0.0002614638360682875,0.00029862081282772124
11141,0.00026138685643672943,0.00029557698871940374
11142,0.00026131016784347594,0.00029311334947124124
11143,0.0002612323733046651,0.00029236049158498645
11144,0.0002611560048535466,0.0002907173475250602
11145,0.00026107821031473577,0.0002878228260669857
11146,0.0002610008232295513,0.0002870668249670416
11147,0.00026092215557582676,0.0002857759827747941
11148,0.000260844302829355,0.00028336557443253696
11149,0.00026076979702338576,0.0002823445829562843
11150,0.0002606898488011211,0.00028126256074756384
11151,0.00026061764219775796,0.00027929453062824905
11152,0.0002605432237032801,0.000277965038549155
11153,0.00026046630227938294,0.00027700362261384726
11154,0.0002603908651508391,0.0002755160676315427
11155,0.0002603166503831744,0.00027397769736126065
11156,0.0002602401946205646,0.00027317297644913197
11157,0.0002601683954708278,0.000271860568318516
11158,0.0002600892330519855,0.00027041876455768943
11159,0.00026001071091741323,0.0002695153816603124
11160,0.00025994156021624804,0.0002684066421352327
11161,0.00025986513355746865,0.00026711475220508873
11162,0.0002597941202111542,0.00026613203226588666
11163,0.0002597208076622337,0.0002652225084602833
11164,0.00025964691303670406,0.00026403451920486987
11165,0.0002595754631329328,0.0002630002563819289
11166,0.00025950089911930263,0.00026218019775114954
11167,0.00025943099171854556,0.00026111240731552243
11168,0.0002593573008198291,0.0002601109736133367
11169,0.00025928099057637155,0.00025930654373951256
11170,0.00025921256747096777,0.0002583676250651479
11171,0.0002591368102002889,0.00025741863646544516
11172,0.00025906707742251456,0.0002565890899859369
11173,0.0002589946088846773,0.00025577147607691586
11174,0.0002589253126643598,0.00025485080550424755
11175,0.0002588488860055804,0.00025404669577255845
11176,0.00025878252927213907,0.0002532783546485007
11177,0.0002587112248875201,0.00025243364507332444
11178,0.0002586429181974381,0.00025164755061268806
11179,0.0002585698093753308,0.0002509055193513632
11180,0.00025850062957033515,0.0002501261478755623
11181,0.00025842731702141464,0.00024935827241279185
11182,0.0002583595342002809,0.0002486468874849379
11183,0.00025828692014329135,0.0002479176037013531
11184,0.000258217187365517,0.0002471746411174536
11185,0.0002581477165222168,0.0002464840072207153
11186,0.00025807920610532165,0.00024578894954174757
11187,0.00025801092851907015,0.0002450805332046002
11188,0.0002579407882876694,0.00024440960260108113
11189,0.00025787472259253263,0.00024373753694817424
11190,0.00025780810392461717,0.0002430720196571201
11191,0.0002577342092990875,0.00024240439233835787
11192,0.000257668289123103,0.00024176562146749347
11193,0.0002576046099420637,0.0002411224995739758
11194,0.00025753071531653404,0.0002404825936537236
11195,0.0002574644167907536,0.00023985924781300128
11196,0.0002573980891611427,0.00023923866683617234
11197,0.0002573272795416415,0.0002386202831985429
11198,0.0002572641824372113,0.00023801374481990933
11199,0.00025719465338625014,0.00023741708719171584
11200,0.0002571301884017885,0.0002368189743719995
11201,0.00025706138694658875,0.00023623017477802932
11202,0.0002569928765296936,0.00023565076116938144
11203,0.000256925675785169,0.00023507134756073356
11204,0.0002568612399045378,0.00023449375294148922
11205,0.0002567921474110335,0.00023392954608425498
11206,0.0002567304763942957,0.00023337098537012935
11207,0.0002566640614531934,0.00023281358880922198
11208,0.0002565973554737866,0.00023226627672556788
11209,0.000256532832281664,0.00023172498913481832
11210,0.00025646944413892925,0.0002311846474185586
11211,0.0002563985181041062,0.00023065315326675773
11212,0.0002563374291639775,0.0002301275235367939
11213,0.0002562721783760935,0.00022960326168686152
11214,0.000256206258200109,0.00022908250684849918
11215,0.00025614150217734277,0.00022857302974443883
11216,0.0002560752909630537,0.00022806122433394194
11217,0.000256011844612658,0.00022755689860787243
11218,0.0002559482236392796,0.0002270553377456963
11219,0.0002558839041739702,0.00022656316286884248
11220,0.00025581734371371567,0.00022607174469158053
11221,0.00025575311155989766,0.00022557881311513484
11222,0.00025569350691512227,0.00022509532573167235
11223,0.0002556281688157469,0.00022461966727860272
11224,0.00025556268519721925,0.00022413978877011687
11225,0.0002555008977651596,0.00022366673510987312
11226,0.00025543919764459133,0.00022319710114970803
11227,0.00025537534384056926,0.00022273419017437845
11228,0.0002553108788561076,0.00022226705914363265
11229,0.0002552489750087261,0.00022180861560627818
11230,0.0002551860816311091,0.00022135736071504653
11231,0.00025512269348837435,0.00022090168204158545
11232,0.0002550595672801137,0.00022045016521587968
11233,0.00025499972980469465,0.00022000467288307846
11234,0.0002549368655309081,0.00021955842385068536
11235,0.00025487624225206673,0.00021911662770435214
11236,0.00025480941985733807,0.00021867765462957323
11237,0.00025475118309259415,0.00021824316354468465
11238,0.0002546920732129365,0.0002178044815082103
11239,0.0002546265604905784,0.0002173713583033532
11240,0.0002545663737691939,0.0002169416839024052
11241,0.00025450577959418297,0.000216515181818977
11242,0.0002544407034292817,0.0002160855510737747
11243,0.00025438741431571543,0.00021566342911683023
11244,0.0002543253358453512,0.0002152405068045482
11245,0.0002542730653658509,0.0002148150815628469
11246,0.0002542192814871669,0.0002143986348528415
11247,0.00025417099823243916,0.00021397991804406047
11248,0.0002541389549151063,0.00021356111392378807
11249,0.0002541174180805683,0.0002131484216079116
11250,0.0002541362773627043,0.00021273380843922496
11251,0.0002542059519328177,0.0002123237500200048
11252,0.0002543768205214292,0.00021191162522882223
11253,0.00025472810375504196,0.0002114956732839346
11254,0.0002554027014411986,0.00021108747750986367
11255,0.00025666976580396295,0.00021067539637442678
11256,0.0002590088115539402,0.00021026964532211423
11257,0.00026331580011174083,0.0002098621043842286
11258,0.0002712370769586414,0.0002094520314130932
11259,0.00028589117573574185,0.00020905077690258622
11260,0.0003130035474896431,0.00020864643738605082
11261,0.000363616127287969,0.00020823812519665807
11262,0.0004579619853757322,0.00020783580839633942
11263,0.0006358630489557981,0.00020743731874972582
11264,0.0009685693657957017,0.00020702305482700467
11265,0.0015993922716006637,0.00020662297902163118
11266,0.0027658804319798946,0.00020622341253329068
11267,0.0049443026073277,0.00020582192519214004
11268,0.008737743832170963,0.0002054216747637838
11269,0.015170156955718994,0.0002050218463409692
11270,0.024046532809734344,0.0002046236622845754
11271,0.03363211080431938,0.00020422432862687856
11272,0.03573540598154068,0.00020382909860927612
11273,0.02482340671122074,0.0002034340868704021
11274,0.006695140618830919,0.00020303006749600172
11275,0.0016870270483195782,0.00020264132763259113
11276,0.010690843686461449,0.00020224862964823842
11277,0.01983937993645668,0.00020185639732517302
11278,0.015054512768983841,0.00020146639144513756
11279,0.003754823934286833,0.00020108249736949801
11280,0.005498737096786499,0.0002006913418881595
11281,0.015493909828364849,0.00020030651648994535
11282,0.03060031682252884,0.0001999218948185444
11283,0.03503645211458206,0.00019953986338805407
11284,0.007740810513496399,0.00019916315795853734
11285,0.01737097278237343,0.00019878766033798456
11286,0.026395123451948166,0.00019841321045532823
11287,0.01905997470021248,0.0001980415836442262
11288,0.008445244282484055,0.0001976740313693881
11289,0.012394503690302372,0.00019731077190954238
11290,0.01949777454137802,0.00019694678485393524
11291,0.01877390593290329,0.00019658694509416819
11292,0.01339193619787693,0.0001962350943358615
11293,0.004937239922583103,0.00019588693976402283
11294,0.007510388270020485,0.0001955362968146801
11295,0.01001049391925335,0.00019519169291015714
11296,0.006535215303301811,0.00019484697259031236
11297,0.0027448395267128944,0.0001945141702890396
11298,0.005120063200592995,0.0001941808732226491
11299,0.005230918526649475,0.00019385274208616465
11300,0.0025097508914768696,0.00019353027164470404
11301,0.0020251180976629257,0.00019320857245475054
11302,0.00435852212831378,0.00019289582269266248
11303,0.003204761538654566,0.00019258176325820386
11304,0.0018031868385151029,0.00019227394659537822
11305,0.0031954911537468433,0.00019197529763914645
11306,0.0025747474282979965,0.00019167560094501823
11307,0.0019497242756187916,0.00019137898925691843
11308,0.002010324038565159,0.00019108725246042013
11309,0.001352072460576892,0.00019080107449553907
11310,0.001758660189807415,0.0001905183307826519
11311,0.0017983590951189399,0.00019024053472094238
11312,0.0008392686140723526,0.00018996873404830694
11313,0.0013175831409171224,0.00018969617667607963
11314,0.0017525383736938238,0.00018942629685625434
11315,0.0008536705281585455,0.00018916430417448282
11316,0.0007650457555428147,0.00018890407227445394
11317,0.001225816085934639,0.00018864567391574383
11318,0.0011731106787919998,0.00018839363474398851
11319,0.000532414938788861,0.00018813827773556113
11320,0.0007980169029906392,0.00018789447494782507
11321,0.0007878337055444717,0.00018764431297313422
11322,0.0007612941553816199,0.000187402474693954
11323,0.0007419389439746737,0.00018716146587394178
11324,0.0005237198201939464,0.00018692822777666152
11325,0.0005245977081358433,0.00018669340352062136
11326,0.0005748876719735563,0.00018645702220965177
11327,0.00048456626245751977,0.0001862288045231253
11328,0.0004511335282586515,0.0001859959156718105
11329,0.0005061267293058336,0.00018577623995952308
11330,0.00043488730443641543,0.00018554713460616767
11331,0.00034088329994119704,0.00018532588728703558
11332,0.00045349737047217786,0.0001851079287007451
11333,0.0004268223710823804,0.00018488311616238207
11334,0.0003522197075653821,0.00018467182235326618
11335,0.00037916775909252465,0.0001844565849751234
11336,0.0003518862940836698,0.00018424444715492427
11337,0.00035920197842642665,0.00018403145077172667
11338,0.0003761743428185582,0.00018381740665063262
11339,0.00030918908305466175,0.00018360483227297664
11340,0.00032332749105989933,0.00018340027600061148
11341,0.0003507957444526255,0.0001831950357882306
11342,0.00031195400515571237,0.00018298524082638323
11343,0.0003133354475721717,0.00018278225616086274
11344,0.00031807500636205077,0.00018258122145198286
11345,0.0003027971542906016,0.0001823795319069177
11346,0.00030582811450585723,0.00018217679462395608
11347,0.00030550360679626465,0.0001819761237129569
11348,0.00029444036772474647,0.00018177801393903792
11349,0.000301494263112545,0.00018158089369535446
11350,0.0002952275099232793,0.00018138583982363343
11351,0.0002823550021275878,0.0001811878610169515
11352,0.00029553749482147396,0.00018099939916282892
11353,0.00029164861189201474,0.00018080166773870587
11354,0.0002792998275253922,0.00018060958245769143
11355,0.0002854319754987955,0.00018042187730316073
11356,0.00028071587439626455,0.00018023373559117317
11357,0.0002814900944940746,0.0001800447644200176
11358,0.0002817173954099417,0.0001798548037186265
11359,0.00027596185100264847,0.00017967194435186684
11360,0.0002760240458883345,0.00017948028107639402
11361,0.00027784862322732806,0.0001792979601304978
11362,0.00027404914726503193,0.00017911703616846353
11363,0.00027303784736432135,0.0001789298257790506
11364,0.00027564316405914724,0.00017874893092084676
11365,0.00027175358263775706,0.00017857158672995865
11366,0.000271548458840698,0.0001783885818440467
11367,0.0002710745029617101,0.0001782123581506312
11368,0.0002694687573239207,0.00017803336959332228
11369,0.0002715960144996643,0.00017785211093723774
11370,0.00026992091443389654,0.0001776756253093481
11371,0.00026774706202559173,0.00017750103143043816
11372,0.0002687104279175401,0.00017732639389578253
11373,0.0002681426703929901,0.00017714884597808123
11374,0.0002677984884940088,0.00017697710427455604
11375,0.00026756137958727777,0.00017680609016679227
11376,0.0002665139618329704,0.00017663260223343968
11377,0.00026627472834661603,0.0001764619373716414
11378,0.00026649265782907605,0.00017629146168474108
11379,0.00026549940230324864,0.00017612356168683618
11380,0.00026543857529759407,0.0001759521255735308
11381,0.00026554023497737944,0.00017578086408320814
11382,0.0002646807406563312,0.0001756201236275956
11383,0.0002645780623424798,0.00017544766888022423
11384,0.0002642726176418364,0.00017528455646242946
11385,0.0002639666781760752,0.0001751179515849799
11386,0.00026408283156342804,0.00017495526117272675
11387,0.00026358698960393667,0.00017478858353570104
11388,0.0002631775278132409,0.00017462791583966464
11389,0.00026318972231820226,0.00017446244601160288
11390,0.0002628501388244331,0.00017430221487302333
11391,0.000262667250353843,0.00017413774912711233
11392,0.0002625222550705075,0.00017397862393409014
11393,0.000262211833614856,0.00017382057558279485
11394,0.00026206381153315306,0.00017365699750371277
11395,0.00026188508491031826,0.0001734999823383987
11396,0.0002615779812913388,0.00017334320000372827
11397,0.0002614917466416955,0.0001731834199745208
11398,0.00026134951622225344,0.0001730242365738377
11399,0.00026110748876817524,0.00017286837100982666
11400,0.00026096610235981643,0.00017270943499170244
11401,0.0002607405767776072,0.00017255646525882185
11402,0.00026057998184114695,0.00017240041051991284
11403,0.0002604822802823037,0.00017224940529558808
11404,0.00026027311105281115,0.0001720946456771344
11405,0.00026011248701252043,0.0001719396241242066
11406,0.000259977241512388,0.00017178684356622398
11407,0.0002597867278382182,0.00017163404845632613
11408,0.00025966024259105325,0.0001714818354230374
11409,0.0002595024707261473,0.00017133151413872838
11410,0.0002593382087070495,0.00017118462710641325
11411,0.0002592200180515647,0.00017103282152675092
11412,0.00025907522649504244,0.0001708794734440744
11413,0.00025891762925311923,0.00017073283379431814
11414,0.00025878363521769643,0.00017058002413250506
11415,0.00025863241171464324,0.00017043088155332953
11416,0.0002585070033092052,0.00017028734146151692
11417,0.00025838392321020365,0.0001701390719972551
11418,0.0002582375891506672,0.00016999198123812675
11419,0.0002581074950285256,0.00016984286776278168
11420,0.0002579808933660388,0.00016970006981864572
11421,0.00025784329045563936,0.0001695498649496585
11422,0.00025772364460863173,0.00016941058856900781
11423,0.000257593288552016,0.00016926108219195157
11424,0.00025746849132701755,0.00016911423881538212
11425,0.00025735219242051244,0.00016897790192160755
11426,0.00025722902501001954,0.00016883155331015587
11427,0.00025710294721648097,0.00016868702368810773
11428,0.0002569853386376053,0.00016854779096320271
11429,0.00025686132721602917,0.0001684003509581089
11430,0.00025675076176412404,0.00016825836792122573
11431,0.0002566369657870382,0.000168120110174641
11432,0.00025652075419202447,0.0001679789857007563
11433,0.0002564005844760686,0.00016783681348897517
11434,0.0002562891459092498,0.000167693811818026
11435,0.000256178027484566,0.00016755460819695145
11436,0.00025606740382499993,0.00016741457511670887
11437,0.00025595087208785117,0.0001672753132879734
11438,0.0002558456617407501,0.00016713544027879834
11439,0.000255737075349316,0.0001669986522756517
11440,0.00025563014787621796,0.0001668596814852208
11441,0.000255523162195459,0.00016672191850375384
11442,0.00025541509967297316,0.00016658255481161177
11443,0.00025530983111821115,0.0001664443698246032
11444,0.00025520881172269583,0.00016631347534712404
11445,0.000255105784162879,0.00016617060464341193
11446,0.00025499850744381547,0.00016603498079348356
11447,0.0002548985939938575,0.00016589986626058817
11448,0.0002547980984672904,0.0001657601969782263
11449,0.00025469320826232433,0.00016562899691052735
11450,0.00025459672906436026,0.0001654931256780401
11451,0.00025449838722124696,0.00016535603208467364
11452,0.00025439687306061387,0.0001652208884479478
11453,0.0002543011214584112,0.00016509117267560214
11454,0.00025420408928766847,0.00016495032468810678
11455,0.00025410635862499475,0.00016481477359775454
11456,0.00025401037419214845,0.00016468259855173528
11457,0.0002539168344810605,0.0001645488664507866
11458,0.0002538215194363147,0.00016441568732261658
11459,0.0002537272230256349,0.00016428199887741357
11460,0.0002536367974244058,0.000164152224897407
11461,0.00025354145327582955,0.00016401728498749435
11462,0.000253446982242167,0.0001638864487176761
11463,0.00025335364625789225,0.00016375462291762233
11464,0.0002532697399146855,0.00016362316091544926
11465,0.0002531792561057955,0.0001634896034374833
11466,0.0002530841447878629,0.0001633583306102082
11467,0.0002529980265535414,0.00016322749434038997
11468,0.0002529059420339763,0.00016309549391735345
11469,0.0002528147888369858,0.00016296390094794333
11470,0.00025272852508351207,0.00016283069271594286
11471,0.00025264336727559566,0.00016270088963210583
11472,0.0002525537274777889,0.00016257241077255458
11473,0.0002524674928281456,0.00016243835852947086
11474,0.00025238111265935004,0.00016230862820520997
11475,0.0002522958966437727,0.00016217738448176533
11476,0.00025220931274816394,0.00016204940038733184
11477,0.0002521275309845805,0.00016192028124351054
11478,0.00025204356643371284,0.0001617860107216984
11479,0.00025195960188284516,0.00016166074783541262
11480,0.00025187325081788003,0.000161528994794935
11481,0.00025178759824484587,0.00016140160732902586
11482,0.000251709803706035,0.00016127042181324214
11483,0.00025162732345052063,0.00016113821766339242
11484,0.00025154606555588543,0.00016101202345453203
11485,0.00025146635016426444,0.00016088206029962748
11486,0.0002513834333512932,0.0001607562880963087
11487,0.0002513029903639108,0.000160624083946459
11488,0.0002512232749722898,0.00016049380064941943
11489,0.00025114050367847085,0.00016036380839068443
11490,0.000251061690505594,0.00016023583884816617
11491,0.00025098148034885526,0.0001601076073711738
11492,0.00025090359849855304,0.00015997819718904793
11493,0.0002508235047571361,0.00015985207573976368
11494,0.0002507456229068339,0.00015972586697898805
11495,0.00025066957459785044,0.0001595967187313363
11496,0.0002505913143977523,0.00015946594066917896
11497,0.00025051526608876884,0.0001593402266735211
11498,0.000250437791692093,0.00015920783334877342
11499,0.000250361452344805,0.0001590797328390181
11500,0.00025028386153280735,0.0001589532330399379
11501,0.00025020906468853354,0.0001588207669556141
11502,0.00025013438425958157,0.00015869131311774254
11503,0.0002500586269889027,0.00015856519166845828
11504,0.0002499833353795111,0.00015843949222471565
11505,0.0002499071415513754,0.00015830600750632584
11506,0.00024983519688248634,0.00015817515668459237
11507,0.0002497606910765171,0.00015804551367182285
11508,0.00024968787329271436,0.00015791832993272692
11509,0.0002496125816833228,0.0001577907969476655
11510,0.00024953726097010076,0.000157657457748428
11511,0.00024946691701188684,0.00015753021580167115
11512,0.0002493936044629663,0.00015740084927529097
11513,0.0002493232605047524,0.0001572697947267443
11514,0.0002492486673872918,0.00015713824541307986
11515,0.00024917733389884233,0.00015701129450462759
11516,0.00024910486536100507,0.00015687968698330224
11517,0.00024903923622332513,0.00015674915630370378
11518,0.00024896705872379243,0.00015661577344872057
11519,0.00024889333872124553,0.0001564885169500485
11520,0.00024882357683964074,0.00015635622548870742
11521,0.00024875058443285525,0.0001562226243549958
11522,0.00024868102627806365,0.0001560927485115826
11523,0.0002486145531293005,0.00015596050070598722
11524,0.00024854240473359823,0.0001558320363983512
11525,0.0002484732249286026,0.00015569731476716697
11526,0.00024840468540787697,0.00015556123980786651
11527,0.00024833428324200213,0.00015542967594228685
11528,0.00024826894514262676,0.0001552967878524214
11529,0.000248197466135025,0.00015516229905188084
11530,0.0002481345145497471,0.00015502775204367936
11531,0.0002480651019141078,0.00015489006182178855
11532,0.00024800049141049385,0.0001547610154375434
11533,0.00024793492048047483,0.00015462207375094295
11534,0.0002478708338458091,0.00015448710473719984
11535,0.00024780852254480124,0.0001543527323519811
11536,0.00024774522171355784,0.00015421584248542786
11537,0.0002476868685334921,0.00015407508180942386
11538,0.0002476333756931126,0.00015393877401947975
11539,0.0002475901274010539,0.00015379939577542245
11540,0.0002475488872732967,0.00015366202569566667
11541,0.0002475196379236877,0.00015352167247328907
11542,0.0002475083456374705,0.00015338043158408254
11543,0.00024752868921495974,0.0001532395399408415
11544,0.0002475939691066742,0.0001530966692371294
11545,0.0002477298548910767,0.00015295654884539545
11546,0.0002479664981365204,0.000152814740431495
11547,0.00024836964439600706,0.00015267427079379559
11548,0.0002490432816557586,0.00015252677258104086
11549,0.000250136770773679,0.0001523837709100917
11550,0.0002519082627259195,0.0001522358797956258
11551,0.0002547573240008205,0.00015209292178042233
11552,0.000259422609815374,0.00015194056322798133
11553,0.0002669190289452672,0.0001517963537480682
11554,0.00027937116101384163,0.00015164310752879828
11555,0.00029943184927105904,0.0001514966133981943
11556,0.00033331659506075084,0.00015134431305341423
11557,0.00038773909909650683,0.00015119294403120875
11558,0.00048144219908863306,0.0001510418369434774
11559,0.0006292137550190091,0.0001508880959590897
11560,0.0008872693288139999,0.00015073157555889338
11561,0.0012739357771351933,0.00015057790733408183
11562,0.001943552982993424,0.00015041977167129517
11563,0.0028309605550020933,0.00015026514302007854
11564,0.004249824211001396,0.00015010274364612997
11565,0.005660196766257286,0.00014994601951912045
11566,0.0073305051773786545,0.00014978020044509321
11567,0.007771290373057127,0.00014961621491238475
11568,0.007134367246180773,0.0001494556199759245
11569,0.004634139593690634,0.00014929042663425207
11570,0.0019263060530647635,0.00014912121696397662
11571,0.0004478795453906059,0.00014895552885718644
11572,0.0008830159204080701,0.00014879075752105564
11573,0.0024491138756275177,0.00014861726958770305
11574,0.0038155573420226574,0.00014844634279143065
11575,0.004237246699631214,0.00014827029372099787
11576,0.0032734228298068047,0.00014809718413744122
11577,0.001665647723712027,0.0001479203492635861
11578,0.0005122844595462084,0.00014774344163015485
11579,0.0005218343576416373,0.00014756598102394491
11580,0.0014029019512236118,0.00014738635218236595
11581,0.002315644873306155,0.00014720932813361287
11582,0.0028062337078154087,0.00014702248154208064
11583,0.0024787632282823324,0.0001468408154323697
11584,0.001755096367560327,0.00014665878552477807
11585,0.0008673677803017199,0.00014646703493781388
11586,0.0003504455671645701,0.000146283651702106
11587,0.00036886968882754445,0.00014609408390242606
11588,0.0007567154243588448,0.0001459049090044573
11589,0.0012773211346939206,0.0001457124890293926
11590,0.0016469727270305157,0.00014551921049132943
11591,0.0017755451845005155,0.000145324258483015
11592,0.0015236560720950365,0.00014513550559058785
11593,0.001129338750615716,0.00014493853086605668
11594,0.0006896600243635476,0.00014474449562840164
11595,0.00039878347888588905,0.00014454619667958468
11596,0.0003050037194043398,0.00014434744662139565
11597,0.00038851064164191484,0.0001441528438590467
11598,0.0005758354673162103,0.00014395279868040234
11599,0.0007576897041872144,0.00014375838509295136
11600,0.0008717917953617871,0.00014355697203427553
11601,0.0008460506796836853,0.00014335679588839412
11602,0.0007360752206295729,0.00014316367742139846
11603,0.0005699631874449551,0.00014296274457592517
11604,0.00041491538286209106,0.0001427619718015194
11605,0.00030180858448147774,0.0001425671944161877
11606,0.0002551791549194604,0.00014236732386052608
11607,0.000273043813649565,0.00014217299758456647
11608,0.00033241731580346823,0.00014197829295881093
11609,0.0004052448202855885,0.0001417818566551432
11610,0.000467379461042583,0.00014158629346638918
11611,0.0005108135519549251,0.00014139458653517067
11612,0.0005204456392675638,0.00014120168634690344
11613,0.0005107612232677639,0.00014100864063948393
11614,0.0004766772035509348,0.00014081853441894054
11615,0.0004354945558588952,0.00014063212438486516
11616,0.00038580206455662847,0.00014044601994100958
11617,0.0003414530656300485,0.00014026041026227176
11618,0.00030404585413634777,0.00014007530990056694
11619,0.00027635873993858695,0.00013989594299346209
11620,0.0002581154403742403,0.00013971271982882172
11621,0.00024976901477202773,0.0001395333238178864
11622,0.0002492353960406035,0.00013936014147475362
11623,0.0002540323184803128,0.00013918228796683252
11624,0.00026286349748261273,0.00013900794147048146
11625,0.0002742820652201772,0.000138835035613738
11626,0.00028696213848888874,0.00013866942026652396
11627,0.0002988463966175914,0.00013849936658516526
11628,0.0003108886885456741,0.00013833370758220553
11629,0.00032177905086427927,0.00013816685532219708
11630,0.000333532749209553,0.00013800582382827997
11631,0.0003437328268773854,0.00013784461771138012
11632,0.0003556187730282545,0.0001376855798298493
11633,0.0003657359047792852,0.00013752425729762763
11634,0.0003785498847719282,0.00013737154949922115
11635,0.000390301865991205,0.00013721553841605783
11636,0.0004071875009685755,0.00013706798199564219
11637,0.00042342953383922577,0.00013691274216398597
11638,0.0004461025819182396,0.00013676390517503023
11639,0.00046788842882961035,0.0001366163487546146
11640,0.0004997714422643185,0.00013647320156451315
11641,0.0005309968255460262,0.00013633069465868175
11642,0.0005761695792898536,0.00013618373486679047
11643,0.0006187244434840977,0.00013604013656731695
11644,0.0006801913841627538,0.0001359032903565094
11645,0.0007359384326264262,0.00013576392666436732
11646,0.0008173080859705806,0.00013562547974288464
11647,0.000885257963091135,0.00013548841525334865
11648,0.0009818535763770342,0.0001353549159830436
11649,0.0010500005446374416,0.0001352225081063807
11650,0.0011456876527518034,0.00013509167183656245
11651,0.0011900010285899043,0.00013496202882379293
11652,0.0012497338466346264,0.0001348315126961097
11653,0.0012351986952126026,0.00013470053090713918
11654,0.0012236462207511067,0.0001345749624306336
11655,0.001136854407377541,0.00013445000513456762
11656,0.0010530368890613317,0.00013432142441160977
11657,0.0009174085571430624,0.00013419939205050468
11658,0.0007930001011118293,0.0001340752496616915
11659,0.0006539660971611738,0.00013395263522397727
11660,0.0005388605641201138,0.0001338329748250544
11661,0.00043719453969970345,0.00013370921078603715
11662,0.00036249271943233907,0.00013358957949094474
11663,0.0003083199553657323,0.00013347534695640206
11664,0.0002741423377301544,0.00013335622497834265
11665,0.0002547912881709635,0.00013323838356882334
11666,0.00024662609212100506,0.00013312215742189437
11667,0.0002464505087118596,0.00013300590217113495
11668,0.0002521709830034524,0.0001328907674178481
11669,0.00026278430595993996,0.00013278030382934958
11670,0.00027814481290988624,0.00013266585301607847
11671,0.00029974596691317856,0.00013255463272798806
11672,0.00032886367989704013,0.0001324412733083591
11673,0.0003710528544615954,0.0001323303149547428
11674,0.00042826932622119784,0.00013222200504969805
11675,0.0005151631194166839,0.0001321099407505244
11676,0.0006319625535979867,0.00013200176181271672
11677,0.0008140059071592987,0.00013189301535021514
11678,0.0010471433633938432,0.00013178570952732116
11679,0.0014085420407354832,0.00013167591532692313
11680,0.001823100377805531,0.0001315689878538251
11681,0.0024301104713231325,0.0001314638357143849
11682,0.002977494616061449,0.00013135673361830413
11683,0.0036420351825654507,0.00013125379336997867
11684,0.0039057021494954824,0.00013114814646542072
11685,0.0039635030552744865,0.00013104345998726785
11686,0.0033372368197888136,0.00013093695451971143
11687,0.002427269471809268,0.00013083436351735145
11688,0.0013427154626697302,0.00013073024456389248
11689,0.0005677664885297418,0.0001306303747696802
11690,0.00028916209703311324,0.00013052787107881159
11691,0.0004848127719014883,0.00013042698265053332
11692,0.0009679747745394707,0.00013032348942942917
11693,0.0014956032391637564,0.00013022391067352146
11694,0.0019535976462066174,0.0001301215961575508
11695,0.002093315590173006,0.00013002080959267914
11696,0.002003791742026806,0.00012992406846024096
11697,0.0015862765721976757,0.00012982079351786524
11698,0.0011071496410295367,0.00012972281547263265
11699,0.0006462438032031059,0.00012962485197931528
11700,0.00035814772127196193,0.00012952752877026796
11701,0.00026447343407198787,0.0001294309040531516
11702,0.00033657540916465223,0.00012933238758705556
11703,0.0005215071141719818,0.0001292370434384793
11704,0.0007597116637043655,0.00012913737737108022
11705,0.001029676990583539,0.00012903990864288062
11706,0.001251046545803547,0.00012894379324279726
11707,0.0014664981281384826,0.00012885006435681134
11708,0.0015503697795793414,0.0001287547347601503
11709,0.0015928142238408327,0.00012866048200521618
11710,0.0014706149231642485,0.00012856406101491302
11711,0.0013037774479016662,0.00012846894969698042
11712,0.0010415028082206845,0.000128373212646693
11713,0.0007918553310446441,0.00012827814498450607
11714,0.0005611407686956227,0.00012818560935556889
11715,0.00040051821270026267,0.00012809068721253425
11716,0.0003187147085554898,0.00012799700198229402
11717,0.0003125908551737666,0.0001279049611184746
11718,0.0003671938902698457,0.0001278131385333836
11719,0.00046440225560218096,0.00012771770707331598
11720,0.0005911749904043972,0.00012762642290908843
11721,0.0007284487946890295,0.0001275345275644213
11722,0.0008852955070324242,0.00012744178820867091
11723,0.0010265856981277466,0.00012735219206660986
11724,0.001179182785563171,0.00012725712440442294
11725,0.0012859685812145472,0.000127168619656004
11726,0.0013918040785938501,0.0001270771463168785
11727,0.0014373468002304435,0.00012698699720203876
11728,0.0014814450405538082,0.00012689591676462442
11729,0.0014800237258896232,0.00012680508370976895
11730,0.0014828311977908015,0.00012671494914684445
11731,0.0014769855188205838,0.0001266234030481428
11732,0.0014900483656674623,0.00012653492740355432
11733,0.0015293126925826073,0.00012644362868741155
11734,0.001597049180418253,0.00012635464372579008
11735,0.0017155945533886552,0.00012626659008674324
11736,0.0018708595307543874,0.00012617799802683294
11737,0.0020767010282725096,0.00012608637916855514
11738,0.002314275596290827,0.00012600143963936716
11739,0.0025634285993874073,0.00012591258564498276
11740,0.0028138216584920883,0.00012582444469444454
11741,0.002991917310282588,0.00012573554704431444
11742,0.003106311894953251,0.0001256468240171671
11743,0.0030548213981091976,0.0001255611568922177
11744,0.002879673382267356,0.00012547244841698557
11745,0.0025358633138239384,0.00012538462760858238
11746,0.0020833821035921574,0.00012529973173514009
11747,0.0016047004610300064,0.0001252113579539582
11748,0.0011520106345415115,0.00012512448302004486
11749,0.0008594035170972347,0.00012503839388955384
11750,0.0007408378878608346,0.00012495327973738313
11751,0.0008291287813335657,0.00012486721971072257
11752,0.0010691001079976559,0.00012477909331209958
11753,0.0013702416326850653,0.00012469304783735424
11754,0.001651941565796733,0.00012460893776733428
11755,0.0018132092664018273,0.0001245238381670788
11756,0.0018286982085555792,0.0001244387385668233
11757,0.0016774762189015746,0.0001243529695784673
11758,0.0014246987411752343,0.0001242647267645225
11759,0.0011252902913838625,0.00012418261030688882
11760,0.000871279276907444,0.00012409870396368206
11761,0.0007203948916867375,0.00012401399726513773
11762,0.0006937455618754029,0.00012392735516186804
11763,0.0008127731271088123,0.00012384174624457955
11764,0.0010106678819283843,0.00012376136146485806
11765,0.0012972186086699367,0.0001236755051650107
11766,0.0015537593280896544,0.0001235917879967019
11767,0.001813964918255806,0.00012351007899269462
11768,0.0019236196530982852,0.00012342625996097922
11769,0.0019678520038723946,0.00012334318307694048
11770,0.0018034825334325433,0.0001232600916409865
11771,0.0015892651863396168,0.00012317448272369802
11772,0.0012751456815749407,0.0001230922935064882
11773,0.0010313369566574693,0.00012300808157306165
11774,0.0008737798198126256,0.00012292886094655842
11775,0.0008525943267159164,0.0001228427718160674
11776,0.0009371059713885188,0.0001227615721290931
11777,0.0010552221210673451,0.00012267896090634167
11778,0.001145421527326107,0.00012259776121936738
11779,0.0011491905897855759,0.00012251552834641188
11780,0.001058243797160685,0.0001224331499543041
11781,0.0008901717374101281,0.00012235069880262017
11782,0.0006916759302839637,0.00012226947001181543
11783,0.0005087060853838921,0.00012218761548865587
11784,0.00038040330400690436,0.0001221063284901902
11785,0.0003233985626138747,0.00012202369543956593
11786,0.0003354513319209218,0.00012194384180475026
11787,0.00040344533044844866,0.00012186678213765845
11788,0.0005026137223467231,0.00012178393080830574
11789,0.000618616642896086,0.00012170110858278349
11790,0.0007297474658116698,0.00012161943595856428
11791,0.0008415110060013831,0.00012154177238699049
11792,0.0009376484667882323,0.00012145837536081672
11793,0.00105468078982085,0.00012138034799136221
11794,0.0011619979050010443,0.0001212964634760283
11795,0.0013362923637032509,0.00012121846521040425
11796,0.0015096132410690188,0.00012113917910028249
11797,0.001800676342099905,0.00012105966015951708
11798,0.0020932189654558897,0.00012097993021598086
11799,0.002513668965548277,0.00012090116797480732
11800,0.0029131220653653145,0.00012082268222002313
11801,0.0033479894045740366,0.0001207417735713534
11802,0.003671142738312483,0.00012066209455952048
11803,0.003815629053860903,0.00012058246647939086
11804,0.0037081672344356775,0.00012050483928760514
11805,0.003281827550381422,0.00012042763410136104
11806,0.0026349888648837805,0.00012034626706736162
11807,0.001861726283095777,0.00012026622425764799
11808,0.0011632342357188463,0.00012018963025184348
11809,0.0006763585843145847,0.00012011254148092121
11810,0.00048567712656222284,0.00012003436859231442
11811,0.0005847608554176986,0.00011995508975815028
11812,0.0009094645502045751,0.0001198756363010034
11813,0.0013043965445831418,0.00011979788541793823
11814,0.0016982518136501312,0.00011971982894465327
11815,0.0019218593370169401,0.00011964014265686274
11816,0.001994678284972906,0.00011956346861552447
11817,0.0018365293508395553,0.0001194839715026319
11818,0.0015512165846303105,0.00011941076081711799
11819,0.0011701731709763408,0.00011932932829950005
11820,0.0008127046748995781,0.00011925490980502218
11821,0.0005214434349909425,0.00011917838855879381
11822,0.0003419858985580504,0.00011910012835869566
11823,0.0002702625934034586,0.0001190235634567216
11824,0.0002873742487281561,0.00011894638737430796
11825,0.00036316688056103885,0.00011886926949955523
11826,0.00046903485781513155,0.00011879336670972407
11827,0.0005826036795042455,0.0001187171001220122
11828,0.000688590225763619,0.000118638614367228
11829,0.0007830087561160326,0.00011856302444357425
11830,0.0008549641934223473,0.00011848786380141973
11831,0.0009217425249516964,0.00011841070954687893
11832,0.0009606370585970581,0.00011833422468043864
11833,0.0010084026725962758,0.00011825549881905317
11834,0.0010248484322801232,0.00011818080383818597
11835,0.0010661628330126405,0.00011810539581347257
11836,0.0010710392380133271,0.00011802944209193811
11837,0.0011066815350204706,0.00011795448517659679
11838,0.0010988471331074834,0.00011787797848228365
11839,0.0011166626354679465,0.00011780175555031747
11840,0.001084483927115798,0.0001177289814222604
11841,0.0010651439661160111,0.00011765219096560031
11842,0.0009948094375431538,0.00011757648462662473
11843,0.000927028595469892,0.0001175030047306791
11844,0.000823777518235147,0.00011742708011297509
11845,0.0007258294499479234,0.00011735217412933707
11846,0.0006171116256155074,0.0001172769843833521
11847,0.0005219719023443758,0.0001172028569271788
11848,0.00043582433136180043,0.00011712769628502429
11849,0.00036808039294555783,0.00011705094220815226
11850,0.000316195422783494,0.00011698110756697133
11851,0.0002804074320010841,0.00011690464452840388
11852,0.0002576530387159437,0.00011682904732879251
11853,0.0002453763736411929,0.00011675642599584535
11854,0.0002409428998362273,0.00011668055958580226
11855,0.00024228317488450557,0.0001166064030257985
11856,0.0002479748800396919,0.00011653010005829856
11857,0.0002572756784502417,0.00011646041821222752
11858,0.00027022071299143136,0.00011638343858066946
11859,0.0002873385092243552,0.0001163117412943393
11860,0.0003106730873696506,0.00011623661703197286
11861,0.0003421264118514955,0.0001161656400654465
11862,0.00038774916902184486,0.00011608877684921026
11863,0.00045098940609022975,0.00011601542064454406
11864,0.000547667674254626,0.00011594294483074918
11865,0.0006809787009842694,0.00011586861364776269
11866,0.0008908734889701009,0.00011579655256355181
11867,0.0011657587019726634,0.00011572428047657013
11868,0.0015973399858921766,0.00011564886517589912
11869,0.0020982460118830204,0.00011557761899894103
11870,0.0028367938939481974,0.00011550442286534235
11871,0.0034948838874697685,0.00011543111031642184
11872,0.004270223900675774,0.00011536057718330994
11873,0.0045277709141373634,0.00011528600589372218
11874,0.004465954378247261,0.00011521439591888338
11875,0.003618932096287608,0.00011514095240272582
11876,0.002475815126672387,0.00011506688315421343
11877,0.001355934888124466,0.00011499621177790686
11878,0.0007719465647824109,0.00011492311023175716
11879,0.0008708997629582882,0.00011485183495096862
11880,0.0014686663635075092,0.00011478026863187551
11881,0.002230470534414053,0.00011470807658042759
11882,0.002836519619449973,0.00011463338159956038
11883,0.00312482425943017,0.0001145637797890231
11884,0.0029358528554439545,0.00011449291196186095
11885,0.0024185467045754194,0.00011441807146184146
11886,0.0017297652084380388,0.00011434748739702627
11887,0.0011272602714598179,0.00011427715071476996
11888,0.0007860616315156221,0.00011420263035688549
11889,0.0007500447100028396,0.00011413324682507664
11890,0.0009672574233263731,0.00011406306293793023
11891,0.001328173209913075,0.00011399340291973203
11892,0.00176091433968395,0.00011391908628866076
11893,0.002056267112493515,0.00011384886602172628
11894,0.0022471153642982244,0.00011377894406905398
11895,0.002143129240721464,0.00011370651191100478
11896,0.0019276838283985853,0.00011363370867911726
11897,0.0015271800803020597,0.0001135646307375282
11898,0.0011401264928281307,0.00011349249689374119
11899,0.0008365047397091985,0.00011342233483446762
11900,0.0006822638679295778,0.00011335217277519405
11901,0.0006703233812004328,0.00011328260006848723
11902,0.0007582945981994271,0.00011321069177938625
11903,0.0008886167197488248,0.00011313946743030101
11904,0.001012888504192233,0.00011306885426165536
11905,0.0010883099166676402,0.00011299990001134574
11906,0.0010942717781290412,0.00011292886483715847
11907,0.0010342737659811974,0.00011285744403721765
11908,0.0009110927348956466,0.00011278617603238672
11909,0.0007602006662636995,0.00011271960829617456
11910,0.0005967074539512396,0.00011264995555393398
11911,0.00045176903950050473,0.00011257933510933071
11912,0.0003387468750588596,0.00011250919487792999
11913,0.00026942993281409144,0.00011243879998801276
11914,0.00024359073722735047,0.00011236975842621177
11915,0.0002537216932978481,0.00011230194650124758
11916,0.0002886307775042951,0.00011223113688174635
11917,0.00033695841557346284,0.00011216141865588725
11918,0.0003899068105965853,0.00011209442891413346
11919,0.0004408143868204206,0.0001120225788326934
11920,0.00048642547335475683,0.00011195529077667743
11921,0.0005232723196968436,0.00011188538337592036
11922,0.0005518595571629703,0.00011181498121004552
11923,0.000571063079405576,0.00011174766405019909
11924,0.0005836461205035448,0.00011167772754561156
11925,0.000588787836022675,0.00011160891153849661
11926,0.0005895408103242517,0.00011154094681842253
11927,0.000585337751545012,0.00011147151235491037
11928,0.0005788584821857512,0.00011140452261315659
11929,0.0005695345462299883,0.00011133546649944037
11930,0.0005592057132162154,0.00011126835306640714
11931,0.0005469289608299732,0.00011120330600533634
11932,0.000533995043952018,0.00011113632353954017
11933,0.0005197570426389575,0.00011106961028417572
11934,0.0005056540830992162,0.00011100221308879554
11935,0.000491371494717896,0.00011093970533693209
11936,0.0004781087627634406,0.00011087695020250976
11937,0.0004659030237235129,0.00011081535194534808
11938,0.0004556182539090514,0.0001107580101233907
11939,0.00044753728434443474,0.0001107079369830899
11940,0.0004421263874974102,0.00011065950093325227
11941,0.0004401298356242478,0.00011062342673540115
11942,0.0004417917807586491,0.00011060191900469363
11943,0.000448507780674845,0.00011060717952204868
11944,0.0004604480927810073,0.0001106471027014777
11945,0.00048033392522484064,0.00011073525820393115
11946,0.0005089626647531986,0.00011090539919678122
11947,0.000551869859918952,0.0001112030804506503
11948,0.0006122482009232044,0.0001116979110520333
11949,0.0007016451563686132,0.00011250440729781985
11950,0.0008313090074807405,0.00011378896306268871
11951,0.0010270605562254786,0.00011585735774133354
11952,0.001326981233432889,0.00011915077629964799
11953,0.001789657399058342,0.00012446072651073337
11954,0.002535700798034668,0.000132964996737428
11955,0.003698541782796383,0.00014685755013488233
11956,0.005604811944067478,0.00016921988571994007
11957,0.008494730107486248,0.0002062810817733407
11958,0.012783308513462543,0.0002660661702975631
11959,0.017941366881132126,0.00036646524677053094
11960,0.0225434098392725,0.000526859425008297
11961,0.02183612622320652,0.0007977540954016149
11962,0.01357219461351633,0.0012140404433012009
11963,0.0032327938824892044,0.0019018067978322506
11964,0.0023317986633628607,0.0028422281611710787
11965,0.005164583679288626,0.004228584934026003
11966,0.010911017656326294,0.005584590137004852
11967,0.012301498092710972,0.006787481252104044
11968,0.007069719489663839,0.007321306969970465
11969,0.006315356120467186,0.006312858313322067
11970,0.002407161286100745,0.005478425417095423
11971,0.0018746554851531982,0.003621619427576661
11972,0.004996088333427906,0.0022709101904183626
11973,0.00386361638084054,0.0016122121596708894
11974,0.006235592067241669,0.0020299775060266256
11975,0.007824424654245377,0.004736010450869799
11976,0.006956009194254875,0.009128573350608349
11977,0.009100968949496746,0.013992960564792156
11978,0.010531740263104439,0.01912817358970642
11979,0.008673002012073994,0.01821521297097206
11980,0.011103436350822449,0.012095198035240173
11981,0.010832834988832474,0.0027262058574706316
11982,0.005816249176859856,0.008895054459571838
11983,0.009533898904919624,0.02358807623386383
11984,0.008257574401795864,0.0460844524204731
11985,0.004413340240716934,0.03565414249897003
11986,0.008383596315979958,0.009480761364102364
11987,0.005097046494483948,0.0185265950858593
11988,0.002730380743741989,0.008792922832071781
11989,0.0044860877096652985,0.01625651866197586
11990,0.0024975319392979145,0.021286476403474808
11991,0.002995641203597188,0.07635736465454102
11992,0.003921178635209799,0.15953056514263153
11993,0.002100621350109577,0.11915100365877151
11994,0.0024185667280107737,0.13417363166809082
11995,0.0027793035842478275,0.06054457277059555
11996,0.0011958018876612186,0.12646329402923584
11997,0.0018151859985664487,0.06557070463895798
11998,0.002501201117411256,0.10088758915662766
11999,0.0010695075616240501,0.07805030047893524
12000,0.002341646933928132,0.07665862143039703
12001,0.0020316671580076218,0.06182193011045456
12002,0.0013682030839845538,0.0697341188788414
12003,0.001718134619295597,0.04674215987324715
12004,0.0016069402918219566,0.04819720983505249
12005,0.0012674616882577538,0.07018893957138062
12006,0.0010391734540462494,0.04425990581512451
12007,0.0015181482303887606,0.0551278330385685
12008,0.0010524913668632507,0.046524304896593094
12009,0.0014174403622746468,0.051707156002521515
12010,0.0014707089867442846,0.038828521966934204
12011,0.0009959328453987837,0.046352170407772064
12012,0.0008024823036976159,0.044817157089710236
12013,0.0009672944433987141,0.035049617290496826
12014,0.0009913126705214381,0.04054911434650421
12015,0.0010364360641688108,0.03289330005645752
12016,0.0011307460954412818,0.03285941854119301
12017,0.0005820792866870761,0.037785694003105164
12018,0.000539431581273675,0.03175676614046097
12019,0.0004926209803670645,0.030546508729457855
12020,0.00046911323443055153,0.03158489614725113
12021,0.0007867233362048864,0.030177773907780647
12022,0.0006511657265946269,0.03003447875380516
12023,0.0005628516664728522,0.02632526494562626
12024,0.0004545716801658273,0.02672267146408558
12025,0.00029597460525110364,0.028118902817368507
12026,0.00038482784293591976,0.025202181190252304
12027,0.00046024672337807715,0.024989359080791473
12028,0.00045960035640746355,0.024617109447717667
12029,0.00046614534221589565,0.022606123238801956
12030,0.00036508042830973864,0.023123953491449356
12031,0.00029702516621910036,0.02153230644762516
12032,0.00031730165937915444,0.020596664398908615
12033,0.00029698971775360405,0.020691577345132828
12034,0.000350200425600633,0.019849156960844994
12035,0.0003689519362524152,0.019072528928518295
12036,0.00032772525446489453,0.018280277028679848
12037,0.00032098154770210385,0.01799740456044674
12038,0.00028538901824504137,0.01721993461251259
12039,0.00027144522755406797,0.01644568145275116
12040,0.0002850975142791867,0.016226502135396004
12041,0.0002868513111025095,0.015473399311304092
12042,0.00029171875212341547,0.014610371552407742
12043,0.0002946232561953366,0.014281028881669044
12044,0.00028056700830347836,0.014009354636073112
12045,0.00027139385929331183,0.013505592942237854
12046,0.0002703003119677305,0.01276705227792263
12047,0.0002614287077449262,0.012532418593764305
12048,0.00026658736169338226,0.012188224121928215
12049,0.0002620380255393684,0.011592209339141846
12050,0.0002583874447736889,0.01131582260131836
12051,0.00026192667428404093,0.010929126292467117
12052,0.00025770918000489473,0.010509755462408066
12053,0.0002593992976471782,0.010131641291081905
12054,0.0002589877403806895,0.009792553260922432
12055,0.000253798789344728,0.009628823027014732
12056,0.0002522182185202837,0.009273058734834194
12057,0.0002486119046807289,0.008879207074642181
12058,0.00024700150243006647,0.008614474907517433
12059,0.000248962634941563,0.008368110284209251
12060,0.00024973161634989083,0.008013330399990082
12061,0.000250495970249176,0.0077843195758759975
12062,0.00025086544337682426,0.00751811359077692
12063,0.00024758517974987626,0.0072797928005456924
12064,0.0002461745752952993,0.007080337963998318
12065,0.0002441705437377095,0.006843129172921181
12066,0.00024267470871564,0.00661513302475214
12067,0.00024373296764679253,0.006531004793941975
12068,0.00024344059056602418,0.006317497231066227
12069,0.0002441222604829818,0.006146011874079704
12070,0.00024451458011753857,0.005974601022899151
12071,0.00024352307082153857,0.005791233852505684
12072,0.00024329539155587554,0.005663018673658371
12073,0.00024218765611294657,0.005388298537582159
12074,0.0002415395138086751,0.005350437015295029
12075,0.00024143559858202934,0.005216059274971485
12076,0.00024088307691272348,0.005133124999701977
12077,0.00024076877161860466,0.005096604581922293
12078,0.00024058610142674297,0.004894650541245937
12079,0.0002402316895313561,0.004751462489366531
12080,0.00024014702648855746,0.0046944404020905495
12081,0.00023992339265532792,0.004514956381171942
12082,0.00023976233205758035,0.00448988564312458
12083,0.0002398094511590898,0.004297809675335884
12084,0.00023956038057804108,0.004223310388624668
12085,0.00023944186978042126,0.004105834290385246
12086,0.00023920983949210495,0.003964235074818134
12087,0.00023882767709437758,0.003936377819627523
12088,0.0002386098785791546,0.0038250694051384926
12089,0.00023826184042263776,0.003817877732217312
12090,0.00023806968238204718,0.0037539866752922535
12091,0.00023795948072802275,0.0037370813079178333
12092,0.00023778347531333566,0.003663999494165182
12093,0.00023776717716827989,0.0035178621765226126
12094,0.00023764220532029867,0.0034466427750885487
12095,0.0002375400363234803,0.0033826101571321487
12096,0.00023743956990074366,0.0033660349436104298
12097,0.000237260916037485,0.0033061793074011803
12098,0.00023715317365713418,0.00322006456553936
12099,0.00023700614110566676,0.0032093238551169634
12100,0.00023687040084041655,0.0031579448841512203
12101,0.00023677735589444637,0.0030809463933110237
12102,0.00023664497712161392,0.0030176525469869375
12103,0.0002365453401580453,0.0029434505850076675
12104,0.0002364239189773798,0.002894330769777298
12105,0.00023628573399037123,0.0028182067908346653
12106,0.00023617003171239048,0.0027403016574680805
12107,0.00023603395675309002,0.0027010305784642696
12108,0.0002359031786909327,0.0026522239204496145
12109,0.00023579347180202603,0.0026112368796020746
12110,0.0002356656186748296,0.002597176469862461
12111,0.00023556350788567215,0.0025635205674916506
12112,0.00023546045122202486,0.0025320034474134445
12113,0.0002353597665205598,0.002524623880162835
12114,0.00023526915174443275,0.0025744279846549034
12115,0.0002351651928620413,0.002884406829252839
12116,0.0002350756258238107,0.004336188547313213
12117,0.00023498405062127858,0.01104128360748291
12118,0.00023489221348427236,0.04377412423491478
12119,0.00023480935487896204,0.14481371641159058
12120,0.00023473441251553595,0.2266301065683365
12121,0.00023466325365006924,0.06911563128232956
12122,0.0002346146065974608,0.12236212939023972
12123,0.00023457057250197977,0.08051753044128418
12124,0.0002345523826079443,0.0697748214006424
12125,0.00023456025519408286,0.09863625466823578
12126,0.00023460364900529385,0.0819614827632904
12127,0.0002347028348594904,0.17913228273391724
12128,0.00023487818543799222,0.10339390486478806
12129,0.0002351713483221829,0.1364954560995102
12130,0.00023562951537314802,0.10324127972126007
12131,0.00023631640942767262,0.1227884590625763
12132,0.00023736980801913887,0.08123918622732162
12133,0.00023893738398328424,0.11464100331068039
12134,0.0002413289766991511,0.09463255107402802
12135,0.00024489258066751063,0.08855244517326355
12136,0.00025035449652932584,0.1083366721868515
12137,0.00025855982676148415,0.08050206303596497
12138,0.00027134246192872524,0.09455160796642303
12139,0.00029065075796097517,0.08677932620048523
12140,0.0003212836745660752,0.07525410503149033
12141,0.00036749435821548104,0.09248948097229004
12142,0.0004421910853125155,0.07551394402980804
12143,0.0005536791286431253,0.07772786915302277
12144,0.0007365373894572258,0.0797523558139801
12145,0.0009996456792578101,0.07069464772939682
12146,0.0014296952867880464,0.07438156753778458
12147,0.0019974070601165295,0.07564742863178253
12148,0.0028818221762776375,0.06648559123277664
12149,0.0038442283403128386,0.07500807195901871
12150,0.005103384144604206,0.06628619879484177
12151,0.005900003015995026,0.06679928302764893
12152,0.006345598958432674,0.06668197363615036
12153,0.00552327511832118,0.06309126317501068
12154,0.003969030454754829,0.0623660534620285
12155,0.0020967917516827583,0.06415309756994247
12156,0.0009372438071295619,0.059635043144226074
12157,0.0009376484667882323,0.062328629195690155
12158,0.0018682570662349463,0.05781526863574982
12159,0.0030986007768660784,0.058826744556427
12160,0.003954601474106312,0.05657132342457771
12161,0.00397621002048254,0.05613908916711807
12162,0.002974331146106124,0.05373571813106537
12163,0.0015873565571382642,0.05348360165953636
12164,0.0006216682377271354,0.05254417285323143
12165,0.0005539931589737535,0.05078402906656265
12166,0.001199427992105484,0.04929675906896591
12167,0.0020722094923257828,0.04925839975476265
12168,0.002893218072131276,0.04749221354722977
12169,0.0030792909674346447,0.04631130397319794
12170,0.002786167897284031,0.045554615557193756
12171,0.0019077328033745289,0.044710785150527954
12172,0.0010389689123257995,0.04297803342342377
12173,0.0004498657363001257,0.042740728706121445
12174,0.00034101709024980664,0.04154866933822632
12175,0.0006319688400253654,0.040777646005153656
12176,0.0010891411220654845,0.039808571338653564
12177,0.0014965698355808854,0.03882813826203346
12178,0.0015980778262019157,0.03782571852207184
12179,0.001421291846781969,0.03697158768773079
12180,0.0010189817985519767,0.03596503287553787
12181,0.0006155202863737941,0.03508011996746063
12182,0.0003395222593098879,0.03418545797467232
12183,0.0002766059769783169,0.033581703901290894
12184,0.0004002138157375157,0.03275599330663681
12185,0.0006117871380411088,0.03205956518650055
12186,0.0008231066167354584,0.03157171607017517
12187,0.0009400261915288866,0.030716435983777046
12188,0.0009676755871623755,0.030268412083387375
12189,0.0008642642642371356,0.02930314466357231
12190,0.0007088660495355725,0.028569426387548447
12191,0.0005137413390912116,0.027827005833387375
12192,0.00035663374001160264,0.027190037071704865
12193,0.00026618028641678393,0.026423268020153046
12194,0.00025133616873063147,0.02603057213127613
12195,0.00029380532214418054,0.025430845096707344
12196,0.0003687924472615123,0.024682989344000816
12197,0.00045813064207322896,0.0239931121468544
12198,0.0005364843527786434,0.02343282289803028
12199,0.0005972650833427906,0.02303129807114601
12200,0.0006163833313621581,0.02253032475709915
12201,0.0006126653170213103,0.021974246948957443
12202,0.000573711353354156,0.021714042872190475
12203,0.0005248753004707396,0.021251164376735687
12204,0.0004638329555746168,0.020753847435116768
12205,0.00040910093230195343,0.020399101078510284
12206,0.0003595008165575564,0.019941408187150955
12207,0.0003213703748770058,0.019685734063386917
12208,0.0002954881638288498,0.01942993327975273
12209,0.0002833690377883613,0.01893610507249832
12210,0.00028466471121646464,0.018449243158102036
12211,0.00029771169647574425,0.018120231106877327
12212,0.00032139502582140267,0.017623171210289
12213,0.00035569450119510293,0.017298931255936623
12214,0.0004013414727523923,0.01698562316596508
12215,0.0004609127063304186,0.016551252454519272
12216,0.0005374085158109665,0.01621350646018982
12217,0.0006355566438287497,0.015931477770209312
12218,0.000761743460316211,0.015563282184302807
12219,0.0009263701504096389,0.01540725864470005
12220,0.001140698790550232,0.015101656317710876
12221,0.001424742746166885,0.014842774718999863
12222,0.0017882382962852716,0.01446448639035225
12223,0.0022659474052488804,0.014284801669418812
12224,0.0028424852062016726,0.014015338383615017
12225,0.0035562794655561447,0.013675376772880554
12226,0.004302355460822582,0.013321025297045708
12227,0.005074380896985531,0.013142777606844902
12228,0.00560361985117197,0.012862024828791618
12229,0.005816027522087097,0.012589279562234879
12230,0.005417495965957642,0.012327497825026512
12231,0.004485290497541428,0.012025156989693642
12232,0.003154031466692686,0.011761296540498734
12233,0.0018512944225221872,0.01152859441936016
12234,0.0009858421981334686,0.011256533674895763
12235,0.0007673591608181596,0.011040838435292244
12236,0.001111868885345757,0.010844963602721691
12237,0.0017979620024561882,0.010552892461419106
12238,0.0023989470209926367,0.010324999690055847
12239,0.002718680538237095,0.010105136781930923
12240,0.0025764796882867813,0.009880953468382359
12241,0.0020563683938235044,0.009684081189334393
12242,0.0013423999771475792,0.009525931440293789
12243,0.0006985679501667619,0.009346998296678066
12244,0.000322628824505955,0.009193552657961845
12245,0.00026325383805669844,0.009028913453221321
12246,0.0004580188251566142,0.008800816722214222
12247,0.0007825286593288183,0.008661922067403793
12248,0.0011110382620245218,0.008515417575836182
12249,0.001336685731075704,0.008360479958355427
12250,0.0014266502112150192,0.008186107501387596
12251,0.0013385078636929393,0.008010594174265862
12252,0.001146791153587401,0.007837572135031223
12253,0.0008944077417254448,0.007696547079831362
12254,0.0006985524669289589,0.007550954818725586
12255,0.0005678633460775018,0.007414510473608971
12256,0.0005341036012396216,0.007274649105966091
12257,0.0005614850670099258,0.0071252938359975815
12258,0.000613372540101409,0.0069761392660439014
12259,0.0006502533797174692,0.006833822466433048
12260,0.0006437795236706734,0.006697457283735275
12261,0.0005925961304455996,0.006550688296556473
12262,0.0005076985107734799,0.006436096504330635
12263,0.0004117682692594826,0.006324272137135267
12264,0.000325821980368346,0.006167407613247633
12265,0.0002654625568538904,0.006052328739315271
12266,0.00023738468007650226,0.005945152603089809
12267,0.00023941717518027872,0.005818261299282312
12268,0.0002638173755258322,0.005735637154430151
12269,0.00029988063033670187,0.005636557936668396
12270,0.0003373843210283667,0.0055365231819450855
12271,0.00036850437754765153,0.005444502457976341
12272,0.00039021956035867333,0.005315661430358887
12273,0.0004017871688120067,0.0052008540369570255
12274,0.00040762085700407624,0.005083991214632988
12275,0.0004126757849007845,0.0049798376858234406
12276,0.0004250138299539685,0.004902172833681107
12277,0.0004542077658697963,0.004820438101887703
12278,0.0005063454736955464,0.0047546494752168655
12279,0.000600020750425756,0.004693465307354927
12280,0.0007313389796763659,0.004622658248990774
12281,0.0009407975594513118,0.004531928338110447
12282,0.0011938238749280572,0.004426897037774324
12283,0.0015758902300149202,0.004329875111579895
12284,0.001970267156139016,0.00425108103081584
12285,0.0025111061986535788,0.004162249155342579
12286,0.0029065622948110104,0.004079287406057119
12287,0.003306124359369278,0.00400524353608489
12288,0.0032819481566548347,0.003929004073143005
12289,0.0030396266374737024,0.003854472190141678
12290,0.0023370811250060797,0.0037965525407344103
12291,0.001540559809654951,0.0037603375967592
12292,0.0007938948692753911,0.003721623681485653
12293,0.00035831681452691555,0.00367524940520525
12294,0.0002772242878563702,0.0036349378060549498
12295,0.000482917414046824,0.003591356333345175
12296,0.0008551455102860928,0.003547736443579197
12297,0.0012476780684664845,0.0034960752818733454
12298,0.0016103544039651752,0.0034289867617189884
12299,0.0017617909470573068,0.003376695793122053
12300,0.0017742333002388477,0.0033334586769342422
12301,0.0015339938690885901,0.00328727881424129
12302,0.0012305196141824126,0.0032396684400737286
12303,0.0008615618571639061,0.003187393071129918
12304,0.0005699489847756922,0.003144629765301943
12305,0.0003779415274038911,0.0030948754865676165
12306,0.00030227089882828295,0.003042425261810422
12307,0.00032133603235706687,0.0029970568139106035
12308,0.0004060594947077334,0.002958710538223386
12309,0.0005277640884742141,0.0029226739425212145
12310,0.0006614536978304386,0.002875897567719221
12311,0.0008000902598723769,0.002823184011504054
12312,0.0009130145190283656,0.002766286488622427
12313,0.0010158892255276442,0.0027199790347367525
12314,0.0010648982133716345,0.002683315658941865
12315,0.0010995009215548635,0.0026567932218313217
12316,0.001068092999048531,0.0026297979056835175
12317,0.0010267668403685093,0.0025975469034165144
12318,0.0009286946733482182,0.002559959189966321
12319,0.0008332919678650796,0.0025209602899849415
12320,0.0007146703428588808,0.0024862741120159626
12321,0.0006194658344611526,0.0024561812169849873
12322,0.0005301050841808319,0.0024254219606518745
12323,0.00046935112914070487,0.0023921290412545204
12324,0.00042624492198228836,0.002360720420256257
12325,0.00040779434493742883,0.002332981675863266
12326,0.00040864211041480303,0.002305519301444292
12327,0.0004294555983506143,0.0022740771528333426
12328,0.0004705877508968115,0.0022396587301045656
12329,0.000532273028511554,0.0022032964043319225
12330,0.0006193150766193867,0.002166951773688197
12331,0.0007339454023167491,0.0021307284478098154
12332,0.0008863770635798573,0.0020965286530554295
12333,0.001082519069314003,0.0020651957020163536
12334,0.0013374211266636848,0.0020351603161543608
12335,0.0016544885002076626,0.002005811547860503
12336,0.0020495769567787647,0.0019779293797910213
12337,0.0025075916200876236,0.0019518284825608134
12338,0.003034056629985571,0.0019259643740952015
12339,0.0035491404123604298,0.0018990484531968832
12340,0.004020638298243284,0.0018702491652220488
12341,0.004268210381269455,0.0018377408850938082
12342,0.004266559146344662,0.0017999978736042976
12343,0.003845511469990015,0.001758574042469263
12344,0.0031403948087245226,0.0017144856974482536
12345,0.002219468355178833,0.0016702243592590094
12346,0.001372558530420065,0.0016306894831359386
12347,0.0007969940779730678,0.0016005451325327158
12348,0.00060621602460742,0.0015807535964995623
12349,0.0008118912810459733,0.0015683698002249002
12350,0.0012934166006743908,0.001559087773784995
12351,0.0018828712636604905,0.001550440676510334
12352,0.0024417410604655743,0.001539219869300723
12353,0.002804800868034363,0.001523409504443407
12354,0.002984754741191864,0.0015029758214950562
12355,0.0029516546055674553,0.0014799488708376884
12356,0.0028111962601542473,0.001455178251489997
12357,0.0026785326190292835,0.0014289843384176493
12358,0.002516834530979395,0.0014026504941284657
12359,0.002537138294428587,0.0013774464605376124
12360,0.0024620709009468555,0.0013542009983211756
12361,0.0024937514681369066,0.0013328600907698274
12362,0.0023125335574150085,0.0013130239676684141
12363,0.0020313472487032413,0.0012935616541653872
12364,0.0015567700611427426,0.0012730895541608334
12365,0.0010248672915622592,0.0012513783294707537
12366,0.0005849350709468126,0.0012294910848140717
12367,0.00036642944905906916,0.0012085699709132314
12368,0.00041144838905893266,0.001189518254250288
12369,0.0006511072861030698,0.0011729381512850523
12370,0.0009679719223640859,0.0011587152257561684
12371,0.00119820237159729,0.0011464017443358898
12372,0.001302977791056037,0.0011347574181854725
12373,0.001211398048326373,0.0011222953908145428
12374,0.0010366910137236118,0.001108811004087329
12375,0.0008071177871897817,0.0010947543196380138
12376,0.0006380267441272736,0.0010805028723552823
12377,0.0005377089837566018,0.0010657758684828877
12378,0.0005133420927450061,0.0010498750489205122
12379,0.0005273252027109265,0.0010321633890271187
12380,0.0005395154003053904,0.0010124724358320236
12381,0.0005259629688225687,0.0009912647074088454
12382,0.0004772625688929111,0.0009694198961369693
12383,0.00040544671355746686,0.0009483250323683023
12384,0.0003298295778222382,0.0009294779738411307
12385,0.00027001978014595807,0.0009139517205767334
12386,0.0002380746154813096,0.0009017863776534796
12387,0.00023594142112415284,0.0008920541731640697
12388,0.0002572953235358,0.0008833985775709152
12389,0.00029147317400202155,0.0008749091066420078
12390,0.0003281271201558411,0.0008663843618705869
12391,0.0003597874892875552,0.0008579689310863614
12392,0.00038527470314875245,0.0008497759699821472
12393,0.0004076011828146875,0.000841823872178793
12394,0.0004359876620583236,0.00083413056563586
12395,0.00048382848035544157,0.0008268358069472015
12396,0.0005636535352095962,0.0008200471056625247
12397,0.0007039887132123113,0.0008138073026202619
12398,0.0009072736138477921,0.0008080207044258714
12399,0.001236489973962307,0.0008026123978197575
12400,0.0016454331343993545,0.0007974678883329034
12401,0.002257958520203829,0.0007924712263047695
12402,0.0028810049407184124,0.0007875117007642984
12403,0.0036789753939956427,0.0007824561325833201
12404,0.004204475786536932,0.0007772037060931325
12405,0.004572238307446241,0.0007717206608504057
12406,0.004269271623343229,0.0007659835391677916
12407,0.0035102670080959797,0.0007600227254442871
12408,0.0023530167527496815,0.0007539086509495974
12409,0.0013074298622086644,0.0007477049948647618
12410,0.0007075045723468065,0.0007415704312734306
12411,0.0006475687259808183,0.0007355976267717779
12412,0.000981430523097515,0.0007298864657059312
12413,0.0014624260365962982,0.0007244437001645565
12414,0.0019523910013958812,0.0007191725308075547
12415,0.0021455278620123863,0.0007139535155147314
12416,0.0021094062831252813,0.0007086358382366598
12417,0.0017196336993947625,0.0007030543056316674
12418,0.0012561151525005698,0.0006970936665311456
12419,0.0008154519600793719,0.0006906874477863312
12420,0.0005600327858701348,0.0006837527034804225
12421,0.0005249081877991557,0.0006762669654563069
12422,0.0006483594770543277,0.0006682038074359298
12423,0.0008538081310689449,0.0006595634622499347
12424,0.0010591275058686733,0.0006503528566099703
12425,0.0012327521108090878,0.0006406717002391815
12426,0.001296435366384685,0.0006306130671873689
12427,0.0013173918705433607,0.0006203224183991551
12428,0.0012047082418575883,0.0006099336314946413
12429,0.0010501067154109478,0.0005995987448841333
12430,0.0008488099556416273,0.0005894351052120328
12431,0.0006890660151839256,0.0005796363693661988
12432,0.0005662394687533379,0.0005704083014279604
12433,0.0004998056683689356,0.0005619737785309553
12434,0.0004862450005020946,0.0005544924642890692
12435,0.0005082580610178411,0.0005480156396515667
12436,0.0005438848747871816,0.0005424884147942066
12437,0.0005778893828392029,0.0005377250490710139
12438,0.0005971330683678389,0.0005335223395377398
12439,0.0006007549236528575,0.0005296302260830998
12440,0.0005907784216105938,0.0005258587771095335
12441,0.0005712943384423852,0.0005221168394200504
12442,0.0005526584573090076,0.000518379732966423
12443,0.0005317385657690465,0.0005147118936292827
12444,0.0005228098016232252,0.0005111878272145987
12445,0.0005170704098418355,0.0005078169633634388
12446,0.00053244992159307,0.0005045714788138866
12447,0.0005539279663935304,0.0005014223279431462
12448,0.0005999605637043715,0.0004983043763786554
12449,0.0006577777676284313,0.0004951974842697382
12450,0.0007506056572310627,0.000492085877340287
12451,0.0008639002335257828,0.0004890019772574306
12452,0.001018183771520853,0.0004859805339947343
12453,0.001192158437334001,0.00048305519158020616
12454,0.001406828872859478,0.00048022944247350097
12455,0.0016371237579733133,0.00047752397949807346
12456,0.001900882925838232,0.0004749265790451318
12457,0.0021433543879538774,0.0004724001046270132
12458,0.0023615537211298943,0.00046992721036076546
12459,0.0024953566025942564,0.00046746450243517756
12460,0.0025447665248066187,0.00046499085146933794
12461,0.0024403072893619537,0.00046246484271250665
12462,0.002189525868743658,0.0004598671803250909
12463,0.0018222446087747812,0.00045719201443716884
12464,0.0014094694051891565,0.00045443506678566337
12465,0.0010067514376714826,0.0004516066110227257
12466,0.0006736844079568982,0.00044871121644973755
12467,0.00045364125980995595,0.00044576404616236687
12468,0.00035109894815832376,0.0004427775274962187
12469,0.0003559454344213009,0.0004397433949634433
12470,0.000444057397544384,0.0004366604262031615
12471,0.0005949617479927838,0.000433522422099486
12472,0.0007681903662160039,0.00043031509267166257
12473,0.0009769813623279333,0.0004270139033906162
12474,0.0011481158435344696,0.00042359234066680074
12475,0.001318032736890018,0.0004200414987280965
12476,0.0014039609814062715,0.00041635159868746996
12477,0.0014778036857023835,0.0004125016275793314
12478,0.001443558488972485,0.0004085088148713112
12479,0.0013757081469520926,0.00040437508141621947
12480,0.0012176143936812878,0.00040011355304159224
12481,0.0010510572465136647,0.00039574067341163754
12482,0.0008499282994307578,0.0003912773681804538
12483,0.0006693705217912793,0.00038672180380672216
12484,0.0005087165045551956,0.0003820846905000508
12485,0.00038986478466540575,0.00037734967190772295
12486,0.00030925357714295387,0.00037251360481604934
12487,0.00026511939358897507,0.0003675517509691417
12488,0.00025148974964395165,0.00036245916271582246
12489,0.00026196433464065194,0.00035723677137866616
12490,0.0002923186984844506,0.00035191787173971534
12491,0.0003395558742340654,0.00034655985655263066
12492,0.0004070098220836371,0.0003412446239963174
12493,0.0004928697017021477,0.0003360812261234969
12494,0.0006152238347567618,0.0003311667824164033
12495,0.0007644668803550303,0.00032657786505296826
12496,0.000985133578069508,0.0003223577805329114
12497,0.0012400198029354215,0.00031850641244091094
12498,0.0016139663057401776,0.00031497125746682286
12499,0.0019923041108995676,0.0003116943989880383
12500,0.0025020958855748177,0.00030858523678034544
12501,0.002888660877943039,0.00030556879937648773
12502,0.0032966260332614183,0.00030260044150054455
12503,0.003361229784786701,0.00029963781707920134
12504,0.003253847360610962,0.00029668386559933424
12505,0.0027904827147722244,0.0002937501994892955
12506,0.002236796310171485,0.00029086327413097024
12507,0.0017529826145619154,0.0002880543179344386
12508,0.0015458553098142147,0.0002853386104106903
12509,0.0017368316184729338,0.00028272427152842283
12510,0.002355351112782955,0.000280221167486161
12511,0.0032912692986428738,0.0002778182679321617
12512,0.004458849783986807,0.00027553076506592333
12513,0.005451727658510208,0.0002733375586103648
12514,0.005904126912355423,0.00027126219356432557
12515,0.0054144710302352905,0.0002693000715225935
12516,0.004011208191514015,0.0002674561692401767
12517,0.0023094313219189644,0.00026573686045594513
12518,0.001166127622127533,0.00026413233717903495
12519,0.0009377920068800449,0.0002626496134325862
12520,0.0015656119212508202,0.0002612666576169431
12521,0.0025591589510440826,0.00025996731710620224
12522,0.0036173793487250805,0.00025873183039948344
12523,0.003774547018110752,0.0002575417747721076
12524,0.00329963699914515,0.0002563702000770718
12525,0.0020278128795325756,0.0002551892539486289
12526,0.0008514703949913383,0.00025398365687578917
12527,0.0003267316205892712,0.00025276601081714034
12528,0.0005852952599525452,0.00025150092551484704
12529,0.0012930770171806216,0.0002502037095837295
12530,0.0019485249649733305,0.00024888376356102526
12531,0.002244877628982067,0.0002475321525707841
12532,0.002003124449402094,0.00024615987786091864
12533,0.0014243890764191747,0.00024477633996866643
12534,0.0008077722741290927,0.00024338765069842339
12535,0.0004714944225270301,0.00024200143525376916
12536,0.000516927451826632,0.0002406153071206063
12537,0.0008236458525061607,0.0002392438764218241
12538,0.0012176790041849017,0.00023788213729858398
12539,0.0014656824059784412,0.00023653617245145142
12540,0.0015430145431309938,0.00023519898240920156
12541,0.001330594765022397,0.0002338859485462308
12542,0.0010213418863713741,0.0002325782843399793
12543,0.0006620280910283327,0.00023129364126361907
12544,0.0004119544173590839,0.0002300203195773065
12545,0.0003248266875743866,0.0002287578972755
12546,0.00038594816578552127,0.0002275124134030193
12547,0.0005310134729370475,0.00022626423742622137
12548,0.0006833098595961928,0.0002250329707749188
12549,0.0008004822302609682,0.00022380176233127713
12550,0.0008308836258947849,0.00022256906959228218
12551,0.0007922930526547134,0.00022133768652565777
12552,0.0006667941925115883,0.00022010543034411967
12553,0.0005160367581993341,0.00021887116599828005
12554,0.0003699245280586183,0.0002176375564886257
12555,0.00027349957963451743,0.00021640819613821805
12556,0.00023475561465602368,0.0002151749504264444
12557,0.0002456391812302172,0.00021395673684310168
12558,0.0002911245683208108,0.0002127453190041706
12559,0.00035320367896929383,0.00021154142450541258
12560,0.0004161533433943987,0.00021035215468145907
12561,0.00046270599705167115,0.00020918638620059937
12562,0.0004919417551718652,0.00020804184896405786
12563,0.0004917746409773827,0.00020691828103736043
12564,0.00047513266326859593,0.00020582458819262683
12565,0.00044253485975787044,0.00020476605277508497
12566,0.00040819059358909726,0.00020373586448840797
12567,0.00037137194885872304,0.0002027375012403354
12568,0.00033786697895266116,0.0002017727238126099
12569,0.0003093538398388773,0.00020084844436496496
12570,0.00028986111283302307,0.0001999560190597549
12571,0.00028089608531445265,0.00019909294496756047
12572,0.00028235887293703854,0.0001982598623726517
12573,0.0002943672297988087,0.00019745762983802706
12574,0.0003178651968482882,0.00019667978631332517
12575,0.00035472115268930793,0.00019592797616496682
12576,0.0004087475244887173,0.00019519685884006321
12577,0.0004842577618546784,0.00019448217062745243
12578,0.0005895025096833706,0.0001937875640578568
12579,0.0007352491375058889,0.0001931063598021865
12580,0.000939102959819138,0.00019243911083322018
12581,0.0012190137058496475,0.00019178158254362643
12582,0.0016056939493864775,0.00019113955204375088
12583,0.002115046139806509,0.00019050599075853825
12584,0.0027877618558704853,0.00018987953080795705
12585,0.003578892443329096,0.0001892648870125413
12586,0.0044913990423083305,0.00018865749007090926
12587,0.005282907281070948,0.0001880670024547726
12588,0.0058693652972579,0.00018748524598777294
12589,0.0058241295628249645,0.00018691070727072656
12590,0.005207983311265707,0.00018635128799360245
12591,0.004026221111416817,0.00018580442701932043
12592,0.002790910191833973,0.00018526898929849267
12593,0.0019979022908955812,0.00018474819080438465
12594,0.0018729350995272398,0.00018423484289087355
12595,0.0022807226050645113,0.0001837362942751497
12596,0.00293958792462945,0.0001832537236623466
12597,0.003117277752608061,0.00018278232892043889
12598,0.0028552873991429806,0.00018232528236694634
12599,0.0019880959298461676,0.0001818756718421355
12600,0.0010881441412493587,0.0001814395363908261
12601,0.00048561737639829516,0.00018101817113347352
12602,0.0003965904761571437,0.00018060278671327978
12603,0.0007575941854156554,0.00018020397692453116
12604,0.0013225252041593194,0.00017981028940994292
12605,0.0018877791007980704,0.0001794256386347115
12606,0.0020885260310024023,0.00017905332788359374
12607,0.0019803140312433243,0.00017868808936327696
12608,0.0014953895006328821,0.00017832947196438909
12609,0.0009778216481208801,0.00017798184126149863
12610,0.0005637737922370434,0.00017763937648851424
12611,0.0004000196931883693,0.00017730594845488667
12612,0.00046498136362060905,0.00017697439761832356
12613,0.0006318064406514168,0.00017665342602413148
12614,0.0007972205057740211,0.00017633849347475916
12615,0.0008795893518254161,0.00017602316802367568
12616,0.0008869977318681777,0.00017571626813150942
12617,0.0008209510706365108,0.0001754176919348538
12618,0.0007687764009460807,0.00017512166232336313
12619,0.0007224034634418786,0.0001748311915434897
12620,0.0007091646548360586,0.00017454399494454265
12621,0.0007329137297347188,0.00017425743862986565
12622,0.0007567940629087389,0.00017398041381966323
12623,0.0007552864262834191,0.00017370432033203542
12624,0.0007077115005813539,0.00017342748469673097
12625,0.0006233669118955731,0.00017315716831944883
12626,0.0005134677048772573,0.00017289396782871336
12627,0.0004005333757959306,0.00017262488836422563
12628,0.00031101825879886746,0.00017236819257959723
12629,0.00025517947506159544,0.00017210579244419932
12630,0.00023666489869356155,0.00017185276374220848
12631,0.00024837758974172175,0.00017159813432954252
12632,0.0002753742737695575,0.00017134315567091107
12633,0.00030678859911859035,0.0001710931828711182
12634,0.00032946409191936255,0.00017084980208892375
12635,0.00033994013210758567,0.00017060154641512781
12636,0.00033488060580566525,0.00017035390192177147
12637,0.00031891989056020975,0.00017011389718391
12638,0.0002968462067656219,0.0001698731939541176
12639,0.0002750450512394309,0.0001696358376648277
12640,0.00025925718364305794,0.00016939608030952513
12641,0.0002518165565561503,0.00016915898595470935
12642,0.00025506646488793194,0.0001689281198196113
12643,0.00026875032926909626,0.00016869563842192292
12644,0.00029077462386339903,0.0001684631424723193
12645,0.0003233886673115194,0.0001682300353422761
12646,0.00036444285069592297,0.0001680014538578689
12647,0.0004217237583361566,0.00016777572454884648
12648,0.0004906993126496673,0.0001675457606324926
12649,0.0005928599857725203,0.00016732299991417676
12650,0.0007220232510007918,0.00016709923511371017
12651,0.000928320165257901,0.0001668725162744522
12652,0.0011806547408923507,0.00016665281145833433
12653,0.0015543787740170956,0.00016642601985950023
12654,0.0019858889281749725,0.0001662111608311534
12655,0.0026035751216113567,0.000165989447850734
12656,0.0032204806338995695,0.00016576641064602882
12657,0.0038750972598791122,0.00016554754984099418
12658,0.00434695091098547,0.00016533155576325953
12659,0.0046129003167152405,0.00016511260764673352
12660,0.004429015330970287,0.00016489335393998772
12661,0.003729107091203332,0.00016467674868181348
12662,0.0028400069568306208,0.0001644594594836235
12663,0.0019859233871102333,0.00016424027853645384
12664,0.001357048749923706,0.000164024590048939
12665,0.0010739262215793133,0.00016380593297071755
12666,0.0011320490157231688,0.00016359274741262197
12667,0.001407336792908609,0.00016337452689185739
12668,0.001905073644593358,0.00016315371613018215
12669,0.002178547438234091,0.00016293289081659168
12670,0.0021236338652670383,0.00016271353524643928
12671,0.0019164890982210636,0.00016249710461124778
12672,0.001745104556903243,0.00016227259766310453
12673,0.0015122269978746772,0.00016204996791202575
12674,0.0010715459939092398,0.00016182789113372564
12675,0.0010439620818942785,0.0001615970686543733
12676,0.0007698056288063526,0.00016137567581608891
12677,0.000774893444031477,0.00016114335448946804
12678,0.0005932179628871381,0.00016091404540929943
12679,0.0005098770488984883,0.0001606806181371212
12680,0.0004698008706327528,0.00016044164658524096
12681,0.0003408118791412562,0.0001602058910066262
12682,0.0003910961968358606,0.0001599662791704759
12683,0.00033466483000665903,0.00015971687389537692
12684,0.000395037088310346,0.0001594671339262277
12685,0.00045569430221803486,0.0001592159824213013
12686,0.0005037878872826695,0.00015895137039478868
12687,0.0006122815539129078,0.0001586905273143202
12688,0.0005958034307695925,0.00015841690765228122
12689,0.0006926631322130561,0.00015813812206033617
12690,0.0006747270235791802,0.00015785741561558098
12691,0.0007633182685822248,0.00015756339416839182
12692,0.0007920292555354536,0.00015726484707556665
12693,0.0007746496703475714,0.00015695406182203442
12694,0.0008279793546535075,0.00015663393423892558
12695,0.0008772944565862417,0.0001563034747960046
12696,0.001006428967230022,0.00015595683362334967
12697,0.00102515472099185,0.00015560754400212318
12698,0.0010502520017325878,0.00015524351329077035
12699,0.0011024030391126871,0.00015485857147723436
12700,0.0011372431181371212,0.0001544612314319238
12701,0.0010917334584519267,0.00015405331214424223
12702,0.0009895865805447102,0.00015362558769993484
12703,0.0009087161161005497,0.00015318230725824833
12704,0.0007931436412036419,0.00015272435848601162
12705,0.0006870867218822241,0.00015225370589178056
12706,0.0005571337533183396,0.00015176442684605718
12707,0.0004560500383377075,0.00015126445214264095
12708,0.0003675996558740735,0.00015074634575285017
12709,0.0003114906430710107,0.00015022158913780004
12710,0.000270187301794067,0.00014968172763474286
12711,0.00024327883147634566,0.00014914160419721156
12712,0.00023382405925076455,0.0001485898974351585
12713,0.00023051135940477252,0.00014803250087425113
12714,0.0002364740939810872,0.00014747792738489807
12715,0.00024713570019230247,0.0001469235576223582
12716,0.0002616635465528816,0.0001463703956687823
12717,0.0002822707174345851,0.00014582659059669822
12718,0.0003085153002757579,0.00014529020700138062
12719,0.0003451858356129378,0.0001447594549972564
12720,0.00038804434007033706,0.00014423386892303824
12721,0.0004468795086722821,0.0001437203900422901
12722,0.0005349624552763999,0.0001432215649401769
12723,0.0006517511792480946,0.0001427308307029307
12724,0.0008176297997124493,0.00014224796905182302
12725,0.0010110705625265837,0.00014177264529280365
12726,0.0013047284446656704,0.00014130890485830605
12727,0.0016281951684504747,0.0001408538082614541
12728,0.0020712062250822783,0.0001404065842507407
12729,0.002455728827044368,0.0001399640750605613
12730,0.0028835413977503777,0.00013953213056083769
12731,0.003075962420552969,0.0001391041005263105
12732,0.0031531977001577616,0.000138685863930732
12733,0.002842157846316695,0.00013826940266881138
12734,0.0023009409196674824,0.00013786263298243284
12735,0.0016433196142315865,0.0001374620624119416
12736,0.0011166036128997803,0.0001370686513837427
12737,0.0008263569325208664,0.00013668315659742802
12738,0.0008382735541090369,0.00013630374451167881
12739,0.001137859420850873,0.00013593054609373212
12740,0.001653249841183424,0.00013556690828409046
12741,0.0023465831764042377,0.0001352091640001163
12742,0.003086838638409972,0.00013485595991369337
12743,0.0038353027775883675,0.00013451541599351913
12744,0.004373153671622276,0.00013417989248409867
12745,0.004670708440244198,0.00013385555939748883
12746,0.004531575366854668,0.00013353476242627949
12747,0.004010557197034359,0.00013322483573574573
12748,0.003411963116377592,0.00013291978393681347
12749,0.002747506368905306,0.0001326214987784624
12750,0.0025338679552078247,0.0001323312462773174
12751,0.0028515788726508617,0.0001320489391218871
12752,0.0034086774103343487,0.0001317718852078542
12753,0.004104163497686386,0.0001315034896833822
12754,0.005028683226555586,0.0001312390377279371
12755,0.005259564146399498,0.00013098298222757876
12756,0.004060106817632914,0.0001307319907937199
12757,0.003433564677834511,0.00013048572873231024
12758,0.003443625755608082,0.0001302458840655163
12759,0.004739384166896343,0.00013001140905544162
12760,0.0035811904817819595,0.000129784966702573
12761,0.004910334479063749,0.0001295599213335663
12762,0.005022907629609108,0.00012933913967572153
12763,0.006019617430865765,0.00012912368401885033
12764,0.004837456159293652,0.00012891489313915372
12765,0.0038714041002094746,0.00012870678619947284
12766,0.00385670131072402,0.00012850371422246099
12767,0.0024662921205163,0.0001283066376345232
12768,0.002364879474043846,0.00012811314081773162
12769,0.002935135969892144,0.00012791715562343597
12770,0.002272195415571332,0.0001277312549063936
12771,0.004027159884572029,0.00012754352064803243
12772,0.006069289520382881,0.00012736395001411438
12773,0.006616821978241205,0.00012718162906821817
12774,0.009758423082530499,0.00012700202933046967
12775,0.009438887238502502,0.00012682710075750947
12776,0.010770116932690144,0.00012665445683524013
12777,0.010503634810447693,0.00012648011033888906
12778,0.010214093141257763,0.0001263129961444065
12779,0.006466414779424667,0.00012614911247510463
12780,0.004555220250040293,0.00012598281318787485
12781,0.008342592045664787,0.00012581783812493086
12782,0.006029592826962471,0.00012565623910631984
12783,0.006262498442083597,0.00012549557141028345
12784,0.007095624227076769,0.00012533439439721406
12785,0.004796620458364487,0.00012518033327069134
12786,0.0036485143937170506,0.00012502007302828133
12787,0.005392893683165312,0.00012486577907111496
12788,0.004039710853248835,0.00012471212539821863
12789,0.0024993009865283966,0.0001245626190211624
12790,0.004242470022290945,0.0001244096056325361
12791,0.0023188344202935696,0.0001242596044903621
12792,0.003089741338044405,0.00012410900671966374
12793,0.0030621709302067757,0.0001239592384081334
12794,0.0016248123720288277,0.00012381085252854973
12795,0.0014812627341598272,0.00012366808368824422
12796,0.0021431613713502884,0.00012352282647043467
12797,0.0021660681813955307,0.000123375459224917
12798,0.0026700827293097973,0.00012322903785388917
12799,0.002839352935552597,0.000123087054817006
12800,0.0010577712673693895,0.00012294232146814466
12801,0.0021427003666758537,0.00012280279770493507
12802,0.0008483773563057184,0.0001226619933731854
12803,0.0009312928887084126,0.00012252223677933216
12804,0.0016887742094695568,0.00012238140334375203
12805,0.0009826072491705418,0.00012223981320858002
12806,0.001489170826971531,0.0001220989943249151
12807,0.0015443244483321905,0.00012196204625070095
12808,0.001003105309791863,0.00012182245700387284
12809,0.0011170152574777603,0.00012168477405793965
12810,0.0008356578764505684,0.00012154415890108794
12811,0.0007179471431300044,0.00012140719627495855
12812,0.0010480850469321012,0.0001212754359585233
12813,0.0007445449009537697,0.0001211342605529353
12814,0.0005624574841931462,0.00012099937885068357
12815,0.000833515077829361,0.000120860684546642
12816,0.0004919649800285697,0.00012072158278897405
12817,0.0004948104033246636,0.00012059068103553727
12818,0.0005870498716831207,0.00012045168841723353
12819,0.0003226992557756603,0.00012031654478050768
12820,0.000460838433355093,0.00012018076085951179
12821,0.0005060216644778848,0.00012004299787804484
12822,0.0004019572807010263,0.00011990579514531419
12823,0.000518802204169333,0.00011977235408267006
12824,0.000397991097997874,0.00011963659198954701
12825,0.0002922397688962519,0.000119499716674909
12826,0.0003966711228713393,0.00011936435475945473
12827,0.00027589945239014924,0.00011922707199119031
12828,0.00034665773273445666,0.00011908927990589291
12829,0.00035662107984535396,0.0001189524627989158
12830,0.00028522624052129686,0.000118813339213375
12831,0.0003524186904542148,0.00011867702414747328
12832,0.00027831230545416474,0.00011853760224767029
12833,0.00027663575019687414,0.00011839747457997873
12834,0.00029258985887281597,0.00011826145782833919
12835,0.00024806216242723167,0.00011811952572315931
12836,0.0002856498467735946,0.00011798241030192003
12837,0.0002770351420622319,0.0001178393722511828
12838,0.00026417680783197284,0.0001176989680971019
12839,0.0002898222883231938,0.00011755542800528929
12840,0.00025389326037839055,0.00011741295747924596
12841,0.00025877042207866907,0.00011726727825589478
12842,0.00025554446619935334,0.00011712501873262227
12843,0.00023597769904881716,0.00011697897571139038
12844,0.00025302922585979104,0.0001168297094409354
12845,0.00024347264843527228,0.0001166822767117992
12846,0.0002442331751808524,0.00011653552064672112
12847,0.0002523097791709006,0.00011638455907814205
12848,0.00024049992498476058,0.00011623257887549698
12849,0.00024498984566889703,0.0001160788960987702
12850,0.00024067494086921215,0.00011592580267461017
12851,0.00023236872220877558,0.0001157688966486603
12852,0.00023762317141517997,0.00011561236169654876
12853,0.00023031212913338095,0.00011545344023033977
12854,0.00023307290393859148,0.00011529691983014345
12855,0.0002344800450373441,0.00011513273057062179
12856,0.00023058874648995697,0.00011496762454044074
12857,0.00023494898050557822,0.00011480497050797567
12858,0.00023118287208490074,0.00011463562259450555
12859,0.00023080423125065863,0.00011446681310189888
12860,0.0002312870346941054,0.0001142982582678087
12861,0.00022743486624676734,0.00011412657477194443
12862,0.00022877829906065017,0.00011394989269319922
12863,0.00022681399423163384,0.00011377527698641643
12864,0.0002257860905956477,0.00011360055941622704
12865,0.00022727821487933397,0.00011341848585288972
12866,0.00022525657550431788,0.00011323933722451329
12867,0.0002265918446937576,0.00011305842781439424
12868,0.00022606458514928818,0.00011287616507615894
12869,0.0002254572609672323,0.0001126919814851135
12870,0.00022625387646257877,0.00011250457464484498
12871,0.0002247583179268986,0.00011232080578338355
12872,0.00022501747298520058,0.00011213380639674142
12873,0.00022437787265516818,0.00011194451508345082
12874,0.0002235223219031468,0.00011175861436640844
12875,0.00022375668049789965,0.00011156951950397342
12876,0.00022283858561422676,0.000111383807961829
12877,0.0002228486555395648,0.00011119451664853841
12878,0.00022274910588748753,0.00011101037671323866
12879,0.00022221828112378716,0.00011082454875577241
12880,0.00022251278278417885,0.00011063595593441278
12881,0.00022201180399861187,0.00011045707651646808
12882,0.00022203713888302445,0.00011027305299649015
12883,0.00022198040096554905,0.00011009217996615916
12884,0.00022163915855344385,0.00010991418093908578
12885,0.00022177484061103314,0.00010973829193972051
12886,0.00022142520174384117,0.00010956186451949179
12887,0.00022134701430331916,0.00010939087951555848
12888,0.0002212212566519156,0.00010922169894911349
12889,0.000220928544877097,0.00010905107046710327
12890,0.000220896938117221,0.00010888902033912018
12891,0.00022063945652917027,0.00010872535494854674
12892,0.00022049920517019928,0.00010856874723685905
12893,0.00022037519374862313,0.00010840790491783991
12894,0.00022013598936609924,0.00010825581557583064
12895,0.00022008485393598676,0.00010810565436258912
12896,0.00021988581283949316,0.0001079508729162626
12897,0.00021977146388962865,0.00010780550655908883
12898,0.00021966203348711133,0.0001076571352314204
12899,0.00021949101937934756,0.00010751851368695498
12900,0.00021942757302895188,0.00010737401316873729
12901,0.00021926965564489365,0.00010723568266257644
12902,0.00021917933190707117,0.00010710124479373917
12903,0.0002190871600760147,0.00010696605022531003
12904,0.0002189709630329162,0.00010683258005883545
12905,0.00021891260985285044,0.00010670166375348344
12906,0.00021882037981413305,0.000106573905213736
12907,0.00021876614482607692,0.00010644542635418475
12908,0.00021873513469472528,0.00010632116755004972
12909,0.00021869695046916604,0.00010619543900247663
12910,0.00021873885998502374,0.00010607638978399336
12911,0.0002187864447478205,0.0001059552887454629
12912,0.00021892154472880065,0.00010583276161924005
12913,0.0002191393868997693,0.0001057154659065418
12914,0.00021947568166069686,0.00010560228110989556
12915,0.00022002354671712965,0.00010548897262196988
12916,0.0002208198420703411,0.00010537113121245056
12917,0.00022202904801815748,0.00010526190453674644
12918,0.00022382053430192173,0.00010514874156797305
12919,0.0002265155198983848,0.00010504058445803821
12920,0.00023052583856042475,0.0001049305938067846
12921,0.00023657814017497003,0.00010482352809049189
12922,0.0002456313231959939,0.0001047173936967738
12923,0.0002595992118585855,0.00010461050260346383
12924,0.0002806381671689451,0.0001045075332513079
12925,0.00031361926812678576,0.00010440353071317077
12926,0.00036332017043605447,0.00010430056136101484
12927,0.00044244437594898045,0.00010419936734251678
12928,0.000560962944291532,0.00010410099639557302
12929,0.0007518040365539491,0.00010400015889899805
12930,0.0010291219223290682,0.00010390133684268221
12931,0.0014717422891408205,0.00010380211460869759
12932,0.0020687717478722334,0.00010370487143518403
12933,0.0029722568579018116,0.00010360675514675677
12934,0.003994988277554512,0.00010351065429858863
12935,0.005281428340822458,0.0001034174783853814
12936,0.006165164057165384,0.00010332008969271556
12937,0.006615275517106056,0.00010323193419026211
12938,0.0058295573107898235,0.00010313632810721174
12939,0.0042051393538713455,0.00010304327588528395
12940,0.0023130932822823524,0.00010295000538462773
12941,0.0011608178028836846,0.00010285932512488216
12942,0.001224042964167893,0.00010276894317939878
12943,0.0022398363798856735,0.00010267958714393899
12944,0.0034531839191913605,0.00010258743714075536
12945,0.004112479276955128,0.00010250010382151231
12946,0.0037104429211467505,0.00010241018026135862
12947,0.002316331025213003,0.0001023217846523039
12948,0.000923162093386054,0.00010223401477560401
12949,0.00031754979863762856,0.00010214792564511299
12950,0.000677379488479346,0.00010205700527876616
12951,0.0015946980565786362,0.00010197176015935838
12952,0.002488241996616125,0.0001018867187667638
12953,0.0031620184890925884,0.00010180370009038597
12954,0.0030184569768607616,0.00010171678150072694
12955,0.00232707429677248,0.0001016287351376377
12956,0.0013147932477295399,0.00010154738993151113
12957,0.0005585263716056943,0.00010146178829018027
12958,0.0002800626098178327,0.0001013779328786768
12959,0.0004663779691327363,0.0001012967259157449
12960,0.0009261212544515729,0.00010121450759470463
12961,0.0013584361877292395,0.00010113310418091714
12962,0.0016280671115964651,0.00010105133696924895
12963,0.0015308635774999857,0.00010096576443174854
12964,0.001122404937632382,0.00010088652197737247
12965,0.0006873179809190333,0.00010080404172185808
12966,0.0003559071337804198,0.00010072482837131247
12967,0.00027716602198779583,0.00010064265370601788
12968,0.0003654273459687829,0.00010056301834993064
12969,0.0005575259565375745,0.00010048520925920457
12970,0.0007538461359217763,0.00010040109191322699
12971,0.000889260321855545,0.00010032370482804254
12972,0.0009367746533825994,0.00010024645598605275
12973,0.0008172659436240792,0.00010016536543844268
12974,0.0006526194047182798,0.00010008471872424707
12975,0.00047609437024220824,0.00010000907786889002
12976,0.00034600647632032633,9.993272396968678e-05
12977,0.0002773526939563453,9.985287761082873e-05
12978,0.00026420544600114226,9.977215086109936e-05
12979,0.00032401556381955743,9.969960228772834e-05
12980,0.0003876776318065822,9.962274634744972e-05
12981,0.0004783171461895108,9.954798588296399e-05
12982,0.0005458186496980488,9.947088256012648e-05
12983,0.0005709774559363723,9.939610754372552e-05
12984,0.0005721928318962455,9.931788372341543e-05
12985,0.0005342315998859704,9.924343612510711e-05
12986,0.00048749049892649055,9.91686392808333e-05
12987,0.0004202435666229576,9.909206710290164e-05
12988,0.000354525342117995,9.901999874273315e-05
12989,0.0003007817140314728,9.894156391965225e-05
12990,0.0002577314153313637,9.886876796372235e-05
12991,0.00023434212198480964,9.879527351586148e-05
12992,0.00022112933220341802,9.872160444501787e-05
12993,0.00022119494678918272,9.864746243692935e-05
12994,0.00023310055257752538,9.857290569925681e-05
12995,0.00024502110318280756,9.850092465057969e-05
12996,0.00026482605608180165,9.842580766417086e-05
12997,0.00028153814491815865,9.835409582592547e-05
12998,0.0002984041639138013,9.82820347417146e-05
12999,0.00031465382198803127,9.821105049923062e-05
13000,0.000327718211337924,9.813853830564767e-05
13001,0.00033997150603681803,9.806725574890152e-05
13002,0.00034676556242629886,9.799453255254775e-05
13003,0.00035414815647527575,9.792370110517368e-05
13004,0.00035916094202548265,9.785097790881991e-05
13005,0.00036700593773275614,9.77794115897268e-05
13006,0.00037416056147776544,9.771042095962912e-05
13007,0.0003822488943114877,9.763924754224718e-05
13008,0.00039022270357236266,9.757012594491243e-05
13009,0.00040308258030563593,9.749729360919446e-05
13010,0.0004151319444645196,9.742863767314702e-05
13011,0.0004324353067204356,9.735656203702092e-05
13012,0.0004463976947590709,9.728512668516487e-05
13013,0.0004674802767112851,9.721729293232784e-05
13014,0.0004876336606685072,9.714605403132737e-05
13015,0.0005174682009965181,9.707993012852967e-05
13016,0.0005445336573757231,9.701143426354975e-05
13017,0.0005807687994092703,9.694017353467643e-05
13018,0.0006142013007774949,9.6870593552012e-05
13019,0.00066379364579916,9.680360381025821e-05
13020,0.0007083024829626083,9.673514432506636e-05
13021,0.000767781981267035,9.666712867328897e-05
13022,0.000815893174149096,9.659898205427453e-05
13023,0.0008842814131639898,9.653068264015019e-05
13024,0.0009342797566205263,9.64622522587888e-05
13025,0.0010009757243096828,9.639516792958602e-05
13026,0.0010354805272072554,9.632688306737691e-05
13027,0.0010819867020472884,9.625795792089775e-05
13028,0.001089356723241508,9.619305637897924e-05
13029,0.001104431226849556,9.612606663722545e-05
13030,0.0010724612511694431,9.606108505977318e-05
13031,0.0010390690295025706,9.599298209650442e-05
13032,0.0009682511445134878,9.592496644472703e-05
13033,0.000902441912330687,9.585847146809101e-05
13034,0.0008200359297916293,9.579368634149432e-05
13035,0.0007505429093725979,9.572732233209535e-05
13036,0.0006928315851837397,9.56596340984106e-05
13037,0.0006645919056609273,9.559320460539311e-05
13038,0.000677785836160183,9.552889241604134e-05
13039,0.0007481012726202607,9.546300861984491e-05
13040,0.0009068006183952093,9.539758320897818e-05
13041,0.0011916395742446184,9.533205593470484e-05
13042,0.0016657834639772773,9.526891517452896e-05
13043,0.0024392700288444757,9.520116145722568e-05
13044,0.003618142567574978,9.51399197219871e-05
13045,0.0054407501593232155,9.507428330834955e-05
13046,0.007919952273368835,9.500855958322063e-05
13047,0.011188188567757607,9.494394180364907e-05
13048,0.01434076763689518,9.488160139881074e-05
13049,0.016337696462869644,9.481496817898005e-05
13050,0.014642058871686459,9.475082333665341e-05
13051,0.009128840640187263,9.468744246987626e-05
13052,0.0028123129159212112,9.462205343879759e-05
13053,0.0004958909703418612,9.45619831327349e-05
13054,0.002784228418022394,9.44978091865778e-05
13055,0.006619294174015522,9.443327144253999e-05
13056,0.00796966440975666,9.436857362743467e-05
13057,0.005629323422908783,9.4306975370273e-05
13058,0.002000529784709215,9.424315794603899e-05
13059,0.00042960201972164214,9.418004628969356e-05
13060,0.00171527115162462,9.411908831680194e-05
13061,0.003830884350463748,9.405447053723037e-05
13062,0.004463768098503351,9.399380360264331e-05
13063,0.0032315277494490147,9.39290039241314e-05
13064,0.001357331988401711,9.386736201122403e-05
13065,0.00042464688885957,9.380473056808114e-05
13066,0.000895582081284374,9.374113869853318e-05
13067,0.0020172959193587303,9.368284372612834e-05
13068,0.002488546771928668,9.361728734802455e-05
13069,0.0019604137632995844,9.355696238344535e-05
13070,0.0010191110195592046,9.349707397632301e-05
13071,0.000396940391510725,9.34354611672461e-05
13072,0.000531144323758781,9.337194205727428e-05
13073,0.0010346508352085948,9.331179899163544e-05
13074,0.0013919512275606394,9.32507828110829e-05
13075,0.0012514479458332062,9.318923548562452e-05
13076,0.0007680089911445975,9.313075861427933e-05
13077,0.0003605052479542792,9.306681749876589e-05
13078,0.0003039617440663278,9.300620877183974e-05
13079,0.0005601706216111779,9.29455054574646e-05
13080,0.000787456869147718,9.288374712923542e-05
13081,0.0007811372634023428,9.282652899855748e-05
13082,0.0005632858956232667,9.276322089135647e-05
13083,0.0003096052969340235,9.270662849303335e-05
13084,0.0002419669763185084,9.264649270335212e-05
13085,0.00033621391048654914,9.258391219191253e-05
13086,0.0004901599604636431,9.252658492187038e-05
13087,0.0005479555111378431,9.246448462363333e-05
13088,0.0004717548144981265,9.240396320819855e-05
13089,0.00034704391146078706,9.234536264557391e-05
13090,0.00025665934663265944,9.228578710462898e-05
13091,0.00027094740653410554,9.22249600989744e-05
13092,0.0003424974565859884,9.216778562404215e-05
13093,0.0004060410428792238,9.210779535351321e-05
13094,0.0004105530970264226,9.20470483833924e-05
13095,0.00036098103737458587,9.198915358865634e-05
13096,0.0003065639757551253,9.193104051519185e-05
13097,0.0002811925078276545,9.187260002363473e-05
13098,0.00030618906021118164,9.181334462482482e-05
13099,0.0003531921829562634,9.175414015771821e-05
13100,0.00038718065479770303,9.169557597488165e-05
13101,0.0003972100093960762,9.163621871266514e-05
13102,0.00039077672408893704,9.15779237402603e-05
13103,0.00038858456537127495,9.151981794275343e-05
13104,0.0004060367355123162,9.146102820523083e-05
13105,0.0004474956076592207,9.140613110503182e-05
13106,0.0005141456495039165,9.134657739195973e-05
13107,0.0005812117015011609,9.12899267859757e-05
13108,0.0006528046214953065,9.122912160819396e-05
13109,0.0007132377941161394,9.117282752413303e-05
13110,0.0007973200408741832,9.111509280046448e-05
13111,0.0008854481275193393,9.105661592911929e-05
13112,0.0010256562381982803,9.100088209379464e-05
13113,0.0011393463937565684,9.094143752008677e-05
13114,0.0012702324893325567,9.088659135159105e-05
13115,0.0013271148782223463,9.082857286557555e-05
13116,0.0013957603368908167,9.077184222405776e-05
13117,0.0013510187854990363,9.071371459867805e-05
13118,0.0012739687226712704,9.06596178538166e-05
13119,0.0011085898149758577,9.060600132215768e-05
13120,0.0009486235794611275,9.054993279278278e-05
13121,0.0007539486978203058,9.049736399902031e-05
13122,0.0005771488067694008,9.044255421031266e-05
13123,0.00042248566751368344,9.038919961312786e-05
13124,0.00031256157672032714,9.034410322783515e-05
13125,0.0002456260845065117,9.02945757843554e-05
13126,0.00021978803852107376,9.025119652505964e-05
13127,0.00022581452503800392,9.021672303788364e-05
13128,0.0002549838391132653,9.019050048664212e-05
13129,0.00029914971673861146,9.017989941639826e-05
13130,0.0003538826131261885,9.018860146170482e-05
13131,0.00042226206278428435,9.023056918522343e-05
13132,0.0005020409007556736,9.032166417455301e-05
13133,0.0006129347602836788,9.048062202055007e-05
13134,0.000743229640647769,9.074674744624645e-05
13135,0.0009323187405243516,9.118839807342738e-05
13136,0.0011343002552166581,9.189460251946002e-05
13137,0.0014183310559019446,9.301867976319045e-05
13138,0.001677973777987063,9.479958680458367e-05
13139,0.002022392116487026,9.763810521690175e-05
13140,0.002229853067547083,0.00010215790098300204
13141,0.002409955020993948,0.00010940713400486857
13142,0.002307332120835781,0.00012109386443626136
13143,0.002088834997266531,0.00014003858086653054
13144,0.001617771340534091,0.0001708859927020967
13145,0.0011060719843953848,0.00022137998894322664
13146,0.0006319175590761006,0.00030433270148932934
13147,0.0003323501441627741,0.0004411349364090711
13148,0.0002338859048904851,0.000666693493258208
13149,0.0003090154204983264,0.001038093469105661
13150,0.0004963513929396868,0.0016430966788902879
13151,0.0007264491869136691,0.0026113283820450306
13152,0.0009708386496640742,0.00410065334290266
13153,0.0011530097108334303,0.00624026358127594
13154,0.0013051229761913419,0.008939092978835106
13155,0.0013431631959974766,0.01152778510004282
13156,0.0013614194467663765,0.012560846284031868
13157,0.001262775855138898,0.010529880411922932
13158,0.0011440509697422385,0.005693512968719006
13159,0.0009597988100722432,0.0013551267329603434
13160,0.0007959340000525117,0.0003714154299814254
13161,0.0006232140585780144,0.002575427759438753
13162,0.00048116358811967075,0.005132022779434919
13163,0.0003656905610114336,0.005182843189686537
13164,0.00028693460626527667,0.002676473930478096
13165,0.00023915883502922952,0.00044593651546165347
13166,0.00021879584528505802,0.0006655355682596564
13167,0.00021978290169499815,0.0023305057547986507
13168,0.00023710471577942371,0.0028515993617475033
13169,0.000266431481577456,0.0014770564157515764
13170,0.00030414623324759305,0.00028118351474404335
13171,0.00035054906038567424,0.0006901388405822217
13172,0.00040241488022729754,0.0015796817606315017
13173,0.00046894338447600603,0.0013606952270492911
13174,0.0005445462884381413,0.0004533151222858578
13175,0.0006502606556750834,0.00035256860428489745
13176,0.0007682942086830735,0.0009196707978844643
13177,0.0009375450317747891,0.0009416540851816535
13178,0.001114026876166463,0.00041636728565208614
13179,0.001363406772725284,0.0002945303567685187
13180,0.0015790832694619894,0.0006322889239527285
13181,0.0018439320847392082,0.0006661716615781188
13182,0.0019828504882752895,0.00032411760184913874
13183,0.002109539695084095,0.0002467231242917478
13184,0.002013678662478924,0.0005024007987231016
13185,0.001830373308621347,0.0005022038822062314
13186,0.0014605445321649313,0.00023868391872383654
13187,0.0010746164480224252,0.00023690008674748242
13188,0.0006882547168061137,0.00041052434244193137
13189,0.00040764702134765685,0.000365008192602545
13190,0.00025532141444273293,0.0002148429921362549
13191,0.00022907505626790226,0.0002136508555850014
13192,0.0002996146213263273,0.0002967784530483186
13193,0.0004314316320233047,0.00030004826840013266
13194,0.0006017020205035806,0.0002195585548179224
13195,0.0007769785588607192,0.0001698260457487777
13196,0.0009749814053066075,0.00021145856590010226
13197,0.0011367392726242542,0.00026200292631983757
13198,0.0013179648667573929,0.0002267056261189282
13199,0.0014261528849601746,0.00015832981443963945
13200,0.0015567262889817357,0.00015328775043599308
13201,0.001576306764036417,0.00019802081806119531
13202,0.0015889344504103065,0.0002163788303732872
13203,0.0014738354366272688,0.00018735293997451663
13204,0.0013424077769741416,0.00014896072389092296
13205,0.0011163295712321997,0.00013797538122162223
13206,0.0008875983767211437,0.00015793532656971365
13207,0.000647645618300885,0.00017982600547838956
13208,0.0004541985399555415,0.00017601078434381634
13209,0.00031435879645869136,0.00015226745745167136
13210,0.00023919244995340705,0.0001330390223301947
13211,0.0002220465976279229,0.0001293640525545925
13212,0.0002503309224266559,0.00013732892693951726
13213,0.0003105641808360815,0.000148376144352369
13214,0.00038965640123933554,0.00015229250129777938
13215,0.0004851559642702341,0.00014409809955395758
13216,0.0005856018979102373,0.0001307646743953228
13217,0.000709977641236037,0.00012176105519756675
13218,0.0008351340657100081,0.00011989285121671855
13219,0.0010023980867117643,0.0001231908390764147
13220,0.0011594771640375257,0.0001284515019506216
13221,0.0013746799668297172,0.00013145258708391339
13222,0.0015427322359755635,0.00012933571997564286
13223,0.001753227785229683,0.0001237597462022677
13224,0.001842258614487946,0.00011807166447397321
13225,0.001917774323374033,0.0001140700769610703
13226,0.0018053060630336404,0.00011237098078709096
13227,0.0016331594670191407,0.00011320674093440175
13228,0.0013110736617818475,0.00011531144264154136
13229,0.000978037714958191,0.00011663069744827226
13230,0.0006476175622083247,0.00011634919792413712
13231,0.00040637789061293006,0.00011475089559098706
13232,0.0002697373856790364,0.00011224299669265747
13233,0.00023773565771989524,0.0001093573373509571
13234,0.0002862436813302338,0.00010710804781410843
13235,0.00038615756784565747,0.00010595856292638928
13236,0.0005159643478691578,0.00010559013753663749
13237,0.0006531699327751994,0.00010562904208200052
13238,0.0008052675984799862,0.00010585952259134501
13239,0.000942027079872787,0.00010590257443254814
13240,0.0011033599730581045,0.00010540619405219331
13241,0.0012289349688217044,0.00010444608778925613
13242,0.0013853715499863029,0.00010326533083571121
13243,0.0014727037632837892,0.00010198054951615632
13244,0.0015788136515766382,0.0001007159153232351
13245,0.0015730814775452018,9.968904487323016e-05
13246,0.0015526027418673038,9.896888514049351e-05
13247,0.0014033939223736525,9.847457840805873e-05
13248,0.0012293540639802814,9.812314237933606e-05
13249,0.000978865660727024,9.791023330762982e-05
13250,0.0007429918041452765,9.775029320735484e-05
13251,0.0005251145921647549,9.753162157721817e-05
13252,0.0003716467472258955,9.724486153572798e-05
13253,0.0002853600890375674,9.690582373877987e-05
13254,0.00026423236704431474,9.650705032981932e-05
13255,0.0002940615522675216,9.603580110706389e-05
13256,0.0003587064566090703,9.554576536174864e-05
13257,0.0004443370853550732,9.505555499345064e-05
13258,0.0005431488971225917,9.456312545808032e-05
13259,0.0006521964678540826,9.406978642800823e-05
13260,0.0007707590702921152,9.360528201796114e-05
13261,0.0009060853044502437,9.317199146607891e-05
13262,0.0010551651939749718,9.274922194890678e-05
13263,0.0012320107780396938,9.234820026904345e-05
13264,0.0014190229121595621,9.196663449984044e-05
13265,0.001632868661545217,9.160961053567007e-05
13266,0.0018244899110868573,9.125926590058953e-05
13267,0.0020067081786692142,9.091458923649043e-05
13268,0.0020926680881530046,9.058897558134049e-05
13269,0.002096269279718399,9.027303894981742e-05
13270,0.0019378782017156482,8.99674414540641e-05
13271,0.0016661615809425712,8.967230678535998e-05
13272,0.001289923908188939,8.939065446611494e-05
13273,0.0009021312580443919,8.912148769013584e-05
13274,0.0005764036905020475,8.885929128155112e-05
13275,0.00037252239417284727,8.861251990310848e-05
13276,0.00031342965667136014,8.837757195578888e-05
13277,0.0003879079595208168,8.815784531179816e-05
13278,0.0005704015493392944,8.79442086443305e-05
13279,0.000825575552880764,8.775020251050591e-05
13280,0.0011647857027128339,8.756858005654067e-05
13281,0.0015266621485352516,8.740303746890277e-05
13282,0.0020041249226778746,8.72561868163757e-05
13283,0.0024550235830247402,8.713669376447797e-05
13284,0.0030313979368656874,8.705093205207959e-05
13285,0.0034874489065259695,8.702067862031981e-05
13286,0.0039437757804989815,8.707116649020463e-05
13287,0.004174624569714069,8.725230873096734e-05
13288,0.004225069656968117,8.764479571254924e-05
13289,0.004116351716220379,8.839349902700633e-05
13290,0.003878166200593114,8.972911018645391e-05
13291,0.0037100836634635925,9.205553214997053e-05
13292,0.003561733290553093,9.60703328019008e-05
13293,0.0034143798984587193,0.00010298100096406415
13294,0.0032090467866510153,0.00011488699237816036
13295,0.002852336037904024,0.00013547632261179388
13296,0.002428297419101,0.00017124201986007392
13297,0.002016219776123762,0.00023361603962257504
13298,0.001570486230775714,0.00034283148124814034
13299,0.001280991593375802,0.0005344719393178821
13300,0.0011539726983755827,0.0008707232191227376
13301,0.001247683889232576,0.001457101316191256
13302,0.0014987785834819078,0.0024654811713844538
13303,0.001749226008541882,0.004144285339862108
13304,0.0018459642305970192,0.006777143571525812
13305,0.0017042101826518774,0.010437618009746075
13306,0.001340561779215932,0.014430098235607147
13307,0.0008953668875619769,0.016750434413552284
13308,0.0004993024631403387,0.014536973088979721
13309,0.0002682179620023817,0.008369235321879387
13310,0.00023512484040111303,0.0020540710538625717
13311,0.0003612665459513664,0.0004966704873368144
13312,0.000561585184186697,0.0035815583541989326
13313,0.0007449713302776217,0.006866948213428259
13314,0.000845801318064332,0.0062586781568825245
13315,0.0008337501203641295,0.0025340099819004536
13316,0.0007294712122529745,0.000285907881334424
13317,0.0005703596398234367,0.001687728799879551
13318,0.0004100451769772917,0.0038303628098219633
13319,0.0002897345111705363,0.003254032228142023
13320,0.00023375466116704047,0.0009909000946208835
13321,0.00024073070380836725,0.0003827304462902248
13322,0.0002931329654529691,0.00174142443574965
13323,0.00036408769665285945,0.002344737993553281
13324,0.00042838527588173747,0.001145604532212019
13325,0.0004680803103838116,0.0003010123036801815
13326,0.00047626515151932836,0.0009449026547372341
13327,0.0004566903808154166,0.0014598986599594355
13328,0.0004225989105179906,0.0008554224041290581
13329,0.0003869623760692775,0.00033226460800506175
13330,0.00036878380342386663,0.0006303124828264117
13331,0.0003743991255760193,0.0009522918844595551
13332,0.0004192492924630642,0.0006614774465560913
13333,0.0005012626061215997,0.0002813705359585583
13334,0.0006331535987555981,0.0004769573570229113
13335,0.0008108813781291246,0.0007446135859936476
13336,0.0010583879193291068,0.0004563316470012069
13337,0.0013741577276960015,0.0002107421460095793
13338,0.0018126541981473565,0.0004262372385710478
13339,0.002325015841051936,0.0005361140356399119
13340,0.0029695238918066025,0.0003146918606944382
13341,0.0035735333804041147,0.00021249635028652847
13342,0.004172514658421278,0.00034366955514997244
13343,0.004343068692833185,0.00038517348002642393
13344,0.004043247550725937,0.00027449149638414383
13345,0.0031327870674431324,0.00020695288549177349
13346,0.002051702467724681,0.00024091111845336854
13347,0.0009919159347191453,0.00029169206391088665
13348,0.0003607392718549818,0.00026975918444804847
13349,0.0002978568081744015,0.00018968030053656548
13350,0.0006385586457327008,0.0001651085476623848
13351,0.001225080108270049,0.00022460166655946523
13352,0.0017377942567691207,0.0002538315311539918
13353,0.0020798626355826855,0.00019751544459722936
13354,0.0020967803429812193,0.00014348530385177583
13355,0.0019371177768334746,0.0001555899652885273
13356,0.001484763459302485,0.00019478575268294662
13357,0.0009137270972132683,0.00020407515694387257
13358,0.000571202952414751,0.0001750894298311323
13359,0.00034434464760124683,0.00013915856834501028
13360,0.00035423680674284697,0.00012882710143458098
13361,0.0003668786375783384,0.00014751552953384817
13362,0.0005067953024990857,0.00016748186317272484
13363,0.0006405319436453283,0.0001650133344810456
13364,0.0008209631778299809,0.00014491879846900702
13365,0.0009471212979406118,0.0001263642479898408
13366,0.0009326665895059705,0.0001190886105177924
13367,0.0010033060098066926,0.00012264930410310626
13368,0.0010479383636265993,0.00013231129560153931
13369,0.0011700323084369302,0.00013928714906796813
13370,0.000992093700915575,0.00013608552399091423
13371,0.0009926514467224479,0.0001251359935849905
13372,0.0009728833101689816,0.00011488876771181822
13373,0.0010515506146475673,0.00010995402408298105
13374,0.0009088310180231929,0.00011007497232640162
13375,0.0008629781659692526,0.00011364564124960452
13376,0.0008368848939426243,0.00011794555030064657
13377,0.0008261672919616103,0.00011918609379790723
13378,0.0007300615543499589,0.00011611589434323832
13379,0.0006337960949167609,0.00011101808922830969
13380,0.0005843254621140659,0.00010649483010638505
13381,0.0005003938567824662,0.00010348335490562022
13382,0.0004485983226913959,0.00010230667248833925
13383,0.00035196507815271616,0.00010311204823665321
13384,0.000319243932608515,0.00010482524521648884
13385,0.00026457803323864937,0.00010573859617579728
13386,0.00024842718266882,0.00010518732597120106
13387,0.00022722950961906463,0.000103618367575109
13388,0.00022167392307892442,0.00010148050932912156
13389,0.0002236249129055068,9.911227971315384e-05
13390,0.00022086346871219575,9.717144712340087e-05
13391,0.0002356131444685161,9.617540490580723e-05
13392,0.00023804533702787012,9.594167931936681e-05
13393,0.00025609732256270945,9.600014891475439e-05
13394,0.00026757619343698025,9.611340647097677e-05
13395,0.000293594115646556,9.618164040148258e-05
13396,0.0003204577951692045,9.594511357136071e-05
13397,0.00035669616772793233,9.528121154289693e-05
13398,0.00040165032260119915,9.436049003852531e-05
13399,0.0004740480799227953,9.342071280116215e-05
13400,0.0005654599517583847,9.251709707314149e-05
13401,0.0006840821006335318,9.167996176984161e-05
13402,0.0008202127064578235,9.103778575081378e-05
13403,0.0010386398062109947,9.062389290193096e-05
13404,0.0012771931942552328,9.035090624820441e-05
13405,0.0015878541162237525,9.013330418383703e-05
13406,0.0018456028774380684,8.997278200695291e-05
13407,0.002194232540205121,8.985032036434859e-05
13408,0.002376286080107093,8.969567716121674e-05
13409,0.002484596101567149,8.94810218596831e-05
13410,0.002289939671754837,8.922307461034507e-05
13411,0.001998090883716941,8.894246275303885e-05
13412,0.0014968565665185452,8.862666436471045e-05
13413,0.0010027509415522218,8.827320561977103e-05
13414,0.0006046252092346549,8.791822619969025e-05
13415,0.00039737572660669684,8.75753685249947e-05
13416,0.00039062488940544426,8.724303916096687e-05
13417,0.0005526486202143133,8.691298717167228e-05
13418,0.0008411046001128852,8.660397725179791e-05
13419,0.0012195658637210727,8.632233220851049e-05
13420,0.001672196900472045,8.606344636064023e-05
13421,0.0021373515482991934,8.582162263337523e-05
13422,0.00258438428863883,8.56069236760959e-05
13423,0.0030151205137372017,8.543182775611058e-05
13424,0.003444812959060073,8.529041951987892e-05
13425,0.0038221459835767746,8.518683898728341e-05
13426,0.004057249054312706,8.514393266523257e-05
13427,0.004354164935648441,8.518153481418267e-05
13428,0.004586821421980858,8.531899220542982e-05
13429,0.004845837131142616,8.559598791180179e-05
13430,0.005202833097428083,8.60816944623366e-05
13431,0.005444664508104324,8.686319051776081e-05
13432,0.0055093346163630486,8.80825609783642e-05
13433,0.005570159759372473,8.994292875286192e-05
13434,0.005575374234467745,9.277282515540719e-05
13435,0.004780936986207962,9.708742436487228e-05
13436,0.004334898665547371,0.00010365888010710478
13437,0.005240414757281542,0.00011373354936949909
13438,0.008218761533498764,0.0001292774686589837
13439,0.010860752314329147,0.00015342907863669097
13440,0.014840721152722836,0.00019112307927571237
13441,0.01936826854944229,0.0002503395371604711
13442,0.030783899128437042,0.00034365171450190246
13443,0.024524763226509094,0.0004914156161248684
13444,0.01584734208881855,0.0007247664616443217
13445,0.005486895330250263,0.0010924374219030142
13446,0.017018353566527367,0.0016623367555439472
13447,0.017417000606656075,0.002527602482587099
13448,0.012495562434196472,0.003775326767936349
13449,0.014482997357845306,0.005445319227874279
13450,0.01050107553601265,0.007356989663094282
13451,0.005804518237709999,0.008968161419034004
13452,0.01907425932586193,0.009389743208885193
13453,0.012449776753783226,0.007794393226504326
13454,0.01266420353204012,0.004701790865510702
13455,0.01087625790387392,0.0015911685768514872
13456,0.005875337868928909,0.00021061096049379557
13457,0.011050250381231308,0.0009259191574528813
13458,0.014590579085052013,0.0026343639474362135
13459,0.00879068486392498,0.0036732121370732784
13460,0.014503709971904755,0.0031119652558118105
13461,0.019845936447381973,0.0014995362143963575
13462,0.007431074045598507,0.00029365887166932225
13463,0.007713093888014555,0.00039094535168260336
13464,0.014240242540836334,0.0013215591898187995
13465,0.00537886843085289,0.001918391790241003
13466,0.008800122886896133,0.0015415833331644535
13467,0.015199008397758007,0.0006573314894922078
13468,0.008940477855503559,0.0001685892784735188
13469,0.006223584525287151,0.0004255875828675926
13470,0.011331978254020214,0.0009596303571015596
13471,0.004551500082015991,0.0011162256123498082
13472,0.006306263618171215,0.000760215800255537
13473,0.010133747942745686,0.0002900416438933462
13474,0.004599775653332472,0.00016134420002344996
13475,0.0033687488175928593,0.00039808236761018634
13476,0.008521020412445068,0.0006618235493078828
13477,0.008015692234039307,0.0006674157921224833
13478,0.005727910436689854,0.0004279328277334571
13479,0.006551189348101616,0.0001874240260804072
13480,0.004719222895801067,0.0001406127557856962
13481,0.00450330413877964,0.0002712331188376993
13482,0.005179840140044689,0.0004166025319136679
13483,0.005297243595123291,0.0004403920902404934
13484,0.0023211694788187742,0.0003350127662997693
13485,0.002704446204006672,0.00019296463869977742
13486,0.005578584037721157,0.00011862762767123058
13487,0.007297298405319452,0.0001427105162292719
13488,0.005154478829354048,0.00022064964286983013
13489,0.0050804815255105495,0.0002838823420461267
13490,0.004105381667613983,0.0002874556230381131
13491,0.0028565549291670322,0.00023497955407947302
13492,0.0029877685010433197,0.0001645322481635958
13493,0.00388504471629858,0.00011503759742481634
13494,0.004285684321075678,0.00010480554192326963
13495,0.0037858509458601475,0.00012829774641431868
13496,0.003130687866359949,0.00016363695613108575
13497,0.0016199867241084576,0.00018864840967580676
13498,0.002879873150959611,0.00019178673392161727
13499,0.0029227451886981726,0.00017388320702593774
13500,0.0014177307020872831,0.00014494148490484804
13501,0.0016718256520107388,0.00011727388482540846
13502,0.0022876376751810312,9.957192378351465e-05
13503,0.0020205352921038866,9.493598190601915e-05
13504,0.0012562207411974669,0.00010128825670108199
13505,0.001249230932444334,0.00011323348735459149
13506,0.0012555120047181845,0.00012493389658629894
13507,0.0013607330620288849,0.00013208175369072706
13508,0.001175349811092019,0.0001326931524090469
13509,0.0007663441356271505,0.0001274397800443694
13510,0.001017242670059204,0.00011847184941871092
13511,0.0010447925888001919,0.00010826912330230698
13512,0.0008536478853784502,9.914128168020397e-05
13513,0.00075852609006688,9.251260053133592e-05
13514,0.0008183449972420931,8.887288277037442e-05
13515,0.0006075198180042207,8.803544915281236e-05
13516,0.0006418670527637005,8.929176692618057e-05
13517,0.0007427139789797366,9.182187932310626e-05
13518,0.0005546085303649306,9.484511974733323e-05
13519,0.0005095485830679536,9.775362559594214e-05
13520,0.00046349046169780195,0.00010015469160862267
13521,0.000505413394421339,0.00010188453597947955
13522,0.0004470944113563746,0.00010296273831045255
13523,0.00048814871115610003,0.0001034807792166248
13524,0.0003779139369726181,0.00010357781138736755
13525,0.00034827389754354954,0.00010344400652684271
13526,0.0004315866972319782,0.00010321797162760049
13527,0.0004052103322464973,0.00010306281183147803
13528,0.000372872018488124,0.00010312750964658335
13529,0.0003307785955257714,0.00010354786354582757
13530,0.00031968244002200663,0.00010447252134326845
13531,0.00035458829370327294,0.00010606498835841194
13532,0.00037142931250855327,0.00010852605919353664
13533,0.00030710024293512106,0.0001121515961131081
13534,0.0002873975317925215,0.00011736821033991873
13535,0.00030997535213828087,0.00012476221309043467
13536,0.00031182519160211086,0.00013521904475055635
13537,0.00031454541021957994,0.00014994113007560372
13538,0.00028312744689173996,0.00017077778466045856
13539,0.0002655073767527938,0.00020032026804983616
13540,0.0002850076125469059,0.00024258610210381448
13541,0.00029609521152451634,0.00030318755307234824
13542,0.0002763252705335617,0.00039082259172573686
13543,0.0002651342947501689,0.0005172528908587992
13544,0.0002647741057444364,0.0007004846120253205
13545,0.00026275537675246596,0.0009629763080738485
13546,0.0002754209563136101,0.0013367616338655353
13547,0.00026550397160463035,0.001851920154877007
13548,0.000253660895396024,0.0025398433208465576
13549,0.0002550447825342417,0.003388203214854002
13550,0.0002571289078332484,0.004329883027821779
13551,0.000257396895904094,0.005162471905350685
13552,0.0002552987716626376,0.005571062210947275
13553,0.0002496665983926505,0.00525419507175684
13554,0.00024726655101403594,0.004085375461727381
13555,0.0002500999835319817,0.002449228661134839
13556,0.00024834732175804675,0.0009513308759778738
13557,0.00024691392900422215,0.00018762362014967948
13558,0.000245996518060565,0.0003105035866610706
13559,0.00024306135310325772,0.0010109508875757456
13560,0.0002433750923955813,0.0017364926170557737
13561,0.00024274802126456052,0.0019977048505097628
13562,0.000242038702708669,0.001664959592744708
13563,0.0002412673638900742,0.0009640848147682846
13564,0.00024021831632126123,0.0003445347538217902
13565,0.00023853976745158434,0.00012313654588069767
13566,0.00023857090855017304,0.0003190722782164812
13567,0.00023831406724639237,0.0006960956379771233
13568,0.00023740596952848136,0.0009582304628565907
13569,0.00023719322052784264,0.0009485475602559745
13570,0.00023568503092974424,0.000697288429364562
13571,0.00023485701240133494,0.0003742955159395933
13572,0.00023519055685028434,0.00015333907504100353
13573,0.00023467905703000724,0.00011836383782792836
13574,0.00023419567150995135,0.0002365923282923177
13575,0.00023334610159508884,0.0004030221316497773
13576,0.00023249175865203142,0.0005128036718815565
13577,0.00023225466429721564,0.0005129463970661163
13578,0.00023228186182677746,0.0004165277350693941
13579,0.00023166160099208355,0.00027783261612057686
13580,0.00023116511874832213,0.0001587251463206485
13581,0.00023052270989865065,9.85481747193262e-05
13582,0.00022996938787400723,0.00010390387615188956
13583,0.00022993379388935864,0.0001548774162074551
13584,0.00022959944908507168,0.0002201301249442622
13585,0.00022913262364454567,0.0002720192715059966
13586,0.00022867390362080187,0.00029472153983078897
13587,0.00022817097487859428,0.0002862366382032633
13588,0.0002279111067764461,0.000253870093729347
13589,0.00022764186724089086,0.00020932139887008816
13590,0.00022731005446985364,0.00016397029685322195
13591,0.00022691930644214153,0.0001260677818208933
13592,0.0002265565999550745,0.00010005406511481851
13593,0.00022617676586378366,8.67802300490439e-05
13594,0.00022590692969970405,8.460813842248172e-05
13595,0.00022561413061339408,9.077369031729177e-05
13596,0.0002252751000924036,0.00010246287274640054
13597,0.00022499097394756973,0.000117319512355607
13598,0.00022465246729552746,0.00013369730731938034
13599,0.00022434875427279621,0.00015071335656102747
13600,0.00022406781499739736,0.00016818707808852196
13601,0.00022376151173375547,0.00018658781482372433
13602,0.00022349582286551595,0.00020657949789892882
13603,0.00022322316362988204,0.0002293322904733941
13604,0.00022293490474112332,0.0002559260174166411
13605,0.00022264805738814175,0.00028823214233852923
13606,0.00022238025849219412,0.0003278650692664087
13607,0.00022210305905900896,0.00037769158370792866
13608,0.00022185608395375311,0.00044025995885021985
13609,0.00022160730441100895,0.0005200273008085787
13610,0.0002213386760558933,0.0006205695681273937
13611,0.00022108686971478164,0.0007480092463083565
13612,0.00022082684154156595,0.0009054707479663193
13613,0.0002205800119554624,0.0010986881097778678
13614,0.00022034534777048975,0.001324314158409834
13615,0.00022010874818079174,0.00157917442265898
13616,0.00021987294894643128,0.0018398677930235863
13617,0.00021963522885926068,0.0020787869580090046
13618,0.00021939422003924847,0.00224338099360466
13619,0.00021916721016168594,0.0022826329804956913
13620,0.00021894241217523813,0.002152676461264491
13621,0.0002187218051403761,0.0018418594263494015
13622,0.00021850623306818306,0.0013979730429127812
13623,0.00021828037279192358,0.0009044138132594526
13624,0.00021806411677971482,0.0004744203179143369
13625,0.0002178499271394685,0.0001924031530506909
13626,0.0002176397101720795,9.512108226772398e-05
13627,0.00021743084653280675,0.00016048613179009408
13628,0.00021722311794292182,0.00032477418426424265
13629,0.00021702275262214243,0.0005103012663312256
13630,0.00021681899670511484,0.0006488576764240861
13631,0.00021661899518221617,0.0007039258489385247
13632,0.0002164190518669784,0.0006663615349680185
13633,0.0002162283635698259,0.0005593954119831324
13634,0.00021603505592793226,0.00041685262112878263
13635,0.00021584202477242798,0.0002769884595181793
13636,0.00021565528004430234,0.00016794567636679858
13637,0.00021546531934291124,0.0001044109885697253
13638,0.00021528330398723483,8.718194294488057e-05
13639,0.000215095016756095,0.00010716111864894629
13640,0.0002149129577446729,0.00015068703214637935
13641,0.0002147338818758726,0.0002041985426330939
13642,0.00021455512614920735,0.0002569828648120165
13643,0.0002143817546311766,0.0003022815508302301
13644,0.00021420777193270624,0.000337040371960029
13645,0.0002140358556061983,0.0003609551931731403
13646,0.00021386357548180968,0.00037566229002550244
13647,0.0002136949187843129,0.00038363179191946983
13648,0.00021352808107621968,0.0003875343536492437
13649,0.00021335732890293002,0.0003900702577084303
13650,0.00021319524967111647,0.0003932689141947776
13651,0.0002130348584614694,0.0003994754224549979
13652,0.00021287414710968733,0.0004101337108295411
13653,0.00021271509467624128,0.0004274116363376379
13654,0.00021255550382193178,0.00045263898209668696
13655,0.00021239958005025983,0.0004883158253505826
13656,0.00021224547526799142,0.0005362689844332635
13657,0.0002120891585946083,0.0005998119595460594
13658,0.00021194227156229317,0.0006814834196120501
13659,0.00021179084433242679,0.0007856510346755385
13660,0.0002116435207426548,0.0009144999785348773
13661,0.00021149322856217623,0.0010716475080698729
13662,0.00021134330017957836,0.0012555286521092057
13663,0.00021119853772688657,0.0014638126594945788
13664,0.00021105981431901455,0.0016838505398482084
13665,0.0002109161578118801,0.0018967967480421066
13666,0.00021076911070849746,0.002071854192763567
13667,0.0002106328756781295,0.002168795093894005
13668,0.00021049199858680367,0.0021534827537834644
13669,0.0002103581791743636,0.0019935802556574345
13670,0.000210223050089553,0.0017012659227475524
13671,0.00021008678595535457,0.0013039516052231193
13672,0.00020995059458073229,0.000879388302564621
13673,0.00020982178102713078,0.0004990446614101529
13674,0.00020968850003555417,0.00023092064657248557
13675,0.00020955748914275318,0.00010380215826444328
13676,0.0002094266819767654,0.00011016055213985965
13677,0.000209300487767905,0.00021243991795927286
13678,0.0002091734786517918,0.000359335943358019
13679,0.00020904812845401466,0.0005028540617786348
13680,0.0002089201589114964,0.0006058372091501951
13681,0.0002088001638185233,0.000652667076792568
13682,0.00020867447892669588,0.0006393229705281556
13683,0.0002085525484289974,0.0005788968410342932
13684,0.00020843272795900702,0.00048699876060709357
13685,0.00020830956054851413,0.000383514299755916
13686,0.00020819185010623187,0.0002841789391823113
13687,0.0002080725389532745,0.00020082744595129043
13688,0.0002079545083688572,0.00013946423132438213
13689,0.00020784088701475412,0.00010133722389582545
13690,0.00020772719290107489,8.416658965870738e-05
13691,0.00020761217456310987,8.381644875044003e-05
13692,0.00020749669056385756,9.580928599461913e-05
13693,0.00020738656166940928,0.00011632556561380625
13694,0.00020727550145238638,0.0001427096431143582
13695,0.00020716366998385638,0.00017357640899717808
13696,0.00020705541828647256,0.00020892731845378876
13697,0.00020694389240816236,0.00024997274158522487
13698,0.0002068368048639968,0.00029923979309387505
13699,0.0002067303576041013,0.00036076485412195325
13700,0.0002066205779556185,0.00044010512647219
13701,0.00020651519298553467,0.0005454314523376524
13702,0.00020641239825636148,0.0006867853808216751
13703,0.0002063073479803279,0.0008789686253294349
13704,0.00020620212308131158,0.001137569430284202
13705,0.0002061011764453724,0.0014835797483101487
13706,0.00020599989511538297,0.0019309715135022998
13707,0.00020589827909134328,0.0024876780807971954
13708,0.0002057968667941168,0.003127566073089838
13709,0.00020569725893437862,0.003776836907491088
13710,0.0002056007506325841,0.0043037049472332
13711,0.0002055017394013703,0.004501196090131998
13712,0.0002054014621535316,0.0042404490523040295
13713,0.00020530734036583453,0.0034350031055510044
13714,0.0002052088238997385,0.0023192334920167923
13715,0.00020511668117251247,0.001178927719593048
13716,0.00020502104598563164,0.00039294519228860736
13717,0.00020492635667324066,0.00013022831990383565
13718,0.00020483176922425628,0.00035035115433856845
13719,0.0002047405141638592,0.0008318749605678022
13720,0.0002046464360319078,0.0012873397208750248
13721,0.00020455602498259395,0.001504796906374395
13722,0.00020446593407541513,0.001376636908389628
13723,0.00020437483908608556,0.001006632810458541
13724,0.000204284573555924,0.0005544137093238533
13725,0.00020419714564923197,0.00022001421893946826
13726,0.00020410516299307346,0.00010240020492346957
13727,0.00020401962683536112,0.00018901241128332913
13728,0.00020393345039337873,0.00038621173007413745
13729,0.00020384750678204,0.0005788464331999421
13730,0.00020375879830680788,0.0006916990969330072
13731,0.000203673291252926,0.0006914926925674081
13732,0.00020359005429781973,0.000598541519138962
13733,0.0002035042125498876,0.0004511844599619508
13734,0.00020342221250757575,0.00029563039424829185
13735,0.0002033380587818101,0.00017098247190006077
13736,0.00020325877994764596,0.00010074292367789894
13737,0.00020317577582318336,9.041227167472243e-05
13738,0.00020309127285145223,0.00012830797641072422
13739,0.0002030165633186698,0.00019272878125775605
13740,0.00020293387933634222,0.00026137084932997823
13741,0.00020285506616346538,0.0003180693311151117
13742,0.00020277748990338296,0.0003559355973266065
13743,0.00020270496315788478,0.00037353046354837716
13744,0.0002026365982601419,0.0003735614300239831
13745,0.00020256967400200665,0.00035935218329541385
13746,0.0002025118883466348,0.00033476235694251955
13747,0.00020246554049663246,0.00030456780223175883
13748,0.00020244205370545387,0.00027290487196296453
13749,0.00020244542974978685,0.00024331812164746225
13750,0.00020250293891876936,0.00021762358665000647
13751,0.00020263752958271652,0.00019603285181801766
13752,0.0002029035531450063,0.00017842311353888363
13753,0.0002033856580965221,0.0001641586859477684
13754,0.0002042263513430953,0.00015330150199588388
13755,0.0002056700614048168,0.00014569374616257846
13756,0.00020814657909795642,0.0001413838326698169
13757,0.00021234397718217224,0.00014016113709658384
13758,0.00021955498959869146,0.00014188971545081586
13759,0.00023181925644166768,0.00014674976409878582
13760,0.00025312521029263735,0.00015539064770564437
13761,0.0002894368954002857,0.0001690285571385175
13762,0.00035350280813872814,0.00018951388483401388
13763,0.0004623962158802897,0.00021926264162175357
13764,0.0006571668200194836,0.0002620354061946273
13765,0.0009813193464651704,0.0003226565313525498
13766,0.001561290118843317,0.0004094422038178891
13767,0.002464572200551629,0.0005327335675247014
13768,0.004005057737231255,0.0007096289191395044
13769,0.00601531146094203,0.000959445838816464
13770,0.008807928301393986,0.0013112672604620457
13771,0.010900567285716534,0.0017900526290759444
13772,0.011698249727487564,0.0024231986608356237
13773,0.009090028703212738,0.0031991975847631693
13774,0.004668533802032471,0.004061232320964336
13775,0.0014965462032705545,0.00484940130263567
13776,0.0018879144918173552,0.0053020971827209
13777,0.00459252716973424,0.0051841516979038715
13778,0.0071870130486786366,0.004322079010307789
13779,0.006866708863526583,0.002979010809212923
13780,0.004675343632698059,0.0015298065263777971
13781,0.0019396365387365222,0.0005233510164543986
13782,0.0016139950603246689,0.00019305868772789836
13783,0.0031717116944491863,0.0004836890147998929
13784,0.004703874699771404,0.001083526061847806
13785,0.004383985884487629,0.001609202940016985
13786,0.0028978707268834114,0.0017968829488381743
13787,0.0013054142473265529,0.0015312375035136938
13788,0.0004272561054676771,0.0010060647036880255
13789,0.0008411445305682719,0.0004512912128120661
13790,0.0015431054634973407,0.00014160832506604493
13791,0.002029780764132738,0.00016080570640042424
13792,0.0023046075366437435,0.0004148035659454763
13793,0.001934825791977346,0.0007108931895345449
13794,0.0015461451839655638,0.0008633649558760226
13795,0.0008454970084130764,0.0008256559376604855
13796,0.00042478495743125677,0.000630896829534322
13797,0.0005143326707184315,0.00040170439751818776
13798,0.0007499434286728501,0.00022752529184799641
13799,0.0010934413876384497,0.00014483381528407335
13800,0.0011904356069862843,0.00014198925055097789
13801,0.0009085552883334458,0.00018765837012324482
13802,0.0005874657072126865,0.0002586473128758371
13803,0.000323477725032717,0.0003346273151692003
13804,0.00028081965865567327,0.0003982728812843561
13805,0.0004473758162930608,0.00043095924775116146
13806,0.000599714636337012,0.0004193213826511055
13807,0.000657923286780715,0.00036911695497110486
13808,0.0006354248616844416,0.00029565300792455673
13809,0.0004515250911936164,0.00022285034356173128
13810,0.00033479923149570823,0.0001653418003115803
13811,0.00023724240600131452,0.00012715949560515583
13812,0.00024398522509727627,0.00010424399079056457
13813,0.00031945478986017406,9.105245408136398e-05
13814,0.00038941740058362484,8.594321116106585e-05
13815,0.00045108876656740904,8.97002246347256e-05
13816,0.00045544549357146025,0.00010288180055795237
13817,0.0003900015144608915,0.00012334962957538664
13818,0.00032590533373877406,0.00014707438822370023
13819,0.00025701362756080925,0.00017107336316257715
13820,0.000217029097257182,0.00019478649483062327
13821,0.00022011782857589424,0.0002212604886153713
13822,0.00023758914903737605,0.00025442795595154166
13823,0.0002724087389651686,0.00029778655152767897
13824,0.00029734871350228786,0.00035472525632940233
13825,0.0003050094237551093,0.00042671302799135447
13826,0.000300511164823547,0.0005194995319470763
13827,0.00027676791069097817,0.0006361206760630012
13828,0.00024748401483520865,0.0007869912078604102
13829,0.0002272505225846544,0.0009745430434122682
13830,0.00020916041103191674,0.0012076934799551964
13831,0.00020631182997021824,0.0014791018329560757
13832,0.000211768172448501,0.00178267783485353
13833,0.00022124103270471096,0.002085521351546049
13834,0.0002326016256120056,0.0023477436043322086
13835,0.00023818272165954113,0.002504987409338355
13836,0.00023998526739887893,0.0024955414701253176
13837,0.00023719281307421625,0.0022847678046673536
13838,0.00022834824630990624,0.0018761905375868082
13839,0.00022024453210178763,0.0013547869166359305
13840,0.00021215673768892884,0.0008226173231378198
13841,0.00020576402312144637,0.00040317661478184164
13842,0.00020330201368778944,0.0001617422967683524
13843,0.00020220549777150154,0.00011255305435042828
13844,0.0002043391577899456,0.00021435541566461325
13845,0.00020689284428954124,0.0003979580069426447
13846,0.00020944388234056532,0.0005898001836612821
13847,0.00021234541782177985,0.0007269622874446213
13848,0.00021345031564123929,0.0007790954550728202
13849,0.00021362281404435635,0.0007312619127333164
13850,0.00021305252448655665,0.0006131739355623722
13851,0.00021127122454345226,0.00045368101564235985
13852,0.00020934297936037183,0.00029988260939717293
13853,0.00020703126210719347,0.00018067059863824397
13854,0.00020491069881245494,0.00011149120109621435
13855,0.00020327948732301593,9.010711073642597e-05
13856,0.00020170447533018887,0.00010399519669590518
13857,0.00020089317695237696,0.00013874600699637085
13858,0.00020040839444845915,0.00018247371190227568
13859,0.00020017215865664184,0.00022951992286834866
13860,0.00020042993128299713,0.0002764505916275084
13861,0.00020073870837222785,0.00032237431150861084
13862,0.00020124734146520495,0.0003661394293885678
13863,0.0002018989180214703,0.0004060149658471346
13864,0.000202565744984895,0.0004430152184795588
13865,0.00020346770179457963,0.00047697583795525134
13866,0.0002045014698524028,0.0005127649055793881
13867,0.00020585941092576832,0.0005519845290109515
13868,0.0002077998360618949,0.0005998486303724349
13869,0.0002104021841660142,0.0006569112301804125
13870,0.00021438684780150652,0.0007255591335706413
13871,0.0002202471368946135,0.0008052342454902828
13872,0.0002293218276463449,0.0008962663123384118
13873,0.00024305727856699377,0.0009973208652809262
13874,0.00026452314341440797,0.0011060490505769849
13875,0.00029752205591648817,0.0012166479136794806
13876,0.00035048468271270394,0.0013212562771514058
13877,0.00043267657747492194,0.001406766241416335
13878,0.0005651877727359533,0.0014597472036257386
13879,0.0007700496935285628,0.001465915353037417
13880,0.0011012768372893333,0.0014142473228275776
13881,0.0016087319236248732,0.0013042716309428215
13882,0.0024146700743585825,0.001138747320510447
13883,0.0035931351594626904,0.0009391503408551216
13884,0.0052951425313949585,0.0007215625955723226
13885,0.007501726970076561,0.0005157077684998512
13886,0.009943374432623386,0.00033719956991262734
13887,0.012012768536806107,0.0002037149970419705
13888,0.012288176454603672,0.00011952818022109568
13889,0.010304998606443405,8.410854934481904e-05
13890,0.00672523770481348,8.982900908449665e-05
13891,0.0037969425320625305,0.00012564695498440415
13892,0.0032347766682505608,0.00017949019093066454
13893,0.005153116304427385,0.00024019082775339484
13894,0.007033487316220999,0.0003005011531058699
13895,0.007177725899964571,0.0003548031090758741
13896,0.004411141388118267,0.0004038628831040114
13897,0.0014499141834676266,0.00044736091513186693
13898,0.0007753043901175261,0.000490061123855412
13899,0.0024448507465422153,0.0005339463241398335
13900,0.004328771959990263,0.0005828013527207077
13901,0.004328281152993441,0.0006388369365595281
13902,0.0026851051952689886,0.0007033181027509272
13903,0.0009068959625437856,0.0007789041264913976
13904,0.0005300449556671083,0.0008648850489407778
13905,0.0015514157712459564,0.0009641725337132812
13906,0.0024801790714263916,0.0010737511329352856
13907,0.0024624334182590246,0.0011938228271901608
13908,0.0015568750677630305,0.0013174464693292975
13909,0.0006314296624623239,0.0014371363213285804
13910,0.00033195881405845284,0.0015417526010423899
13911,0.0006507906946353614,0.0016134022735059261
13912,0.001229331479407847,0.001642414485104382
13913,0.0015771703328937292,0.0016068906988948584
13914,0.0015664247330278158,0.001511678216047585
13915,0.0011846462730318308,0.0013456714805215597
13916,0.0005692638223990798,0.001136423903517425
13917,0.0003303944249637425,0.0008928148308768868
13918,0.00036007692688144743,0.0006533284322358668
13919,0.0006201608339324594,0.00043579601333476603
13920,0.000918496516533196,0.00026552495546638966
13921,0.0009341473341919482,0.00015013196389190853
13922,0.0008323465008288622,9.141353075392544e-05
13923,0.0006386833847500384,8.182614692486823e-05
13924,0.000451026891823858,0.00010960832878481597
13925,0.0003611559804994613,0.00016179056547116488
13926,0.00035514580667950213,0.00022657214140053838
13927,0.000440117932157591,0.0002958850818686187
13928,0.0005065532750450075,0.0003632975567597896
13929,0.000522101647220552,0.000428342551458627
13930,0.0004840672481805086,0.000489493424538523
13931,0.0003846508916467428,0.0005511960480362177
13932,0.0003104418283328414,0.0006145735969766974
13933,0.0002916118537541479,0.0006847818731330335
13934,0.0003079336602240801,0.0007638827664777637
13935,0.00035114100319333375,0.000854689278639853
13936,0.0003750558535102755,0.0009589407127350569
13937,0.0003687661373987794,0.0010749141220003366
13938,0.0003385604068171233,0.0012020954163745046
13939,0.00028485688380897045,0.0013321181759238243
13940,0.00024692885926924646,0.0014589611673727632
13941,0.0002203852345701307,0.0015675643226131797
13942,0.00021679504425264895,0.0016441589687019587
13943,0.00023713968403171748,0.0016741513973101974
13944,0.00025979537167586386,0.001641121692955494
13945,0.000280831940472126,0.0015470711514353752
13946,0.0002868623996619135,0.001384505769237876
13947,0.00027813194901682436,0.001181726693175733
13948,0.000261316861724481,0.0009437294211238623
13949,0.00023711012909188867,0.0007110871956683695
13950,0.00021831569029018283,0.0004923014203086495
13951,0.00020724363275803626,0.0003165511880069971
13952,0.0002031006442848593,0.00018731216550804675
13953,0.0002078676625387743,0.00011229883966734633
13954,0.00021443930745590478,8.670581155456603e-05
13955,0.00022152115707285702,0.00010270930215483531
13956,0.00022617218201048672,0.00014886190183460712
13957,0.00022574790637008846,0.00021287026174832135
13958,0.0002234569692518562,0.00028460053727030754
13959,0.00021784589625895023,0.00035427577677182853
13960,0.00021185845253057778,0.0004204353899694979
13961,0.00020752663840539753,0.00047795119462534785
13962,0.00020430548465810716,0.0005341680953279138
13963,0.00020369456615298986,0.0005887168808840215
13964,0.00020441290689632297,0.0006522830808535218
13965,0.00020642607705667615,0.0007276235846802592
13966,0.00020893228065688163,0.0008222709293477237
13967,0.0002103840233758092,0.0009393289219588041
13968,0.00021141639444977045,0.0010785073973238468
13969,0.00021152294357307255,0.0012408164329826832
13970,0.00021075137192383409,0.0014141163555905223
13971,0.00020974015933461487,0.0015936021227389574
13972,0.00020812879665754735,0.0017524752765893936
13973,0.0002066777233267203,0.0018762063700705767
13974,0.00020553838112391531,0.0019330655923113227
13975,0.0002048079331871122,0.0019070315174758434
13976,0.0002048299356829375,0.0017919139936566353
13977,0.0002051361370831728,0.0015899400459602475
13978,0.00020618719281628728,0.0013403265038505197
13979,0.0002077978861052543,0.0010585932759568095
13980,0.00020989836775697768,0.000800237525254488
13981,0.00021275639301165938,0.0005646114004775882
13982,0.00021635039593093097,0.00038629554910585284
13983,0.00022107455879449844,0.00025083415675908327
13984,0.00022723258007317781,0.00017197437409777194
13985,0.00023539602989330888,0.00014168326742947102
13986,0.0002464507706463337,0.00015913305105641484
13987,0.0002616480633150786,0.00021465483587235212
13988,0.0002826000563800335,0.0002947291068267077
13989,0.00031200851663015783,0.00038430345011875033
13990,0.00035295874113216996,0.00046406296314671636
13991,0.00041120476089417934,0.000529203680343926
13992,0.0004933096934109926,0.0005622822791337967
13993,0.0006102370098233223,0.0005770524148829281
13994,0.00077475281432271,0.0005666106007993221
13995,0.001006723614409566,0.0005538800614885986
13996,0.0013277638936415315,0.0005428768927231431
13997,0.0017642711754888296,0.0005487865419127047
13998,0.0023329975083470345,0.000575107173062861
13999,0.0030335402116179466,0.0006217937916517258
14000,0.0038101596292108297,0.0006876590196043253
14001,0.004545120522379875,0.0007630127365700901
14002,0.005004893988370895,0.0008491448825225234
14003,0.004988479427993298,0.0009341326076537371
14004,0.004297314211726189,0.0010255665984004736
14005,0.0031529851257801056,0.0011119730770587921
14006,0.0019003928173333406,0.0012018574634566903
14007,0.001081733382306993,0.0012837214162573218
14008,0.0009402628638781607,0.0013587980065494776
14009,0.0013835033169016242,0.0014172113733366132
14010,0.0020457168575376272,0.0014491388574242592
14011,0.0025828636717051268,0.0014538121176883578
14012,0.0025664258282631636,0.0014101230772212148
14013,0.0021131960675120354,0.0013346243649721146
14014,0.0013092757435515523,0.0012001614086329937
14015,0.0006175593007355928,0.0010419513564556837
14016,0.00025528704281896353,0.0008418948855251074
14017,0.00028242648113518953,0.00064377102535218
14018,0.0005828067660331726,0.00044917655759491026
14019,0.000984092359431088,0.00029021271620877087
14020,0.0013758030254393816,0.00017409735301043838
14021,0.0015892009250819683,0.00010726308391895145
14022,0.001662833383306861,8.42489826027304e-05
14023,0.0014799247728660703,9.407366451341659e-05
14024,0.0012125378707423806,0.0001240940619027242
14025,0.0008715054718777537,0.0001622509880689904
14026,0.0006076369900256395,0.00020279419550206512
14027,0.0004614775534719229,0.00024053017841652036
14028,0.0004391429538372904,0.0002798076020553708
14029,0.0004974445910193026,0.000322416570270434
14030,0.0005786978872492909,0.00037757886457256973
14031,0.0006303319823928177,0.0004518168861977756
14032,0.0006279100198298693,0.0005549407796934247
14033,0.0005740430788137019,0.0006978941964916885
14034,0.0004876867460552603,0.0008899227250367403
14035,0.00040587130934000015,0.0011486636940389872
14036,0.00034680505632422864,0.0014772888971492648
14037,0.0003288616717327386,0.0018945878837257624
14038,0.00034809065982699394,0.0023720250464975834
14039,0.0003960885514970869,0.002895922400057316
14040,0.000459024915471673,0.003361806506291032
14041,0.0005210388917475939,0.003682464826852083
14042,0.0005731317214667797,0.0037206450942903757
14043,0.0006069110240787268,0.0034104653168469667
14044,0.0006243388052098453,0.0028059640899300575
14045,0.0006270710146054626,0.0020292189437896013
14046,0.0006258374778553843,0.0013371669920161366
14047,0.0006261757807806134,0.0008343099616467953
14048,0.0006409233319573104,0.0006155971786938608
14049,0.0006775174988433719,0.0005537525285035372
14050,0.0007402249029837549,0.000595753313973546
14051,0.0008420050144195557,0.0006454463582485914
14052,0.0009676152258180082,0.0007008776883594692
14053,0.0011479563545435667,0.000759259972255677
14054,0.0013295101234689355,0.0008094751974567771
14055,0.0015639704652130604,0.0008429934387095273
14056,0.0017415365437045693,0.000787596742156893
14057,0.0019302207510918379,0.000677009578794241
14058,0.001981975743547082,0.00047068868298083544
14059,0.001975710503757,0.0002759873168542981
14060,0.0018108433578163385,0.0001417748280800879
14061,0.0015851460630074143,0.0001198273675981909
14062,0.0013056290335953236,0.0001974309707293287
14063,0.001054130494594574,0.00031772584770806134
14064,0.0008670720853842795,0.0004211330378893763
14065,0.0007534560863859951,0.00044865423114970326
14066,0.0007051978027448058,0.00041448918636888266
14067,0.0006962624029256403,0.0003310699248686433
14068,0.0006999459001235664,0.00025601231027394533
14069,0.0007059937343001366,0.00021787309378851205
14070,0.0007035355665720999,0.00022565710241906345
14071,0.0006906503112986684,0.0002636395220179111
14072,0.0006776460213586688,0.0003030615916941315
14073,0.0006545543437823653,0.0003274546470493078
14074,0.0006449940847232938,0.0003243063692934811
14075,0.0006294049089774489,0.0003101305046584457
14076,0.0006357726524583995,0.00029766856459900737
14077,0.000642812461592257,0.00030850459006614983
14078,0.0006755011272616684,0.0003504334017634392
14079,0.0007177303778007627,0.00042643651249818504
14080,0.0007862997590564191,0.0005325807724148035
14081,0.0008729710825718939,0.0006657707854174078
14082,0.000983955804258585,0.0008308266988024116
14083,0.001117180334404111,0.001034542452543974
14084,0.0012667581904679537,0.001293328357860446
14085,0.0014341187197715044,0.0016195474890992045
14086,0.0015999538591131568,0.0020120469853281975
14087,0.001764609944075346,0.0024593642447143793
14088,0.0018967129290103912,0.002893140073865652
14089,0.0019934331066906452,0.0032403001096099615
14090,0.0020219844300299883,0.003364873118698597
14091,0.0019813443068414927,0.0031878610607236624
14092,0.0018586966907605529,0.0026831524446606636
14093,0.0016632117331027985,0.0019503162475302815
14094,0.0014177807606756687,0.001195048913359642
14095,0.0011426045093685389,0.0006073809927329421
14096,0.0008847708813846111,0.00031387340277433395
14097,0.000658362521789968,0.0002858072111848742
14098,0.0004995967610739172,0.0004283398448023945
14099,0.0004026125534437597,0.000610058312304318
14100,0.00037442019674926996,0.0007544556865468621
14101,0.00039546264451928437,0.0008245250210165977
14102,0.00045342728844843805,0.0008215729030780494
14103,0.0005310507258400321,0.0007673685904592276
14104,0.0006121870246715844,0.0006597925676032901
14105,0.0006893493700772524,0.0005344463279470801
14106,0.0007491291034966707,0.00037944596260786057
14107,0.000792869133874774,0.00024646479869261384
14108,0.0008111278293654323,0.00015339712263084948
14109,0.0008107152534648776,0.00013062541256658733
14110,0.0007861850317567587,0.00017593835946172476
14111,0.0007467679679393768,0.0002635249402374029
14112,0.0006910627125762403,0.0003563371137715876
14113,0.0006282040849328041,0.0004135707567911595
14114,0.0005595723632723093,0.0004276890540495515
14115,0.0004920881474390626,0.0003918790025636554
14116,0.00042795506305992603,0.0003380225389264524
14117,0.0003709708107635379,0.00028542158543132246
14118,0.00032257509883493185,0.00025519952760078013
14119,0.00028378277784213424,0.00025123453815467656
14120,0.00025483034551143646,0.00026508024893701077
14121,0.00023529751342721283,0.0002853883779607713
14122,0.0002248824603157118,0.00029824022203683853
14123,0.00022339736460708082,0.0003031864471267909
14124,0.00023124473227653652,0.0002994879614561796
14125,0.0002507477765902877,0.00030004297150298953
14126,0.00028473627753555775,0.0003120051696896553
14127,0.0003425530157983303,0.00034583202796056867
14128,0.0004320397274568677,0.00040416777483187616
14129,0.0005818769568577409,0.0004902025684714317
14130,0.0008054461213760078,0.0006044005858711898
14131,0.0011824003886431456,0.0007498274208046496
14132,0.0017045116983354092,0.0009326477884314954
14133,0.0025542499497532845,0.0011600268771871924
14134,0.003548135980963707,0.0014393494930118322
14135,0.004925018176436424,0.0017736746231094003
14136,0.005982172675430775,0.0021471644286066294
14137,0.006702209357172251,0.0025326821487396955
14138,0.00608599279075861,0.0028582257218658924
14139,0.0043953582644462585,0.0030479764100164175
14140,0.0022465677466243505,0.0030073393136262894
14141,0.0009314404451288283,0.002692193491384387
14142,0.001091817975975573,0.0021402351558208466
14143,0.002262106630951166,0.0014631942613050342
14144,0.0035001863725483418,0.0008432308095507324
14145,0.0039307717233896255,0.0004099501820746809
14146,0.003431071527302265,0.00023005716502666473
14147,0.002121678786352277,0.00025757274124771357
14148,0.000890400493517518,0.0004069980059284717
14149,0.0003583846555557102,0.0005774378078058362
14150,0.0006360803381539881,0.0007077471818774939
14151,0.0013677950482815504,0.0007684723823331296
14152,0.0020360073540359735,0.0007604691199958324
14153,0.0024045647587627172,0.0007045155507512391
14154,0.0021710090804845095,0.0006066474597901106
14155,0.0016086376272141933,0.0004984241677448153
14156,0.0008875900530256331,0.0003716887440532446
14157,0.0003841778088826686,0.0002608256181702018
14158,0.00023706807405687869,0.0001703751622699201
14159,0.0004241319838911295,0.00012476788833737373
14160,0.0007990546291694045,0.00012830144260078669
14161,0.0011609253706410527,0.00017479070811532438
14162,0.0014142509317025542,0.0002457640948705375
14163,0.0014172804076224566,0.0003166156238876283
14164,0.0012567189987748861,0.00037192198215052485
14165,0.0009244198445230722,0.0003958520828746259
14166,0.0005993972881697118,0.0003979451721534133
14167,0.0003861915320158005,0.00038142286939546466
14168,0.0003453756507951766,0.00036625313805416226
14169,0.0004453949222806841,0.00036260957131162286
14170,0.0006168780382722616,0.00037961220368742943
14171,0.0007928648265078664,0.0004205172590445727
14172,0.0009186702081933618,0.0004809036327060312
14173,0.0009692105231806636,0.0005610729567706585
14174,0.0009208531118929386,0.0006520882016047835
14175,0.0008077222155407071,0.0007623984711244702
14176,0.0006669311551377177,0.000883803644683212
14177,0.0005453154444694519,0.0010320809669792652
14178,0.0004744910402223468,0.0011951640481129289
14179,0.0004657871322706342,0.0013838501181453466
14180,0.0005232900730334222,0.0015734535409137607
14181,0.0006449282518588006,0.0017567365430295467
14182,0.0008181118755601346,0.001898936228826642
14183,0.0010326349874958396,0.0019745458848774433
14184,0.0012881587026640773,0.0019648829475045204
14185,0.0015745176933705807,0.001842675730586052
14186,0.0019092931179329753,0.0016365754418075085
14187,0.0022825091145932674,0.001336714718490839
14188,0.002687039552256465,0.0010140477679669857
14189,0.003097082953900099,0.0006807241006754339
14190,0.0034403917379677296,0.000405794067773968
14191,0.003698504064232111,0.00020698273146990687
14192,0.0037540739867836237,0.00010909450065810233
14193,0.0036244639195501804,0.00010548396676313132
14194,0.0032431939616799355,0.00017564193694852293
14195,0.0026760899927467108,0.0002884526620618999
14196,0.002020127372816205,0.00041026907274499536
14197,0.0013987646671012044,0.000517851731274277
14198,0.0009652822045609355,0.0005876780487596989
14199,0.000777034554630518,0.0006229446735233068
14200,0.0007990107405930758,0.0006170040578581393
14201,0.000982703291811049,0.0005900650867260993
14202,0.001186060020700097,0.0005491180345416069
14203,0.0013633174821734428,0.0005109498160891235
14204,0.0014486617874354124,0.00048264203360304236
14205,0.0014201787998899817,0.0004662295978050679
14206,0.0012971314135938883,0.00046121038030833006
14207,0.0010881790658459067,0.00045915128430351615
14208,0.0008427732391282916,0.0004583420231938362
14209,0.0006004497408866882,0.00045044213766232133
14210,0.0004059054481331259,0.0004397359734866768
14211,0.00028950220439583063,0.00042366111301817
14212,0.000259429682046175,0.0004102592065464705
14213,0.0003039167495444417,0.0004004375368822366
14214,0.000398762320401147,0.0004001987399533391
14215,0.0005097603425383568,0.00040962843922898173
14216,0.0006087969522923231,0.0004304404719732702
14217,0.0006748352898284793,0.00046155930613167584
14218,0.0006980517646297812,0.0005020454991608858
14219,0.0006813290528953075,0.0005527252797037363
14220,0.0006336254882626235,0.0006124862702563405
14221,0.0005685498472303152,0.0006860755966044962
14222,0.000503701507113874,0.0007736593252047896
14223,0.00044671795330941677,0.0008828636491671205
14224,0.0004111426533199847,0.0010150676826015115
14225,0.00039217312587425113,0.001176998601295054
14226,0.0003965836076531559,0.0013685862068086863
14227,0.00041040321229957044,0.001587536884471774
14228,0.000436666130553931,0.0018245361279696226
14229,0.00045995088294148445,0.0020559965632855892
14230,0.00048400310333818197,0.0022528120316565037
14231,0.0004970876616425812,0.0023676815908402205
14232,0.0005062473355792463,0.002360287355259061
14233,0.000503462040796876,0.002199453767389059
14234,0.0004993698094040155,0.001885595265775919
14235,0.0004874671285506338,0.0014673251425847411
14236,0.0004811533144675195,0.0010142993414774537
14237,0.0004727247287519276,0.0006213277811184525
14238,0.0004770530213136226,0.0003445047768764198
14239,0.00048365816473960876,0.00021324747649487108
14240,0.0005086520104669034,0.00020193976524751633
14241,0.0005382776726037264,0.00027163809863850474
14242,0.0005907882587052882,0.0003691745805554092
14243,0.0006490253144875169,0.00046173634473234415
14244,0.0007349312654696405,0.0005257591838017106
14245,0.0008260245667770505,0.0005584480240941048
14246,0.0009503262117505074,0.0005624575424008071
14247,0.0010737632401287556,0.0005455178907141089
14248,0.0012318120570853353,0.0005173428216949105
14249,0.0013708004262298346,0.000477630237583071
14250,0.0015341897960752249,0.0004362644103821367
14251,0.001642267918214202,0.00038302020402625203
14252,0.0017456412315368652,0.00032998831011354923
14253,0.0017471534665673971,0.000267747906036675
14254,0.001708415918983519,0.0002101061982102692
14255,0.0015507300850003958,0.00015540365711785853
14256,0.0013514423044398427,0.000113296126073692
14257,0.0010853639105334878,8.514944784110412e-05
14258,0.0008282631170004606,7.271756476256996e-05
14259,0.0005908213788643479,7.421598274959251e-05
14260,0.00041058665374293923,8.633945253677666e-05
14261,0.00029145769076421857,0.00010533689783187583
14262,0.0002320367784705013,0.0001275313552469015
14263,0.00022235186770558357,0.00015157985035330057
14264,0.00025073596043512225,0.0001757581630954519
14265,0.0003078246081713587,0.00020339537877589464
14266,0.0003842201840598136,0.00023625984613317996
14267,0.00048228539526462555,0.0002836736384779215
14268,0.0005893587367609143,0.00035484079853631556
14269,0.0007260406855493784,0.00046914658742025495
14270,0.000863996334373951,0.0006530068931169808
14271,0.0010465469677001238,0.000946571642998606
14272,0.0012125304201617837,0.0014140179846435785
14273,0.0014288119273260236,0.0021220892667770386
14274,0.0015827607130631804,0.0031779296696186066
14275,0.0017588473856449127,0.004568618722259998
14276,0.0017979997210204601,0.00624740170314908
14277,0.0017999145202338696,0.007697954308241606
14278,0.0016223189886659384,0.008343294262886047
14279,0.0013891388662159443,0.007399620022624731
14280,0.0010537543566897511,0.0050460947677493095
14281,0.0007397779845632613,0.0023992666974663734
14282,0.0004689618363045156,0.0010794475674629211
14283,0.0002959730918519199,0.0015410869382321835
14284,0.0002225539501523599,0.002368750050663948
14285,0.00023613170196767896,0.0023295581340789795
14286,0.00031409430084750056,0.0010468980763107538
14287,0.0004343839536886662,0.00040951065602712333
14288,0.0005865811253897846,0.0011412978637963533
14289,0.0007496445905417204,0.0018957073334604502
14290,0.0009406532626599073,0.0016327124321833253
14291,0.0011183562455698848,0.0007305808248929679
14292,0.0013285309541970491,0.0006360437255352736
14293,0.0014923957642167807,0.0009588879183866084
14294,0.0016774815740063787,0.0007136097410693765
14295,0.0017683918122202158,0.00030795251950621605
14296,0.001843200996518135,0.00046519062016159296
14297,0.0017877958016470075,0.0008879706729203463
14298,0.0016858779126778245,0.000865201698616147
14299,0.0014904236886650324,0.0004837954184040427
14300,0.0012873676605522633,0.0003373701183591038
14301,0.0011113573564216495,0.0004477159818634391
14302,0.0010240455158054829,0.00042296358151361346
14303,0.0010798447765409946,0.00025773895322345197
14304,0.0013097618939355016,0.00022841774625703692
14305,0.001744148670695722,0.00038054154720157385
14306,0.0024342078249901533,0.0004798324662260711
14307,0.003362627699971199,0.00036011674092151225
14308,0.004598237574100494,0.00018497600103728473
14309,0.005904636345803738,0.00013070605928078294
14310,0.00716477632522583,0.00020754398428834975
14311,0.007645159959793091,0.00028722576098516583
14312,0.00709938071668148,0.0002658661687746644
14313,0.005191483534872532,0.00017822076915763319
14314,0.002815227024257183,0.00010516810289118439
14315,0.0010063524823635817,0.00010362936882302165
14316,0.000568929361179471,0.0001585269783390686
14317,0.0013308526249602437,0.00021623777865897864
14318,0.002459461335092783,0.0002394297334831208
14319,0.0029745642095804214,0.00021954429394099861
14320,0.0025617838837206364,0.00018394096696283668
14321,0.0014845792902633548,0.0001569097803439945
14322,0.0005287413368932903,0.00015221553621813655
14323,0.0002294703444931656,0.00016452997806482017
14324,0.0006017329869791865,0.00017754410509951413
14325,0.0012618296314030886,0.0001797412260202691
14326,0.0017538091633468866,0.00016447005327790976
14327,0.0018959998851642013,0.00014091112825553864
14328,0.0016296441899612546,0.00011776296742027625
14329,0.0012513630790635943,0.00010484957601875067
14330,0.0009194191661663353,0.00010428551468066871
14331,0.000829752825666219,0.00011276039731455967
14332,0.0009315484203398228,0.0001239932025782764
14333,0.0010859606554731727,0.00013206119183450937
14334,0.0011502188863232732,0.0001350270613329485
14335,0.0010312951635569334,0.00013398905866779387
14336,0.0007727796910330653,0.00013343369937501848
14337,0.00048631051322445273,0.0001376197615172714
14338,0.0002855726925190538,0.00015011518553365022
14339,0.00022398759028874338,0.00017267774092033505
14340,0.0002833506150636822,0.00020584408775903285
14341,0.0003962763585150242,0.00025116291362792253
14342,0.0004865591472480446,0.00031057975138537586
14343,0.0005045508150942624,0.0003916714049410075
14344,0.0004503326490521431,0.0005020751268602908
14345,0.00035512360045686364,0.0006589306867681444
14346,0.00026858161436393857,0.0008774158777669072
14347,0.00022544473176822066,0.0011855559423565865
14348,0.00023595927632413805,0.0016048246761783957
14349,0.0002857623912859708,0.0021693373564630747
14350,0.0003501502797007561,0.0028836631681770086
14351,0.0004024920053780079,0.0037451235111802816
14352,0.00043627017294056714,0.0046487064100801945
14353,0.0004496928886510432,0.005451232194900513
14354,0.0004688352928496897,0.005827723536640406
14355,0.0005013704067096114,0.005572813097387552
14356,0.0005798257770948112,0.004497788846492767
14357,0.0007032093708403409,0.0029565910808742046
14358,0.0009014796232804656,0.0014162997249513865
14359,0.0011645840713754296,0.000490830629132688
14360,0.001528287772089243,0.0003486074856482446
14361,0.001971201738342643,0.0007922952645458281
14362,0.002537138992920518,0.001376740401610732
14363,0.003134623169898987,0.001722064334899187
14364,0.003776299301534891,0.0016816919669508934
14365,0.004174146801233292,0.001314692315645516
14366,0.004256203770637512,0.000877940037753433
14367,0.0037393539678305387,0.0005139694549143314
14368,0.0028273318894207478,0.00036031563649885356
14369,0.0016655497020110488,0.0003847661428153515
14370,0.0007263808511197567,0.0005289355176500976
14371,0.0002723315265029669,0.000694548012688756
14372,0.0003306417784187943,0.0007835307624191046
14373,0.000752098043449223,0.0007558274664916098
14374,0.001297052251175046,0.000586808193475008
14375,0.001806169282644987,0.0003738022060133517
14376,0.002051075454801321,0.00018641873612068594
14377,0.0020431866869330406,0.00011252875265199691
14378,0.0017057560617104173,0.00016347592463716865
14379,0.0012111947871744633,0.0002884349087253213
14380,0.0007305301260203123,0.0004087296547368169
14381,0.000400144315790385,0.00045124476309865713
14382,0.00025833857944235206,0.0004120374214835465
14383,0.0002860208915080875,0.0003085928037762642
14384,0.00043612904846668243,0.00020310968102421612
14385,0.0006437874399125576,0.00013380422024056315
14386,0.0008724071085453033,0.00011434030602686107
14387,0.0010360359447076917,0.00012940159649588168
14388,0.0011229205410927534,0.00015065685147419572
14389,0.0011080706026405096,0.00015931259258650243
14390,0.0010345128830522299,0.00014776030729990453
14391,0.0008840457303449512,0.00012899751891382039
14392,0.000696807517670095,0.00011629672371782362
14393,0.0005131669458933175,0.00012102397886337712
14394,0.0003650011494755745,0.0001438145263819024
14395,0.00026239120052196085,0.0001769053633324802
14396,0.00020892191969323903,0.00021093530813232064
14397,0.00019902180065400898,0.0002375696349190548
14398,0.00022462033666670322,0.00025830394588410854
14399,0.00027228580438531935,0.0002760548668447882
14400,0.0003346409066580236,0.00030106803751550615
14401,0.00040179339703172445,0.00033784430706873536
14402,0.0004663222352974117,0.00039190889219753444
14403,0.0005310503765940666,0.0004610444884747267
14404,0.0005839483346790075,0.0005443034460768104
14405,0.0006328188464976847,0.0006368254544213414
14406,0.0006618691841140389,0.0007371241226792336
14407,0.0006918358849361539,0.0008413774776272476
14408,0.0007053704466670752,0.0009482574532739818
14409,0.0007309269858524203,0.0010494529269635677
14410,0.0007364002522081137,0.0011397351045161486
14411,0.000746056844945997,0.001201830804347992
14412,0.0007334612309932709,0.0012271949090063572
14413,0.0007314643589779735,0.001198546146042645
14414,0.0007032212452031672,0.0011159051209688187
14415,0.0006746789440512657,0.0009810791816562414
14416,0.0006249646539799869,0.0008117809193208814
14417,0.0005850415327586234,0.000630078895483166
14418,0.0005332044092938304,0.000457845744676888
14419,0.00048797921044752,0.0003145591472275555
14420,0.0004389313980937004,0.0002071679336950183
14421,0.000401320809032768,0.0001387186930514872
14422,0.00036616617580875754,0.00010325647599529475
14423,0.00034023463376797736,9.528736700303853e-05
14424,0.00031777520780451596,0.0001077281340258196
14425,0.0003030378429684788,0.00013533614401239902
14426,0.0002924723376054317,0.00017326515808235854
14427,0.00028809718787670135,0.00021746812853962183
14428,0.000286890659481287,0.0002641614992171526
14429,0.0002908183087129146,0.00030963573954068124
14430,0.0002984999737236649,0.0003530357498675585
14431,0.00031304964795708656,0.0003920714952982962
14432,0.0003332173218950629,0.00043079251190647483
14433,0.0003641422954387963,0.00047013931907713413
14434,0.0004050089337397367,0.000517761567607522
14435,0.00046728545567020774,0.0005780950887128711
14436,0.0005480990512296557,0.0006585333030670881
14437,0.0006695351330563426,0.0007659470429643989
14438,0.0008207439677789807,0.0009032035013660789
14439,0.0010454568546265364,0.0010777785209938884
14440,0.0013058383483439684,0.001282092067413032
14441,0.001675872248597443,0.0015185088850557804
14442,0.0020443329121917486,0.0017583237495273352
14443,0.002498375717550516,0.0019881990738213062
14444,0.002820549299940467,0.002155534690245986
14445,0.0030876649543642998,0.002233231673017144
14446,0.0030353721231222153,0.0021816487424075603
14447,0.002750940853729844,0.0019972508307546377
14448,0.0021994158159941435,0.0017120976699516177
14449,0.0016011110274121165,0.0013639802346006036
14450,0.0011140418937429786,0.0010346212657168508
14451,0.000872876844368875,0.0007417340530082583
14452,0.0009149176767095923,0.0005338666378520429
14453,0.0011877954239025712,0.00037909328239038587
14454,0.0016081157373264432,0.0002899147802963853
14455,0.002083865460008383,0.00024233560543507338
14456,0.002559553598985076,0.00024224654771387577
14457,0.0028459616005420685,0.00028267991729080677
14458,0.002969174413010478,0.00035470080911181867
14459,0.0027290426660329103,0.00044113927287980914
14460,0.0022668535821139812,0.0005162348388694227
14461,0.0016566130798310041,0.0005683917552232742
14462,0.0011027790606021881,0.0005676195723935962
14463,0.0007736836560070515,0.0005308659747242928
14464,0.00073480443097651,0.0004460520576685667
14465,0.0009505859343335032,0.00035052833845838904
14466,0.0013274953234940767,0.00025563809322193265
14467,0.001754342345520854,0.0001871209969976917
14468,0.0020502314437180758,0.00015184613585006446
14469,0.002138609066605568,0.00014770322013646364
14470,0.001958716195076704,0.0001638034009374678
14471,0.00166495016310364,0.00018515274859964848
14472,0.001241834368556738,0.00020167793263681233
14473,0.0008259780588559806,0.0002043778367806226
14474,0.0005713206483051181,0.00019687390886247158
14475,0.0004535032785497606,0.00018127981456927955
14476,0.00048300178605131805,0.00016807836072985083
14477,0.0005948404432274401,0.00016359031724277884
14478,0.0007671825587749481,0.000175280321855098
14479,0.0009575146250426769,0.000207035947823897
14480,0.001169343013316393,0.0002633519470691681
14481,0.001307934639044106,0.0003489327500574291
14482,0.0013372445246204734,0.0004731550579890609
14483,0.0012586707016453147,0.0006514994893223047
14484,0.001135708880610764,0.0009087516227737069
14485,0.0009319775854237378,0.001279432326555252
14486,0.0006503489566966891,0.0018111071549355984
14487,0.0004391849506646395,0.002540351590141654
14488,0.00028437795117497444,0.0034993987064808607
14489,0.0002386324485996738,0.004606124013662338
14490,0.0002469535975251347,0.005693577695637941
14491,0.00031539410701952875,0.006373814307153225
14492,0.0004071652074344456,0.006245581898838282
14493,0.0004965409752912819,0.005124361719936132
14494,0.0005899664247408509,0.0032996598165482283
14495,0.0006459902506321669,0.001618749462068081
14496,0.0007017922471277416,0.0007541142404079437
14497,0.0007325977785512805,0.0008612327510491014
14498,0.0007613629568368196,0.0013354183174669743
14499,0.0007690188358537853,0.0016261739656329155
14500,0.0007733864476904273,0.001439164625480771
14501,0.0007770907832309604,0.0011126023018732667
14502,0.0007741377921774983,0.0009957973379641771
14503,0.0007700161659158766,0.0010906714014708996
14504,0.0007607886800542474,0.001217944547533989
14505,0.0007507678819820285,0.0009820294799283147
14506,0.00074306147871539,0.0005837451317347586
14507,0.0007353585679084063,0.00027186560328118503
14508,0.0007469715783372521,0.00028959091287106276
14509,0.0007757570710964501,0.000564460176974535
14510,0.0008368375711143017,0.0008029842283576727
14511,0.0009293077746406198,0.0008384663378819823
14512,0.0010748339118435979,0.0005814946489408612
14513,0.0013017354067415,0.00027297023916617036
14514,0.0016086357645690441,9.70342371147126e-05
14515,0.002051569987088442,0.00013760465662926435
14516,0.0026504392735660076,0.0003087215591222048
14517,0.003416757332161069,0.00044768472434952855
14518,0.004224187694489956,0.0004679214325733483
14519,0.00506205391138792,0.0003455311234574765
14520,0.005895497277379036,0.00019155237532686442
14521,0.006117775104939938,9.166351810563356e-05
14522,0.005145153496414423,9.13212716113776e-05
14523,0.0036145681515336037,0.00016346920165233314
14524,0.0023260507732629776,0.00024212454445660114
14525,0.0011898493394255638,0.0002763992524705827
14526,0.0003467931237537414,0.0002433563640806824
14527,0.0006516086286865175,0.0001756794226821512
14528,0.000832147488836199,0.00011056118819396943
14529,0.0015251676086336374,8.1379315815866e-05
14530,0.001840826589614153,9.269365546060726e-05
14531,0.0018965937197208405,0.00012574421998579055
14532,0.0019570905715227127,0.00015501060988754034
14533,0.0018113807309418917,0.0001597585214767605
14534,0.0020821643993258476,0.0001412206911481917
14535,0.001296540955081582,0.00010897636093432084
14536,0.0015740904491394758,8.202200115192682e-05
14537,0.0016690056072548032,7.13075278326869e-05
14538,0.0025936919264495373,7.806810754118487e-05
14539,0.002938034711405635,9.464043250773102e-05
14540,0.0033658924512565136,0.00011011291644535959
14541,0.003934324719011784,0.00011749425175366923
14542,0.0038950229063630104,0.00011500413529574871
14543,0.003375634318217635,0.00010865717194974422
14544,0.0023410457652062178,0.00010568139259703457
14545,0.0015176385641098022,0.00011313588765915483
14546,0.00108023127540946,0.00013466287055052817
14547,0.0011240261374041438,0.00017180005670525134
14548,0.0016254568472504616,0.00022586199338547885
14549,0.0021266997791826725,0.0003011553199030459
14550,0.0023994059301912785,0.0004085170803591609
14551,0.001979960361495614,0.0005666449433192611
14552,0.0012623290531337261,0.0008030470344237983
14553,0.0005609646323136985,0.0011597065022215247
14554,0.0002602563181426376,0.001675325445830822
14555,0.00046179763739928603,0.0024090027436614037
14556,0.0008802667143754661,0.003346044570207596
14557,0.0013634748756885529,0.004457524511963129
14558,0.0015695022884756327,0.005483673885464668
14559,0.0014701882610097528,0.006125173065811396
14560,0.0011701746843755245,0.005971893668174744
14561,0.0007775623816996813,0.004903591237962246
14562,0.0005162629531696439,0.0032913433387875557
14563,0.00030101920128799975,0.001759133068844676
14564,0.00040077752782963216,0.0009400059934705496
14565,0.0004961012164130807,0.0007734199170954525
14566,0.0006699897348880768,0.0009909544605761766
14567,0.0007564707193523645,0.0012158004101365805
14568,0.0007113006431609392,0.0014151642099022865
14569,0.000652835238724947,0.001575063681229949
14570,0.0005107580218464136,0.001528687309473753
14571,0.0004303684108890593,0.001258160686120391
14572,0.0002918868267443031,0.000683862715959549
14573,0.00024419862893410027,0.00025056852609850466
14574,0.00023032850003801286,0.00022007949883118272
14575,0.00023690599482506514,0.0005500119877979159
14576,0.00028900918550789356,0.0009193657897412777
14577,0.0002976926334667951,0.0009636606555432081
14578,0.00035135901998728514,0.0007170392200350761
14579,0.00034984550438821316,0.00034654123010113835
14580,0.00036195042775943875,0.00014331561396829784
14581,0.00034493140992708504,0.00018212050781585276
14582,0.0003112715785391629,0.00033893645741045475
14583,0.00029222198645584285,0.00044461089419201016
14584,0.00025564266252331436,0.00039916945388540626
14585,0.00024335893976967782,0.000280731706880033
14586,0.00021588156232610345,0.0001893922162707895
14587,0.0002096603566315025,0.00019697747484315187
14588,0.00020385788229759783,0.00027531414525583386
14589,0.0002040932304225862,0.00033980325679294765
14590,0.00021055282559245825,0.0003341521951369941
14591,0.00021504404139705002,0.0002544846502132714
14592,0.00022485150839202106,0.000161219053552486
14593,0.00023216669796966016,0.0001070187208824791
14594,0.00023790623527020216,0.00010831871622940525
14595,0.0002475067740306258,0.00013920980563852936
14596,0.00024916953407227993,0.0001586475409567356
14597,0.0002589320938568562,0.00014782408834435046
14598,0.00026018667267635465,0.00011215042468393221
14599,0.00026965822326019406,7.909907435532659e-05
14600,0.00027361520915292203,6.838083209004253e-05
14601,0.0002839761436916888,8.19853157736361e-05
14602,0.0002941886486951262,0.00010550407750997692
14603,0.0003074461128562689,0.00012098051229258999
14604,0.0003259197110310197,0.00012175612937426195
14605,0.00035067490534856915,0.00011212599201826379
14606,0.0003848686465062201,0.000105896862805821
14607,0.00042925257002934813,0.00011367648403393105
14608,0.0004898682236671448,0.000138640301884152
14609,0.0005742805078625679,0.00017745958757586777
14610,0.0006905144546180964,0.00022530031856149435
14611,0.0008458444499410689,0.00028481404297053814
14612,0.001057519344612956,0.00036398463998921216
14613,0.0013340755831450224,0.00048302370123565197
14614,0.0017126926686614752,0.0006597201572731137
14615,0.0021747068967670202,0.0009224319364875555
14616,0.002755554625764489,0.0012861659051850438
14617,0.0033500785939395428,0.001778133912011981
14618,0.003951213322579861,0.0023842272348701954
14619,0.004319199360907078,0.003085783217102289
14620,0.004362274892628193,0.003757141763344407
14621,0.003830468747764826,0.00424962630495429
14622,0.002857670420780778,0.004331682808697224
14623,0.0016808484215289354,0.0038688755594193935
14624,0.0007253732183016837,0.0029134228825569153
14625,0.0002644133928697556,0.001738063059747219
14626,0.0003625322715379298,0.0007653467473573983
14627,0.000814866041764617,0.0002699078759178519
14628,0.001338448142632842,0.00029161747079342604
14629,0.0016662317793816328,0.0006291911122389138
14630,0.0016962268855422735,0.0010269158519804478
14631,0.0014372143195942044,0.0012765119317919016
14632,0.0010319072753190994,0.0012869801139459014
14633,0.0006391315837390721,0.0010877480963245034
14634,0.0003945799544453621,0.0007388727972283959
14635,0.000339323392836377,0.00040168894338421524
14636,0.00043268324225209653,0.0001795047428458929
14637,0.0006146400701254606,0.00014785649545956403
14638,0.0007877405732870102,0.0002811653830576688
14639,0.0008955752709880471,0.0004834159626625478
14640,0.0009127748780883849,0.000643107108771801
14641,0.0008445906569249928,0.0006719195516780019
14642,0.0007186925504356623,0.0005785352550446987
14643,0.0005794567987322807,0.00040425179759040475
14644,0.00047740197624079883,0.00024024912272579968
14645,0.00044342040200717747,0.00014124883455224335
14646,0.0004962668172083795,0.00011878120130859315
14647,0.0006312827463261783,0.00014396675396710634
14648,0.0008668240625411272,0.0001744552282616496
14649,0.0011395786423236132,0.00018900184659287333
14650,0.0014809496933594346,0.00018578657181933522
14651,0.001789811416529119,0.0001868566614575684
14652,0.0022049497347325087,0.00020818732446059585
14653,0.0024964227341115475,0.00025403796462342143
14654,0.002750346902757883,0.0003159086045343429
14655,0.0028662243857979774,0.0003771454794332385
14656,0.003007631516084075,0.0004317015700507909
14657,0.0030803955160081387,0.00047608843306079507
14658,0.0029522511176764965,0.0005249745445325971
14659,0.0028236720245331526,0.0005841344827786088
14660,0.0025981857907027006,0.0006659762002527714
14661,0.0022491328418254852,0.0007637384114786983
14662,0.001740122213959694,0.0008739557815715671
14663,0.0012296325294300914,0.0009787093149498105
14664,0.0006841609720140696,0.0010676690144464374
14665,0.000417339731939137,0.0011237561702728271
14666,0.00035524097620509565,0.0011391823645681143
14667,0.0005051125190220773,0.0011037258664146066
14668,0.0007872730493545532,0.0010180011158809066
14669,0.0010796927381306887,0.0008851803140714765
14670,0.00133328081574291,0.0007198644452728331
14671,0.00137942167930305,0.0005409438163042068
14672,0.0014347557444125414,0.00037160463398322463
14673,0.0014200732111930847,0.00023156414681579918
14674,0.001467621186748147,0.0001336312125204131
14675,0.001396804815158248,8.105712186079472e-05
14676,0.00139391771517694,6.889496580697596e-05
14677,0.0015430987114086747,8.741673082113266e-05
14678,0.001639586640521884,0.00012558401795104146
14679,0.0015682368539273739,0.00017384167585987598
14680,0.0014116333331912756,0.0002248739474453032
14681,0.0012417456600815058,0.0002744797384366393
14682,0.0009872403461486101,0.0003201353829354048
14683,0.0006548690726049244,0.0003616884059738368
14684,0.0004208416794426739,0.00039947463665157557
14685,0.0002668226952664554,0.0004352747346274555
14686,0.00022919861658010632,0.0004708462511189282
14687,0.00025988154811784625,0.0005091317580081522
14688,0.0003270551096647978,0.0005521316197700799
14689,0.00042323791421949863,0.0006035436526872218
14690,0.000488896039314568,0.0006636731559410691
14691,0.000573177938349545,0.0007362462347373366
14692,0.0005945548182353377,0.000818362517748028
14693,0.0006459590513259172,0.0009128237143158913
14694,0.0006961736362427473,0.0010120030492544174
14695,0.0007744329050183296,0.00111664948053658
14696,0.0008272702107205987,0.0012135428842157125
14697,0.0008924786234274507,0.0012997494777664542
14698,0.0010095859179273248,0.0013582903193309903
14699,0.0011145609896630049,0.0013836121652275324
14700,0.0012102196924388409,0.0013633191119879484
14701,0.0012580229667946696,0.001294706016778946
14702,0.00132636702619493,0.0011803109664469957
14703,0.0013225292786955833,0.001025494420900941
14704,0.0012876142282038927,0.0008488978492096066
14705,0.0011846431298181415,0.0006612353608943522
14706,0.0010657603852450848,0.0004854812868870795
14707,0.0009006945765577257,0.0003303412813693285
14708,0.0007472075521945953,0.00021000450942665339
14709,0.0005910409381613135,0.0001267247716896236
14710,0.0004607857554219663,8.201427408494055e-05
14711,0.00035247858613729477,7.135546184144914e-05
14712,0.00027840567054226995,8.823984535411e-05
14713,0.00022870360407978296,0.00012470997171476483
14714,0.0002031790354521945,0.00017301685875281692
14715,0.0001956153428182006,0.00022716584498994052
14716,0.0002037278318312019,0.0002825349220074713
14717,0.00022284955775830895,0.000339027785230428
14718,0.0002522791619412601,0.00039664714131504297
14719,0.00028796226251870394,0.00046135784941725433
14720,0.0003356784873176366,0.0005384313990361989
14721,0.00039706731331534684,0.0006370740011334419
14722,0.0004749681684188545,0.0007676459499634802
14723,0.0005715540610253811,0.0009379572584293783
14724,0.00069478276418522,0.0011611904483288527
14725,0.0008775338064879179,0.0014340163907036185
14726,0.00109391612932086,0.0017617264529690146
14727,0.0013732488732784986,0.0021072733215987682
14728,0.0016692576464265585,0.002443901961669326
14729,0.0020762449130415916,0.0026842623483389616
14730,0.002404899103567004,0.0027721221558749676
14731,0.0026697530411183834,0.0026363309007138014
14732,0.002700391225516796,0.0022847047075629234
14733,0.0026293648406863213,0.0017897107172757387
14734,0.0022489093244075775,0.0012669070856645703
14735,0.0016660133842378855,0.0008553639054298401
14736,0.0010931246215477586,0.0005924765137024224
14737,0.0006818040274083614,0.0004892267752438784
14738,0.0004670671187341213,0.000452746928203851
14739,0.00042889657197520137,0.00045122543815523386
14740,0.0005710592959076166,0.0004401064070407301
14741,0.0007789183873683214,0.0004362773324828595
14742,0.001072932849638164,0.00045109062921255827
14743,0.001309469691477716,0.0004911270225420594
14744,0.0015115041751414537,0.0005486635491251945
14745,0.0016310014761984348,0.0005887041334062815
14746,0.0017583545995876193,0.0006040005246177316
14747,0.001738624763675034,0.0005479319370351732
14748,0.0015112189576029778,0.0004548773868009448
14749,0.0013266748283058405,0.0003178938932251185
14750,0.001077291090041399,0.0001928587444126606
14751,0.0009427797049283981,0.00010280530841555446
14752,0.0006167765241116285,6.913830293342471e-05
14753,0.0005536493845283985,8.80374209373258e-05
14754,0.0003355852677486837,0.0001396561856381595
14755,0.0003483268083073199,0.0001992956968024373
14756,0.0002384180115768686,0.0002410463202977553
14757,0.0002694625873118639,0.00025980849750339985
14758,0.0002630995004437864,0.00024837342789396644
14759,0.0002781718212645501,0.00022563175298273563
14760,0.00035177997779101133,0.00020214733376633376
14761,0.0003455007972661406,0.00019838707521557808
14762,0.00046911154640838504,0.00022653743508271873
14763,0.0005437782383523881,0.0002967897744383663
14764,0.0007595549104735255,0.0004203814023640007
14765,0.0009260083315894008,0.0006079553277231753
14766,0.0011761491186916828,0.000889439252205193
14767,0.001562533201649785,0.0012872633524239063
14768,0.001972243655472994,0.0018634219886735082
14769,0.002350656548514962,0.002610973548144102
14770,0.002511938801035285,0.003549079177901149
14771,0.0026167179457843304,0.004481784999370575
14772,0.0023596039973199368,0.005222109146416187
14773,0.0018245922401547432,0.005396925378590822
14774,0.0011667669750750065,0.0049018291756510735
14775,0.0006160606862977147,0.0038831611163914204
14776,0.000334157986799255,0.002770231571048498
14777,0.00033670157426968217,0.0020650499500334263
14778,0.0005820385413244367,0.0015378709649667144
14779,0.0009599655168130994,0.001146750757470727
14780,0.0013778574066236615,0.000684301252476871
14781,0.0017323668580502272,0.0005875558708794415
14782,0.0019786066841334105,0.0009900989243760705
14783,0.00208186823874712,0.0015124070923775434
14784,0.002153358655050397,0.0017134591471403837
14785,0.0021574641577899456,0.00120209448505193
14786,0.002141157630831003,0.0005223334301263094
14787,0.0023073919583112,0.0001459804188925773
14788,0.0026308135129511356,0.00027514819521456957
14789,0.003185210283845663,0.0006380603299476206
14790,0.00393303669989109,0.0008166504558175802
14791,0.004733635112643242,0.0007219555554911494
14792,0.005282268859446049,0.00044613663339987397
14793,0.005309819243848324,0.0002699089527595788
14794,0.005044606979936361,0.0002945346641354263
14795,0.0041251047514379025,0.00043000452569685876
14796,0.002888188697397709,0.0005135423853062093
14797,0.0015596060547977686,0.00044005701784044504
14798,0.0009377565002068877,0.0002686776570044458
14799,0.0007973192841745913,0.00011418388021411374
14800,0.0015996673610061407,7.533478492405266e-05
14801,0.002341676503419876,0.00014716152509208769
14802,0.0031728502362966537,0.00025172578170895576
14803,0.0033270693384110928,0.00031327694887295365
14804,0.003270560409873724,0.000301725318422541
14805,0.002790081314742565,0.00025718050892464817
14806,0.002541826805099845,0.00023013530881144106
14807,0.0022694950457662344,0.000250036217039451
14808,0.002315959194675088,0.0003057817812077701
14809,0.0028491723351180553,0.00036267159157432616
14810,0.00322119053453207,0.0003969130921177566
14811,0.0028645265847444534,0.00040211176383309066
14812,0.002540683839470148,0.0004041746724396944
14813,0.0017408671556040645,0.00042766061960719526
14814,0.0011839059880003333,0.0004871378478128463
14815,0.0005469328025355935,0.0005811936571262777
14816,0.0004886647802777588,0.0006928423536010087
14817,0.0006053969264030457,0.0008136183605529368
14818,0.0008235350251197815,0.0009334423812106252
14819,0.0009858377743512392,0.0010628082090988755
14820,0.0008917651721276343,0.0011981483548879623
14821,0.0007415418513119221,0.0013405348872765899
14822,0.00040260027162730694,0.0014669259544461966
14823,0.00034460844472050667,0.0015535566490143538
14824,0.00025163317332044244,0.001571093569509685
14825,0.00040255062049254775,0.0014965960290282965
14826,0.00048138751299120486,0.0013340485747903585
14827,0.0005148312775418162,0.00109311961568892
14828,0.0005255267024040222,0.0008176593109965324
14829,0.00041780807077884674,0.0005460595712065697
14830,0.0003723961126524955,0.00032061824458651245
14831,0.0002604640321806073,0.00016541447257623076
14832,0.00025301985442638397,8.734762377571315e-05
14833,0.00024398646201007068,7.786804781062528e-05
14834,0.0002839599037542939,0.00011912758054677397
14835,0.0003196006582584232,0.00019092822913080454
14836,0.00031125027453526855,0.0002748904225882143
14837,0.0003182835935149342,0.00035741450847126544
14838,0.00027377804508432746,0.00042984416359104216
14839,0.0002520428388379514,0.0004873668076470494
14840,0.00022748338233213872,0.0005296541494317353
14841,0.00021221059432718903,0.0005564616294577718
14842,0.0002270004479214549,0.0005717587191611528
14843,0.0002307357790414244,0.0005762610817328095
14844,0.00025987796834670007,0.0005745660164393485
14845,0.0002588983334135264,0.0005667245713993907
14846,0.0002750501735135913,0.0005563081940636039
14847,0.00026515976060181856,0.0005427582655102015
14848,0.00026517565129324794,0.0005286273662932217
14849,0.000264057976892218,0.0005131903453730047
14850,0.00027160110766999424,0.0004981804522685707
14851,0.0002930267946794629,0.00048313828301616013
14852,0.00031863636104390025,0.0004695274692494422
14853,0.0003634448512457311,0.00045743497321382165
14854,0.00043043994810432196,0.0004483544616959989
14855,0.0005177794955670834,0.00044255313696339726
14856,0.000625902321189642,0.0004415172152221203
14857,0.0007527711568400264,0.0004453116562217474
14858,0.0009550833492539823,0.00045554255484603345
14859,0.001180154038593173,0.00047233127406798303
14860,0.0014822257217019796,0.0004976696218363941
14861,0.0017785393865779042,0.000531753757968545
14862,0.002169589977711439,0.0005772506701759994
14863,0.002471791347488761,0.0006344341090880334
14864,0.0027087628841400146,0.0007064695819281042
14865,0.002746251644566655,0.0007931116851978004
14866,0.002620724029839039,0.0008973401854746044
14867,0.0022494900040328503,0.001016818918287754
14868,0.001719984458759427,0.0011519885156303644
14869,0.0011652971152216196,0.001295369234867394
14870,0.0007060427451506257,0.0014407195849344134
14871,0.00040587777039036155,0.0015722704119980335
14872,0.00029096321668475866,0.001674696453846991
14873,0.0003376211388967931,0.001727118855342269
14874,0.0005020634853281081,0.0017106594750657678
14875,0.0007420092588290572,0.0016150414012372494
14876,0.0009758907253853977,0.001437098253518343
14877,0.0011916785733774304,0.0011964401928707957
14878,0.0013275227975100279,0.0009175926679745317
14879,0.0014081629924476147,0.0006416999967768788
14880,0.0013701441930606961,0.0004002635250799358
14881,0.0012510539963841438,0.00022085406817495823
14882,0.0010656240629032254,0.00011283617641311139
14883,0.0008728858665563166,7.400987669825554e-05
14884,0.0006671930896118283,9.153612336376682e-05
14885,0.0004812231345567852,0.00014850655861664563
14886,0.0003400471177883446,0.00022784073371440172
14887,0.0002487673482391983,0.00031548572587780654
14888,0.0002030575560638681,0.0004015229642391205
14889,0.0001940862857736647,0.00047979422379285097
14890,0.0002125176542904228,0.0005489219329319894
14891,0.00025040091713890433,0.0006089109228923917
14892,0.0002978497068397701,0.0006636132602579892
14893,0.0003532176197040826,0.0007165023125708103
14894,0.0004100410151295364,0.000771269085817039
14895,0.0004735702241305262,0.0008318212348967791
14896,0.0005490371258929372,0.0008962586289271712
14897,0.0006334759527817369,0.0009656052570790052
14898,0.0007381850155070424,0.001030330779030919
14899,0.0008495555957779288,0.0010876896558329463
14900,0.0010061422362923622,0.0011237431317567825
14901,0.001152953365817666,0.0011353720910847187
14902,0.001331459148786962,0.0011125988094136119
14903,0.001451830263249576,0.0010580793023109436
14904,0.0015843610744923353,0.0009730807505548
14905,0.0015981618780642748,0.0008671284304000437
14906,0.0015716825146228075,0.0007508179405704141
14907,0.0014056068612262607,0.00063302245689556
14908,0.0012009217170998454,0.000524272327311337
14909,0.0009287604480050504,0.00042513947119005024
14910,0.0006791888736188412,0.0003412557125557214
14911,0.0004651663184631616,0.00026730060926638544
14912,0.0003213007003068924,0.0002066996821667999
14913,0.00024737793137319386,0.00015527164214290679
14914,0.00023327438975684345,0.00011601942969718948
14915,0.00026309624081477523,8.784547389950603e-05
14916,0.00032235204707831144,7.19060335541144e-05
14917,0.00040280676330439746,6.73995673423633e-05
14918,0.0004939188365824521,7.310008368222043e-05
14919,0.000604828936047852,8.70693547767587e-05
14920,0.0007144559640437365,0.0001072172963176854
14921,0.0008531404891982675,0.0001321732997894287
14922,0.0009784839348867536,0.0001610188337508589
14923,0.0011434524785727262,0.0001956365304067731
14924,0.0012614477891474962,0.00023832631995901465
14925,0.0013972993474453688,0.00029657999402843416
14926,0.0014397173654288054,0.0003795222728513181
14927,0.001471712370403111,0.0005039728712290525
14928,0.0013748802011832595,0.0006937215803191066
14929,0.0012316815555095673,0.0009819242404773831
14930,0.001008775900118053,0.0014210150111466646
14931,0.0007963812677189708,0.0020594545640051365
14932,0.0005984802846796811,0.0029676270205527544
14933,0.0004607804585248232,0.004120688885450363
14934,0.00039882984128780663,0.005440368317067623
14935,0.00040653464384377003,0.006557726766914129
14936,0.0004724645405076444,0.007004794664680958
14937,0.0005824427353218198,0.006277007982134819
14938,0.000722787925042212,0.004509211517870426
14939,0.0008919918909668922,0.002562974812462926
14940,0.0010827709920704365,0.0014224497135728598
14941,0.001312701147980988,0.0014115518424659967
14942,0.0015657907351851463,0.0016590978484600782
14943,0.0018572269473224878,0.0015800808323547244
14944,0.0021436302922666073,0.0010277323890477419
14945,0.002427787287160754,0.0008561607101000845
14946,0.002624396001920104,0.0013274565571919084
14947,0.002702426165342331,0.001744605484418571
14948,0.0025536101311445236,0.0016054656589403749
14949,0.0022122361697256565,0.0007584619452245533
14950,0.0016970997676253319,0.00017410886357538402
14951,0.0011592238442972302,0.00028877981822006404
14952,0.000709066167473793,0.0007734870305284858
14953,0.00047499581705778837,0.001055872649885714
14954,0.0004853782011196017,0.000810539408121258
14955,0.0007037441246211529,0.0004063911037519574
14956,0.0010460710618644953,0.0001864380610641092
14957,0.0014780777273699641,0.00029006495606154203
14958,0.0018429115880280733,0.0005325976526364684
14959,0.002186102094128728,0.0006403063889592886
14960,0.00233637448400259,0.0005349293351173401
14961,0.0024931421503424644,0.0002923870924860239
14962,0.002431027125567198,0.00011243703193031251
14963,0.0022631343454122543,9.896362462313846e-05
14964,0.0020460528321564198,0.00021949983783997595
14965,0.001923402538523078,0.00036181474570184946
14966,0.001852484536357224,0.00042421440593898296
14967,0.0017863486427813768,0.0003851270885206759
14968,0.0017783688381314278,0.00028160150395706296
14969,0.0016560724470764399,0.00018800099496729672
14970,0.0014974386431276798,0.0001472939329687506
14971,0.0012597483582794666,0.0001598313683643937
14972,0.0009901972953230143,0.00019532005535438657
14973,0.000675527669955045,0.0002132485096808523
14974,0.00044755986891686916,0.0001982585235964507
14975,0.00032176810782402754,0.0001521777012385428
14976,0.00028695445507764816,0.00010198855306953192
14977,0.00036318047204986215,6.942157779121771e-05
14978,0.0004722714948002249,6.481629679910839e-05
14979,0.0006508348742499948,8.292374695884064e-05
14980,0.0007857172749936581,0.00010870629193959758
14981,0.0009680120856501162,0.00012729645823128521
14982,0.001095000421628356,0.00012941064778715372
14983,0.0012628346448764205,0.00011920215183636174
14984,0.0013807775685563684,0.00010393166303401813
14985,0.001556137460283935,9.431258513359353e-05
14986,0.0017995662055909634,9.62455160333775e-05
14987,0.0020539534743875265,0.0001108895376091823
14988,0.002274242229759693,0.0001349952508462593
14989,0.002437309827655554,0.00016395497368648648
14990,0.0026981462724506855,0.00019547024567145854
14991,0.0026411686558276415,0.0002313281293027103
14992,0.002292398363351822,0.0002779217320494354
14993,0.0017608063062652946,0.00034412957029417157
14994,0.0013384382473304868,0.0004426763334777206
14995,0.0008611244265921414,0.0005862244870513678
14996,0.0004562868853099644,0.0007917864131741226
14997,0.0003298096708022058,0.0010763523168861866
14998,0.00028468636446632445,0.0014615990221500397
14999,0.00043229013681411743,0.0019647167064249516
15000,0.0005368240526877344,0.0025942791253328323
15001,0.0005431167664937675,0.002213898580521345
15002,0.00033886267920024693,0.0007106545381247997
15003,0.0002139714197255671,7.326785998884588e-05
15004,0.0003301217802800238,0.000824722636025399
15005,0.00039881779230199754,0.0015826781746000051
15006,0.00038971222238615155,0.0012263600947335362
15007,0.00025453660055063665,0.0003308058949187398
15008,0.00020416034385561943,0.00010326181654818356
15009,0.0002729353727772832,0.0006373211508616805
15010,0.00030764692928642035,0.0009937064023688436
15011,0.00030194708961062133,0.0006604993250221014
15012,0.00021711048611905426,0.0001529286237200722
15013,0.00020279394811950624,0.0001278818817809224
15014,0.00022734006051905453,0.0004783090262208134
15015,0.0002567176125012338,0.0006243577226996422
15016,0.0002474823850207031,0.0003737174847628921
15017,0.00020517139637377113,9.338748350273818e-05
15018,0.00019347055058460683,0.00012117405276512727
15019,0.00020707797375507653,0.00033500121207907796
15020,0.00022370004444383085,0.0003992979764007032
15021,0.00022193063341546804,0.00023714659619145095
15022,0.00019845194765366614,7.497626211261377e-05
15023,0.00018945924239233136,9.731842874316499e-05
15024,0.00019297553808428347,0.00022547098342329264
15025,0.000205433156224899,0.00026535772485658526
15026,0.000206995930057019,0.00017106150335166603
15027,0.00019533481099642813,7.051890133880079e-05
15028,0.00018790207104757428,7.499480852857232e-05
15029,0.000185252953087911,0.00014973727229516953
15030,0.00019412270921748132,0.0001835943985497579
15031,0.00019625537970568985,0.00013691093772649765
15032,0.0001934785395860672,7.268175977515057e-05
15033,0.0001862014178186655,6.132748239906505e-05
15034,0.0001833260612329468,9.977031731978059e-05
15035,0.00018618244212120771,0.0001297714770771563
15036,0.0001891789142973721,0.00011530543997650966
15037,0.00018948092474602163,7.73020219639875e-05
15038,0.00018574390560388565,5.765951209468767e-05
15039,0.00018253576126880944,7.042172364890575e-05
15040,0.00018255575560033321,9.257397323381156e-05
15041,0.00018414841906633228,9.64446080615744e-05
15042,0.0001857104361988604,7.946808182168752e-05
15043,0.00018456560792401433,6.075529381632805e-05
15044,0.00018255977192893624,5.7661509345052764e-05
15045,0.00018122293113265187,6.85574923409149e-05
15046,0.00018138821178581566,7.834131247363985e-05
15047,0.00018270770669914782,7.621967233717442e-05
15048,0.00018279458163306117,6.503007170977071e-05
15049,0.00018235309107694775,5.616383714368567e-05
15050,0.0001809007371775806,5.682226037606597e-05
15051,0.00018047750927507877,6.369476614054292e-05
15052,0.00018063257448375225,6.821197894169018e-05
15053,0.00018127326620742679,6.561173358932137e-05
15054,0.0001814004499465227,5.89043484069407e-05
15055,0.00018085484043695033,5.4557160183321685e-05
15056,0.00018022222502622753,5.561006037169136e-05
15057,0.00017983032739721239,5.954155858489685e-05
15058,0.00018004208686761558,6.16907054791227e-05
15059,0.00018035381799563766,5.99935810896568e-05
15060,0.00018040489521808922,5.635241177515127e-05
15061,0.00018010218627750874,5.402070746640675e-05
15062,0.00017965809092856944,5.443100963020697e-05
15063,0.00017947115702554584,5.636789865093306e-05
15064,0.0001795341377146542,5.760236308560707e-05
15065,0.00017971714260056615,5.700592009816319e-05
15066,0.00017975014634430408,5.521865750779398e-05
15067,0.00017954040959011763,5.3714578825747594e-05
15068,0.00017931009642779827,5.3457406465895474e-05
15069,0.00017912639304995537,5.424344271887094e-05
15070,0.00017916865181177855,5.510640039574355e-05
15071,0.00017922517145052552,5.520504782907665e-05
15072,0.00017925663269124925,5.4451556934509426e-05
15073,0.00017914324416778982,5.3453040891326964e-05
15074,0.00017899023077916354,5.2901254093740135e-05
15075,0.00017887033754959702,5.30216857441701e-05
15076,0.00017883376858662814,5.349317143554799e-05
15077,0.0001788585213944316,5.3791834943694994e-05
15078,0.0001788628287613392,5.36340412509162e-05
15079,0.00017880997620522976,5.31490113644395e-05
15080,0.00017871669842861593,5.2663519454654306e-05
15081,0.00017862181994132698,5.2449893701123074e-05
15082,0.0001785681233741343,5.2516690630000085e-05
15083,0.0001785471977200359,5.2696894272230566e-05
15084,0.00017854347242973745,5.278921526041813e-05
15085,0.00017851029406301677,5.26903968420811e-05
15086,0.00017845589900389314,5.245268403086811e-05
15087,0.00017839015345089138,5.2194183808751404e-05
15088,0.00017832739104051143,5.20293069712352e-05
15089,0.000178289512405172,5.199607403483242e-05
15090,0.00017826173279900104,5.2043662435607985e-05
15091,0.0001782398612704128,5.20865032740403e-05
15092,0.0001781977480277419,5.205710476730019e-05
15093,0.00017815343744587153,5.193956531002186e-05
15094,0.00017810307326726615,5.178434366825968e-05
15095,0.00017805320385377854,5.164889807929285e-05
15096,0.0001780173188308254,5.157081250217743e-05
15097,0.00017798636690713465,5.1548166084103286e-05
15098,0.0001779520680429414,5.1545554015319794e-05
15099,0.0001779179583536461,5.15274987265002e-05
15100,0.00017788136028684676,5.1474802603479475e-05
15101,0.00017783904331736267,5.1394883485045284e-05
15102,0.0001777966826921329,5.130054341861978e-05
15103,0.0001777600555215031,5.121459253132343e-05
15104,0.00017772213323041797,5.115365274832584e-05
15105,0.0001776883436832577,5.111328209750354e-05
15106,0.0001776568969944492,5.108357436256483e-05
15107,0.00017761930939741433,5.105607124278322e-05
15108,0.00017758201283868402,5.101197530166246e-05
15109,0.00017754641885403544,5.095548112876713e-05
15110,0.0001775099226506427,5.088766920380294e-05
15111,0.00017747328092809767,5.0820945034502074e-05
15112,0.00017743653734214604,5.0762901082634926e-05
15113,0.0001774044503690675,5.0712940719677135e-05
15114,0.00017737118469085544,5.066981611889787e-05
15115,0.00017733528511598706,5.063122443971224e-05
15116,0.00017729905084706843,5.059121031081304e-05
15117,0.00017726603255141526,5.054769280832261e-05
15118,0.0001772269606590271,5.050067193224095e-05
15119,0.00017719590687192976,5.045018042437732e-05
15120,0.00017716220463626087,5.0396738515701145e-05
15121,0.00017712960834614933,5.034614878240973e-05
15122,0.00017709453823044896,5.0296734116273e-05
15123,0.0001770592061802745,5.0251321226824075e-05
15124,0.00017702579498291016,5.0208142056362703e-05
15125,0.00017699651652947068,5.0168222514912486e-05
15126,0.00017695875430945307,5.0126654969062656e-05
15127,0.00017692739493213594,5.008694279240444e-05
15128,0.0001768952060956508,5.004092599847354e-05
15129,0.00017686228966340423,4.999886004952714e-05
15130,0.000176829140400514,4.995450217393227e-05
15131,0.00017679449229035527,4.990970410290174e-05
15132,0.00017676388961263,4.986181011190638e-05
15133,0.0001767293579177931,4.982034079148434e-05
15134,0.00017669875524006784,4.977610660716891e-05
15135,0.0001766652858350426,4.9735299398889765e-05
15136,0.00017663284961599857,4.969287692802027e-05
15137,0.00017660071898717433,4.965219341102056e-05
15138,0.00017656834097579122,4.96124048368074e-05
15139,0.00017653810209594667,4.957081546308473e-05
15140,0.00017650439986027777,4.9530426622368395e-05
15141,0.00017647398635745049,4.9489961384097114e-05
15142,0.00017644197214394808,4.9447127821622416e-05
15143,0.00017641144222579896,4.940834696753882e-05
15144,0.00017637840937823057,4.9369147745892406e-05
15145,0.00017634662799537182,4.932689989800565e-05
15146,0.00017631883383728564,4.928730777464807e-05
15147,0.00017628457862883806,4.9247348215430975e-05
15148,0.00017625163309276104,4.9208407290279865e-05
15149,0.0001762225292623043,4.916953184874728e-05
15150,0.00017619048594497144,4.912983058602549e-05
15151,0.00017615946126170456,4.909051858703606e-05
15152,0.0001761272578733042,4.9052319809561595e-05
15153,0.00017609803762752563,4.901512147625908e-05
15154,0.0001760685263434425,4.8974365199683234e-05
15155,0.00017603309242986143,4.8936686653178185e-05
15156,0.00017600477440282702,4.8900135880103335e-05
15157,0.00017597450641915202,4.886268652626313e-05
15158,0.00017594337987247854,4.882522625848651e-05
15159,0.00017591386858839542,4.8788067942950875e-05
15160,0.0001758860016707331,4.8750327550806105e-05
15161,0.00017585411842446774,4.871244163950905e-05
15162,0.00017582230793777853,4.8674799472792074e-05
15163,0.00017579502309672534,4.863826325163245e-05
15164,0.0001757632417138666,4.8600057198200375e-05
15165,0.00017573402146808803,4.8563491873210296e-05
15166,0.0001757035788614303,4.852683559875004e-05
15167,0.00017567348550073802,4.849053220823407e-05
15168,0.00017564519657753408,4.84536612930242e-05
15169,0.00017561358981765807,4.841685586143285e-05
15170,0.00017558336548972875,4.838185486732982e-05
15171,0.00017555480008013546,4.834650462726131e-05
15172,0.00017552587087266147,4.8311849241144955e-05
15173,0.00017549472977407277,4.827577140531503e-05
15174,0.0001754643744789064,4.82404138892889e-05
15175,0.00017543492140248418,4.8204936319962144e-05
15176,0.00017540715634822845,4.8171197704505175e-05
15177,0.00017537662643007934,4.813579289475456e-05
15178,0.00017534822109155357,4.8102359869517386e-05
15179,0.0001753192045725882,4.806693323189393e-05
15180,0.00017529085744172335,4.803460615221411e-05
15181,0.0001752589305397123,4.8003254050854594e-05
15182,0.00017522874986752868,4.7972152970032766e-05
15183,0.00017520412802696228,4.79446753161028e-05
15184,0.00017517473315820098,4.7918605559971184e-05
15185,0.00017514341743662953,4.790032471646555e-05
15186,0.00017511704936623573,4.788706064573489e-05
15187,0.0001750874798744917,4.78874244436156e-05
15188,0.0001750587107380852,4.790702951140702e-05
15189,0.000175029766978696,4.795561108039692e-05
15190,0.00017499952809885144,4.805126445717178e-05
15191,0.0001749725197441876,4.822182745556347e-05
15192,0.00017494344501756132,4.8517111281398684e-05
15193,0.00017491562175564468,4.901325883110985e-05
15194,0.00017488698358647525,4.984777478966862e-05
15195,0.00017485722491983324,5.123678420204669e-05
15196,0.00017483034753240645,5.355864414013922e-05
15197,0.00017480063252151012,5.745339149143547e-05
15198,0.00017477106302976608,6.406919419532642e-05
15199,0.00017474748892709613,7.529906724812463e-05
15200,0.0001747185888234526,9.462170419283211e-05
15201,0.0001746863272273913,0.0001277076080441475
15202,0.00017466058488935232,0.00018534829723648727
15203,0.00017463331460021436,0.00028432777617126703
15204,0.00017460563685745,0.00045758785563521087
15205,0.0001745748013490811,0.0007500555366277695
15206,0.00017454984481446445,0.0012513587716966867
15207,0.00017452568863518536,0.002038914244621992
15208,0.00017449900042265654,0.003254667855799198
15209,0.0001744707114994526,0.004767066799104214
15210,0.00017444883997086436,0.006345634814351797
15211,0.0001744236797094345,0.007096586283296347
15212,0.00017440342344343662,0.006548919249325991
15213,0.00017438452050555497,0.0046413373202085495
15214,0.00017437039059586823,0.0026299769524484873
15215,0.00017436727648600936,0.0016282236902043223
15216,0.00017437445058021694,0.0014365612296387553
15217,0.0001743978646118194,0.0013659123796969652
15218,0.00017445370031055063,0.0009704570984467864
15219,0.0001745487388689071,0.001038532005622983
15220,0.00017471652245149016,0.0017967007588595152
15221,0.0001750062219798565,0.002022138563916087
15222,0.00017548406322021037,0.001275938469916582
15223,0.00017626835324335843,0.00031288655009120703
15224,0.0001775654382072389,0.0003399933339096606
15225,0.00017968261090572923,0.0009124211501330137
15226,0.00018323413678444922,0.000981906894594431
15227,0.00018906735931523144,0.0006232766900211573
15228,0.00019897535094060004,0.0004316595150157809
15229,0.00021531840320676565,0.0006205919198691845
15230,0.00024355245113838464,0.0007501477375626564
15231,0.0002899533719755709,0.0004982899990864098
15232,0.0003716659848578274,0.00018201755301561207
15233,0.0005032931221649051,0.00015550749958492815
15234,0.0007380133611150086,0.00039455731166526675
15235,0.001096123829483986,0.0005964566953480244
15236,0.0017241428140550852,0.0005375389591790736
15237,0.0025700863916426897,0.00031540790223516524
15238,0.003892810083925724,0.000151521380757913
15239,0.005252665374428034,0.0001474895398132503
15240,0.006626111455261707,0.00022631433967035264
15241,0.006939600687474012,0.00026587993488647044
15242,0.005851611029356718,0.0002442755794618279
15243,0.003562947502359748,0.00021182627824600786
15244,0.0015570573741570115,0.0002184360782848671
15245,0.001142302411608398,0.00024679306079633534
15246,0.0022270961198955774,0.0002464050194248557
15247,0.0038410816341638565,0.00019613765471149236
15248,0.004715075250715017,0.00011786071991082281
15249,0.004433000925928354,6.60850855638273e-05
15250,0.0027418211102485657,6.69448563712649e-05
15251,0.0010598711669445038,0.00010415462747914717
15252,0.0005049305618740618,0.0001393521233694628
15253,0.0011525594163686037,0.00014553772052749991
15254,0.0022483712527900934,0.00012887801858596504
15255,0.0028455283027142286,0.00011201055167475715
15256,0.002639955608174205,0.00011212768731638789
15257,0.0016216946532949805,0.000125658989418298
15258,0.0005999793647788465,0.00013537766062654555
15259,0.00025763476151041687,0.0001292245287913829
15260,0.0006324074347503483,0.0001088441931642592
15261,0.0013122393283993006,8.759416232351214e-05
15262,0.0017921940889209509,7.626019942108542e-05
15263,0.0018894100794568658,7.594277849420905e-05
15264,0.001406981609761715,7.863235077820718e-05
15265,0.0007701508002355695,7.599206583108753e-05
15266,0.0003118124441243708,6.730976747348905e-05
15267,0.00023755160509608686,5.7493463827995583e-05
15268,0.0004801164614036679,5.256444637780078e-05
15269,0.000825061637442559,5.390389560488984e-05
15270,0.0010758454445749521,5.822356615681201e-05
15271,0.0010481125209480524,6.0724174545612186e-05
15272,0.0008347714901901782,5.943622818449512e-05
15273,0.0005246538785286248,5.610432708635926e-05
15274,0.00028563436353579164,5.396411143010482e-05
15275,0.00019582017557695508,5.4797746997792274e-05
15276,0.0002658652374520898,5.801145744044334e-05
15277,0.00042421347461640835,6.141799531178549e-05
15278,0.0005608742940239608,6.348489841911942e-05
15279,0.0006244707619771361,6.43235762254335e-05
15280,0.0005789894494228065,6.560613837791607e-05
15281,0.00047847710084170103,6.900743755977601e-05
15282,0.0003454521647654474,7.536757038906217e-05
15283,0.0002366925764363259,8.45982794999145e-05
15284,0.0001882103824755177,9.664952085586265e-05
15285,0.0002070032642222941,0.00011259595339652151
15286,0.0002661076432559639,0.00013514436432160437
15287,0.00033372221514582634,0.00016871972184162587
15288,0.0003951737890020013,0.00021974145784042776
15289,0.0004253920924384147,0.0002960371784865856
15290,0.0004237806424498558,0.0004110847075935453
15291,0.00038142374251037836,0.000580174324568361
15292,0.0003280692035332322,0.0008324489463120699
15293,0.0002778525813482702,0.0011917282827198505
15294,0.0002481261035427451,0.00170112622436136
15295,0.0002441955148242414,0.0023580945562571287
15296,0.0002663526975084096,0.003154811915010214
15297,0.00031182458042167127,0.00394227122887969
15298,0.0003764611901715398,0.004530115518718958
15299,0.00045494784717448056,0.0046278913505375385
15300,0.000551284640096128,0.004081661347299814
15301,0.0006686053820885718,0.0029942956753075123
15302,0.0008240719325840473,0.0016989046707749367
15303,0.0010230131447315216,0.00069518230156973
15304,0.0012992440024390817,0.00024894869420677423
15305,0.001656964304856956,0.0003849330823868513
15306,0.00213043880648911,0.000864774570800364
15307,0.0027027917094528675,0.0013567943824455142
15308,0.0033621969632804394,0.001575747854076326
15309,0.004038205835968256,0.0013647607993334532
15310,0.004577965475618839,0.0008729968685656786
15311,0.004859813489019871,0.00035147788003087044
15312,0.004640547558665276,9.380190749652684e-05
15313,0.0039434353820979595,0.00017737317830324173
15314,0.002821308793500066,0.00046343926806002855
15315,0.0016388118965551257,0.0007257872493937612
15316,0.0007745150942355394,0.0007863498758524656
15317,0.00045653816778212786,0.0006495337001979351
15318,0.0006855445681139827,0.00041487367707304657
15319,0.0011994070373475552,0.0002247569354949519
15320,0.0016501153586432338,0.0001434096193406731
15321,0.0017937652301043272,0.00015026581240817904
15322,0.0015767758013680577,0.0001898343616630882
15323,0.0011194025864824653,0.00022076809545978904
15324,0.0006610689451918006,0.0002474321809131652
15325,0.00038977438816800714,0.00028258771635591984
15326,0.0003657513880170882,0.0003284041304141283
15327,0.0005255755968391895,0.00036474564694799483
15328,0.0007305104518309236,0.0003628518315963447
15329,0.0008467159350402653,0.0003184344677720219
15330,0.0008186815539374948,0.0002473029016982764
15331,0.0006554315914399922,0.0001805915671866387
15332,0.0004467409453354776,0.00013633514754474163
15333,0.0002863076515495777,0.00011450285819591954
15334,0.00023108604364097118,0.00010250470950268209
15335,0.0002796505286823958,8.849501318763942e-05
15336,0.00038714916445314884,7.209410250652581e-05
15337,0.0004896334139630198,5.987955955788493e-05
15338,0.0005386350676417351,5.9193072956986725e-05
15339,0.0005180332809686661,7.072316657286137e-05
15340,0.00044097748468630016,8.85725166881457e-05
15341,0.0003435233375057578,0.00010527941049076617
15342,0.0002622714964672923,0.00011657190771074966
15343,0.00021905897301621735,0.00012461577716749161
15344,0.00021783894044347107,0.00013449660036712885
15345,0.00024393772764597088,0.00015103780606295913
15346,0.00027618746389634907,0.0001761582971084863
15347,0.00029651023214682937,0.00020784782827831805
15348,0.000294883648166433,0.0002456124930176884
15349,0.00027291837614029646,0.00028880362515337765
15350,0.00023963701096363366,0.00034324132138863206
15351,0.00020680739544332027,0.000411769695347175
15352,0.0001837258751038462,0.0005023600533604622
15353,0.00017484882846474648,0.0006130409892648458
15354,0.00017919164383783937,0.0007474669255316257
15355,0.00019169077859260142,0.0008942844578996301
15356,0.00020582493743859231,0.0010500942589715123
15357,0.00021617213496938348,0.0011895002098754048
15358,0.00021987728541716933,0.0012989528477191925
15359,0.00021668788394890726,0.0013419192982837558
15360,0.00020860121003352106,0.0013069391716271639
15361,0.00019867191440425813,0.0011779898777604103
15362,0.0001901345676742494,0.0009752789046615362
15363,0.00018519573495723307,0.0007290896610356867
15364,0.000184873235411942,0.00048471041372977197
15365,0.00018922494200523943,0.0002824990951921791
15366,0.0001973453618120402,0.0001462819636799395
15367,0.00020871276501566172,8.295044244732708e-05
15368,0.0002223832707386464,8.281700138468295e-05
15369,0.00023952731862664223,0.00012869904458057135
15370,0.0002604091423563659,0.00020045237033627927
15371,0.0002900036924984306,0.00027932028751820326
15372,0.00032917020143941045,0.0003490451199468225
15373,0.0003901623422279954,0.0003976128646172583
15374,0.00047118766815401614,0.00041966827120631933
15375,0.0005996098043397069,0.0004136015777476132
15376,0.0007606337312608957,0.00038720984593965113
15377,0.0010099175851792097,0.00034840928856283426
15378,0.0012896956177428365,0.00030815956415608525
15379,0.001690469915047288,0.0002734533045440912
15380,0.0020529513712972403,0.00024660222698003054
15381,0.002472902648150921,0.0002269966498715803
15382,0.0026705136988312006,0.00021066211047582328
15383,0.0027186134830117226,0.00019574633915908635
15384,0.0024021242279559374,0.0001810216490412131
15385,0.0018824320286512375,0.00016868433158379048
15386,0.0012509735533967614,0.00016055753803811967
15387,0.0007357123540714383,0.00015896104741841555
15388,0.0004523213137872517,0.00016408399096690118
15389,0.0004153332847636193,0.00017592421500012279
15390,0.0005609603831544518,0.0001938534260261804
15391,0.0008003710536286235,0.0002186490164604038
15392,0.0010804992634803057,0.0002525171439629048
15393,0.0012687355047091842,0.00030026905005797744
15394,0.001395503175444901,0.0003679960500448942
15395,0.001322464202530682,0.0004657034296542406
15396,0.0011698163580149412,0.0006018118001520634
15397,0.0009020978468470275,0.0007925916579551995
15398,0.0006448133499361575,0.0010442776838317513
15399,0.0004315216210670769,0.001374654471874237
15400,0.00030671738204546273,0.0017656368436291814
15401,0.00026872323360294104,0.002205705037340522
15402,0.0002997717820107937,0.0026089975144714117
15403,0.00037341713323257864,0.0029008183628320694
15404,0.00046389177441596985,0.002959921956062317
15405,0.0005570175126194954,0.002742031356319785
15406,0.0006274809129536152,0.002276467392221093
15407,0.0006873575039207935,0.001664668321609497
15408,0.0007070782594382763,0.0010813985718414187
15409,0.0007182193221524358,0.0006144141079857945
15410,0.0006857169209979475,0.00034581468207761645
15411,0.0006484824698418379,0.00025806514895521104
15412,0.000582589884288609,0.00033222613274119794
15413,0.0005249218083918095,0.0005088495672680438
15414,0.00045801594387739897,0.0007100427756085992
15415,0.0004042100044898689,0.000856804137583822
15416,0.00035796427982859313,0.0008724571671336889
15417,0.00032740714959800243,0.0007625306607224047
15418,0.000308217917336151,0.0005372972809709609
15419,0.0003004589525517076,0.00029970670584589243
15420,0.0003026616759598255,0.00012220005737617612
15421,0.0003122424823231995,6.100600148783997e-05
15422,0.00032815744634717703,0.00010900979395955801
15423,0.00034869922092184424,0.00021369810565374792
15424,0.00037395337130874395,0.00031401042360812426
15425,0.0004029677656944841,0.00035798572935163975
15426,0.00043611531145870686,0.0003494899137876928
15427,0.00047483976231887937,0.000305802037473768
15428,0.0005190357333049178,0.00027269977726973593
15429,0.0005715581937693059,0.00027452048379927874
15430,0.0006309981690719724,0.00031120138010010123
15431,0.0007027637329883873,0.00036480146809481084
15432,0.0007829019450582564,0.00040849955985322595
15433,0.0008777615148574114,0.00043394987005740404
15434,0.0009759850800037384,0.00044125140993855894
15435,0.0010860709007829428,0.00045107598998583853
15436,0.0011880677193403244,0.0004755563277285546
15437,0.0012912868987768888,0.0005258733290247619
15438,0.001360839931294322,0.0005940566188655794
15439,0.0014093720819801092,0.0006703471881337464
15440,0.0013982485979795456,0.0007383929332718253
15441,0.0013494320446625352,0.0007862516795285046
15442,0.0012317862128838897,0.0008064364083111286
15443,0.0010791753884404898,0.0007952323649078608
15444,0.0008865195559337735,0.0007537264609709382
15445,0.0006931707030162215,0.0006861566216684878
15446,0.0005100928246974945,0.0005981513531878591
15447,0.0003629524144344032,0.0004981572274118662
15448,0.0002602572494652122,0.00039397901855409145
15449,0.00020664153271354735,0.0002947263128589839
15450,0.00019851313845720142,0.0002076535311061889
15451,0.0002278752508573234,0.0001385719806421548
15452,0.00028607487911358476,9.014185343403369e-05
15453,0.0003661288064904511,6.231637235032395e-05
15454,0.00046380431740544736,5.2557268645614386e-05
15455,0.0005837265634909272,5.691748083336279e-05
15456,0.0007350522209890187,7.115721382433549e-05
15457,0.0009430274949409068,9.170598787022755e-05
15458,0.0012519140727818012,0.00011630125663941726
15459,0.0017070923931896687,0.000143893834319897
15460,0.0024471941869705915,0.00017488229786977172
15461,0.0034208500292152166,0.00021026494505349547
15462,0.004833160899579525,0.0002525990130379796
15463,0.006113655399531126,0.0003044282493647188
15464,0.007065876852720976,0.0003708629810716957
15465,0.00648567033931613,0.0004564404662232846
15466,0.004476929549127817,0.0005704138893634081
15467,0.0018705989932641387,0.0007194612990133464
15468,0.0004186819423921406,0.0009174829465337098
15469,0.0005816446500830352,0.0011675111018121243
15470,0.0019282926805317402,0.0014803495723754168
15471,0.0035208442714065313,0.0018333959160372615
15472,0.004157718271017075,0.0022057704627513885
15473,0.003355220425873995,0.0025174482725560665
15474,0.0017605110770091414,0.00269807456061244
15475,0.0006803862052038312,0.002655882155522704
15476,0.0005402337992563844,0.002366515574976802
15477,0.0012911136727780104,0.0018825104925781488
15478,0.002292951103299856,0.0013184252893552184
15479,0.002800886519253254,0.0008318509208038449
15480,0.0025341217406094074,0.0004984808620065451
15481,0.0015891494695097208,0.00034998278715647757
15482,0.0006908336654305458,0.0003251285234000534
15483,0.0002433326590107754,0.00037634524051100016
15484,0.000396300369175151,0.00045167410280555487
15485,0.0009212380973622203,0.0005294630536809564
15486,0.0013929482083767653,0.0005949699552729726
15487,0.0016253122594207525,0.0006326108705252409
15488,0.0013759781140834093,0.0006362695712596178
15489,0.0008816618355922401,0.0005785617977380753
15490,0.000406920094974339,0.00048069405602291226
15491,0.00023347337264567614,0.00033812382025644183
15492,0.0003565311199054122,0.00020454608602449298
15493,0.0006474684923887253,0.00010803648910950869
15494,0.0009384509176015854,7.722468581050634e-05
15495,0.0010529760038480163,0.00011006830027326941
15496,0.0009771202458068728,0.00018172642739955336
15497,0.0007031271234154701,0.00025852659018710256
15498,0.0004179150564596057,0.00030565191991627216
15499,0.00022728604380972683,0.0003177137696184218
15500,0.0001957474887603894,0.00029341786284931004
15501,0.0003041276358999312,0.0002619566221255809
15502,0.0004562360991258174,0.00024477855185978115
15503,0.0005948853795416653,0.00026220365543849766
15504,0.0006448051426559687,0.00032168629695661366
15505,0.0006226795958355069,0.00041765571222640574
15506,0.0004977342905476689,0.000546840310562402
15507,0.00034888728987425566,0.0006993376882746816
15508,0.00023038318613544106,0.0008863092516548932
15509,0.00018267151608597487,0.0010986428242176771
15510,0.00019878768944181502,0.001347347511909902
15511,0.0002537438413128257,0.001594402128830552
15512,0.0003249126020818949,0.001813872717320919
15513,0.0003817641409114003,0.0019363753963261843
15514,0.0004124869010411203,0.0019358494319021702
15515,0.00039226305671036243,0.0017961256671696901
15516,0.00034561631036922336,0.0015564364148303866
15517,0.00028486759401857853,0.0012781276600435376
15518,0.00023337820312008262,0.0009876739932224154
15519,0.00019514116866048425,0.0007322319434024394
15520,0.00017783159273676574,0.000488481717184186
15521,0.00017942152044270188,0.00030198131571523845
15522,0.00019389994849916548,0.00018714535690378398
15523,0.00021560258755926043,0.00017806632968131453
15524,0.00023503706324845552,0.0002649093512445688
15525,0.0002518526744097471,0.0004041169595438987
15526,0.00026094733038917184,0.0005409241421148181
15527,0.00026577175594866276,0.0006140053737908602
15528,0.0002623115433380008,0.0006115831201896071
15529,0.0002566716866567731,0.0005156915867701173
15530,0.0002485570730641484,0.0003785169683396816
15531,0.00024343581753782928,0.00023522271658293903
15532,0.00024254951858893037,0.00013554104953072965
15533,0.0002500053960829973,9.512038377579302e-05
15534,0.00027043282170780003,0.0001054785680025816
15535,0.00030814530327916145,0.0001401777844876051
15536,0.0003729027521330863,0.00016775036056060344
15537,0.00047403963981196284,0.00017165632743854076
15538,0.0006332367192953825,0.00014625937910750508
15539,0.0008697489975020289,0.00011004030966432765
15540,0.00123406236525625,7.988107245182618e-05
15541,0.0017622500890865922,7.07474973751232e-05
15542,0.0025480783078819513,8.579839777667075e-05
15543,0.003569183172658086,0.00011902941332664341
15544,0.004899320192635059,0.00016082795627880841
15545,0.00617555808275938,0.0002040594699792564
15546,0.007216712459921837,0.00025219860253855586
15547,0.007068635895848274,0.00031575706088915467
15548,0.005741270724684,0.00041782009066082537
15549,0.0033617999870330095,0.0005806908011436462
15550,0.0012287620920687914,0.0008402865496464074
15551,0.00027062109438702464,0.0012192995054647326
15552,0.0006905614864081144,0.0017540698172524571
15553,0.0018398467218503356,0.0024261558428406715
15554,0.002723724115639925,0.003198272082954645
15555,0.0027436879463493824,0.003893862944096327
15556,0.0018634740263223648,0.004309279844164848
15557,0.0008032026817090809,0.004194657783955336
15558,0.00024363432021345943,0.003481772495433688
15559,0.00042197370203211904,0.002390672452747822
15560,0.0010304911993443966,0.0013021270278841257
15561,0.0015405232552438974,0.0006264622206799686
15562,0.0016129463911056519,0.000429335399530828
15563,0.001242826459929347,0.0005842934479005635
15564,0.0007280674763023853,0.0008355056634172797
15565,0.00041763082845136523,0.0010491759749129415
15566,0.0004326657799538225,0.001154813333414495
15567,0.0006633652956224978,0.001115212682634592
15568,0.000871813390403986,0.0009592087008059025
15569,0.0008699659956619143,0.0006691866437904537
15570,0.0006607864052057266,0.0003930909442715347
15571,0.00038563975249417126,0.0002156791160814464
15572,0.00021258772176224738,0.00021276052575558424
15573,0.00021239656780380756,0.0003509866655804217
15574,0.000332201540004462,0.0005261992919258773
15575,0.0004537786007858813,0.000634572294075042
15576,0.00048627020441927016,0.0005890760803595185
15577,0.0004117253120057285,0.0004306151531636715
15578,0.0002897914091590792,0.0002254038117825985
15579,0.0001973621256183833,8.910213364288211e-05
15580,0.00018006074242293835,6.655853212578222e-05
15581,0.00022823641484137625,0.00013371962995734066
15582,0.00029519229428842664,0.00022550493304152042
15583,0.00033394480124115944,0.00027395738288760185
15584,0.0003234029281884432,0.0002627135836519301
15585,0.0002783104428090155,0.00020452812896110117
15586,0.00023049181618262082,0.0001555371272843331
15587,0.00020908839360345155,0.00015184932271949947
15588,0.00022441016335505992,0.00019732321379706264
15589,0.0002653906121850014,0.0002695040893740952
15590,0.00031281894189305604,0.0003364528820384294
15591,0.0003520175232551992,0.0003887196653522551
15592,0.0003820839920081198,0.000430169515311718
15593,0.00041485083056613803,0.00049125513760373
15594,0.00047503921086899936,0.0005910206818953156
15595,0.0005730377743020654,0.0007450622506439686
15596,0.0007445410592481494,0.0009344056015834212
15597,0.0009524047491140664,0.0011409097351133823
15598,0.0012586649972945452,0.0013176979264244437
15599,0.001547898747958243,0.0014312214916571975
15600,0.001924381242133677,0.001436317921616137
15601,0.002169226761907339,0.001319548930041492
15602,0.002391205169260502,0.0010846066288650036
15603,0.0023552412167191505,0.0007801024476066232
15604,0.002168517094105482,0.00047202862333506346
15605,0.0017652616370469332,0.00022887300292495638
15606,0.0012818564428016543,9.26588982110843e-05
15607,0.000821679481305182,6.833995576016605e-05
15608,0.00047824945067986846,0.00013021897757425904
15609,0.0002935756929218769,0.00023693042749073356
15610,0.000269367010332644,0.000347356399288401
15611,0.00038221359136514366,0.00043070106767117977
15612,0.0005835799966007471,0.00047079831711016595
15613,0.0008307390962727368,0.0004652049101423472
15614,0.0010336226550862193,0.0004216644156258553
15615,0.0011874407064169645,0.0003529386012814939
15616,0.0012189294211566448,0.00027329602744430304
15617,0.0011773057049140334,0.00019649506430141628
15618,0.0010331074008718133,0.00013165621203370392
15619,0.000869688403327018,8.511649502906948e-05
15620,0.0006767865270376205,5.857170617673546e-05
15621,0.0005181243177503347,5.0804017519112676e-05
15622,0.00038244971074163914,5.78992985538207e-05
15623,0.0002906250301748514,7.470002310583368e-05
15624,0.0002342082152608782,9.653485176386312e-05
15625,0.00021006938186474144,0.00012006911856587976
15626,0.00021293433383107185,0.0001445728266844526
15627,0.00023848374257795513,0.00017119006952270865
15628,0.0002828009019140154,0.00020364158262964338
15629,0.0003394622472114861,0.00024755907361395657
15630,0.0004081112565472722,0.0003090611717198044
15631,0.00047465029638260603,0.00039771321462467313
15632,0.0005514691001735628,0.0005212097312323749
15633,0.0006138369208201766,0.0006954093696549535
15634,0.0006910614320077002,0.000925864209420979
15635,0.0007439482724294066,0.0012301643146201968
15636,0.0008127066539600492,0.0015886279288679361
15637,0.000847438583150506,0.0019874328281730413
15638,0.0008922152337618172,0.002336779609322548
15639,0.0008911708137020469,0.0025612888857722282
15640,0.0008869125740602612,0.00254571414552629
15641,0.000837873958516866,0.00227546994574368
15642,0.0007852993439882994,0.001804762869141996
15643,0.0007018663454800844,0.001284129568375647
15644,0.0006183614023029804,0.0008704130304977298
15645,0.0005262744962237775,0.0006121413316577673
15646,0.0004451329878065735,0.0005015712231397629
15647,0.0003695448685903102,0.0004359153681434691
15648,0.0003090556419920176,0.0003984760260209441
15649,0.00026136398082599044,0.0003796124074142426
15650,0.0002286568924318999,0.0004143433761782944
15651,0.0002069831534754485,0.0004996841307729483
15652,0.0001947502896655351,0.0005928986356593668
15653,0.00018874308443628252,0.0006558250170201063
15654,0.0001865233643911779,0.0006257923087105155
15655,0.00018592775450088084,0.0005259884637780488
15656,0.00018550371169112623,0.0003567467792890966
15657,0.00018457449914421886,0.00019393741968087852
15658,0.00018284350517205894,8.514068031217903e-05
15659,0.0001805697102099657,6.244907854124904e-05
15660,0.00017809041310101748,0.00011218649160582572
15661,0.00017584736633580178,0.00019187945872545242
15662,0.000174192464328371,0.0002600918523967266
15663,0.00017340863996651024,0.00028052751440554857
15664,0.00017365894746035337,0.00025816127890720963
15665,0.0001750375668052584,0.000201446411665529
15666,0.00017767719691619277,0.00014917703811079264
15667,0.00018189227557741106,0.00012590482947416604
15668,0.0001881190692074597,0.00014279456809163094
15669,0.00019759322458412498,0.00019256411178503186
15670,0.00021172963897697628,0.00025788097991608083
15671,0.00023442886595148593,0.0003280459495726973
15672,0.00026893685571849346,0.0003979716566391289
15673,0.00032632314832881093,0.00048435755888931453
15674,0.0004130507295485586,0.0006050621159374714
15675,0.0005612007807940245,0.0007924848468974233
15676,0.0007762768655084074,0.001056118169799447
15677,0.0011419120710343122,0.0014118857216089964
15678,0.001626357203349471,0.001823557773604989
15679,0.0024039712734520435,0.00225449213758111
15680,0.0032610830385237932,0.002598743885755539
15681,0.0043470715172588825,0.0027689021080732346
15682,0.005084050819277763,0.002672211965546012
15683,0.005324898287653923,0.0022941308561712503
15684,0.004594133235514164,0.0017222511814907193
15685,0.0031342236325144768,0.0010861188638955355
15686,0.0017282990738749504,0.0005682887276634574
15687,0.0010787744540721178,0.0002563993912190199
15688,0.0013024448417127132,0.00018294042092747986
15689,0.002040050458163023,0.000291539472527802
15690,0.0028287379536777735,0.0004958872450515628
15691,0.0030553063843399286,0.0006997341988608241
15692,0.002648608759045601,0.0008241373579949141
15693,0.0016053963918238878,0.0008376809419132769
15694,0.0007146739517338574,0.0007308070198632777
15695,0.00029901647940278053,0.0005531556671485305
15696,0.0005284391809254885,0.00034508074168115854
15697,0.0011085588485002518,0.00017537415260449052
15698,0.0016519029159098864,8.094034274108708e-05
15699,0.0019100058125331998,7.662408461328596e-05
15700,0.001697369385510683,0.00014282514166552573
15701,0.0012157991295680404,0.0002406801504548639
15702,0.0006335261859931052,0.00033195194555446506
15703,0.0002603476750664413,0.0003847516782116145
15704,0.00023106570006348193,0.0003968102973885834
15705,0.0004498395137488842,0.00037359772250056267
15706,0.0007818202720955014,0.000341635022778064
15707,0.0010505029931664467,0.00032071920577436686
15708,0.001183071406558156,0.0003209226415492594
15709,0.0010810396634042263,0.00034229879383929074
15710,0.0008549161721020937,0.0003717021318152547
15711,0.0005464737769216299,0.0003998195752501488
15712,0.00031234725611284375,0.00041510749724693596
15713,0.00020688792574219406,0.00041987511212937534
15714,0.00022484851069748402,0.00041603209683671594
15715,0.0003346344456076622,0.00041369019891135395
15716,0.00047034816816449165,0.0004155734786763787
15717,0.0006026756600476801,0.00042607178329490125
15718,0.0006614491576328874,0.000440914009232074
15719,0.0006605556700378656,0.0004575848870445043
15720,0.000567725277505815,0.0004693963273894042
15721,0.0004539891961030662,0.00047233683289960027
15722,0.0003382389841135591,0.00046380964340642095
15723,0.00025348542840220034,0.0004422755155246705
15724,0.00020304050121922046,0.000410547130741179
15725,0.00018722676031757146,0.00037054825224913657
15726,0.0002011320902965963,0.0003274758346378803
15727,0.00023294513812288642,0.0002848990843631327
15728,0.0002731233253143728,0.00024641084019094706
15729,0.000308532384224236,0.00021399257821030915
15730,0.00033921338035725057,0.00018815234943758696
15731,0.0003577734751161188,0.00016868149396032095
15732,0.0003709807642735541,0.00015412693028338253
15733,0.0003668751160148531,0.00014340861525852233
15734,0.00035592156928032637,0.0001351405371678993
15735,0.00033409736352041364,0.00012899945431854576
15736,0.00031141252839006484,0.0001247283216798678
15737,0.0002838497166521847,0.00012293504551053047
15738,0.00025767815532162786,0.0001242315920535475
15739,0.00023415473697241396,0.00012993431300856173
15740,0.00021560897585004568,0.0001412462443113327
15741,0.00020081725961063057,0.00016037130262702703
15742,0.0001894047309178859,0.00018960883608087897
15743,0.00018217181786894798,0.00023357977624982595
15744,0.00017765138181857765,0.0002978241827804595
15745,0.0001767235662555322,0.000392951158573851
15746,0.00017693097470328212,0.0005314210429787636
15747,0.00018011793144978583,0.0007363618933595717
15748,0.00018426742462906986,0.001029637991450727
15749,0.0001913202431751415,0.001450456096790731
15750,0.00020029998268000782,0.002009810646995902
15751,0.00021326064597815275,0.002724516438320279
15752,0.00023063452681526542,0.0034953923895955086
15753,0.000255727325566113,0.004187279846519232
15754,0.00029141412233002484,0.004507394041866064
15755,0.00034378314740024507,0.004250395577400923
15756,0.00041938736103475094,0.0033766143023967743
15757,0.0005316841998137534,0.002201379043981433
15758,0.0006976706208661199,0.0012493638787418604
15759,0.0009467459167353809,0.000797278480604291
15760,0.0013098237104713917,0.0008251530816778541
15761,0.001850344822742045,0.0009360872209072113
15762,0.00260920193977654,0.000955580675508827
15763,0.0036877626553177834,0.0008366426918655634
15764,0.005040636286139488,0.0007792104734107852
15765,0.006671986076980829,0.000862229848280549
15766,0.008153521455824375,0.0009534120326861739
15767,0.00901257898658514,0.0009587585227563977
15768,0.00839692447334528,0.0007316300179809332
15769,0.006057225167751312,0.00045431446051225066
15770,0.002900043036788702,0.00023861984664108604
15771,0.0007479453342966735,0.0001830171822803095
15772,0.0007430616533383727,0.00028302468126639724
15773,0.002247599186375737,0.0004538743814919144
15774,0.003815542906522751,0.0005874137859791517
15775,0.004197835922241211,0.0005629290826618671
15776,0.0031633982434868813,0.0004125759587623179
15777,0.0014544918667525053,0.00021486447076313198
15778,0.0003936534048989415,9.121172479353845e-05
15779,0.0005571091896854341,7.401766197290272e-05
15780,0.001481696031987667,0.00013619649689644575
15781,0.002305718371644616,0.00022583515965379775
15782,0.002336872275918722,0.0002786741533782333
15783,0.001630750484764576,0.00026543281273916364
15784,0.0007255908567458391,0.00018450545030646026
15785,0.000261002714978531,0.00010091160220326856
15786,0.0004168354789726436,6.0037044022465125e-05
15787,0.0009319428354501724,7.107491546776146e-05
15788,0.0013092756271362305,0.00011181055015185848
15789,0.0012653067242354155,0.00015141193580348045
15790,0.0008392343297600746,0.0001677734253462404
15791,0.0003906692727468908,0.00015020387945696712
15792,0.0002133185917045921,0.00011799432104453444
15793,0.0003469448129180819,9.741508984006941e-05
15794,0.0006044773617759347,0.00010632551129674539
15795,0.0007539752987213433,0.00014502860722132027
15796,0.0006732427864335477,0.00020793535804841667
15797,0.0004496786859817803,0.00029218452982604504
15798,0.0002461971598677337,0.00040124382940120995
15799,0.00019062368664890528,0.00055308808805421
15800,0.0002753251465037465,0.0007822751649655402
15801,0.00040175713365897536,0.0011224885238334537
15802,0.0004623991553671658,0.0016141427913680673
15803,0.00041920569492504,0.0022224392741918564
15804,0.0003132459823973477,0.002902098698541522
15805,0.00022257260570768267,0.0034276314545422792
15806,0.00020229282381478697,0.0036032535135746002
15807,0.000251521123573184,0.0032310818787664175
15808,0.0003243235987611115,0.0024271344300359488
15809,0.00037409173091873527,0.0015198471955955029
15810,0.0003827713953796774,0.0008976495591923594
15811,0.0003649013233371079,0.0006746199214830995
15812,0.0003660134389065206,0.0006376394303515553
15813,0.0004088821879122406,0.0006290572346188128
15814,0.000520206755027175,0.0005562356091104448
15815,0.0006709984736517072,0.0005593895330093801
15816,0.0008734064176678658,0.000710910651832819
15817,0.0010800648014992476,0.0008951505878940225
15818,0.0013392771361395717,0.0009323295671492815
15819,0.0015526643255725503,0.0006639733328483999
15820,0.0018074470572173595,0.0003319673123769462
15821,0.0019000348402187228,0.0001300643343711272
15822,0.0019325638422742486,0.00012252599117346108
15823,0.0017007547430694103,0.0002247051743324846
15824,0.0013387036742642522,0.00034609984140843153
15825,0.0008770485874265432,0.0004414714057929814
15826,0.0004909426206722856,0.0004333295510150492
15827,0.00024990132078528404,0.0003242548555135727
15828,0.00019377902208361775,0.00019201157556381077
15829,0.0002891398617066443,0.00014823202218394727
15830,0.0004793413099832833,0.0001894844463095069
15831,0.0007162776892073452,0.00024276933982037008
15832,0.0009224765817634761,0.00026680680457502604
15833,0.0011234378907829523,0.000266067567281425
15834,0.0012066938215866685,0.00023871396842878312
15835,0.001254719914868474,0.00018252735026180744
15836,0.0011787982657551765,0.00014667971117887646
15837,0.0010924629168584943,0.00016136473277583718
15838,0.0009208487463183701,0.00020363362273201346
15839,0.000740217394195497,0.00023757574672345072
15840,0.0005414494662545621,0.0002577963750809431
15841,0.00037203007377684116,0.00028017471777275205
15842,0.00024803189444355667,0.0003070051607210189
15843,0.00018676358740776777,0.00034912829869426787
15844,0.00018670535064302385,0.0004291952936910093
15845,0.00023323064669966698,0.0005561478901654482
15846,0.00030667008832097054,0.0007231929339468479
15847,0.0003856991825159639,0.0009165626834146678
15848,0.00046277191722765565,0.0011363158700987697
15849,0.0005249480018392205,0.0013620739337056875
15850,0.0005872052861377597,0.001578883733600378
15851,0.0006315023056231439,0.0017246200004592538
15852,0.0006902626482769847,0.0017870549345389009
15853,0.0007275465177372098,0.0017276424914598465
15854,0.0007808891823515296,0.001552255591377616
15855,0.0007960781804285944,0.0012902116868644953
15856,0.0008145619067363441,0.0009652171283960342
15857,0.0007827977533452213,0.000642048311419785
15858,0.0007453231373801827,0.0003549777902662754
15859,0.000663870305288583,0.00016144695109687746
15860,0.0005824590916745365,8.895574137568474e-05
15861,0.00048516568494960666,0.00013714875967707485
15862,0.0004026672977488488,0.00026716539287008345
15863,0.00032730266684666276,0.0004198299429845065
15864,0.00027026073075830936,0.0005409214645624161
15865,0.000227647484280169,0.000589026021771133
15866,0.00019934031297452748,0.0005658200243487954
15867,0.00018199642363470048,0.00048121088184416294
15868,0.00017320438928436488,0.0003760096151381731
15869,0.00017102299898397177,0.0002791179867926985
15870,0.00017386693798471242,0.0002101986319757998
15871,0.00018107611685991287,0.00017081259284168482
15872,0.0001921899092849344,0.00014929380267858505
15873,0.00020809087436646223,0.00013184474664740264
15874,0.0002294558216817677,0.0001099519431591034
15875,0.00026011434965766966,8.546596654923633e-05
15876,0.0003013981331605464,6.497996218968183e-05
15877,0.0003634491586126387,5.6392193073406816e-05
15878,0.0004466797108761966,6.264598050620407e-05
15879,0.0005753725417889655,8.155945397447795e-05
15880,0.0007372817490249872,0.000107970365206711
15881,0.0009826933965086937,0.00013712001964449883
15882,0.0012555073481053114,0.00016847501683514565
15883,0.001641114242374897,0.00020541173580568284
15884,0.001965812873095274,0.0002571470395196229
15885,0.0023166853934526443,0.00033342622919008136
15886,0.0024055568501353264,0.0004486603429540992
15887,0.002337135374546051,0.0006142728962004185
15888,0.001914785709232092,0.0008499264367856085
15889,0.0013495305320248008,0.001165230292826891
15890,0.0007569550652988255,0.0015785290161147714
15891,0.000354486342985183,0.0020674460101872683
15892,0.00020661522285081446,0.0026019136421382427
15893,0.00029411542345769703,0.0030614566057920456
15894,0.0005307666142471135,0.003325346391648054
15895,0.0008190884254872799,0.00324151199311018
15896,0.0011109343031421304,0.0027674753218889236
15897,0.0012988545931875706,0.002014345023781061
15898,0.0014407666167244315,0.0011947458842769265
15899,0.001395918894559145,0.0005773593438789248
15900,0.0012808035826310515,0.000276624399702996
15901,0.0010376740247011185,0.00028491191915236413
15902,0.000800351845100522,0.0004741293960250914
15903,0.0005508480244316161,0.0007147734868340194
15904,0.0003584730438888073,0.000898042693734169
15905,0.0002355212636757642,0.0009593579452484846
15906,0.00018784223357215524,0.0008912638877518475
15907,0.00020198117999825627,0.0007023868383839726
15908,0.0002593748504295945,0.00047439709305763245
15909,0.0003424584283493459,0.0002598032006062567
15910,0.00043155744788236916,0.00013335136463865638
15911,0.0005225286586210132,0.00011891090252902359
15912,0.0005923509015701711,0.0002035300130955875
15913,0.0006652484880760312,0.0003361570416018367
15914,0.0007058074115775526,0.00044894570601172745
15915,0.0007488122791983187,0.0004987225402146578
15916,0.0007530660950578749,0.000462886382592842
15917,0.0007626859005540609,0.00037740342668257654
15918,0.0007337578572332859,0.00027753363247029483
15919,0.0007057742914184928,0.0002048782625934109
15920,0.0006433877279050648,0.00017441523959860206
15921,0.0005808506393805146,0.00017724031931720674
15922,0.0004994930932298303,0.0001904116215882823
15923,0.00042526936158537865,0.00018886892939917743
15924,0.0003520189202390611,0.00016668913303874433
15925,0.000292958808131516,0.000128517160192132
15926,0.0002458135422784835,9.216530452249572e-05
15927,0.00021293689496815205,6.979490717640147e-05
15928,0.00019131790031678975,6.584975199075416e-05
15929,0.00017892324831336737,7.593051122967154e-05
15930,0.0001731339725665748,9.040044096764177e-05
15931,0.0001721685694064945,0.0001004419827950187
15932,0.00017489903257228434,0.00010068684787256643
15933,0.00018085440387949347,9.389713522978127e-05
15934,0.00019026390509679914,8.50167270982638e-05
15935,0.0002036689838860184,8.101505227386951e-05
15936,0.00022331441869027913,8.654309203848243e-05
15937,0.00025031843688338995,0.00010404708882560953
15938,0.000291063217446208,0.00013455153384711593
15939,0.000347181165125221,0.00017853961617220193
15940,0.00043442612513899803,0.0002407976717222482
15941,0.0005501349223777652,0.00032856411417014897
15942,0.0007305993931367993,0.00046018423745408654
15943,0.0009529421804472804,0.0006533647538162768
15944,0.0012882560258731246,0.0009421320864930749
15945,0.0016364227049052715,0.0013415627181529999
15946,0.0020950334146618843,0.0018796577351167798
15947,0.002417074516415596,0.0025010593235492706
15948,0.002690559718757868,0.0031401547603309155
15949,0.00258544459939003,0.003583701327443123
15950,0.0022315033711493015,0.0036847293376922607
15951,0.0015768681187182665,0.003309161402285099
15952,0.0009145413059741259,0.0025530564598739147
15953,0.00041936643538065255,0.0016951983561739326
15954,0.00022941328643355519,0.0009779788088053465
15955,0.00032744818599894643,0.0005929694743826985
15956,0.0006085197092033923,0.0004683894803747535
15957,0.000962155987508595,0.0005350071587599814
15958,0.0012727291323244572,0.0006842068978585303
15959,0.001532473135739565,0.0008699445170350373
15960,0.0016201765974983573,0.0010169080924242735
15961,0.0016172644682228565,0.0010165190324187279
15962,0.0014533601934090257,0.0008720437763258815
15963,0.001254988368600607,0.0005845737177878618
15964,0.0010223640128970146,0.00031711714109405875
15965,0.0008357586339116096,0.0001548958389321342
15966,0.0007304163882508874,0.00014840892981737852
15967,0.0007267011096701026,0.000269722513621673
15968,0.0008412216557189822,0.00043565838132053614
15969,0.001075221924111247,0.0005523221334442496
15970,0.001404625829309225,0.0005355766043066978
15971,0.0018298786599189043,0.00041872813017107546
15972,0.0022815025877207518,0.0002654525451362133
15973,0.0027411747723817825,0.00016587805293966085
15974,0.0031184221152216196,0.00014243178884498775
15975,0.003299327567219734,0.00017364529776386917
15976,0.0031925535295158625,0.0002189122897107154
15977,0.002796097192913294,0.0002349943679291755
15978,0.002198962029069662,0.00020748318638652563
15979,0.0015454788226634264,0.0001455802848795429
15980,0.0010013796854764223,9.656333713792264e-05
15981,0.0006852997466921806,8.670927491039038e-05
15982,0.0006396293756552041,0.00011088216706411913
15983,0.0008298482862301171,0.00014722158084623516
15984,0.0011044094571843743,0.00017786433454602957
15985,0.0014114015502855182,0.00019815724226646125
15986,0.0015018656849861145,0.0002102055586874485
15987,0.0014242647448554635,0.00023351371055468917
15988,0.001139840460382402,0.00029271323001012206
15989,0.0008099221158772707,0.00040694288327358663
15990,0.0005212387186475098,0.0005911918706260622
15991,0.00035179167753085494,0.0008510631741955876
15992,0.00032155332155525684,0.001205288921482861
15993,0.00039671873673796654,0.0016332147642970085
15994,0.0005254325224086642,0.002114330418407917
15995,0.0006522670155391097,0.0025151644367724657
15996,0.0007629377068951726,0.00272668176330626
15997,0.0008016707724891603,0.002605404471978545
15998,0.0007988037541508675,0.0021816734224557877
15999,0.0007138103246688843,0.001596620655618608
16000,0.0006142713828012347,0.0010547959245741367
16001,0.0004831288242712617,0.0006956835277378559
16002,0.0003679621440824121,0.00048530701315030456
16003,0.000272728648269549,0.00039143260801211
16004,0.00021020257554482669,0.00036462597199715674
16005,0.00017797980399336666,0.0004325330664869398
16006,0.0001726027112454176,0.0005780230858363211
16007,0.00018712245218921453,0.0007376697030849755
16008,0.0002151888475054875,0.0008202880853787065
16009,0.00025248120073229074,0.0007219835533760488
16010,0.00029354714206419885,0.0005083735450170934
16011,0.00034084837534464896,0.00026166264433413744
16012,0.00038517132634297013,0.00010757058043964207
16013,0.0004361000028438866,7.606211875099689e-05
16014,0.0004797683213837445,0.0001367108488921076
16015,0.0005366030381992459,0.00023831523139961064
16016,0.0005833894247189164,0.0003199412894900888
16017,0.000642816536128521,0.00034461429459042847
16018,0.0006833065999671817,0.00029615024686791003
16019,0.0007329470245167613,0.0002312420547241345
16020,0.0007536396733485162,0.0002024218556471169
16021,0.0007749674841761589,0.00022823677863925695
16022,0.0007647188613191247,0.0002840759407263249
16023,0.0007519283099099994,0.00034705857979133725
16024,0.0007190025644376874,0.0004074648895766586
16025,0.0006872268859297037,0.0004561611858662218
16026,0.0006542338524013758,0.0005075700464658439
16027,0.000629365851636976,0.0005747033865191042
16028,0.0006191332940943539,0.0006922382744960487
16029,0.0006218617781996727,0.0008531368221156299
16030,0.0006453520618379116,0.0010364970657974482
16031,0.0006841564318165183,0.0012125074863433838
16032,0.0007432714337483048,0.0013567940331995487
16033,0.0008191507076844573,0.0014322163769975305
16034,0.0009096713620238006,0.0014135014498606324
16035,0.001016833819448948,0.0012735900236293674
16036,0.001129617914557457,0.0010414341231808066
16037,0.0012545943027362227,0.0007562694954685867
16038,0.0013698013499379158,0.0004748019273392856
16039,0.0014850179431959987,0.00024784356355667114
16040,0.0015691426815465093,0.00010487397958058864
16041,0.0016314433887600899,5.757795224781148e-05
16042,0.0016460849437862635,9.207442053593695e-05
16043,0.0016141703817993402,0.00017694621055852622
16044,0.0015359960962086916,0.000277715822448954
16045,0.0014055274659767747,0.00036741740768775344
16046,0.0012635854072868824,0.0004313275567255914
16047,0.0010900265770033002,0.00046217290218919516
16048,0.0009562833583913743,0.00045744189992547035
16049,0.0008313597645610571,0.00042384612606838346
16050,0.0007867528474889696,0.0003706063434947282
16051,0.0007710781064815819,0.0003093198174610734
16052,0.0008237962611019611,0.0002483630087226629
16053,0.0008972779614850879,0.00019290846830699593
16054,0.0009897220879793167,0.00014696893049404025
16055,0.0010710861533880234,0.00011244216148043051
16056,0.0011163045419380069,8.85144982021302e-05
16057,0.0011221719905734062,7.251108763739467e-05
16058,0.0010657340753823519,6.164467049529776e-05
16059,0.000972278299741447,5.468424205901101e-05
16060,0.0008370873401872814,5.083642463432625e-05
16061,0.0006898760912008584,4.929638089379296e-05
16062,0.0005433616461232305,4.949673530063592e-05
16063,0.00041891474393196404,5.1642098696902394e-05
16064,0.0003274156479164958,5.629391307593323e-05
16065,0.00027413960197009146,6.382763967849314e-05
16066,0.00026170798810198903,7.462299981852993e-05
16067,0.0002910747716668993,8.992130460683256e-05
16068,0.0003580040065571666,0.00011247833754168823
16069,0.0004735589027404785,0.00014648694195784628
16070,0.0006300171953625977,0.00019922485807910562
16071,0.0008595520630478859,0.00028065580409020185
16072,0.0011348414700478315,0.00040981892379932106
16073,0.0015200955094769597,0.0006095381104387343
16074,0.0019008181989192963,0.0009209720301441848
16075,0.002354623284190893,0.0013793777907267213
16076,0.002595136407762766,0.0020391286816447973
16077,0.002700834535062313,0.002878825180232525
16078,0.002382553881034255,0.0038423931691795588
16079,0.0018423838773742318,0.0046559046022593975
16080,0.0011602096492424607,0.0050346399657428265
16081,0.0006240627262741327,0.00465210760012269
16082,0.00039761661901138723,0.003579254262149334
16083,0.0004879052867181599,0.002294205129146576
16084,0.0007734315004199743,0.0013125287368893623
16085,0.0010950984433293343,0.0009380136616528034
16086,0.0013219998218119144,0.0008889909368008375
16087,0.001398157561197877,0.0009513900149613619
16088,0.0013426047516986728,0.0009469002252444625
16089,0.0011688515078276396,0.0010235069785267115
16090,0.0009533670963719487,0.0012026679469272494
16091,0.0007082353113219142,0.0012362988200038671
16092,0.000508946250192821,0.0010281039867550135
16093,0.0003675930784083903,0.0005558828124776483
16094,0.00030405924189835787,0.00023987774329725653
16095,0.00030127287027426064,0.00024264963576570153
16096,0.0003433843667153269,0.00044200249249115586
16097,0.0004159028176218271,0.0006382296560332179
16098,0.0004981141537427902,0.0006952479016035795
16099,0.0005715762381441891,0.0006257203640416265
16100,0.0006226372788660228,0.0003995768493041396
16101,0.0006428327760659158,0.00015354262723121792
16102,0.0006373791256919503,6.518833833979443e-05
16103,0.0006096159922890365,0.00017530369223095477
16104,0.0005650284001603723,0.0003058812581002712
16105,0.0005128741031512618,0.00030222261557355523
16106,0.000463319243863225,0.00022575441107619554
16107,0.00043113590800203383,0.0001562045799801126
16108,0.00042269332334399223,0.0001152404147433117
16109,0.00044504133984446526,0.00011355121387168765
16110,0.0005133275408297777,0.00017912135808728635
16111,0.0006254769978113472,0.00026839112979359925
16112,0.0008127340115606785,0.00030264133238233626
16113,0.0010470284614712,0.00032016841578297317
16114,0.0013963296078145504,0.0004001050256192684
16115,0.0017465273849666119,0.0005944179138168693
16116,0.0021975082345306873,0.000899878388736397
16117,0.0025041764602065086,0.0013347284402698278
16118,0.0027674806769937277,0.0018922578310593963
16119,0.00270822667516768,0.0025154633913189173
16120,0.002425802405923605,0.0029752524569630623
16121,0.001942519098520279,0.0030971281230449677
16122,0.0014485244173556566,0.002686282154172659
16123,0.0011067111045122147,0.0018757451325654984
16124,0.0009765884606167674,0.0009636045433580875
16125,0.0010258944239467382,0.0003395258099772036
16126,0.001171196112409234,0.00018981924222316593
16127,0.0013166380813345313,0.00039091522921808064
16128,0.0014062898699194193,0.000680813449434936
16129,0.0014291468542069197,0.0008406341075897217
16130,0.0013137218775227666,0.0008703250787220895
16131,0.0011283783242106438,0.0007983263349160552
16132,0.0008555559907108545,0.0006503576296381652
16133,0.0006286472198553383,0.00046739427489228547
16134,0.0004523540264926851,0.0002778155030682683
16135,0.00037530381814576685,0.00015580200124531984
16136,0.0003914535918738693,0.00014785828534513712
16137,0.00047573415213264525,0.0002566310577094555
16138,0.0005909884348511696,0.0004008885007351637
16139,0.0007023560465313494,0.0004697395779658109
16140,0.0007608878659084439,0.0004379216115921736
16141,0.0007698173867538571,0.0003251739253755659
16142,0.0007266138563863933,0.00020144238078501076
16143,0.0006536372238770127,0.00010629338794387877
16144,0.0005509531474672258,6.857697735540569e-05
16145,0.0004457502509467304,9.238230995833874e-05
16146,0.0003481267485767603,0.00014359175111167133
16147,0.00027156498981639743,0.00017403505626134574
16148,0.00022038459428586066,0.00016127427807077765
16149,0.0001936776825459674,0.00013341469457373023
16150,0.00018836086383089423,0.00011968658509431407
16151,0.00020117712847422808,0.00013182642578613013
16152,0.0002280011831317097,0.0001643036084715277
16153,0.0002631372772157192,0.00021310109877958894
16154,0.0003025186015293002,0.00027111818781122565
16155,0.0003439963038545102,0.000324048480251804
16156,0.00038762466283515096,0.0003785030567087233
16157,0.00043573390576057136,0.0004472528526093811
16158,0.000488354591652751,0.0005540441488847136
16159,0.0005537116667255759,0.0006956183351576328
16160,0.0006362981512211263,0.000862637534737587
16161,0.0007516854093410075,0.0010353245306760073
16162,0.0009164944058284163,0.0011943421559408307
16163,0.0011458455119282007,0.0012953364057466388
16164,0.0014903801493346691,0.0013119562063366175
16165,0.0019194837659597397,0.0012104761553928256
16166,0.002517345594242215,0.0010126138804480433
16167,0.003111543832346797,0.0007497068145312369
16168,0.003728888463228941,0.00047873955918475986
16169,0.003956914413720369,0.0002552375372033566
16170,0.0037339460104703903,0.00011377458577044308
16171,0.002901802072301507,6.630698044318706e-05
16172,0.0018179441103711724,9.726741700433195e-05
16173,0.0008545240852981806,0.0001756509009283036
16174,0.00036373341572470963,0.00026870492729358375
16175,0.00039329694118350744,0.00035048372228629887
16176,0.0007863128557801247,0.0004050745628774166
16177,0.001345431082881987,0.000425731239374727
16178,0.0017436103662475944,0.0004112217284273356
16179,0.001930488389916718,0.00036831441684626043
16180,0.0016690692864358425,0.00030748319113627076
16181,0.001198043581098318,0.0002401244273642078
16182,0.000673308502882719,0.00017705943901091814
16183,0.0003260730882175267,0.0001246507017640397
16184,0.00022398977307602763,8.71683587320149e-05
16185,0.00033781465026549995,6.530671089421958e-05
16186,0.0005822628736495972,5.6496057368349284e-05
16187,0.0008423547842539847,5.593341120402329e-05
16188,0.0010570262093096972,5.890904139960185e-05
16189,0.0011111918138340116,6.286633288254961e-05
16190,0.00105724623426795,6.693910108879209e-05
16191,0.0008545381133444607,7.21660690032877e-05
16192,0.0006242344388738275,8.019715460250154e-05
16193,0.00040617480408400297,9.365427831653506e-05
16194,0.0002653418923728168,0.0001154594574472867
16195,0.00020799774210900068,0.00014859596558380872
16196,0.00022741146676708013,0.00019765897013712674
16197,0.0002967419568449259,0.0002689451212063432
16198,0.000390091969165951,0.0003748313174583018
16199,0.00048491815687157214,0.0005291602574288845
16200,0.000557918509002775,0.0007581062382087111
16201,0.0006187033141031861,0.0010781995952129364
16202,0.0006350831245072186,0.0015206136740744114
16203,0.0006246106931939721,0.0020618438720703125
16204,0.0005727277603000402,0.002668948844075203
16205,0.0005150584620423615,0.003189157461747527
16206,0.0004336096753831953,0.0034810604993253946
16207,0.0003584914666134864,0.003367536934092641
16208,0.00029008841374889016,0.002854859223589301
16209,0.00024087117344606668,0.00210461113601923
16210,0.0002045556902885437,0.0013563036918640137
16211,0.0001832754205679521,0.0008451045141555369
16212,0.00017397868214175105,0.0005649894592352211
16213,0.00017535462393425405,0.0004909025155939162
16214,0.00018434222147334367,0.0005108964978717268
16215,0.00019947721739299595,0.0006233675521798432
16216,0.0002192147949244827,0.0007940892828628421
16217,0.00024321620003320277,0.0009381864801980555
16218,0.0002721621422097087,0.0009720423258841038
16219,0.00030747149139642715,0.0007952105370350182
16220,0.00035217631375417113,0.0005295408191159368
16221,0.0004078640486113727,0.00026580935809761286
16222,0.00047898292541503906,0.00012777659867424518
16223,0.0005725018563680351,0.00013297269470058382
16224,0.000695910188369453,0.00024325311824213713
16225,0.0008620362496003509,0.0003929005761165172
16226,0.0010800277814269066,0.0004866390663664788
16227,0.0013761594891548157,0.00047649102634750307
16228,0.0017521550180390477,0.000356129661668092
16229,0.002242752816528082,0.00022614668705500662
16230,0.0028185551054775715,0.00015730937593616545
16231,0.0034763915464282036,0.00016238204261753708
16232,0.004098419565707445,0.0002023928245762363
16233,0.004553589969873428,0.00024391940678469837
16234,0.004677874967455864,0.0002669091336429119
16235,0.00427890894934535,0.00025096628814935684
16236,0.0035237479023635387,0.0002147040650015697
16237,0.0025507009122520685,0.0001913613232318312
16238,0.0018621739000082016,0.0002180496958317235
16239,0.001677880296483636,0.0002898659440688789
16240,0.0018798296805471182,0.00038375548319891095
16241,0.002414661692455411,0.0004907267866656184
16242,0.0028755362145602703,0.0006180542404763401
16243,0.002967626554891467,0.0007726427866145968
16244,0.002644234336912632,0.000961114012170583
16245,0.0018746150890365243,0.0011715242872014642
16246,0.001053093932569027,0.0014016160275787115
16247,0.0004872177087236196,0.001590041909366846
16248,0.00035353045677766204,0.0016766481567174196
16249,0.0006265889969654381,0.0015984526835381985
16250,0.0011370943393558264,0.0013418232556432486
16251,0.0015864833258092403,0.0009664347162470222
16252,0.0018285686383023858,0.0005852673784829676
16253,0.0016463961219415069,0.00030613693525083363
16254,0.0012676191981881857,0.00018259542412124574
16255,0.0008491402259096503,0.00019075490126851946
16256,0.0006293330807238817,0.0002608132199384272
16257,0.000580925028771162,0.000333210191456601
16258,0.0006580305052921176,0.0003704155969899148
16259,0.0007329556392505765,0.000379592995159328
16260,0.0007182188564911485,0.0003757778322324157
16261,0.000600633560679853,0.00037357350811362267
16262,0.00043737830128520727,0.00037277216324582696
16263,0.0003028203791473061,0.00035908384597860277
16264,0.0002634069533087313,0.0003286031715106219
16265,0.00031788652995601296,0.0002692881680559367
16266,0.0004267926560714841,0.00019737816182896495
16267,0.0005373295280151069,0.0001230874186148867
16268,0.0006067712092772126,6.997004675213248e-05
16269,0.0006147060776129365,5.028157829656266e-05
16270,0.0005697902524843812,6.418611883418635e-05
16271,0.0005067742895334959,9.794668585527688e-05
16272,0.00045668258098885417,0.00013227513409219682
16273,0.00044993608025833964,0.00015587998495902866
16274,0.00047279446152970195,0.00016275928646791726
16275,0.0005331665743142366,0.00016145534755196422
16276,0.0005776131292805076,0.00016126579430419952
16277,0.000612142845056951,0.00017933467461261898
16278,0.0006113664712756872,0.00023140916891861707
16279,0.0005981187568977475,0.0003303526318632066
16280,0.0005562340375036001,0.0004931024741381407
16281,0.0005269079119898379,0.0007334749097935855
16282,0.0005023361300118268,0.0010912881698459387
16283,0.0005102631403133273,0.001576324226334691
16284,0.0005159004940651357,0.0022104468662291765
16285,0.000536877429112792,0.002891681157052517
16286,0.000549697782844305,0.0034846037160605192
16287,0.0005667816149070859,0.0037278039380908012
16288,0.0005637661670334637,0.0035321309696882963
16289,0.0005586809129454195,0.0029205409809947014
16290,0.0005420858506113291,0.0021713776513934135
16291,0.0005373183521442115,0.0015584859065711498
16292,0.0005211944808252156,0.0010767782805487514
16293,0.0005166198825463653,0.0007746732444502413
16294,0.0005089270416647196,0.0005270320689305663
16295,0.0005186888738535345,0.00044696207623928785
16296,0.0005142802838236094,0.0006023326423019171
16297,0.0005159786669537425,0.0009282732498832047
16298,0.0005100195994600654,0.0011749869445338845
16299,0.0005166495102457702,0.0010250003542751074
16300,0.0005069115431979299,0.0006390124326571822
16301,0.0005067877355031669,0.00026534454082138836
16302,0.0005037579103372991,0.00013530046271625906
16303,0.0005236758734099567,0.00019352621166035533
16304,0.000533820129930973,0.00030551262898370624
16305,0.0005632344400510192,0.0004178148228675127
16306,0.0005936490488238633,0.00046710396418347955
16307,0.0006544705247506499,0.000416668743127957
16308,0.0006976279546506703,0.0002724842634052038
16309,0.0007576994830742478,0.00019132292072754353
16310,0.0008012778707779944,0.00025306909810751677
16311,0.0008737524040043354,0.0003624889941420406
16312,0.0008956319652497768,0.00040085328510031104
16313,0.0009180327178910375,0.0003946261713281274
16314,0.0008956259698607028,0.00040401730802841485
16315,0.0008975943783298135,0.0004213027423247695
16316,0.0008280490292236209,0.0004632443014997989
16317,0.0007599296513944864,0.0005569049390032887
16318,0.0006592258578166366,0.0007002645870670676
16319,0.0006023760652169585,0.000836075865663588
16320,0.0005027092411182821,0.0009264606051146984
16321,0.0004368421505205333,0.0009966727811843157
16322,0.0003637620829977095,0.0010585917625576258
16323,0.0003337831294629723,0.0010614189086481929
16324,0.0002814845647662878,0.0009818982798606157
16325,0.000259272288531065,0.000808399636298418
16326,0.00022745528258383274,0.0006005581235513091
16327,0.0002181236050091684,0.00039526939508505166
16328,0.0001966397394426167,0.00022101355716586113
16329,0.00019089323177468032,0.00010732797090895474
16330,0.00017835026665125042,6.764628778910264e-05
16331,0.00017643783940002322,9.322437108494341e-05
16332,0.00017021260282490402,0.00015359517419710755
16333,0.00017073913477361202,0.00021455944806803018
16334,0.0001692496589384973,0.00026111898478120565
16335,0.00017184378521051258,0.00029261718736961484
16336,0.00017383355589117855,0.00031276344088837504
16337,0.00017885115812532604,0.0003187129332218319
16338,0.00018525126506574452,0.00030481364228762686
16339,0.00019578129285946488,0.0002776526671368629
16340,0.00021015090169385076,0.00024377940280828625
16341,0.00023374574084300548,0.00020521499391179532
16342,0.0002719594049267471,0.00016543015954084694
16343,0.0003317979571875185,0.00012760632671415806
16344,0.0004282681329641491,9.865283936960623e-05
16345,0.0005781903164461255,8.154446550179273e-05
16346,0.0008409735164605081,7.389188249362633e-05
16347,0.0012077061692252755,7.050130807328969e-05
16348,0.001806717598810792,6.745645077899098e-05
16349,0.0025317352265119553,6.411168578779325e-05
16350,0.003593296278268099,6.008026684867218e-05
16351,0.004455210641026497,5.48685020476114e-05
16352,0.005077535752207041,4.962537786923349e-05
16353,0.004657648038119078,4.672649811254814e-05
16354,0.003509052097797394,4.698375778389163e-05
16355,0.0018891687504947186,4.886388705926947e-05
16356,0.0006295779603533447,5.073065767646767e-05
16357,0.0002464258286636323,5.2253300964366645e-05
16358,0.0007185322465375066,5.388772115111351e-05
16359,0.0015711905434727669,5.594415051746182e-05
16360,0.0023187305778265,5.9293532103765756e-05
16361,0.002745530568063259,6.591048440895975e-05
16362,0.0024147729855030775,7.894061127444729e-05
16363,0.0016280036652460694,0.00010260527778882533
16364,0.0007001701160334051,0.00014282044139690697
16365,0.00044756746501661837,0.00021100029698573053
16366,0.0003245072439312935,0.000324967666529119
16367,0.000813672028016299,0.000518793414812535
16368,0.0013803894398733974,0.0008373486343771219
16369,0.002187042962759733,0.0013607513392344117
16370,0.002548753749579191,0.002157299779355526
16371,0.002889118157327175,0.0033157970756292343
16372,0.003553014947101474,0.0047246674075722694
16373,0.003560525132343173,0.006164248567074537
16374,0.0038097728975117207,0.006979271303862333
16375,0.002255612052977085,0.0067062065936625
16376,0.0030547967180609703,0.005213945638388395
16377,0.0017485134303569794,0.00326042203232646
16378,0.002583924448117614,0.001943894661962986
16379,0.0023341963533312082,0.0013312979135662317
16380,0.0023611108772456646,0.0013131056912243366
16381,0.004044100176542997,0.0013280146522447467
16382,0.0040425946936011314,0.0014904043637216091
16383,0.008112731389701366,0.0018545676721259952
16384,0.008227268233895302,0.0018497222336009145
16385,0.013526752591133118,0.0012666480615735054
16386,0.014925673604011536,0.00041062087984755635
16387,0.0240752212703228,0.0002955051604658365
16388,0.029158471152186394,0.000857810431625694
16389,0.03059825673699379,0.001199735444970429
16390,0.01633794978260994,0.001015370013192296
16391,0.016168056055903435,0.000589398667216301
16392,0.02957848459482193,0.0003268362779635936
16393,0.020249880850315094,0.00023553032951895148
16394,0.013899877667427063,0.000356548756826669
16395,0.01014157384634018,0.0005624002078548074
16396,0.021999375894665718,0.00045813125325366855
16397,0.023866280913352966,0.00018214010924566537
16398,0.024149665609002113,0.0001898118352983147
16399,0.010446339845657349,0.0004138684016652405
16400,0.02348139137029648,0.0005001675453968346
16401,0.012731300666928291,0.0005458599771372974
16402,0.01115116011351347,0.0007272987277247012
16403,0.010068517178297043,0.0010075345635414124
16404,0.017097756266593933,0.0015273850876837969
16405,0.005918477661907673,0.0022884563077241182
16406,0.021638911217451096,0.0030851142946630716
16407,0.014426788315176964,0.003630142891779542
16408,0.00805820245295763,0.0036003373097628355
16409,0.007648078724741936,0.0027413431089371443
16410,0.013245010748505592,0.0014565566089004278
16411,0.006456572562456131,0.00041337916627526283
16412,0.010028669610619545,0.00028922775527462363
16413,0.007478679064661264,0.0007988871657289565
16414,0.007011900190263987,0.0010769859654828906
16415,0.005376216024160385,0.0009156997548416257
16416,0.008043710142374039,0.0006513983244076371
16417,0.011503353714942932,0.0006153332069516182
16418,0.014310577884316444,0.0006403421284630895
16419,0.00955839641392231,0.0004311878001317382
16420,0.006068224087357521,0.00023371521092485636
16421,0.006748582236468792,0.0003550954279489815
16422,0.010099451057612896,0.000577727216295898
16423,0.00868387520313263,0.0005383735988289118
16424,0.0027572140097618103,0.0002731946879066527
16425,0.0028953177388757467,0.000134806934511289
16426,0.006606621667742729,0.00017431919695809484
16427,0.004089992959052324,0.00023419095668941736
16428,0.0022162017412483692,0.0002574901154730469
16429,0.0036472510546445847,0.00026896511553786695
16430,0.0025736885145306587,0.00023225476616062224
16431,0.0014290001709014177,0.00013069261331111193
16432,0.0030508828349411488,9.527819202048704e-05
16433,0.0012843499425798655,0.0001674429513514042
16434,0.001575541915372014,0.00019741771393455565
16435,0.0021064074244350195,0.00013195935753174126
16436,0.0011077141389250755,8.507443271810189e-05
16437,0.0013591984752565622,9.304698323830962e-05
16438,0.001538346754387021,9.509194933343679e-05
16439,0.0009031111840158701,8.913774217944592e-05
16440,0.0009903276804834604,9.85435617621988e-05
16441,0.0011174934916198254,9.325912105850875e-05
16442,0.0009463516180403531,6.635823956457898e-05
16443,0.0008647398790344596,5.951120692770928e-05
16444,0.0007366292411461473,8.118969708448276e-05
16445,0.0008257381268776953,9.27238361327909e-05
16446,0.0006559921894222498,8.15430685179308e-05
16447,0.0006987398955971003,7.509991701226681e-05
16448,0.0005628407234326005,8.211261592805386e-05
16449,0.0005878016818314791,9.002567094285041e-05
16450,0.0005732818972319365,9.869958739727736e-05
16451,0.00048283213982358575,0.00011595518299145624
16452,0.0004358183650765568,0.00013451979612000287
16453,0.00045963015872985125,0.00014703093620482832
16454,0.0004568136064335704,0.00016652781050652266
16455,0.0004015390295535326,0.00020584167214110494
16456,0.00041045161196962,0.00025618518702685833
16457,0.000325205794069916,0.00030881896964274347
16458,0.00037123612128198147,0.00037290778709575534
16459,0.0003657650959212333,0.0004516169719863683
16460,0.0003151165437884629,0.0005403506220318377
16461,0.0003138102183584124,0.0006368133472278714
16462,0.0003454974212218076,0.0007424228242598474
16463,0.0002815674233715981,0.0008384372922591865
16464,0.00026888528373092413,0.000912841351237148
16465,0.0003140167682431638,0.0009417185792699456
16466,0.0002810843288898468,0.0009265410481020808
16467,0.0002539598208386451,0.0008557870169170201
16468,0.00027582142502069473,0.000737653870601207
16469,0.00026013926253654063,0.0005873415502719581
16470,0.00024511938681825995,0.0004258954431861639
16471,0.00025765347527340055,0.00027613318525254726
16472,0.0002444785786792636,0.00015713825996499509
16473,0.00024159872555173934,8.063150016823784e-05
16474,0.00024202569329645485,5.1389277359703556e-05
16475,0.00023232042440213263,6.542695336975157e-05
16476,0.000229272322030738,0.00010934860620182008
16477,0.00023392640287056565,0.0001660889247432351
16478,0.0002253166021546349,0.00022140865621622652
16479,0.00022681700647808611,0.0002668099186848849
16480,0.00022296073439065367,0.00029902427922934294
16481,0.00021603412460535765,0.00031962402863427997
16482,0.00022187965805642307,0.0003347154997754842
16483,0.00021789965103380382,0.0003498443984426558
16484,0.0002113907248713076,0.00036621466279029846
16485,0.00021707278210669756,0.0003855295362882316
16486,0.00021322985412552953,0.00040474915294907987
16487,0.00020831107394769788,0.00042540777940303087
16488,0.00021003166330046952,0.000446222722530365
16489,0.00020986076560802758,0.00047063481179066
16490,0.00020698599109891802,0.0004970814334228635
16491,0.00020621743169613183,0.0005269617540761828
16492,0.0002057083329418674,0.000555351609364152
16493,0.00020394186140038073,0.0005810137954540551
16494,0.0002036187652265653,0.0005981269641779363
16495,0.00020208142814226449,0.0006060368614271283
16496,0.00020250938541721553,0.00060130818746984
16497,0.00020095190848223865,0.0005849483422935009
16498,0.000199544447241351,0.0005555046955123544
16499,0.00019980964134447277,0.0005158488056622446
16500,0.00019909246475435793,0.0004665232263505459
16501,0.00019743834855034947,0.0004115668998565525
16502,0.00019787655037362128,0.0003532189584802836
16503,0.00019711221102625132,0.00029591043130494654
16504,0.00019594933837652206,0.00024199156905524433
16505,0.00019571342272683978,0.0001942748494911939
16506,0.00019517506007105112,0.0001538288634037599
16507,0.0001946012198459357,0.0001211739654536359
16508,0.0001941861119121313,9.580423648003489e-05
16509,0.0001934946922119707,7.69126636441797e-05
16510,0.00019297594553790987,6.339357059914619e-05
16511,0.00019277000683359802,5.4200041631702334e-05
16512,0.0001919404458021745,4.834246647078544e-05
16513,0.00019171208259649575,4.493575761443935e-05
16514,0.00019135305774398148,4.318836363381706e-05
16515,0.00019064467051066458,4.247301330906339e-05
16516,0.00019037636229768395,4.236976747051813e-05
16517,0.00019000227621290833,4.2644169298000634e-05
16518,0.00018949201330542564,4.324861947679892e-05
16519,0.00018918514251708984,4.4333821278996766e-05
16520,0.0001887586695374921,4.619971878128126e-05
16521,0.00018841493874788284,4.930791328661144e-05
16522,0.0001880174968391657,5.438580774352886e-05
16523,0.00018762458057608455,6.264590774662793e-05
16524,0.0001873208093456924,7.623845158377662e-05
16525,0.0001869984989752993,9.886585030471906e-05
16526,0.0001865787198767066,0.00013735952961724252
16527,0.00018628740508574992,0.0002029630559263751
16528,0.00018596163135953248,0.0003166820970363915
16529,0.00018560481839813292,0.0005111896898597479
16530,0.0001853131252573803,0.0008472551708109677
16531,0.00018500242731533945,0.0014031390892341733
16532,0.000184684045962058,0.0023074692580848932
16533,0.000184388249181211,0.0036235663574188948
16534,0.0001840823097154498,0.005351753439754248
16535,0.0001837935415096581,0.007057492155581713
16536,0.00018352089682593942,0.008095505647361279
16537,0.00018321485549677163,0.00752803822979331
16538,0.0001829524990171194,0.005518206860870123
16539,0.00018268352141603827,0.003279475960880518
16540,0.00018239117343910038,0.001905319164507091
16541,0.0001821383775677532,0.001550671411678195
16542,0.00018188226385973394,0.0014272906119003892
16543,0.00018161586194764823,0.0013914168812334538
16544,0.00018136401195079088,0.0016519027994945645
16545,0.00018110718519892544,0.0021322835236787796
16546,0.00018086413911078125,0.001958106877282262
16547,0.0001806209038477391,0.0007417118176817894
16548,0.00018037803238257766,0.0002325380191905424
16549,0.00018014293164014816,0.0008544140728190541
16550,0.00017991315689869225,0.0013372700195759535
16551,0.00017967750318348408,0.0010991061571985483
16552,0.00017945203580893576,0.000620213511865586
16553,0.0001792286930140108,0.0004255306557752192
16554,0.00017900786770042032,0.0003616649773903191
16555,0.00017878795915748924,0.0004707917105406523
16556,0.000178573201992549,0.0006588231772184372
16557,0.0001783615443855524,0.000460635288618505
16558,0.00017815115279518068,0.00013496312021743506
16559,0.00017794096493162215,0.0002593976678326726
16560,0.0001777391880750656,0.0004901635111309588
16561,0.00017754107830114663,0.00039985979674384
16562,0.00017733994172886014,0.00036086468026041985
16563,0.00017714491696096957,0.0004856057930737734
16564,0.00017694913549348712,0.0005692636477760971
16565,0.0001767598878359422,0.0007962461095303297
16566,0.00017657014541327953,0.001135782222263515
16567,0.00017638003919273615,0.0014827921986579895
16568,0.0001761963649187237,0.002045565517619252
16569,0.00017601408762857318,0.0027854288928210735
16570,0.00017583381850272417,0.003105693031102419
16571,0.00017565445159561932,0.0028002411127090454
16572,0.00017547968309372663,0.0019318867707625031
16573,0.00017530570039525628,0.0010076023172587156
16574,0.0001751361705828458,0.0004499389324337244
16575,0.0001749646180542186,0.0003962817136198282
16576,0.00017479780944995582,0.0005159563152119517
16577,0.00017463284893892705,0.0005714899743907154
16578,0.00017446772835683078,0.0007702792063355446
16579,0.00017430534353479743,0.0008698431774973869
16580,0.0001741455344017595,0.0006249610451050103
16581,0.00017398738418705761,0.0003354578511789441
16582,0.0001738314749673009,0.00014015611668583006
16583,0.00017367672990076244,0.00020251821842975914
16584,0.00017352396389469504,0.00043948847451247275
16585,0.00017337431199848652,0.0004999966477043927
16586,0.00017322547500953078,0.00038976079667918384
16587,0.00017307462985627353,0.00029524965793825686
16588,0.00017293181736022234,0.00025357911363244057
16589,0.00017278522136621177,0.0001914849126478657
16590,0.000172640779055655,0.00012896209955215454
16591,0.00017250372911803424,0.00014257172006182373
16592,0.00017235957784578204,0.00017324674990959466
16593,0.00017222223686985672,0.00017353861767333
16594,0.00017208317876793444,0.0002019485255004838
16595,0.0001719491701805964,0.00025066579109989107
16596,0.00017181652947328985,0.0002440015523461625
16597,0.00017168514023069292,0.00018945873307529837
16598,0.00017155235400423408,0.00014315945736598223
16599,0.00017142260912805796,0.00012488556967582554
16600,0.000171293766470626,0.00010029397526523098
16601,0.00017116563685704023,7.050979183986783e-05
16602,0.0001710405049379915,6.724701961502433e-05
16603,0.00017091736663132906,7.005576480878517e-05
16604,0.00017079291865229607,5.940796836512163e-05
16605,0.00017067126464098692,6.598425534320995e-05
16606,0.00017054971249308437,8.880891982698813e-05
16607,0.00017043077968992293,9.787712770048529e-05
16608,0.00017031506286002696,9.843549196375534e-05
16609,0.00017019701772369444,0.00010798752191476524
16610,0.00017008144641295075,0.0001221754791913554
16611,0.00016996561316773295,0.0001302056189160794
16612,0.00016985286492854357,0.00013595918426290154
16613,0.0001697383268037811,0.00014746097440365702
16614,0.00016962805239018053,0.00015611527487635612
16615,0.00016951654106378555,0.00015767119475640357
16616,0.00016940942441578954,0.00016429157403763384
16617,0.00016930048877839,0.0001759715232765302
16618,0.00016919535119086504,0.00018286544946022332
16619,0.00016908747784327716,0.00018707684648688883
16620,0.00016898232570383698,0.00019304030865896493
16621,0.00016887992387637496,0.00019938847981393337
16622,0.0001687774492893368,0.0002045938017545268
16623,0.00016867334488779306,0.00021024617308285087
16624,0.00016857308219186962,0.00021792581537738442
16625,0.0001684713934082538,0.0002265176735818386
16626,0.00016837188741192222,0.0002331427822355181
16627,0.00016827366198413074,0.00024148737429641187
16628,0.00016817686264403164,0.00025260320398956537
16629,0.00016808032523840666,0.00026555178919807076
16630,0.00016798442811705172,0.0002794915344566107
16631,0.00016788954962976277,0.00029589023324660957
16632,0.0001677948166616261,0.0003147227398585528
16633,0.0001677014515735209,0.00033653652644716203
16634,0.00016760929429437965,0.00036005943547934294
16635,0.00016751885414123535,0.0003887549974024296
16636,0.0001674261875450611,0.00042157224379479885
16637,0.00016733934171497822,0.0004586316645145416
16638,0.00016724923625588417,0.0004987994907423854
16639,0.00016716057143639773,0.0005439419182948768
16640,0.00016707312897779047,0.0005902566481381655
16641,0.0001669866469455883,0.0006392761133611202
16642,0.00016689978656359017,0.0006844816380180418
16643,0.00016681391571182758,0.0007264784653671086
16644,0.00016673107165843248,0.0007576587377116084
16645,0.00016664594295434654,0.0007756116683594882
16646,0.00016656459774821997,0.0007731393561698496
16647,0.0001664825394982472,0.0007506026304326952
16648,0.0001664009178057313,0.0007031022687442601
16649,0.00016631788457743824,0.0006355957593768835
16650,0.00016623834380879998,0.0005498182727023959
16651,0.00016615855565760285,0.00045524229062721133
16652,0.00016608097939752042,0.0003584822698030621
16653,0.00016599927039351314,0.00026819162303581834
16654,0.00016592492465861142,0.00019032532873097807
16655,0.00016584445256739855,0.00012902474554721266
16656,0.00016577048518229276,8.534103108104318e-05
16657,0.00016569759463891387,5.831024463986978e-05
16658,0.000165621837368235,4.541624366538599e-05
16659,0.00016554593457840383,4.369507223600522e-05
16660,0.0001654719526413828,5.0136437494074926e-05
16661,0.00016539701027795672,6.238605419639498e-05
16662,0.0001653261570027098,7.924690726213157e-05
16663,0.00016525316459592432,0.00010064391972264275
16664,0.00016517889162059873,0.0001276442053494975
16665,0.0001651094207772985,0.00016250611224677414
16666,0.00016503804363310337,0.00020943031995557249
16667,0.00016497221076861024,0.00027398555539548397
16668,0.0001648995967116207,0.00036578974686563015
16669,0.00016483143554069102,0.0004956242046318948
16670,0.00016476333257742226,0.0006829718477092683
16671,0.0001646965101826936,0.0009441081783734262
16672,0.00016462714120279998,0.0013066596584394574
16673,0.0001645597512833774,0.001771459705196321
16674,0.0001644944422878325,0.002336018718779087
16675,0.00016442619380541146,0.002912198891863227
16676,0.00016436174337286502,0.003393033053725958
16677,0.0001642999704927206,0.0035753287374973297
16678,0.0001642343122512102,0.003351337742060423
16679,0.0001641702401684597,0.0026939143426716328
16680,0.00016410880198236555,0.001771703828126192
16681,0.00016404222697019577,0.0008996978285722435
16682,0.00016398153093177825,0.0003226302796974778
16683,0.00016391985991504043,0.00017562179709784687
16684,0.0001638568937778473,0.0003899988660123199
16685,0.00016379699809476733,0.0007822656771168113
16686,0.00016373733524233103,0.0011242947075515985
16687,0.00016367505304515362,0.0012252441374585032
16688,0.0001636134402360767,0.0010485873790457845
16689,0.00016355501429643482,0.000673638773150742
16690,0.00016349658835679293,0.0003029675572179258
16691,0.00016343961760867387,9.007798507809639e-05
16692,0.0001633811043575406,8.703023922862485e-05
16693,0.00016332197992596775,0.00023605627939105034
16694,0.0001632628118386492,0.00042219500755891204
16695,0.00016320706345140934,0.0005504351574927568
16696,0.0001631487684790045,0.0005737965693697333
16697,0.00016309227794408798,0.0005261220503598452
16698,0.00016303922166116536,0.0004571846511680633
16699,0.0001629831676837057,0.00039840489625930786
16700,0.000162927623023279,0.00034567073453217745
16701,0.000162872631335631,0.000283565663266927
16702,0.00016282085562124848,0.00020705617498606443
16703,0.0001627645833650604,0.00012701899686362594
16704,0.00016271229833364487,6.782692071283236e-05
16705,0.00016265395970549434,4.679796256823465e-05
16706,0.0001626036682864651,6.250356091186404e-05
16707,0.0001625542063266039,9.580982441548258e-05
16708,0.00016249806503765285,0.00012655017781071365
16709,0.00016244855942204595,0.00014799091150052845
16710,0.0001623961143195629,0.0001632281782804057
16711,0.00016234666691161692,0.00018002108845394105
16712,0.00016229419270530343,0.00020490627503022552
16713,0.00016224445425905287,0.0002400026860414073
16714,0.00016219336248468608,0.00028121209470555186
16715,0.00016214109200518578,0.0003230139845982194
16716,0.00016209165914915502,0.00036217307206243277
16717,0.00016204228450078517,0.0004018338513560593
16718,0.00016199445235542953,0.00044570345198735595
16719,0.00016194430645555258,0.0004974567564204335
16720,0.00016189571761060506,0.00055403116857633
16721,0.000161849515279755,0.0006118148448877037
16722,0.00016180197417270392,0.0006589855183847249
16723,0.000161752657731995,0.0006890770164318383
16724,0.00016170500020962209,0.0006907565984874964
16725,0.00016165767738129944,0.0006663274834863842
16726,0.00016161298844963312,0.0006153701106086373
16727,0.00016156463243532926,0.0005468963645398617
16728,0.0001615199143998325,0.000466848723590374
16729,0.00016147321730386466,0.00038335417048074305
16730,0.00016142772801686078,0.00030190401594154537
16731,0.00016138298087753356,0.0002264134236611426
16732,0.00016133587632793933,0.0001605189754627645
16733,0.00016128990682773292,0.00010693431249819696
16734,0.00016124750254675746,6.928254151716828e-05
16735,0.0001612036139704287,4.911897849524394e-05
16736,0.000161155650857836,4.6020039007999e-05
16737,0.00016111304285004735,5.68522336834576e-05
16738,0.00016106944531202316,7.694608939345926e-05
16739,0.000161028525326401,0.00010157289216294885
16740,0.00016098398191388696,0.00012704671826213598
16741,0.00016094022430479527,0.00015311622701119632
16742,0.0001609004393685609,0.00018201112106908113
16743,0.0001608565798960626,0.00022033594723325223
16744,0.0001608133316040039,0.00027687070542015135
16745,0.00016077159671112895,0.00036223360802978277
16746,0.0001607285812497139,0.0004916426260024309
16747,0.00016068870900198817,0.0006789229810237885
16748,0.00016064534429460764,0.0009489327785558999
16749,0.0001606036239536479,0.0013111296575516462
16750,0.00016056420281529427,0.0017807955155149102
16751,0.00016052357386797667,0.0023100771941244602
16752,0.00016048304678406566,0.0028310331981629133
16753,0.00016044163203332573,0.0031795043032616377
16754,0.00016040101763792336,0.003237325930967927
16755,0.0001603616401553154,0.0029132338240742683
16756,0.00016032310668379068,0.0022889431565999985
16757,0.0001602834090590477,0.0015701204538345337
16758,0.0001602461707079783,0.0009283918188884854
16759,0.0001602106203790754,0.000516314001288265
16760,0.00016017240704968572,0.0003253683680668473
16761,0.00016013957792893052,0.0003553054411895573
16762,0.0001601035037310794,0.000543983478564769
16763,0.00016006629448384047,0.0008064311696216464
16764,0.00016003767086658627,0.0010106205008924007
16765,0.00016000840696506202,0.0010148314759135246
16766,0.00015998759772628546,0.0008304691291414201
16767,0.00015997912851162255,0.0005123172886669636
16768,0.0001599776151124388,0.00023163329751696438
16769,0.00016000027244444937,8.145444007823244e-05
16770,0.0001600572286406532,9.116078581428155e-05
16771,0.00016016745939850807,0.00021755992202088237
16772,0.00016035643056966364,0.0003673182800412178
16773,0.0001606843579793349,0.00045732082799077034
16774,0.00016122314264066517,0.0004391746479086578
16775,0.00016211900219786912,0.0003702375397551805
16776,0.0001635933294892311,0.00031563921947963536
16777,0.00016600987873971462,0.0003174798912368715
16778,0.00017003090761136264,0.00036305226967670023
16779,0.0001766469795256853,0.00042315656901337206
16780,0.00018779508536681533,0.00046900357119739056
16781,0.00020622037118300796,0.0004729298234451562
16782,0.00023778784088790417,0.000451182626420632
16783,0.0002899633254855871,0.00042687589302659035
16784,0.0003807914617937058,0.00043096212903037667
16785,0.0005290184635668993,0.00045710147242061794
16786,0.0007897355826571584,0.0004835890722461045
16787,0.0011978351976722479,0.0004963067476637661
16788,0.0019035933073610067,0.00048615294508636
16789,0.0028963994700461626,0.0004501566872932017
16790,0.00443525705486536,0.00038842036155983806
16791,0.006094667594879866,0.00031183092505671084
16792,0.007732017897069454,0.00023854916798882186
16793,0.007998070679605007,0.00017989535990636796
16794,0.006355179939419031,0.0001367065415252
16795,0.0031655000057071447,0.00010610037134028971
16796,0.0007303213933482766,8.517185051459819e-05
16797,0.0006543443305417895,7.217655365820974e-05
16798,0.0023148460313677788,6.366778688970953e-05
16799,0.004060567822307348,5.678610614268109e-05
16800,0.0045231101103127,5.266087464406155e-05
16801,0.0034081919584423304,5.3832551202503964e-05
16802,0.0015439349226653576,6.13936863373965e-05
16803,0.0004957508645020425,7.410212856484577e-05
16804,0.0009249088470824063,9.073741966858506e-05
16805,0.0020403810776770115,0.00011192008969374001
16806,0.002883360255509615,0.00013878513709641993
16807,0.002684967825189233,0.0001732462551444769
16808,0.0016942780930548906,0.00021934518008492887
16809,0.0006281646201387048,0.00028467271476984024
16810,0.00024208170361816883,0.00037874499685131013
16811,0.0006410686764866114,0.0005162941524758935
16812,0.0012979785678908229,0.0007097850320860744
16813,0.0017017436912283301,0.0009841294959187508
16814,0.0015433410881087184,0.0013486212119460106
16815,0.0010275993263348937,0.00181730673648417
16816,0.0004515411565080285,0.00234909332357347
16817,0.00019696546951308846,0.0028776568360626698
16818,0.0003549840475898236,0.0032468459103256464
16819,0.0006888385396450758,0.0033178210724145174
16820,0.0009406394674442708,0.00297353183850646
16821,0.0009379871189594269,0.0022733439691364765
16822,0.0006927762879058719,0.0014462624676525593
16823,0.0003976030566263944,0.0007493049488402903
16824,0.00022122640802990645,0.0003795978846028447
16825,0.00023015693295747042,0.0003171637072227895
16826,0.0003539515601005405,0.00046273975749500096
16827,0.00048389314906671643,0.0006733174668624997
16828,0.0005531929200515151,0.0008609138312749565
16829,0.0005372312152758241,0.0009578224853612483
16830,0.0004343684995546937,0.0009189161355607212
16831,0.0003091458638664335,0.0007695493986830115
16832,0.0002230156969744712,0.0005355803295969963
16833,0.00019713377696461976,0.00031686044530943036
16834,0.00021958279830869287,0.0001636649394640699
16835,0.00027545742341317236,0.00012211533612571657
16836,0.00032966097933240235,0.0001914121094159782
16837,0.00035321825998835266,0.0003283201658632606
16838,0.0003474943514447659,0.0004622905107680708
16839,0.0003099720343016088,0.0005222797044552863
16840,0.0002571576915215701,0.0005008470034226775
16841,0.00020553440845105797,0.0004184702702332288
16842,0.0001732445089146495,0.00033469381742179394
16843,0.00016566310659982264,0.00028285334701649845
16844,0.00017811635916586965,0.00027780845994129777
16845,0.00020305969519540668,0.000309696450131014
16846,0.00022713697399012744,0.00034750031773000956
16847,0.00024023058358579874,0.00036570022348314524
16848,0.00023996543313842267,0.00034766006865538657
16849,0.000229211276746355,0.0003170545387547463
16850,0.00021099270088598132,0.0002918453246820718
16851,0.0001916749752126634,0.0002848635776899755
16852,0.00017657759599387646,0.00029615385574288666
16853,0.00016812412650324404,0.0003195937315467745
16854,0.00016457971651107073,0.000346955843269825
16855,0.00016558350762352347,0.0003673947066999972
16856,0.00016992574092000723,0.0003720781533047557
16857,0.0001752206007950008,0.0003585064550861716
16858,0.00018044906028080732,0.0003331261104904115
16859,0.00018468192138243467,0.00030343825346790254
16860,0.00018762191757559776,0.00027561906608752906
16861,0.00018766752327792346,0.00025261970586143434
16862,0.00018549434025771916,0.00023617190890945494
16863,0.00018170507973991334,0.00022578293283004314
16864,0.00017676607239991426,0.00021838229440618306
16865,0.00017164535529445857,0.0002110670757247135
16866,0.00016736768884584308,0.00020118778047617525
16867,0.00016417825827375054,0.00019029653049074113
16868,0.00016203595441766083,0.00018001468561124057
16869,0.0001608121965546161,0.00017249237862415612
16870,0.0001604394055902958,0.00016930638230405748
16871,0.00016042322386056185,0.00017180730355903506
16872,0.00016066580428741872,0.00018096233543474227
16873,0.0001612660416867584,0.0001974460610654205
16874,0.00016206782311201096,0.00022071096464060247
16875,0.00016302693984471262,0.0002522697323001921
16876,0.00016402825713157654,0.0002939976693596691
16877,0.00016502506332471967,0.0003512639959808439
16878,0.00016588829748798162,0.00042987774941138923
16879,0.00016661486006341875,0.0005402617389336228
16880,0.00016724479792173952,0.00069247285136953
16881,0.00016784269246272743,0.0009036269038915634
16882,0.00016841839533299208,0.0011794435558840632
16883,0.000169157370692119,0.0015315497294068336
16884,0.00017002993263304234,0.001926298369653523
16885,0.0001711794175207615,0.0023257213179022074
16886,0.0001725318725220859,0.002613386604934931
16887,0.00017433037282899022,0.002695634961128235
16888,0.00017650202789809555,0.002478594658896327
16889,0.0001793853734852746,0.001996076200157404
16890,0.0001829266402637586,0.0013934148009866476
16891,0.00018767362053040415,0.0008588919881731272
16892,0.00019358309509698302,0.0005376649787649512
16893,0.00020173555822111666,0.00041710888035595417
16894,0.00021207472309470177,0.00043325015576556325
16895,0.0002265256189275533,0.0004717695410363376
16896,0.00024483160814270377,0.0005095441592857242
16897,0.000270683754933998,0.0005366619443520904
16898,0.00030331918969750404,0.0005675099091604352
16899,0.00035008759004995227,0.0005994767998345196
16900,0.000408291001804173,0.0006079177255742252
16901,0.0004922426305711269,0.0005904861027374864
16902,0.0005930784973315895,0.0005092194187454879
16903,0.0007378102745860815,0.0003957245498895645
16904,0.0008989556808955967,0.00025401360471732914
16905,0.0011205377522855997,0.00014247858780436218
16906,0.0013318988494575024,9.782829147297889e-05
16907,0.0015934843104332685,0.00013091259461361915
16908,0.0017646853812038898,0.00021224364172667265
16909,0.0019125017570331693,0.0002947924949694425
16910,0.0018569609383121133,0.0003523058840073645
16911,0.0016906678210943937,0.00036703661317005754
16912,0.001333061489276588,0.00035942974500358105
16913,0.0009353668428957462,0.0003496093850117177
16914,0.0005549354827962816,0.0003818880650214851
16915,0.0002980378339998424,0.0004908005939796567
16916,0.00019152654567733407,0.0006862865993753076
16917,0.0002199994632974267,0.0009742092224769294
16918,0.00034090058761648834,0.0013186861760914326
16919,0.0005063675343990326,0.0017027556896209717
16920,0.0006909228977747262,0.002019978128373623
16921,0.0008475438808090985,0.0021679128985852003
16922,0.000994218629784882,0.0020468065049499273
16923,0.0010666849557310343,0.0016724251909181476
16924,0.001116601168178022,0.0011894934577867389
16925,0.0010741169098764658,0.0008191901724785566
16926,0.0010085181565955281,0.0006592361023649573
16927,0.0008703462081030011,0.0006159987533465028
16928,0.0007254958618432283,0.0005714679136872292
16929,0.0005581895238719881,0.00042942888103425503
16930,0.00041294851689599454,0.0002860643726307899
16931,0.0002926787710748613,0.0002195560809923336
16932,0.00021286431001499295,0.0002907788730226457
16933,0.00017230730736628175,0.00045675935689359903
16934,0.00016638472152408212,0.0005912340711802244
16935,0.00018664347589947283,0.0006177052273415029
16936,0.00022423084010370076,0.0004935903125442564
16937,0.0002728882827796042,0.00033590802922844887
16938,0.0003259431105107069,0.00020167195179965347
16939,0.00038546434370800853,0.0001236307725775987
16940,0.0004442067875061184,9.768718155100942e-05
16941,0.0005144371534697711,0.00012137255544075742
16942,0.0005825164844281971,0.00017740714247338474
16943,0.0006705502164550126,0.0002154492394765839
16944,0.00075132044730708,0.0001965782867046073
16945,0.0008557506953366101,0.00013584282714873552
16946,0.0009358280804008245,8.424872066825628e-05
16947,0.0010294554522261024,6.24566018814221e-05
16948,0.0010682509746402502,5.982492439216003e-05
16949,0.0010975811164826155,6.797965033911169e-05
16950,0.001047676894813776,8.773703302722424e-05
16951,0.0009730568272061646,0.00010906760871876031
16952,0.0008320276974700391,0.00011192934471182525
16953,0.0006818508845753968,9.746199066285044e-05
16954,0.0005167070776224136,8.312736463267356e-05
16955,0.0003768289170693606,8.69358773343265e-05
16956,0.0002671099209692329,0.00011093146895291284
16957,0.00019806617638096213,0.0001536247436888516
16958,0.00016597541980445385,0.00022272541536949575
16959,0.00016441135085187852,0.0003325134748592973
16960,0.0001855751615948975,0.0005013581831008196
16961,0.00022294223890639842,0.0007606350118294358
16962,0.0002737573813647032,0.001155656878836453
16963,0.00033490255009382963,0.0017559544648975134
16964,0.0004131167661398649,0.0025839917361736298
16965,0.0005036401562392712,0.003611196530982852
16966,0.0006264604744501412,0.004597405903041363
16967,0.0007651804480701685,0.005212708376348019
16968,0.0009575275471433997,0.0050112539902329445
16969,0.0011548282345756888,0.00399146880954504
16970,0.0014117573155090213,0.0025852408725768328
16971,0.0016151336021721363,0.0014583920128643513
16972,0.0018252205336466432,0.00098922080360353
16973,0.0018647494725883007,0.0008981915889307857
16974,0.0018069540383294225,0.0009522123727947474
16975,0.0015255147591233253,0.0009462497546337545
16976,0.0011549590853974223,0.001072669168934226
16977,0.000733262044377625,0.0013221314875409007
16978,0.0004019838524982333,0.0012844353914260864
16979,0.0002220472670160234,0.0008734359871596098
16980,0.00020813275477848947,0.00031467911321669817
16981,0.0003232547314837575,0.00016612235049251467
16982,0.000510358833707869,0.00041729616350494325
16983,0.0007260486017912626,0.0006548214587382972
16984,0.0009142034687101841,0.0007079062052071095
16985,0.0010826042853295803,0.0006046483758836985
16986,0.001166629372164607,0.0004344574990682304
16987,0.0012197867035865784,0.00020767321984749287
16988,0.0011772307334467769,0.00012938058353029191
16989,0.0011117641115561128,0.00026921724202111363
16990,0.0009837020188570023,0.0003698368091136217
16991,0.0008581624133512378,0.0002682047779671848
16992,0.0007289757486432791,0.0001473063020966947
16993,0.0006350272451527417,0.00013952534936834127
16994,0.0005897653754800558,0.00015130008978303522
16995,0.0006060056039132178,0.00016652097110636532
16996,0.0006949554663151503,0.00022022263146936893
16997,0.0008610695949755609,0.00022592514869756997
16998,0.0011035192292183638,0.00018228963017463684
16999,0.0014370083808898926,0.0002105240273522213
17000,0.0018333334010094404,0.0003397517721168697
17001,0.0023168367333710194,0.0005152252851985395
17002,0.002782500581815839,0.0007431309204548597
17003,0.0032386276870965958,0.0010998500511050224
17004,0.0034563327208161354,0.0015575008001178503
17005,0.0034473049454391003,0.002074739895761013
17006,0.0030118576250970364,0.002539452165365219
17007,0.0023284833878278732,0.0027600466273725033
17008,0.0015066107735037804,0.0025709227193146944
17009,0.0008353549055755138,0.0020691202953457832
17010,0.00048490153858438134,0.0013775184052065015
17011,0.0004929997376166284,0.0007551284506917
17012,0.0007533705211244524,0.0004014101286884397
17013,0.0011143165174871683,0.00030872091883793473
17014,0.0013721142895519733,0.0004157472576480359
17015,0.0014503819402307272,0.0006349662435241044
17016,0.0012861420400440693,0.0008758686599321663
17017,0.000978115014731884,0.0009791948832571507
17018,0.0006230949657037854,0.0008009250741451979
17019,0.00036114046815782785,0.00046573099098168314
17020,0.0002496922097634524,0.00017262213805224746
17021,0.00028603107784874737,8.337733743246645e-05
17022,0.0004077379126101732,0.00016401047469116747
17023,0.0005359058268368244,0.00029305770294740796
17024,0.0006047643255442381,0.00039864471182227135
17025,0.000593428616411984,0.0004380608443170786
17026,0.0005060589755885303,0.00040957171586342156
17027,0.00038501498056575656,0.0003382657596375793
17028,0.0002694992581382394,0.0003039895964320749
17029,0.0001941208029165864,0.0003317611408419907
17030,0.00017181313887704164,0.0003543316852301359
17031,0.00019680493278428912,0.00031540406052954495
17032,0.00025077920872718096,0.0002512436476536095
17033,0.0003118322347290814,0.00020284042693674564
17034,0.0003616729227360338,0.00016892632993403822
17035,0.00039145437767729163,0.00015101570170372725
17036,0.00040122008067555726,0.00015331573376897722
17037,0.0004018124600406736,0.00015566815272904932
17038,0.0004070081631653011,0.00013629862223751843
17039,0.0004355893761385232,0.00010152703907806426
17040,0.0005069432663731277,7.896822353359312e-05
17041,0.0006328827585093677,7.61980190873146e-05
17042,0.0008469555759802461,8.05700765340589e-05
17043,0.0011342052603140473,8.262241317424923e-05
17044,0.0015662858495488763,8.15430175862275e-05
17045,0.0020442837849259377,7.755095430184156e-05
17046,0.0026735439896583557,6.9446861743927e-05
17047,0.0031773182563483715,6.167370884213597e-05
17048,0.003606436774134636,6.202551594469696e-05
17049,0.0036034449003636837,7.074089808156714e-05
17050,0.0032146840821951628,8.072240598266944e-05
17051,0.00248455791734159,8.717480523046106e-05
17052,0.0016962913796305656,9.339587268186733e-05
17053,0.0011612444650381804,0.00010435426520416513
17054,0.0009580525802448392,0.00012295201304368675
17055,0.0009933393448591232,0.0001522093079984188
17056,0.00112060084939003,0.00019833554688375443
17057,0.0012445785105228424,0.00026927347062155604
17058,0.0012644260423257947,0.0003700826782733202
17059,0.0012352070771157742,0.0005159650463610888
17060,0.0011114790104329586,0.000719369447324425
17061,0.0009876415133476257,0.00100735726300627
17062,0.0008856102358549833,0.0013780908193439245
17063,0.0008183078025467694,0.0018294010078534484
17064,0.0007726146141067147,0.0022900900803506374
17065,0.0007246047607623041,0.002679307945072651
17066,0.0006587880197912455,0.002834138460457325
17067,0.0005918439710512757,0.0026908915024250746
17068,0.0005377692868933082,0.0022154119797050953
17069,0.0005041955155320466,0.001540887518785894
17070,0.0005100264097563922,0.0008757417090237141
17071,0.0005370068247430027,0.0003865029430016875
17072,0.0005846753483638167,0.0001812721893656999
17073,0.0006303548580035567,0.0002375545009272173
17074,0.0006581466877833009,0.00047194797662086785
17075,0.0006552974227815866,0.0007526624831371009
17076,0.0006134326104074717,0.0009424604941159487
17077,0.0005409264122135937,0.0009624757803976536
17078,0.00044577367953024805,0.0007940396317280829
17079,0.00034783873707056046,0.0005309524131007493
17080,0.0002622394822537899,0.0002707369567360729
17081,0.00020106584997847676,0.00010146622662432492
17082,0.00016862814663909376,5.73676370549947e-05
17083,0.0001628682657610625,0.00012105179484933615
17084,0.00017690534878056496,0.00023511183098889887
17085,0.0002018799277720973,0.000330132432281971
17086,0.00022903180797584355,0.0003810374182648957
17087,0.0002515734522603452,0.0003996143350377679
17088,0.0002656441065482795,0.00042766481055878103
17089,0.00027055107057094574,0.00048503975267522037
17090,0.00026816388708539307,0.0005673967534676194
17091,0.00026131243794225156,0.0006584369693882763
17092,0.0002540897694416344,0.0007312573725357652
17093,0.00024992742692120373,0.0007705990574322641
17094,0.0002523518924135715,0.0007542614475823939
17095,0.0002648253575898707,0.0007015539449639618
17096,0.0002886555448640138,0.0006216092151589692
17097,0.0003294040507171303,0.0005298309260979295
17098,0.00038469157880172133,0.0004339891020208597
17099,0.0004666754393838346,0.00033949557109735906
17100,0.0005663559422828257,0.0002563613816164434
17101,0.0007087804842740297,0.00018671323778107762
17102,0.000867297116201371,0.0001329653459833935
17103,0.0010865326039493084,9.545165085000917e-05
17104,0.0012978819431737065,7.924359670141712e-05
17105,0.001564915757626295,8.820866787573323e-05
17106,0.0017573186196386814,0.00011962642020080239
17107,0.0019457574235275388,0.00016290806524921209
17108,0.001967020332813263,0.00020552915520966053
17109,0.001898429705761373,0.00023761382908560336
17110,0.001660247566178441,0.00025473974528722465
17111,0.0013613802148029208,0.00025934670702554286
17112,0.0010546597186475992,0.0002546161995269358
17113,0.0008201831951737404,0.00025001014000736177
17114,0.0006977535085752606,0.00025350062060169876
17115,0.000674090813845396,0.00027074350509792566
17116,0.000713500427082181,0.00030243530636653304
17117,0.0007864263607189059,0.000343787221936509
17118,0.0008595736580900848,0.0003935141139663756
17119,0.0009190195705741644,0.00044816668378189206
17120,0.0009669867577031255,0.000510557962115854
17121,0.0009713559993542731,0.0005804089014418423
17122,0.0009669275023043156,0.000660191522911191
17123,0.0009045979822985828,0.0007472423603758216
17124,0.0008379609789699316,0.0008398338686674833
17125,0.0007316225674003363,0.0009252169402316213
17126,0.0006369601469486952,0.0009968860540539026
17127,0.0005457663792185485,0.0010361659806221724
17128,0.00048581010196357965,0.0010364404879510403
17129,0.00045828853035345674,0.0009872177615761757
17130,0.000461686315247789,0.0008901584660634398
17131,0.0004896371392533183,0.0007535216864198446
17132,0.0005283395294100046,0.0005921937408857048
17133,0.0005662293406203389,0.00042792060412466526
17134,0.0005955491797067225,0.000279577769106254
17135,0.0006072507239878178,0.00016329737263731658
17136,0.0006043761968612671,8.663076732773334e-05
17137,0.0005821106024086475,4.96511347591877e-05
17138,0.0005499469116330147,4.645759327104315e-05
17139,0.0005060691619291902,6.80497323628515e-05
17140,0.0004606858710758388,0.00010514885070733726
17141,0.00041338743176311255,0.0001499764621257782
17142,0.00037146397517062724,0.00019820872694253922
17143,0.0003350799670442939,0.00024861577549017966
17144,0.00030761840753257275,0.0003041707386728376
17145,0.0002901389088947326,0.0003705162671394646
17146,0.00028284575091674924,0.0004553938051685691
17147,0.00028880417812615633,0.0005691110854968429
17148,0.0003065355122089386,0.0007189816678874195
17149,0.00034322444116696715,0.0009147077798843384
17150,0.0003966336080338806,0.001150903757661581
17151,0.0004814441199414432,0.001419059350155294
17152,0.0005943826399743557,0.0016768204513937235
17153,0.0007631313055753708,0.0018765551503747702
17154,0.0009779476094990969,0.001948158722370863
17155,0.0012866376200690866,0.0018524245824664831
17156,0.0016522365622222424,0.0015917734708637
17157,0.0021357296500355005,0.001225353218615055
17158,0.0026237296406179667,0.0008579885470680892
17159,0.0031365349423140287,0.0005657713627442718
17160,0.00345277925953269,0.00039242295315489173
17161,0.0035155913792550564,0.00031099823536351323
17162,0.003178695682436228,0.0002941297134384513
17163,0.002525302115827799,0.00029915160848759115
17164,0.001767456065863371,0.00031979093910194933
17165,0.0011582716833800077,0.0003503886400721967
17166,0.0008745627710595727,0.0003908262006007135
17167,0.0009339535026811063,0.00043621534132398665
17168,0.001241752179339528,0.0004737319250125438
17169,0.0016324862372130156,0.0004924966488033533
17170,0.002019290579482913,0.0004675414820667356
17171,0.002085692947730422,0.00040706986328586936
17172,0.0019099016208201647,0.00030618702294304967
17173,0.001382575836032629,0.0002021472464548424
17174,0.0008072759956121445,0.00011508382885949686
17175,0.00035411951830610633,6.74116745358333e-05
17176,0.00018208904657512903,6.0553538787644356e-05
17177,0.00028020580066367984,8.282144699478522e-05
17178,0.0005376659100875258,0.00011527162860147655
17179,0.0008314572041854262,0.00013781955931335688
17180,0.0010219441028311849,0.00014120266132522374
17181,0.0010807964717969298,0.00012162583152530715
17182,0.0009523927583359182,9.271723683923483e-05
17183,0.0007380109746009111,6.629742711083964e-05
17184,0.0004844956856686622,5.283430073177442e-05
17185,0.0002891026670113206,5.4948777687968686e-05
17186,0.0001851377310231328,7.040984201012179e-05
17187,0.00017266726354137063,9.487124771112576e-05
17188,0.0002307230024598539,0.00012423255247995257
17189,0.00032884141546674073,0.00015965955390129238
17190,0.00044285657349973917,0.00020815410243812948
17191,0.0005410339217633009,0.0002881881664507091
17192,0.0006266210693866014,0.000428965751780197
17193,0.0006647057016380131,0.0006724828854203224
17194,0.000678717449773103,0.001085127703845501
17195,0.0006444947212003171,0.001728143892250955
17196,0.0005989038036204875,0.002669988665729761
17197,0.0005251706461422145,0.003806269960477948
17198,0.0004528303979896009,0.004899561870843172
17199,0.0003829033230431378,0.005366574972867966
17200,0.0003323058772366494,0.004883460700511932
17201,0.0003041414893232286,0.003411670448258519
17202,0.00030054201488383114,0.0022031741682440042
17203,0.000321139523293823,0.0018901717849075794
17204,0.0003620859351940453,0.0018952384125441313
17205,0.0004200973198749125,0.0019071325659751892
17206,0.000493920873850584,0.001271689310669899
17207,0.0005799536593258381,0.0004124091938138008
17208,0.0006800987175665796,0.0003252439491916448
17209,0.000790763646364212,0.0010318128624930978
17210,0.0009163216454908252,0.0013858972815796733
17211,0.0010509095154702663,0.0008379443315789104
17212,0.0011999702546745539,0.00034810681245289743
17213,0.0013489369302988052,0.0004394141724333167
17214,0.0015002007130533457,0.0005527955363504589
17215,0.001626982120797038,0.0003766678273677826
17216,0.0017268586670979857,0.0003650313592515886
17217,0.0017658194992691278,0.0004971534362994134
17218,0.0017480289097875357,0.00033776380587369204
17219,0.0016495788004249334,0.0001592249027453363
17220,0.0014868564903736115,0.00031011871760711074
17221,0.00127150840125978,0.00038136838702484965
17222,0.001033367938362062,0.0002666385262273252
17223,0.0008115175296552479,0.0002810031292028725
17224,0.0006325531285256147,0.0004028186958748847
17225,0.0005303235957399011,0.0004990433226339519
17226,0.0005102383438497782,0.0007836634758859873
17227,0.0005648576188832521,0.0013542589731514454
17228,0.0006956299766898155,0.002081850543618202
17229,0.0008484091376885772,0.003053872613236308
17230,0.0010370833333581686,0.004098545294255018
17231,0.0011764573864638805,0.004576608072966337
17232,0.0013003852218389511,0.00405323738232255
17233,0.0013176866341382265,0.002901340601965785
17234,0.0012711258605122566,0.0017636689590290189
17235,0.0011188248172402382,0.0010191230103373528
17236,0.0009251138544641435,0.000657398602925241
17237,0.0006980843609198928,0.0006826806929893792
17238,0.0004924771492369473,0.000816196552477777
17239,0.00033022137358784676,0.0008586302283219993
17240,0.0002281267661601305,0.0010980035876855254
17241,0.00018516981799621135,0.001187297748401761
17242,0.00019291721400804818,0.0006998460739850998
17243,0.0002402071258984506,0.0002469380560796708
17244,0.00031537318136543036,0.00019795383559539914
17245,0.00041523034451529384,0.0004341664316598326
17246,0.000524476170539856,0.0006003634771332145
17247,0.0006580217741429806,0.0005906298756599426
17248,0.0007856582524254918,0.0005363576347008348
17249,0.0009465025505051017,0.00036116375122219324
17250,0.0010777845745906234,0.0001718273269943893
17251,0.00123605749104172,0.000207086224691011
17252,0.00132044090423733,0.00030551967211067677
17253,0.0013992285821586847,0.00025195113266818225
17254,0.0013594296760857105,0.00014073471538722515
17255,0.0012773913331329823,0.00011149695637868717
17256,0.0010987852001562715,0.00014671443204861134
17257,0.0009076041169464588,0.00019443046767264605
17258,0.0007231758791022003,0.00023143725411500782
17259,0.0005948495236225426,0.00026440212968736887
17260,0.0005456915823742747,0.0002720646152738482
17261,0.000571234617382288,0.00027506196056492627
17262,0.0006570171099156141,0.000340832193614915
17263,0.0007835861761122942,0.0004197217058390379
17264,0.0009224701207131147,0.00044309499207884073
17265,0.0010557578643783927,0.00046351776109077036
17266,0.00116866291500628,0.0004933173768222332
17267,0.0012312706094235182,0.0004967763088643551
17268,0.0012568454258143902,0.00048375572077929974
17269,0.0012047464260831475,0.0004555631021503359
17270,0.0011205872287973762,0.00040375159005634487
17271,0.0009697795612737536,0.00033171402174048126
17272,0.0008172671077772975,0.000246635201619938
17273,0.0006465978804044425,0.0001739555737003684
17274,0.0005137458210811019,0.0001311786036239937
17275,0.00041263765888288617,0.00010072726581711322
17276,0.00036729563726112247,7.239273691084236e-05
17277,0.00037065811920911074,6.06614958087448e-05
17278,0.00041957071516662836,6.109637615736574e-05
17279,0.0005065696896053851,6.391941133188084e-05
17280,0.0006183709483593702,7.647996244486421e-05
17281,0.0007506862166337669,9.944030171027407e-05
17282,0.0008899964159354568,0.00012173447612440214
17283,0.0010342674795538187,0.00013598533405456692
17284,0.0011691675754263997,0.0001425738155376166
17285,0.0012921998277306557,0.0001469048875151202
17286,0.0013845718931406736,0.00015346112195402384
17287,0.001444541965611279,0.00016073066217359155
17288,0.0014497184893116355,0.00017067973385564983
17289,0.001408713636919856,0.00018585925863590091
17290,0.0013055416056886315,0.00020140410924796015
17291,0.0011703468626365066,0.0002173980319639668
17292,0.0010022615315392613,0.0002393400645814836
17293,0.0008466673316434026,0.000270744611043483
17294,0.000714204041287303,0.00031202920945361257
17295,0.0006374440854415298,0.00036695480230264366
17296,0.0006300386739894748,0.00043620154610835016
17297,0.0006856911350041628,0.0005248694214969873
17298,0.000825360300950706,0.0006341963307932019
17299,0.000995824346318841,0.0007679396658204496
17300,0.001231438247486949,0.0009248551214113832
17301,0.0014350711135193706,0.0011044908314943314
17302,0.0016457379097118974,0.001281965640373528
17303,0.001740545267239213,0.0014446376590058208
17304,0.0017579785780981183,0.0015450717182829976
17305,0.0016097864136099815,0.0015636095777153969
17306,0.0013646167935803533,0.001469894195906818
17307,0.001029209466651082,0.0012733387993648648
17308,0.0006996504380367696,0.0009973356500267982
17309,0.00042624783236533403,0.0006906456546857953
17310,0.0002539618290029466,0.00040808910853229463
17311,0.00018880635616369545,0.00019474030705168843
17312,0.00021605931397061795,7.959955837577581e-05
17313,0.0003123439382761717,6.51323571219109e-05
17314,0.00044976099161431193,0.00013167032739147544
17315,0.000619178987108171,0.00024381016555707902
17316,0.0007816921570338309,0.0003626554098445922
17317,0.0009615421877242625,0.0004562184331007302
17318,0.001092056860215962,0.0005050577456131577
17319,0.0012299546506255865,0.0005104417796246707
17320,0.0012767247390002012,0.0004814928397536278
17321,0.001309103798121214,0.0004375766438897699
17322,0.0012266009580343962,0.0003926742938347161
17323,0.0011159325949847698,0.0003520228201523423
17324,0.0009284568950533867,0.00031448379741050303
17325,0.0007462942157872021,0.0002745458041317761
17326,0.0005794501048512757,0.00023115503427106887
17327,0.00046957776066847146,0.0001866318198153749
17328,0.00042750549619086087,0.00014749009278602898
17329,0.0004462621291168034,0.00011799386993516237
17330,0.0005102778086438775,9.934115223586559e-05
17331,0.0006005093455314636,8.84390901774168e-05
17332,0.000694763963110745,8.058337698457763e-05
17333,0.0007800156599842012,7.26378639228642e-05
17334,0.0008481128606945276,6.344739813357592e-05
17335,0.0008852800820022821,5.457678344100714e-05
17336,0.0009057464776560664,4.792894469574094e-05
17337,0.000887863920070231,4.485513272811659e-05
17338,0.0008650886011309922,4.507766061578877e-05
17339,0.000808617623988539,4.703576269093901e-05
17340,0.0007636263035237789,4.893884397461079e-05
17341,0.0006999308825470507,4.977349453838542e-05
17342,0.0006639108760282397,4.97709697810933e-05
17343,0.0006303851259872317,5.006452920497395e-05
17344,0.0006353295175358653,5.221004175837152e-05
17345,0.0006605194066651165,5.764149682363495e-05
17346,0.0007232275092974305,6.770916661480442e-05
17347,0.0008138611447066069,8.39751519379206e-05
17348,0.0009283341933041811,0.00010931513679679483
17349,0.001066543161869049,0.00014912884216755629
17350,0.001203248742967844,0.0002132838126271963
17351,0.001346422708593309,0.00031765829771757126
17352,0.0014526646118611097,0.0004898153711110353
17353,0.0015355045907199383,0.0007672904175706208
17354,0.00154634821228683,0.0012137227458879352
17355,0.0015054168179631233,0.001885389443486929
17356,0.0013829609379172325,0.002851801225915551
17357,0.0012095826677978039,0.0040342556312680244
17358,0.000991170760244131,0.005257194396108389
17359,0.0007636303198523819,0.006010159384459257
17360,0.0005535861710086465,0.0059224506840109825
17361,0.0003853432717733085,0.004801954608410597
17362,0.00027551528182812035,0.003128631040453911
17363,0.00022854874259792268,0.0018009035848081112
17364,0.00024035616661421955,0.0010168009903281927
17365,0.00030410211184062064,0.0008720227051526308
17366,0.0004067047848366201,0.0010437645250931382
17367,0.0005425493000075221,0.0014521880075335503
17368,0.0007017537718638778,0.0018689556745812297
17369,0.0008872925536707044,0.0017303226049989462
17370,0.001087537151761353,0.0010604294948279858
17371,0.001318303868174553,0.000294471305096522
17372,0.0015320999082177877,0.0002010736207012087
17373,0.0017620489234104753,0.0006636527832597494
17374,0.001880713040009141,0.0010247332975268364
17375,0.0019508752739056945,0.0010272182989865541
17376,0.0018173842690885067,0.0007079858914949
17377,0.0016031519044190645,0.00035298577859066427
17378,0.0012837322428822517,0.00021158350864425302
17379,0.0010091442381963134,0.0003828305925708264
17380,0.0008477981318719685,0.0005111322971060872
17381,0.0008279521716758609,0.0003243350947741419
17382,0.0009211853612214327,0.00012359075481072068
17383,0.0010463036596775055,0.0001233081566169858
17384,0.0011243089102208614,0.00019515337771736085
17385,0.001128143398091197,0.00024517576093785465
17386,0.001036018948070705,0.00023803566000424325
17387,0.0008984160958789289,0.00015646516112610698
17388,0.0007459724438376725,0.00011047079169657081
17389,0.0006272503524087369,0.0002003009431064129
17390,0.0005773031152784824,0.0003170194977428764
17391,0.0005901702679693699,0.00037049996899440885
17392,0.0006849810597486794,0.0004492065927479416
17393,0.0008152911905199289,0.000625292188487947
17394,0.0009922804310917854,0.0009047117782756686
17395,0.0011587616754695773,0.0013160713715478778
17396,0.0013202822301536798,0.0017761624185368419
17397,0.0014288169331848621,0.00214704149402678
17398,0.0014831433072686195,0.0022474618162959814
17399,0.0014555273810401559,0.0019829049706459045
17400,0.0013540028594434261,0.0014467292930930853
17401,0.0011777973268181086,0.0009049450745806098
17402,0.0009606402600184083,0.0005291822599247098
17403,0.0007245694869197905,0.0003503768821246922
17404,0.0005114108789712191,0.00032088771695271134
17405,0.0003406515752431005,0.00038605151348747313
17406,0.00022947113029658794,0.0005300297634676099
17407,0.00017551382188685238,0.0006706305430270731
17408,0.0001698604173725471,0.0007082168012857437
17409,0.0001982654503080994,0.0005795133765786886
17410,0.00024674448650330305,0.0003111951518803835
17411,0.00030383217381313443,9.856421092990786e-05
17412,0.00036220403853803873,7.584529521409422e-05
17413,0.00041867783875204623,0.00019251517369411886
17414,0.00047220441047102213,0.0003099828609265387
17415,0.0005284565268084407,0.0003486892383079976
17416,0.0005863328697159886,0.0003293773625046015
17417,0.0006618656916543841,0.0002780993818305433
17418,0.0007434582803398371,0.00024074030807241797
17419,0.0008607108029536903,0.0002447532315272838
17420,0.0009765620925463736,0.0002688903477974236
17421,0.001135745202191174,0.0002576177066657692
17422,0.001258940901607275,0.00019883838831447065
17423,0.0014043889241293073,0.0001393680868204683
17424,0.0014488187152892351,0.00011733350402209908
17425,0.0014634111430495977,0.0001175824727397412
17426,0.0013309885980561376,0.00011797989282058552
17427,0.0011466662399470806,0.00011248177906963974
17428,0.0008729682886041701,9.690427395980805e-05
17429,0.0006113187992013991,7.205416477518156e-05
17430,0.0003849411441478878,5.8664554671850055e-05
17431,0.00024044053861871362,6.567526725120842e-05
17432,0.00018143242050427943,7.738418935332447e-05
17433,0.0001967168936971575,7.840016041882336e-05
17434,0.00026600767159834504,7.04493941157125e-05
17435,0.0003685553674586117,6.420208956114948e-05
17436,0.0004953828174620867,6.378887337632477e-05
17437,0.0006258036009967327,6.92813191562891e-05
17438,0.0007787290960550308,8.166881889337674e-05
17439,0.000914612493943423,9.767698065843433e-05
17440,0.001081590773537755,0.00011231210373807698
17441,0.0012017900589853525,0.00012873829109594226
17442,0.0013430193066596985,0.00015739590162411332
17443,0.0013855750439688563,0.0002055167278740555
17444,0.0014060403918847442,0.00027638222672976553
17445,0.0012876964174211025,0.00037735927617177367
17446,0.0011210925877094269,0.0005169432843104005
17447,0.0008669017697684467,0.0007118155481293797
17448,0.0006211060681380332,0.0009642814402468503
17449,0.00041093400795944035,0.001287523191422224
17450,0.0002844050759449601,0.0016484814696013927
17451,0.0002503912546671927,0.002006747294217348
17452,0.00029797840397804976,0.002256233710795641
17453,0.00040456210263073444,0.0023232605308294296
17454,0.0005471138283610344,0.0021243076771497726
17455,0.0007099767099134624,0.0016965502873063087
17456,0.0008708882960490882,0.0011332626454532146
17457,0.0010380820604041219,0.0005929989274591208
17458,0.0011744217481464148,0.00022599742806050926
17459,0.0013062346260994673,9.768339805305004e-05
17460,0.0013788053765892982,0.00019034009892493486
17461,0.0014250361127778888,0.00041515054181218147
17462,0.0013934868620708585,0.0006568132666870952
17463,0.0013203970156610012,0.0008103770087473094
17464,0.0011914080241695046,0.000816809362731874
17465,0.0010449824621900916,0.0006920011946931481
17466,0.000905920984223485,0.0004929113783873618
17467,0.0008003209950402379,0.0002924848231486976
17468,0.0007540619699284434,0.0001470499555580318
17469,0.0007763611502014101,7.933752931421623e-05
17470,0.0008678406593389809,7.820906466804445e-05
17471,0.001037509529851377,0.00011094639194197953
17472,0.001265231636352837,0.0001517276541562751
17473,0.0015560853062197566,0.00019237538799643517
17474,0.0018727092538028955,0.00024253875017166138
17475,0.0021703916136175394,0.00030910837813280523
17476,0.00238825217820704,0.0003919881710316986
17477,0.0024179392494261265,0.0004867158131673932
17478,0.0022265613079071045,0.0005825466359965503
17479,0.0017969781765714288,0.000674902752507478
17480,0.0012440148275345564,0.0007496190955862403
17481,0.0007335030823014677,0.0008096811943687499
17482,0.00040837583946995437,0.000841712870169431
17483,0.00033442809944972396,0.000839480257127434
17484,0.00047200985136441886,0.0007921388605609536
17485,0.0007268870831467211,0.0007004509097896516
17486,0.0009778477251529694,0.0005737841129302979
17487,0.001179245300590992,0.00042965300963260233
17488,0.0012283881660550833,0.00028781540459021926
17489,0.0011900585377588868,0.00016889873950276524
17490,0.001012818654999137,8.821344817988575e-05
17491,0.0008104070439003408,5.2278657676652074e-05
17492,0.0005818272475153208,5.801497172797099e-05
17493,0.00039911794010549784,9.46623767958954e-05
17494,0.0002670386165846139,0.00014847225975245237
17495,0.00019804210751317441,0.0002053516509477049
17496,0.00018314082990400493,0.00025442734477110207
17497,0.00020891710300929844,0.0002906352165155113
17498,0.0002599304134491831,0.00031368026975542307
17499,0.0003221426159143448,0.00032926147105172276
17500,0.0003857842821162194,0.00034407840576022863
17501,0.0004403450293466449,0.00036338742938824
17502,0.0004877129977103323,0.00039053152431733906
17503,0.0005172790843062103,0.0004234983935020864
17504,0.0005405609263107181,0.000460648734588176
17505,0.0005431463941931725,0.0004971385351382196
17506,0.0005426839925348759,0.0005317372269928455
17507,0.0005226911162026227,0.0005613251123577356
17508,0.0005043817218393087,0.0005867102881893516
17509,0.00047411475679837167,0.0006046903436072171
17510,0.00045277102617546916,0.0006159214535728097
17511,0.0004319624858908355,0.0006156882154755294
17512,0.0004280100984033197,0.0006036999402567744
17513,0.0004373014671728015,0.0005765816895291209
17514,0.00046998605830594897,0.0005348398699425161
17515,0.0005260678590275347,0.0004798180889338255
17516,0.0006104917847551405,0.0004153653862886131
17517,0.0007276266696862876,0.0003467662027105689
17518,0.0008783199591562152,0.00027997023425996304
17519,0.0010720277205109596,0.00021988940716255456
17520,0.0013032671995460987,0.00017005497647915035
17521,0.0015830951742827892,0.00013154209591448307
17522,0.0018903936725109816,0.00010365916386945173
17523,0.0022270854096859694,8.428413275396451e-05
17524,0.0025403283070772886,7.095372711773962e-05
17525,0.0028056991286575794,6.144309736555442e-05
17526,0.0029374482110142708,5.420099478214979e-05
17527,0.002890836214646697,4.840854671783745e-05
17528,0.0026185731403529644,4.385245847515762e-05
17529,0.0021345671266317368,4.05828031944111e-05
17530,0.0015403524739667773,3.864334576064721e-05
17531,0.0009493075194768608,3.788728645304218e-05
17532,0.0005207115900702775,3.795615702983923e-05
17533,0.0003113511484116316,3.83912083634641e-05
17534,0.0003290416789241135,3.8783487980253994e-05
17535,0.0005044917343184352,3.8908878195798025e-05
17536,0.0007426149677485228,3.874773028655909e-05
17537,0.0009575173025950789,3.848593769362196e-05
17538,0.0010887313401326537,3.842343357973732e-05
17539,0.0011031783651560545,3.889579966198653e-05
17540,0.0010145101696252823,4.0278064261656255e-05
17541,0.0008448712178505957,4.3072701373603195e-05
17542,0.0006487964419648051,4.8134170356206596e-05
17543,0.00046725955326110125,5.7084893342107534e-05
17544,0.0003374640364199877,7.30174288037233e-05
17545,0.00027921219589188695,0.00010189269232796505
17546,0.0002892295306082815,0.0001545405393699184
17547,0.0003583836951293051,0.0002517633547540754
17548,0.0004628258175216615,0.0004292824596632272
17549,0.0005817074561491609,0.0007550845039077103
17550,0.0006978422170504928,0.001328771119005978
17551,0.0007956146728247404,0.002316900994628668
17552,0.0008740326156839728,0.0038336070720106363
17553,0.0009317174553871155,0.005894830450415611
17554,0.0009719336521811783,0.00793507695198059
17555,0.0010123727843165398,0.008999122306704521
17556,0.001035040128044784,0.0074942815117537975
17557,0.0010786668863147497,0.005132204852998257
17558,0.0010895110899582505,0.00533042848110199
17559,0.0011213417164981365,0.008707186207175255
17560,0.0011026535648852587,0.011197136715054512
17561,0.001087097218260169,0.010454891249537468
17562,0.0010216664522886276,0.016616301611065865
17563,0.0009456162806600332,0.03397708386182785
17564,0.0008410747395828366,0.05574021115899086
17565,0.0007296333787962794,0.04591434448957443
17566,0.000614059274084866,0.014760502614080906
17567,0.0005025376449339092,0.044364120811223984
17568,0.000403075129725039,0.04273170977830887
17569,0.0003203961532562971,0.007307080551981926
17570,0.0002614239347167313,0.03206285461783409
17571,0.00023068563314154744,0.004173110704869032
17572,0.00023065507411956787,0.022247597575187683
17573,0.00026221037842333317,0.008405333384871483
17574,0.0003277133801020682,0.014847755432128906
17575,0.0004221174749545753,0.01016182266175747
17576,0.0005598143907263875,0.011802611872553825
17577,0.0007224334985949099,0.008563868701457977
17578,0.0009477452258579433,0.009010006673634052
17579,0.0011774133890867233,0.009158357046544552
17580,0.0014709169045090675,0.004825478419661522
17581,0.001691431156359613,0.009225777350366116
17582,0.0019040778279304504,0.00419349642470479
17583,0.001909348415210843,0.0057162027806043625
17584,0.0017929532332345843,0.00493333674967289
17585,0.0014441442908719182,0.004274791572242975
17586,0.0010252271313220263,0.0038713731337338686
17587,0.0005982930306345224,0.0036332427989691496
17588,0.0003011408552993089,0.0032579037360846996
17589,0.00017605911125428975,0.003200081642717123
17590,0.0002127480402123183,0.00307950796559453
17591,0.0003613727749325335,0.002303541637957096
17592,0.0005621546297334135,0.002378358505666256
17593,0.0007842094055376947,0.0021598178427666426
17594,0.0009646714315749705,0.001984895672649145
17595,0.0011314667062833905,0.0016258980613201857
17596,0.0011973666260018945,0.001569846528582275
17597,0.0012392486678436399,0.0018504038453102112
17598,0.0011672662803903222,0.0010637633968144655
17599,0.0010762613965198398,0.001351943938061595
17600,0.0009089144878089428,0.001111369114369154
17601,0.0007459877524524927,0.001022096024826169
17602,0.0005769244162365794,0.0010226521408185363
17603,0.0004479006165638566,0.0007862907368689775
17604,0.0003665826516225934,0.0009414639207534492
17605,0.000340084865456447,0.0006866776384413242
17606,0.0003644777461886406,0.0007442564237862825
17607,0.0004278728156350553,0.000580222811549902
17608,0.0005157821578904986,0.0006110421381890774
17609,0.0006182095967233181,0.0005688954261131585
17610,0.0007225569570437074,0.0004557727661449462
17611,0.0008225284400396049,0.00047807092778384686
17612,0.0009143476490862668,0.000471379142254591
17613,0.0009874268434941769,0.0004130988963879645
17614,0.0010470004053786397,0.00035288569051772356
17615,0.0010755236726254225,0.0004072792362421751
17616,0.0010835644789040089,0.0003221396473236382
17617,0.0010511861182749271,0.0003124114009551704
17618,0.0009925393387675285,0.00030652398709207773
17619,0.0008966792956925929,0.00028413900872692466
17620,0.0007838214514777064,0.00025569964782334864
17621,0.0006554219871759415,0.00023534995852969587
17622,0.0005310914712026715,0.0002543802547734231
17623,0.0004181831027381122,0.00020162925648037344
17624,0.00032617044053040445,0.00021604614448733628
17625,0.0002580358413979411,0.00019552433514036238
17626,0.00021354059572331607,0.00018431522767059505
17627,0.00019057939061895013,0.00017639137513469905
17628,0.00018591043772175908,0.00015510804951190948
17629,0.0001965416013263166,0.00016695985686965287
17630,0.0002204251941293478,0.00014264590572565794
17631,0.0002579088613856584,0.00014338831533677876
17632,0.00030797196086496115,0.00013794326514471322
17633,0.00037812525988556445,0.00013226483133621514
17634,0.00046479864977300167,0.0001191060000564903
17635,0.0005880413809791207,0.00012053964019287378
17636,0.0007339514559134841,0.00011789475684054196
17637,0.0009427079930901527,0.00010901519272010773
17638,0.001170486444607377,0.00010708015179261565
17639,0.0014794154558330774,0.00010471745190443471
17640,0.0017616129480302334,0.00010218655370408669
17641,0.002086394466459751,9.290889283875003e-05
17642,0.002266448922455311,9.97210736386478e-05
17643,0.0023661372251808643,9.081161260837689e-05
17644,0.002232990926131606,8.887339208740741e-05
17645,0.001977184321731329,8.941180567489937e-05
17646,0.0016537898918613791,8.425938722211868e-05
17647,0.0014003653777763247,8.394593896809965e-05
17648,0.0013505063252523541,8.132356742862612e-05
17649,0.0015360373072326183,8.029216405702755e-05
17650,0.0019242269918322563,7.725923205725849e-05
17651,0.0024716497864574194,7.745528273517266e-05
17652,0.0029982728883624077,7.440843182848766e-05
17653,0.0033545861952006817,7.372849358944222e-05
17654,0.0033483814913779497,7.279045530594885e-05
17655,0.0028401557356119156,7.047827239148319e-05
17656,0.0020050376188009977,6.98162111802958e-05
17657,0.0010779285803437233,6.881263107061386e-05
17658,0.00042391824536025524,6.727636355208233e-05
17659,0.00018505737534724176,6.629209383390844e-05
17660,0.0003362579154781997,6.576527812285349e-05
17661,0.0007316105184145272,6.41192018520087e-05
17662,0.0011628697393462062,6.385308370226994e-05
17663,0.0014971827622503042,6.255712651181966e-05
17664,0.0015518279979005456,6.194126035552472e-05
17665,0.0013742977753281593,6.119925819803029e-05
17666,0.0009935625130310655,6.039958680048585e-05
17667,0.0005895645590499043,5.9772228269139305e-05
17668,0.0002894487988669425,5.9137822972843423e-05
17669,0.00016853507258929312,5.856841380591504e-05
17670,0.00021501403534784913,5.775879981229082e-05
17671,0.0003698566579259932,5.758408224210143e-05
17672,0.0005633551627397537,5.674922067555599e-05
17673,0.0007194189238362014,5.628813960356638e-05
17674,0.0008066467707976699,5.592095840256661e-05
17675,0.000785386364441365,5.53556383238174e-05
17676,0.0006914081750437617,5.487919406732544e-05
17677,0.0005421102396212518,5.4562115110456944e-05
17678,0.00039025096339173615,5.409446021076292e-05
17679,0.0002639018348418176,5.365192919271067e-05
17680,0.00018601547344587743,5.3383588237920776e-05
17681,0.00015904354222584516,5.294472794048488e-05
17682,0.00017493819177616388,5.260334728518501e-05
17683,0.0002204567426815629,5.2265910198912024e-05
17684,0.00028038278105668724,5.1961651479359716e-05
17685,0.00034573557786643505,5.159111606189981e-05
17686,0.0004011060518678278,5.133578088134527e-05
17687,0.0004523762036114931,5.1012906624237075e-05
17688,0.0004833691637031734,5.0726426707115024e-05
17689,0.0005114112282171845,5.046246951678768e-05
17690,0.0005198113503865898,5.016954310121946e-05
17691,0.0005360531504265964,4.992994945496321e-05
17692,0.000545492977835238,4.965305924997665e-05
17693,0.0005788248381577432,4.94212144985795e-05
17694,0.0006256258930079639,4.9174581363331527e-05
17695,0.0007096704794093966,4.894762969342992e-05
17696,0.0008272510021924973,4.87080033053644e-05
17697,0.0009873132221400738,4.849900142289698e-05
17698,0.0011964044533669949,4.82800169265829e-05
17699,0.0014397386694326997,4.8062982386909425e-05
17700,0.0017319971229881048,4.7867728426354006e-05
17701,0.002012839773669839,4.766682832268998e-05
17702,0.0022944635711610317,4.746619379147887e-05
17703,0.0024556065909564495,4.727817577077076e-05
17704,0.0025115194730460644,4.7100300434976816e-05
17705,0.0023352112621068954,4.6910463424865156e-05
17706,0.002000677166506648,4.673927105613984e-05
17707,0.0014995101373642683,4.656398232327774e-05
17708,0.0009810719639062881,4.639254984795116e-05
17709,0.0005354918539524078,4.62270290881861e-05
17710,0.00025629482115618885,4.6067445509834215e-05
17711,0.00016689495532773435,4.5903663703938946e-05
17712,0.0002401848032604903,4.574924969347194e-05
17713,0.00041613756911829114,4.559625085676089e-05
17714,0.000623381114564836,4.5442218834068626e-05
17715,0.0008072748314589262,4.5299566409084946e-05
17716,0.0009174892329610884,4.515221735346131e-05
17717,0.0009531500982120633,4.500889917835593e-05
17718,0.0009089369559660554,4.4870419515063986e-05
17719,0.000824900867883116,4.4730371882906184e-05
17720,0.0007330355001613498,4.459386400412768e-05
17721,0.0006617243634536862,4.4462001824285835e-05
17722,0.0006490448140539229,4.433052527019754e-05
17723,0.0006761048571206629,4.420026743900962e-05
17724,0.0007660098490305245,4.407362575875595e-05
17725,0.0008674106211401522,4.3947107769781724e-05
17726,0.0009863015729933977,4.382127008284442e-05
17727,0.001073238905519247,4.370027454569936e-05
17728,0.0011264549102634192,4.3578515033004805e-05
17729,0.0011179143330082297,4.34586763731204e-05
17730,0.001054761465638876,4.3339732656022534e-05
17731,0.0009352597990073264,4.322276799939573e-05
17732,0.0007881092606112361,4.310642179916613e-05
17733,0.0006251870654523373,4.2991316149709746e-05
17734,0.0004830115649383515,4.287937190383673e-05
17735,0.0003683303075376898,4.276683466741815e-05
17736,0.00029970990726724267,4.265660390956327e-05
17737,0.00026828801492229104,4.2545296309981495e-05
17738,0.00026966529549099505,4.243622242938727e-05
17739,0.0002887067967094481,4.2328501876909286e-05
17740,0.00031304758158512414,4.2219286115141585e-05
17741,0.0003334303037263453,4.2112747905775905e-05
17742,0.00034220051020383835,4.200563853373751e-05
17743,0.00033935258397832513,4.190107574686408e-05
17744,0.00032414362067356706,4.179461029707454e-05
17745,0.0003021014272235334,4.169074964011088e-05
17746,0.0002761715732049197,4.158552110311575e-05
17747,0.00025220101815648377,4.148168954998255e-05
17748,0.000233447237405926,4.137943687965162e-05
17749,0.00022315990645438433,4.127616557525471e-05
17750,0.000224014074774459,4.1174007492372766e-05
17751,0.00023655717086512595,4.107203858438879e-05
17752,0.00026469535077922046,4.097119381185621e-05
17753,0.0003077325236517936,4.087052002432756e-05
17754,0.00037497084122151136,4.07679435738828e-05
17755,0.0004648545873351395,4.0669045120012015e-05
17756,0.0006003043381497264,4.05683385906741e-05
17757,0.0007731657824479043,4.0466926293447614e-05
17758,0.001033934997394681,4.036679820274003e-05
17759,0.0013408188242465258,4.026558963232674e-05
17760,0.0017831563018262386,4.016733873868361e-05
17761,0.0022109909914433956,4.006794188171625e-05
17762,0.002720845164731145,3.9968865166883916e-05
17763,0.002977479947730899,3.9871658373158425e-05
17764,0.0030424650758504868,3.977451706305146e-05
17765,0.002605835208669305,3.9677855966147035e-05
17766,0.0018966344650834799,3.957868102588691e-05
17767,0.0010509745916351676,3.948353332816623e-05
17768,0.00042930280324071646,3.9388796722050756e-05
17769,0.00019291044736746699,3.9292051951633766e-05
17770,0.0003293913323432207,3.91976282116957e-05
17771,0.0006947748479433358,3.910425220965408e-05
17772,0.0011009330628439784,3.9012113120406866e-05
17773,0.0014495443319901824,3.891988308168948e-05
17774,0.0015597123419865966,3.882818782585673e-05
17775,0.0014928317395970225,3.8737554859835654e-05
17776,0.0011856466298922896,3.864928658003919e-05
17777,0.0008305255905725062,3.856122930301353e-05
17778,0.0004852018319070339,3.8474940083688125e-05
17779,0.00026010058354586363,3.838673364953138e-05
17780,0.0001701876026345417,3.830256900982931e-05
17781,0.00019966482068412006,3.822006692644209e-05
17782,0.0003109560930170119,3.813733201241121e-05
17783,0.0004572516481857747,3.805512824328616e-05
17784,0.0006074727280065417,3.797582758124918e-05
17785,0.0007138624787330627,3.789667607634328e-05
17786,0.0007841106853447855,3.782006024266593e-05
17787,0.0007773000397719443,3.774486685870215e-05
17788,0.0007361186435446143,3.7672361941076815e-05
17789,0.0006386922323144972,3.7596757465507835e-05
17790,0.000534436316229403,3.752947668544948e-05
17791,0.0004171754408162087,3.746104994206689e-05
17792,0.00031954701989889145,3.739700332516804e-05
17793,0.00024391703482251614,3.733600533450954e-05
17794,0.000198822672246024,3.7281719414750114e-05
17795,0.00018149390234611928,3.723463669302873e-05
17796,0.00018786455621011555,3.7199421058176085e-05
17797,0.0002126175386365503,3.717780055012554e-05
17798,0.0002509955083951354,3.7182995583862066e-05
17799,0.0002990444772876799,3.722150722751394e-05
17800,0.0003540909383445978,3.732141340151429e-05
17801,0.00041578529635444283,3.751978510990739e-05
17802,0.00048487685853615403,3.787226160056889e-05
17803,0.0005652675172314048,3.847808693535626e-05
17804,0.0006594021688215435,3.949917299905792e-05
17805,0.0007724914466962218,4.120760058867745e-05
17806,0.0009091875981539488,4.406202424434014e-05
17807,0.0010718782432377338,4.884874215349555e-05
17808,0.0012681949883699417,5.6877655879361555e-05
17809,0.001491920673288405,7.050702697597444e-05
17810,0.0017569827614352107,9.362198761664331e-05
17811,0.0020382944494485855,0.00013338160351850092
17812,0.002344042994081974,0.00020127712923567742
17813,0.0026194676756858826,0.0003190406714566052
17814,0.002843431429937482,0.0005188849754631519
17815,0.0029495381750166416,0.0008625071495771408
17816,0.0028915065340697765,0.0014217671705409884
17817,0.002702812198549509,0.0023245657794177532
17818,0.0023691130336374044,0.003595242276787758
17819,0.002083592116832733,0.005200470797717571
17820,0.0019020158797502518,0.006572411861270666
17821,0.0018790106987580657,0.006990178022533655
17822,0.0020483804401010275,0.005791405215859413
17823,0.0021297973580658436,0.0032884932588785887
17824,0.002167391125112772,0.0008655650890432298
17825,0.0019934370648115873,0.00014548060426022857
17826,0.0016729992348700762,0.0011580511927604675
17827,0.0013502941001206636,0.0022342060692608356
17828,0.0010853573912754655,0.0020078488159924746
17829,0.0009194480371661484,0.0007058241753838956
17830,0.0008388686110265553,0.00021839981491211802
17831,0.0008262847550213337,0.0009104815544560552
17832,0.0008875122293829918,0.0012729919981211424
17833,0.0010315063409507275,0.0006571636768057942
17834,0.0011327214306220412,0.00018811682821251452
17835,0.001208028057590127,0.0005721694906242192
17836,0.0011371113359928131,0.0008902299450710416
17837,0.0009749474702402949,0.0004870919801760465
17838,0.0007278998382389545,0.00015430942585226148
17839,0.0004794847627636045,0.0004288681666366756
17840,0.00028649455634877086,0.0006381173152476549
17841,0.00018523060134612024,0.0003889761574100703
17842,0.0001773427939042449,0.00015598659228999168
17843,0.0002436506183585152,0.0002362597151659429
17844,0.0003530940448399633,0.00041619286639615893
17845,0.0004639346734620631,0.0004218625253997743
17846,0.0005566736799664795,0.0002397887292318046
17847,0.0006011216901242733,9.424862219020724e-05
17848,0.0006141368648968637,0.00015228244592435658
17849,0.0005815286422148347,0.0002922366838902235
17850,0.0005353967426344752,0.00033925616298802197
17851,0.00047118315706029534,0.0002695455914363265
17852,0.00042066312744282186,0.00014580920105800033
17853,0.0003744895220734179,7.00298260198906e-05
17854,0.00034582556691020727,8.666436042403802e-05
17855,0.00032427848782390356,0.00015219917986541986
17856,0.00030985428020358086,0.00020614020468201488
17857,0.00029625993920490146,0.0002175826084567234
17858,0.00028042891062796116,0.00018453972006682307
17859,0.0002624515909701586,0.00012406795576680452
17860,0.00024198050959967077,7.244312291732058e-05
17861,0.0002206928184023127,5.3648305765818805e-05
17862,0.0001996916253119707,6.411462527466938e-05
17863,0.00018181536870542914,8.965843881014735e-05
17864,0.0001680637215031311,0.00011717128654709086
17865,0.0001588860177434981,0.0001319515286013484
17866,0.00015390897169709206,0.00012734453775919974
17867,0.00015271696611307561,0.00010945020767394453
17868,0.0001542827521916479,8.68601564434357e-05
17869,0.00015749508747830987,6.531773397000507e-05
17870,0.0001613771601114422,5.042096017859876e-05
17871,0.00016522736405022442,4.6002009185031056e-05
17872,0.0001683908049017191,4.981510210200213e-05
17873,0.000170462517417036,5.743871588492766e-05
17874,0.0001713164383545518,6.649297574767843e-05
17875,0.00017122423741966486,7.41373369237408e-05
17876,0.0001703365851426497,7.718954293522984e-05
17877,0.00016879472241271287,7.576763891847804e-05
17878,0.00016678824613336474,7.143842231016606e-05
17879,0.00016459517064504325,6.484065670520067e-05
17880,0.00016242690617218614,5.721615889342502e-05
17881,0.0001603586133569479,5.051156404078938e-05
17882,0.00015847120084799826,4.559103399515152e-05
17883,0.00015682818775530905,4.232975697959773e-05
17884,0.000155479516251944,4.08751038776245e-05
17885,0.0001543813559692353,4.129977241973393e-05
17886,0.00015354392235167325,4.267240365152247e-05
17887,0.00015299234655685723,4.4361615437082946e-05
17888,0.0001527603017166257,4.631559568224475e-05
17889,0.00015288856229744852,4.8068897740449756e-05
17890,0.0001535203482490033,4.9193447921425104e-05
17891,0.00015493427054025233,4.97762011946179e-05
17892,0.00015762218390591443,4.993677794118412e-05
17893,0.00016248293104581535,4.958448334946297e-05
17894,0.0001709814532659948,4.880330743617378e-05
17895,0.0001861262135207653,4.7869918489595875e-05
17896,0.0002123485755873844,4.686399915954098e-05
17897,0.0002596882695797831,4.576172796078026e-05
17898,0.0003407705808058381,4.471294960239902e-05
17899,0.0004897036124020815,4.3823642045026645e-05
17900,0.0007366503705270588,4.3021525925723836e-05
17901,0.0011893697082996368,4.231890488881618e-05
17902,0.0018720466177910566,4.179244569968432e-05
17903,0.003038537222892046,4.1405652154935524e-05
17904,0.004430306609719992,4.112007445655763e-05
17905,0.00621234392747283,4.0976854506880045e-05
17906,0.007154960185289383,4.1018971387529746e-05
17907,0.006936829071491957,4.1228799091186374e-05
17908,0.004677006043493748,4.1644598240964115e-05
17909,0.0019068245310336351,4.2380277591291815e-05
17910,0.0003772068303078413,4.3526790250325575e-05
17911,0.0008444463601335883,4.5224700443213806e-05
17912,0.0024160612374544144,4.7749730583745986e-05
17913,0.0036725085228681564,5.1515682571334764e-05
17914,0.0037518376484513283,5.709517063223757e-05
17915,0.0026204900350421667,6.545124051626772e-05
17916,0.0011585702886804938,7.797013677190989e-05
17917,0.0004569432931020856,9.700475493445992e-05
17918,0.001054881839081645,0.00012587384844664484
17919,0.002096118638291955,0.00017047107394319028
17920,0.00318527827039361,0.00023870427685324103
17921,0.0040624793618917465,0.00034480917383916676
17922,0.00425857026129961,0.0005060359835624695
17923,0.003433418460190296,0.0007537451456300914
17924,0.0024370038881897926,0.0011149488855153322
17925,0.001273059519007802,0.0016354697290807962
17926,0.0009496212587691844,0.002306401962414384
17927,0.0004948782734572887,0.003096741158515215
17928,0.0008685361826792359,0.003808728652074933
17929,0.0007098746718838811,0.004180766176432371
17930,0.0012563607888296247,0.003937089815735817
17931,0.0009173961589112878,0.003009578213095665
17932,0.001099382876418531,0.0017060795798897743
17933,0.0009170656558126211,0.0005706172669306397
17934,0.0011166440090164542,8.230376988649368e-05
17935,0.001393817481584847,0.00032334442948922515
17936,0.0018461935687810183,0.000941404839977622
17937,0.0026000821962952614,0.0014036818174645305
17938,0.003378278110176325,0.0013896861346438527
17939,0.003153702011331916,0.000919764454010874
17940,0.0026568681932985783,0.00036555627593770623
17941,0.00198261346668005,8.165188046405092e-05
17942,0.0012566973455250263,0.0001772974501363933
17943,0.0006063368055038154,0.0004829434328712523
17944,0.00041665841126814485,0.0007251697825267911
17945,0.0005848981090821326,0.0007331087253987789
17946,0.0008381905499845743,0.000525330426171422
17947,0.0010109542636200786,0.0002543154696468264
17948,0.0009639040799811482,8.032209007069468e-05
17949,0.0008418022189289331,7.286095205927268e-05
17950,0.0006754058413207531,0.00019041505584027618
17951,0.0005943240830674767,0.00033297130721621215
17952,0.0005529990303330123,0.00041309616062790155
17953,0.000703625672031194,0.00039673614082857966
17954,0.0006714027258567512,0.0003049525839742273
17955,0.0006736651994287968,0.0001864746300270781
17956,0.0005004628328606486,9.12105169845745e-05
17957,0.0004138259100727737,4.687095861299895e-05
17958,0.000250412558671087,5.469593816087581e-05
17959,0.00022431515390053391,9.810867777559906e-05
17960,0.0002490846673026681,0.0001542787067592144
17961,0.00032009376445785165,0.0002031194744631648
17962,0.0004052092554047704,0.00023193139350041747
17963,0.0004242036957293749,0.00023806077660992742
17964,0.000472631974844262,0.00022321424330584705
17965,0.00042904578731395304,0.0001941549126058817
17966,0.0004145671846345067,0.00015724438708275557
17967,0.0003523802733980119,0.0001199603357235901
17968,0.0003288112347945571,8.723028440726921e-05
17969,0.0003060122253373265,6.239686626940966e-05
17970,0.00028749252669513226,4.6565543016185984e-05
17971,0.00029179148259572685,3.9341015508398414e-05
17972,0.00029126607114449143,3.919207301805727e-05
17973,0.00028788766940124333,4.415155854076147e-05
17974,0.0002668107335921377,5.241034159553237e-05
17975,0.00024460756685584784,6.25183165539056e-05
17976,0.0002195892302552238,7.34141212888062e-05
17977,0.00019700425036717206,8.436926873400807e-05
17978,0.00017157444381155074,9.527465590508655e-05
17979,0.00016364871407859027,0.00010602140537230298
17980,0.00015684364188928157,0.0001171250332845375
17981,0.0001624027208890766,0.00012875563697889447
17982,0.000166515470482409,0.00014196829579304904
17983,0.00017845894035417587,0.0001570250460645184
17984,0.00018830299086403102,0.00017541306442581117
17985,0.00019647068984340876,0.00019742775475606322
17986,0.00020451430464163423,0.00022519542835652828
17987,0.0002081359561998397,0.0002587864873930812
17988,0.00021411817579064518,0.00030115057597868145
17989,0.00021552995895035565,0.0003516962460707873
17990,0.00021957553690299392,0.0004140422388445586
17991,0.00022334896493703127,0.0004854848957620561
17992,0.00022855791030451655,0.0005689644021913409
17993,0.0002359358040848747,0.0006564228096976876
17994,0.0002468843013048172,0.0007469363627023995
17995,0.0002621395397000015,0.0008236431167460978
17996,0.0002827802672982216,0.0008791543077677488
17997,0.00030891815549694,0.0008918282110244036
17998,0.00034359301207587123,0.0008553160587325692
17999,0.0003875191032420844,0.0007613171474076807
18000,0.0004442537610884756,0.0006220366922207177
18001,0.0005169264040887356,0.0004562229150906205
18002,0.0006072795949876308,0.0002933803480118513
18003,0.0007227485184557736,0.00016023834177758545
18004,0.0008662019390612841,7.510204159189016e-05
18005,0.0010448606917634606,4.281199289835058e-05
18006,0.0012538610026240349,5.598532152362168e-05
18007,0.0014985535526648164,9.945798956323415e-05
18008,0.001762724481523037,0.0001558276853756979
18009,0.0020404206588864326,0.00021024794841650873
18010,0.002281108172610402,0.00025248192832805216
18011,0.0024630941916257143,0.0002781449584290385
18012,0.0025143539533019066,0.00028663172270171344
18013,0.0024251434952020645,0.0002810070582199842
18014,0.0021563090849667788,0.00026485123089514673
18015,0.0017706481739878654,0.00024280467187054455
18016,0.0013154118787497282,0.00021798523084726185
18017,0.0008936213562265038,0.0001935747277457267
18018,0.0005902062403038144,0.000170986691955477
18019,0.00043836113763973117,0.0001515673939138651
18020,0.00045483140274882317,0.0001354612468276173
18021,0.0005787622649222612,0.00012298209185246378
18022,0.0007533348398283124,0.00011381488002371043
18023,0.0009116845903918147,0.00010797489812830463
18024,0.0009847281035035849,0.00010517217742744833
18025,0.0009650772553868592,0.00010560310329310596
18026,0.0008395243203267455,0.0001093904284061864
18027,0.0006571417907252908,0.00011734836152754724
18028,0.0004539334331639111,0.00013036798918619752
18029,0.0002877102524507791,0.00015047752822283655
18030,0.00018592634296510369,0.00018000276759266853
18031,0.00015792701742611825,0.00022345899196807295
18032,0.00019076249736826867,0.00028585095424205065
18033,0.0002617158170323819,0.00037669093580916524
18034,0.0003442397282924503,0.0005053991335444152
18035,0.0004155585775151849,0.0006894291727803648
18036,0.0004645645967684686,0.0009405976161360741
18037,0.0004856438608840108,0.001279854099266231
18038,0.00048747361870482564,0.0016989829018712044
18039,0.00047872954746708274,0.0021823460701853037
18040,0.00047217891551554203,0.002641563070937991
18041,0.00048767327098175883,0.002960398094728589
18042,0.0005217422149144113,0.002988387830555439
18043,0.0005992002552375197,0.0026342126075178385
18044,0.0006972941919229925,0.0019507482647895813
18045,0.0008529204642400146,0.0011209682561457157
18046,0.0010095168836414814,0.00042967943591065705
18047,0.0012032105587422848,8.611445809947327e-05
18048,0.0013629470486193895,0.00013479014160111547
18049,0.0015367913292720914,0.0004455847665667534
18050,0.0016135117039084435,0.0008005553390830755
18051,0.0016196217620745301,0.0010060506174340844
18052,0.0014996470417827368,0.0009694061009213328
18053,0.0013197632506489754,0.0007295882096514106
18054,0.0010482227662578225,0.0004121223173569888
18055,0.0007596618379466236,0.00015817642270121723
18056,0.000501981470733881,5.3194853535387665e-05
18057,0.00031573703745380044,9.963287448044866e-05
18058,0.0002057290985248983,0.0002382526290602982
18059,0.00017125830345321447,0.00039058958645910025
18060,0.00020032859174534678,0.000494869367685169
18061,0.00027400057297199965,0.0005232539842836559
18062,0.00038134519127197564,0.00047743599861860275
18063,0.0004966076230630279,0.00038177467649802566
18064,0.0006333134952001274,0.0002661655889824033
18065,0.0007591116591356695,0.00016052264254540205
18066,0.0009009871282614768,8.452012843918055e-05
18067,0.0009961632313206792,4.635728691937402e-05
18068,0.001091637066565454,4.335027915658429e-05
18069,0.0011129030026495457,6.65058905724436e-05
18070,0.001118246465921402,0.0001050249338732101
18071,0.0010217046365141869,0.00014913470658939332
18072,0.0008858026703819633,0.00019183102995157242
18073,0.000696554547175765,0.00022853478731121868
18074,0.0005210143863223493,0.00025820068549364805
18075,0.0003573059802874923,0.0002799085050355643
18076,0.000239065004279837,0.00029542786069214344
18077,0.00017385475803166628,0.0003044326149392873
18078,0.00015507114585489035,0.0003093068953603506
18079,0.00017408415442332625,0.0003095134161412716
18080,0.00021686108084395528,0.0003069215454161167
18081,0.0002802930830512196,0.00030070196953602135
18082,0.0003546501975506544,0.00029232638189569116
18083,0.0004485890967771411,0.00028090254636481404
18084,0.0005437836516648531,0.00026768934912979603
18085,0.0006720956298522651,0.00025211856700479984
18086,0.000800442649051547,0.00023554620565846562
18087,0.0009757192456163466,0.0002177868882426992
18088,0.0011133069638162851,0.0001999213418457657
18089,0.001272616907954216,0.0001819728931877762
18090,0.0013398926239460707,0.0001649463811190799
18091,0.001391708035953343,0.000149072366184555
18092,0.0012894532410427928,0.00013504746311809868
18093,0.0011160538997501135,0.00012289507139939815
18094,0.0008528155740350485,0.0001129658630816266
18095,0.0006062129396013916,0.00010517553891986609
18096,0.00039399098022840917,9.969627717509866e-05
18097,0.0002688493696041405,9.6399977337569e-05
18098,0.0002403428516117856,9.547206718707457e-05
18099,0.000291944743366912,9.704320837045088e-05
18100,0.0004032549913972616,0.00010168539301957935
18101,0.0005463127745315433,0.00011002952669514343
18102,0.0007204029243439436,0.00012349835014902055
18103,0.0008941075066104531,0.00014383975940290838
18104,0.0010796540882438421,0.00017444073455408216
18105,0.0012162646744400263,0.0002194748813053593
18106,0.0013625940773636103,0.00028672319604083896
18107,0.0014246432110667229,0.0003852117224596441
18108,0.0014544962905347347,0.0005316403694450855
18109,0.0013682246208190918,0.0007422009948641062
18110,0.0012307767756283283,0.0010458547621965408
18111,0.0010280548594892025,0.0014557864051312208
18112,0.0008273131679743528,0.001990768825635314
18113,0.0006524425698444247,0.002601556247100234
18114,0.0005417288630269468,0.003201046260073781
18115,0.0005147974588908255,0.003598707728087902
18116,0.0005723994690924883,0.0035998974926769733
18117,0.0007080007344484329,0.003099319525063038
18118,0.0009228397393599153,0.002163565717637539
18119,0.0011984978336840868,0.001116570900194347
18120,0.0015316361095756292,0.0003320629184599966
18121,0.0019018256571143866,6.832215876784176e-05
18122,0.0022610314190387726,0.0003020412113983184
18123,0.002546175615862012,0.0007781659951433539
18124,0.0026673302054405212,0.0011753509752452374
18125,0.002556600607931614,0.0012688032584264874
18126,0.0022453342098742723,0.0010326738702133298
18127,0.0017887460999190807,0.0006145203369669616
18128,0.0013861478073522449,0.00023695180425420403
18129,0.0011560556013137102,6.198113987920806e-05
18130,0.0011676307767629623,0.00011716467997757718
18131,0.0013928761472925544,0.0003147538809571415
18132,0.0017147352918982506,0.0005254120915196836
18133,0.0019483061041682959,0.000648824090603739
18134,0.002020218875259161,0.0006459512514993548
18135,0.0017563621513545513,0.000533073500264436
18136,0.0013498940970748663,0.0003645755350589752
18137,0.0008279636385850608,0.0002005228743655607
18138,0.00042632536496967077,8.729458204470575e-05
18139,0.0002117217518389225,4.394028655951843e-05
18140,0.00020035592024214566,6.41319784335792e-05
18141,0.0003405582392588258,0.0001252887159353122
18142,0.0005543052102439106,0.00020022437092848122
18143,0.000784478965215385,0.00026651154621504247
18144,0.0009388932958245277,0.0003094392886850983
18145,0.0010162610560655594,0.00032487077987752855
18146,0.0009513352997601032,0.00031318931723944843
18147,0.0008158890414051712,0.00028127655969001353
18148,0.0006139167817309499,0.0002361524966545403
18149,0.0004257386608514935,0.00018680754874367267
18150,0.0002732743741944432,0.00013966255937702954
18151,0.0001848191604949534,9.984755160985515e-05
18152,0.00015911270747892559,6.966968794586137e-05
18153,0.00018380186520516872,4.9876274715643376e-05
18154,0.0002402895624982193,3.975174331571907e-05
18155,0.00030791026074439287,3.7660814996343106e-05
18156,0.00037710837204940617,4.153974441578612e-05
18157,0.00042928257607854903,4.951280425302684e-05
18158,0.0004707945918198675,6.02199652348645e-05
18159,0.0004837294982280582,7.280354475369677e-05
18160,0.00048761305515654385,8.69227442308329e-05
18161,0.00046728586312383413,0.00010250880586681888
18162,0.00044531733146868646,0.00012018379493383691
18163,0.00040881289169192314,0.00014064466813579202
18164,0.0003758191014640033,0.0001655037485761568
18165,0.00033872853964567184,0.00019594610785134137
18166,0.0003076668072026223,0.0002348648413317278
18167,0.0002783950185403228,0.0002841535024344921
18168,0.0002552857040427625,0.0003487385984044522
18169,0.00023701527970843017,0.0004308735369704664
18170,0.0002247855591122061,0.0005372418672777712
18171,0.00021751249732915312,0.0006675985641777515
18172,0.0002149741631001234,0.0008270678808912635
18173,0.0002170844527427107,0.001005010912194848
18174,0.0002235235006082803,0.0011947326129302382
18175,0.0002345805405639112,0.0013637979282066226
18176,0.00025058333994820714,0.0014846534468233585
18177,0.000272410805337131,0.0015121044125407934
18178,0.00030207401141524315,0.0014230693923309445
18179,0.00034158158814534545,0.001211893162690103
18180,0.00039568933425471187,0.0009122503688558936
18181,0.00046656327322125435,0.0005855520139448345
18182,0.0005632066749967635,0.00030150197562761605
18183,0.0006875980761833489,0.0001153070988948457
18184,0.0008559648413211107,4.7472931328229606e-05
18185,0.0010627576848492026,8.346288814209402e-05
18186,0.001332003972493112,0.00018494142568670213
18187,0.0016329727368429303,0.0003069471858907491
18188,0.0019930715207010508,0.0004111305461265147
18189,0.0023173242807388306,0.00047351038665510714
18190,0.002621206920593977,0.0004856181039940566
18191,0.002729790285229683,0.00045215687714517117
18192,0.0026731365360319614,0.0003864485479425639
18193,0.002313935663551092,0.00030500601860694587
18194,0.0017891718307510018,0.0002229378733318299
18195,0.001160408603027463,0.00015145332145038992
18196,0.0006297514773905277,9.679036884335801e-05
18197,0.00030786002753302455,6.081189349060878e-05
18198,0.00024132388352882117,4.221093695377931e-05
18199,0.0003887667553499341,3.785367152886465e-05
18200,0.0006662587984465063,4.414009890751913e-05
18201,0.0009669449063949287,5.800151848234236e-05
18202,0.0012311215978115797,7.736668339930475e-05
18203,0.0013887110399082303,0.00010128455323865637
18204,0.0014719709288328886,0.0001299210562137887
18205,0.0014364449307322502,0.00016431639960501343
18206,0.0014074051287025213,0.0002071126946248114
18207,0.001340372022241354,0.0002614828117657453
18208,0.0013775238767266273,0.00033324514515697956
18209,0.0014745229855179787,0.0004276755207683891
18210,0.0016662348061800003,0.0005543272127397358
18211,0.0019122522789984941,0.0007191764307208359
18212,0.0021150310058146715,0.0009327636798843741
18213,0.0022260164842009544,0.001191930379718542
18214,0.0021285698749125004,0.0014918363885954022
18215,0.0018430092604830861,0.0017967461608350277
18216,0.0013988919090479612,0.002057738369330764
18217,0.0009244303219020367,0.0022007992956787348
18218,0.0005368031561374664,0.0021580380853265524
18219,0.000318949983920902,0.0019021930638700724
18220,0.0002882440749090165,0.001458293991163373
18221,0.0003896161215379834,0.0009342103148810565
18222,0.0005418567452579737,0.0004572279576677829
18223,0.0006670273141935468,0.00014717188605573028
18224,0.0007048157276585698,5.2308667363831773e-05
18225,0.0006537168519571424,0.00014420156367123127
18226,0.0005290300468914211,0.0003400203713681549
18227,0.00037952890852466226,0.0005433150799944997
18228,0.0002504555741325021,0.000678654876537621
18229,0.00017556823149789125,0.0007075290777720511
18230,0.0001633666397538036,0.000633450981695205
18231,0.00020148968906141818,0.0004888080293312669
18232,0.0002647042856551707,0.00032181350979954004
18233,0.00032599346013739705,0.0001762583269737661
18234,0.00036636696313507855,8.055531361605972e-05
18235,0.0003756565856747329,4.290621291147545e-05
18236,0.00036018225364387035,5.5609667469980195e-05
18237,0.00033249170519411564,0.00010270306665915996
18238,0.0003093751147389412,0.00016686863091308624
18239,0.000310038507450372,0.0002337052283110097
18240,0.00034296198282390833,0.00029366189846768975
18241,0.00042649719398468733,0.0003413338272366673
18242,0.0005561711732298136,0.000375770207028836
18243,0.0007628505118191242,0.00039682682836428285
18244,0.001031209947541356,0.00040692032780498266
18245,0.0014313196297734976,0.0004065170360263437
18246,0.0018980089807882905,0.0003983165661338717
18247,0.0025366866029798985,0.000382734666345641
18248,0.003113479819148779,0.0003623734519351274
18249,0.0036802992690354586,0.0003377242828719318
18250,0.003766776295378804,0.00031050463439896703
18251,0.0033782045356929302,0.0002813293249346316
18252,0.0023979761172086,0.0002515681553632021
18253,0.0012981999898329377,0.00022208178415894508
18254,0.0004792351392097771,0.00019412617257330567
18255,0.00022309324413072318,0.0001684281014604494
18256,0.0004765454214066267,0.0001456561585655436
18257,0.0009912827517837286,0.00012600491754710674
18258,0.0015388772590085864,0.00010961147927446291
18259,0.001817022101022303,9.628700354369357e-05
18260,0.0018162152264267206,8.583640010328963e-05
18261,0.0014355042949318886,7.790802919771522e-05
18262,0.0009325412102043629,7.218642713269219e-05
18263,0.0004843240894842893,6.836275133537129e-05
18264,0.0002507422468625009,6.626044341828674e-05
18265,0.0002463342680130154,6.579071487067267e-05
18266,0.00040979759069159627,6.705295527353883e-05
18267,0.0006616661557927728,7.031038694549352e-05
18268,0.0008914934587664902,7.612166518811136e-05
18269,0.0010629930766299367,8.539838745491579e-05
18270,0.00105844356585294,9.977113950299099e-05
18271,0.00094523502048105,0.00012163423525635153
18272,0.000715102069079876,0.00015504195471294224
18273,0.0004823794006370008,0.00020582291472237557
18274,0.0002904555294662714,0.0002840737288352102
18275,0.00018550263484939933,0.0004036071477457881
18276,0.00017034215852618217,0.0005881761317141354
18277,0.0002244301576865837,0.0008658802253194153
18278,0.000317039608489722,0.0012821030104532838
18279,0.00041368918027728796,0.0018686256371438503
18280,0.0005009272135794163,0.0026552146300673485
18281,0.0005497368983924389,0.003577511291950941
18282,0.00057794846361503,0.004475110676139593
18283,0.0005579952849075198,0.0050547802820801735
18284,0.000522659975104034,0.004967506974935532
18285,0.0004550310841295868,0.004100071731954813
18286,0.0003861406003125012,0.002582947025075555
18287,0.0003123270580545068,0.001070758095011115
18288,0.00025203695986419916,0.00018725270638242364
18289,0.00020502919505815953,0.0002221861795987934
18290,0.00017443473916500807,0.0009036783594638109
18291,0.00015753289335407317,0.0016301395371556282
18292,0.0001522367529105395,0.0018877256661653519
18293,0.00015588047972414643,0.001522375037893653
18294,0.0001658851106185466,0.0008228241931647062
18295,0.00018034011009149253,0.00024011032655835152
18296,0.00019744085147976875,7.442026981152594e-05
18297,0.00021754748013336211,0.00030866224551573396
18298,0.00023938472440931946,0.0006915146950632334
18299,0.00026675150729715824,0.0009516836144030094
18300,0.00029671835363842547,0.0009525162749923766
18301,0.0003361314011272043,0.0007288727792911232
18302,0.0003777400706894696,0.0004176982620265335
18303,0.000434330286225304,0.0001663458824623376
18304,0.000490955775603652,6.257317727431655e-05
18305,0.0005683558410964906,0.00011036488285753876
18306,0.0006380097474902868,0.00024992518592625856
18307,0.0007295261020772159,0.0003963098570238799
18308,0.0007961420924402773,0.00047817244194447994
18309,0.0008760452037677169,0.0004668454348575324
18310,0.0009063722682185471,0.0003743887646123767
18311,0.0009332069894298911,0.00024565885541960597
18312,0.0008938386454246938,0.00012964283814653754
18313,0.0008404352702200413,6.0624341131187975e-05
18314,0.0007329551153816283,4.7102617827476934e-05
18315,0.0006216036854311824,7.672188803553581e-05
18316,0.0004969553556293249,0.00012847851030528545
18317,0.0003929211525246501,0.0001819214376155287
18318,0.0003128513344563544,0.0002216729335486889
18319,0.00026640621945261955,0.00023845866962801665
18320,0.0002534860686864704,0.00023108265304472297
18321,0.0002707902458496392,0.00020396729814819992
18322,0.00031559064518660307,0.00016574784240219742
18323,0.0003870305372402072,0.00012545485515147448
18324,0.00048573478125035763,9.02639512787573e-05
18325,0.0006179889896884561,6.370365736074746e-05
18326,0.0007909073028713465,4.682118014898151e-05
18327,0.001015406334772706,3.895817280863412e-05
18328,0.0013043280923739076,3.874346293741837e-05
18329,0.0016665789298713207,4.448246909305453e-05
18330,0.0021050148643553257,5.423120455816388e-05
18331,0.0026089635211974382,6.595177546842024e-05
18332,0.003125375136733055,7.800262392265722e-05
18333,0.003593263914808631,8.969353802967817e-05
18334,0.003860216587781906,0.00010092324373545125
18335,0.0038434392772614956,0.00011222563625779003
18336,0.003419533371925354,0.00012386943853925914
18337,0.002682272344827652,0.00013668459723703563
18338,0.0017924740677699447,0.00015097174036782235
18339,0.0010328646749258041,0.00016798180877231061
18340,0.0006282809190452099,0.0001883672084659338
18341,0.0006592135760001838,0.00021414223010651767
18342,0.0010323307942599058,0.00024578592274338007
18343,0.0016263867728412151,0.0002860811073333025
18344,0.002056264551356435,0.0003350030747242272
18345,0.002275072271004319,0.00039605775964446366
18346,0.0020362739451229572,0.00046763871796429157
18347,0.0015246260445564985,0.000552413403056562
18348,0.0008833548054099083,0.0006445954786613584
18349,0.00038815796142444015,0.0007429657853208482
18350,0.0001767762441886589,0.0008346122922375798
18351,0.0002500812988728285,0.0009117952431552112
18352,0.0005021232645958662,0.0009565342916175723
18353,0.0008012955076992512,0.0009589113178662956
18354,0.0010540467919781804,0.0009082370670512319
18355,0.0011478817323222756,0.000806453637778759
18356,0.0011092217173427343,0.0006636312464252114
18357,0.0009178615873679519,0.0004993570037186146
18358,0.0007229096372611821,0.0003376340609975159
18359,0.0005456351209431887,0.00020019621297251433
18360,0.00046834407839924097,0.00010263850708724931
18361,0.0004794728592969477,5.072689236840233e-05
18362,0.0005497761303558946,4.131610330659896e-05
18363,0.0006390676717273891,6.473281973740086e-05
18364,0.0007002378115430474,0.0001085721596609801
18365,0.0007089019054546952,0.00016102660447359085
18366,0.0006588984979316592,0.00021322064276318997
18367,0.0005699722096323967,0.00026039130170829594
18368,0.000462649273686111,0.00030115561094135046
18369,0.0003639690112322569,0.00033691065618768334
18370,0.00029255280969664454,0.0003700903616845608
18371,0.0002616049023345113,0.0004026543174404651
18372,0.00027053250232711434,0.00043692358303815126
18373,0.0003100307076238096,0.0004727359628304839
18374,0.00037609858554787934,0.0005115792737342417
18375,0.000445572572061792,0.0005514105432666838
18376,0.0005254935240373015,0.0005925660952925682
18377,0.0005905563593842089,0.0006313070189207792
18378,0.0006667299312539399,0.0006656338227912784
18379,0.000717080314643681,0.0006903903558850288
18380,0.0007825018255971372,0.0007017075549811125
18381,0.000823125010356307,0.0006953948177397251
18382,0.0008913656347431242,0.0006687299464829266
18383,0.000935741642024368,0.0006220171344466507
18384,0.0009992215782403946,0.0005570019711740315
18385,0.0010407126974314451,0.00047942588571459055
18386,0.0010802893666550517,0.0003949474194087088
18387,0.0010874442523345351,0.0003112005942966789
18388,0.0010620781686156988,0.00023392603907268494
18389,0.0010004458017647266,0.0001680951245361939
18390,0.0008984834421426058,0.0001161208056146279
18391,0.0007783923065289855,7.857315358705819e-05
18392,0.0006406554020941257,5.43201167602092e-05
18393,0.0005059877876192331,4.128418368054554e-05
18394,0.00038176195812411606,3.707340874825604e-05
18395,0.00028344226302579045,3.944374475395307e-05
18396,0.00021289210417307913,4.666172753786668e-05
18397,0.00017138563271146268,5.76310558244586e-05
18398,0.00015639197954442352,7.201376865850762e-05
18399,0.0001646592718316242,9.021942969411612e-05
18400,0.00019105098908767104,0.00011352174624335021
18401,0.00023273866099771112,0.0001442499487893656
18402,0.0002876648213714361,0.0001859764161054045
18403,0.00035731412936002016,0.00024442648282274604
18404,0.0004464015946723521,0.0003272700996603817
18405,0.0005627976497635245,0.00044703020830638707
18406,0.0007173217600211501,0.0006185028469190001
18407,0.0009275380871258676,0.0008648132788948715
18408,0.001185902627184987,0.0012052633101120591
18409,0.0015191357815638185,0.0016622504917904735
18410,0.0018370745237916708,0.0022263287100940943
18411,0.002155476715415716,0.002853237558156252
18412,0.0022517929319292307,0.0034311022609472275
18413,0.002165194135159254,0.0037825836334377527
18414,0.0017489651218056679,0.0037605734542012215
18415,0.0012026765616610646,0.003237365745007992
18416,0.0006519931484945118,0.0023465354461222887
18417,0.00029986610752530396,0.001311392872594297
18418,0.00021857753745280206,0.00050445954548195
18419,0.00036530604120343924,0.00014888387522660196
18420,0.0006312273908406496,0.0002673573908396065
18421,0.0009122587507590652,0.0006711486494168639
18422,0.0011521544074639678,0.0010860225884243846
18423,0.0013001941842958331,0.0012940310407429934
18424,0.0013870197581127286,0.0012016702676191926
18425,0.0013553539756685495,0.0008800417417660356
18426,0.0012842371361330152,0.00047793358680792153
18427,0.0011037110816687346,0.00017369439592584968
18428,0.0009028505301102996,6.475832924479619e-05
18429,0.0006671578739769757,0.00015065795741975307
18430,0.00046748091699555516,0.00034634643816389143
18431,0.00031014889827929437,0.0005372820887714624
18432,0.0002259306493215263,0.0006415608222596347
18433,0.00021489693608600646,0.0006226453115232289
18434,0.00026148773031309247,0.0005148498457856476
18435,0.0003357830282766372,0.0003718600783031434
18436,0.000416028342442587,0.0002466864534653723
18437,0.00048151263035833836,0.00016299803974106908
18438,0.0005299128824844956,0.00011684039782267064
18439,0.0005584755563177168,9.555269207339734e-05
18440,0.0005682454211637378,8.901616092771292e-05
18441,0.0005665799835696816,9.811031486606225e-05
18442,0.0005542485159821808,0.00012485847400967032
18443,0.00054263009224087,0.00016806385247036815
18444,0.0005229479866102338,0.00021907995687797666
18445,0.000513115432113409,0.0002649865346029401
18446,0.0004974771873094141,0.00029632309451699257
18447,0.0004950948641635478,0.00030802248511463404
18448,0.0004922965308651328,0.0003038021386601031
18449,0.0005126941250637174,0.00028867332730442286
18450,0.0005385258700698614,0.00027019312256015837
18451,0.0005915255751460791,0.0002511281636543572
18452,0.0006665833643637598,0.00023202362353913486
18453,0.0007773408433422446,0.00021092192037031054
18454,0.0009154153522104025,0.00018625745724420995
18455,0.0010868302779272199,0.00015847406757529825
18456,0.001290844171307981,0.0001290291256736964
18457,0.0015283365501090884,0.00010142489918507636
18458,0.0017744279466569424,7.845964864827693e-05
18459,0.0020128197502344847,6.196521280799061e-05
18460,0.0022113616578280926,5.1891613111365587e-05
18461,0.00234117079526186,4.6760906116105616e-05
18462,0.0023311336990445852,4.441554847289808e-05
18463,0.0021616590674966574,4.290029755793512e-05
18464,0.0018322544638067484,4.116530908504501e-05
18465,0.0014166281325742602,3.9122645830502734e-05
18466,0.0009512455435469747,3.74434566765558e-05
18467,0.0005561225698329508,3.68825021723751e-05
18468,0.00028858467703685164,3.797237150138244e-05
18469,0.00017917065997608006,4.081998849869706e-05
18470,0.00020042757387273014,4.526128759607673e-05
18471,0.000318002188578248,5.126231553731486e-05
18472,0.0004778711881954223,5.938360845902935e-05
18473,0.0006423472659662366,7.122185343177989e-05
18474,0.0007731483783572912,8.95198027137667e-05
18475,0.000861499342136085,0.00011913874914171174
18476,0.0008989883353933692,0.00016694937949068844
18477,0.00088606181088835,0.00024521147133782506
18478,0.0008285004878416657,0.0003706103307195008
18479,0.0007447336101904511,0.0005736052989959717
18480,0.0006650674622505903,0.0008891511824913323
18481,0.0005773294251412153,0.0013756470289081335
18482,0.0005179329891689122,0.0020605484023690224
18483,0.0004818439483642578,0.0029547754675149918
18484,0.0004998503718525171,0.003914129454642534
18485,0.0005394094623625278,0.004678336903452873
18486,0.0006231282604858279,0.004918396007269621
18487,0.0007257588440552354,0.004368036054074764
18488,0.0008565766038373113,0.0031849597580730915
18489,0.0009874734096229076,0.0018101870082318783
18490,0.0011130153434351087,0.0008546712342649698
18491,0.0012041775044053793,0.0005328419501893222
18492,0.0012580088805407286,0.0007380489259958267
18493,0.0012517508585005999,0.0010833896230906248
18494,0.0011810327414423227,0.0013396249851211905
18495,0.001036047819070518,0.0013907774118706584
18496,0.0008583150338381529,0.0012171852868050337
18497,0.0006559756584465504,0.000927766552194953
18498,0.0004724973696283996,0.0005918849492445588
18499,0.0003230975125916302,0.00037962180795148015
18500,0.00023610805510543287,0.0003319869574625045
18501,0.00019525413517840207,0.0004458495823200792
18502,0.00020118977408856153,0.0006369937327690423
18503,0.00023349773255176842,0.0007510163704864681
18504,0.0002819397486746311,0.0006951834075152874
18505,0.00033458357211202383,0.000453470041975379
18506,0.00039012578781694174,0.00019879818137269467
18507,0.0004383521154522896,6.227253470569849e-05
18508,0.0004932682495564222,0.00010196375660598278
18509,0.0005593178211711347,0.0002465762081556022
18510,0.0006517563015222549,0.00035949103767052293
18511,0.0007838287856429815,0.0003685192787088454
18512,0.0009695978369563818,0.00028591835871338844
18513,0.0012354077771306038,0.00022424699272960424
18514,0.0015216255560517311,0.0002470065373927355
18515,0.001888828119263053,0.000328622292727232
18516,0.002127033192664385,0.00040427205385640264
18517,0.002282913774251938,0.0004128297441639006
18518,0.0021423515863716602,0.000370307476259768
18519,0.001848607324063778,0.0003158976323902607
18520,0.0014232478570193052,0.00029363500652834773
18521,0.0010506603866815567,0.00030701784999109805
18522,0.0008776559261605144,0.00032888719579204917
18523,0.0009245192050002515,0.00032880573417060077
18524,0.0011245026253163815,0.00028847987414337695
18525,0.0013591785682365298,0.00022110296413302422
18526,0.0014919813256710768,0.00014727006782777607
18527,0.0015263985842466354,9.159425826510414e-05
18528,0.0014448158908635378,6.413285154849291e-05
18529,0.0012962522450834513,6.062951433705166e-05
18530,0.0011188061907887459,6.809666228946298e-05
18531,0.0009351271437481046,7.3794144554995e-05
18532,0.000801208836492151,7.347110658884048e-05
18533,0.0007026675157248974,6.953987758606672e-05
18534,0.0006914390251040459,6.956058496143669e-05
18535,0.0007179579115472734,7.864080544095486e-05
18536,0.0007814843556843698,9.716377826407552e-05
18537,0.000868994218762964,0.00012137015437474474
18538,0.0009556376608088613,0.00014670821838080883
18539,0.0010132620809599757,0.00017206296615768224
18540,0.0010180140379816294,0.00019915935990866274
18541,0.0009550760732963681,0.00023477956710848957
18542,0.0008370518917217851,0.0002836575440596789
18543,0.0006854397943243384,0.0003524079220369458
18544,0.0005267189699225128,0.0004414474533405155
18545,0.00038466526893898845,0.0005546573083847761
18546,0.00028516724705696106,0.0006879883003421128
18547,0.0002348671550862491,0.0008422390674240887
18548,0.00023750234686303884,0.001002912176772952
18549,0.0002781968505587429,0.0011580927530303597
18550,0.0003487828653305769,0.0012738299556076527
18551,0.00042948214104399085,0.0013233632780611515
18552,0.0005136101972311735,0.0012759547680616379
18553,0.0005855404306203127,0.0011281621409580112
18554,0.0006469741929322481,0.0009009140776470304
18555,0.0006844105082564056,0.0006390445632860065
18556,0.0007105724071152508,0.00039585359627380967
18557,0.0007141978712752461,0.00021249853307381272
18558,0.0007308475906029344,0.00010918256884906441
18559,0.0007303802412934601,8.188019273802638e-05
18560,0.0007600613753311336,0.00011248297232668847
18561,0.0008027583826333284,0.00017612219380680472
18562,0.0009051219094544649,0.0002507698372937739
18563,0.0010234827641397715,0.0003204023523721844
18564,0.001180953229777515,0.00037509980029426515
18565,0.0013513474259525537,0.00040900835301727057
18566,0.0015395202208310366,0.0004188068851362914
18567,0.0016807864885777235,0.0004057734040543437
18568,0.001766407978720963,0.00037175940815359354
18569,0.0017596755642443895,0.0003262142126914114
18570,0.001680733752436936,0.00027665411471389234
18571,0.001476528006605804,0.00023311341647058725
18572,0.0012177934404462576,0.00020094725186936557
18573,0.000924368912819773,0.00018095019913744181
18574,0.0006893370300531387,0.00017038291844073683
18575,0.0004827400844078511,0.000164051481988281
18576,0.00037619718932546675,0.0001583895500516519
18577,0.0003405697934795171,0.00015148463717196137
18578,0.00037682897527702153,0.0001446036621928215
18579,0.00043608166743069887,0.0001400708279106766
18580,0.0005080413538962603,0.00014097370149102062
18581,0.0005494352662935853,0.000149034516653046
18582,0.000566905306186527,0.00016546677215956151
18583,0.000552779296413064,0.0001902805524878204
18584,0.0005177613347768784,0.00022423782502301037
18585,0.0004561640089377761,0.000268746807705611
18586,0.00039618322625756264,0.00032738421577960253
18587,0.00034053955459967256,0.00040525884833186865
18588,0.0003040495212189853,0.000510330602992326
18589,0.0002927260647993535,0.0006497180438600481
18590,0.0003078489098697901,0.0008332305587828159
18591,0.0003555571020115167,0.0010612898040562868
18592,0.00043612567242234945,0.0013319989666342735
18593,0.0005730995908379555,0.0016190463211387396
18594,0.0007427081000059843,0.0018829425098374486
18595,0.0009823612635955215,0.002062820829451084
18596,0.0012470062356442213,0.002096546348184347
18597,0.0016091675497591496,0.001955571351572871
18598,0.001890610670670867,0.0016444266075268388
18599,0.002147055696696043,0.0012384243309497833
18600,0.0021377422381192446,0.0008237864822149277
18601,0.0019996128976345062,0.0004956381162628531
18602,0.001579231466166675,0.00029605557210743427
18603,0.0010853655403479934,0.00023231458908412606
18604,0.000618821126408875,0.0002610578085295856
18605,0.0003821051795966923,0.00033907275064848363
18606,0.00035293225664645433,0.0004231043567415327
18607,0.0005194130353629589,0.00048790566506795585
18608,0.0007436127052642405,0.0005255079595372081
18609,0.0009770698379725218,0.0005342025542631745
18610,0.0011548269540071487,0.0005151610821485519
18611,0.0012631453573703766,0.0004622219130396843
18612,0.0013417310547083616,0.00038628457696177065
18613,0.0013247414026409388,0.0002844386035576463
18614,0.0012567180674523115,0.00018366670701652765
18615,0.0010844989446923137,9.75569273578003e-05
18616,0.0009727014694362879,4.798662121174857e-05
18617,0.0007632008055225015,4.028122202726081e-05
18618,0.0006320151733234525,6.617787585128099e-05
18619,0.0004666884778998792,0.00010752954403869808
18620,0.0004566888092085719,0.00014422769891098142
18621,0.00043248565634712577,0.00016796731506474316
18622,0.0005453572375699878,0.0001772961695678532
18623,0.0005942938150838017,0.00018775791977532208
18624,0.0007003659848123789,0.00021583258057944477
18625,0.0007304825121536851,0.00028030056273564696
18626,0.0007881181081756949,0.00039826385909691453
18627,0.0007354440167546272,0.0005800841026939452
18628,0.0007148096919991076,0.0008444125414825976
18629,0.0006521063041873276,0.0011861501261591911
18630,0.0006043598987162113,0.0016027394449338317
18631,0.0005488747847266495,0.0020229488145560026
18632,0.0005219088634476066,0.0023463903926312923
18633,0.0005102879367768764,0.0024539916776120663
18634,0.0005134264356456697,0.002273048274219036
18635,0.0005695264553651214,0.0018590025138109922
18636,0.0006235433393158019,0.0013582600513473153
18637,0.0007155282655730844,0.0009505304624326527
18638,0.0008352053700946271,0.0007118643261492252
18639,0.0010424301726743579,0.0006243730313144624
18640,0.0012424555607140064,0.000562652014195919
18641,0.0014900113455951214,0.0005042043048888445
18642,0.0017494100611656904,0.00042195984860882163
18643,0.0020783357322216034,0.0003857503761537373
18644,0.002314962213858962,0.0004197923408355564
18645,0.002480244729667902,0.0005050062900409102
18646,0.002471876796334982,0.0006000737193971872
18647,0.0024254259187728167,0.0006314105121418834
18648,0.0020426902920007706,0.0005833539180457592
18649,0.001594674657098949,0.00042645653593353927
18650,0.0010254558874294162,0.00024209711409639567
18651,0.0006699819932691753,9.58807795541361e-05
18652,0.00031354022212326527,4.86606040794868e-05
18653,0.00025730577181093395,9.454753308091313e-05
18654,0.000274395861197263,0.00018185109365731478
18655,0.0004892273573204875,0.0002514333464205265
18656,0.0006754680071026087,0.0002518724650144577
18657,0.0009181576897390187,0.0001987086288863793
18658,0.0011011466849595308,0.00012738975055981427
18659,0.0012392138596624136,9.569524263497442e-05
18660,0.0012355337385088205,0.00012388266623020172
18661,0.0011906309518963099,0.00019522433285601437
18662,0.001256868476048112,0.0002811012091115117
18663,0.0011355312308296561,0.0003568262909539044
18664,0.001077959663234651,0.00043345586163923144
18665,0.0008917123195715249,0.0005321614444255829
18666,0.000982486642897129,0.0006919657462276518
18667,0.0008152111549861729,0.0009265924454666674
18668,0.0008916057995520532,0.001237940276041627
18669,0.0007267363835126162,0.0015873846132308245
18670,0.0007762839086353779,0.0019231380429118872
18671,0.0006627247203141451,0.0021637005265802145
18672,0.0007080809446051717,0.0022372324019670486
18673,0.0006174432346597314,0.0020928855519741774
18674,0.0006249103462323546,0.0017290841788053513
18675,0.0006260955124162138,0.0012270710431039333
18676,0.0006676407065242529,0.0006993564311414957
18677,0.0008606690680608153,0.0002897813974414021
18678,0.0010581791866570711,8.32275691209361e-05
18679,0.0012971502728760242,9.554618736729026e-05
18680,0.0015130614629015326,0.00026620225980877876
18681,0.0020173226948827505,0.000494382984470576
18682,0.0022745688911527395,0.0006838241824880242
18683,0.0024453995283693075,0.0007688896730542183
18684,0.002164482604712248,0.0007374472916126251
18685,0.002106410451233387,0.0006070640520192683
18686,0.0015132975531741977,0.0004310324147809297
18687,0.0013162322575226426,0.0002611896488815546
18688,0.0005889214808121324,0.00013839882740285248
18689,0.0006146244122646749,7.628448656760156e-05
18690,0.0005178708233870566,6.709224544465542e-05
18691,0.0009808044414967299,9.167783719021827e-05
18692,0.0015925135230645537,0.0001290957152377814
18693,0.0023895367048680782,0.00016772717935964465
18694,0.002663110150024295,0.0002029511524597183
18695,0.002992679364979267,0.0002397158241365105
18696,0.0037794727832078934,0.0002824976108968258
18697,0.0042039016261696815,0.0003324389108456671
18698,0.004028465133160353,0.00038816669257357717
18699,0.002928743837401271,0.0004434538132045418
18700,0.0035240871366113424,0.0004937124904245138
18701,0.0033020181581377983,0.0005338965565897524
18702,0.003812174778431654,0.000562296889256686
18703,0.0034747798927128315,0.00057766935788095
18704,0.0032291600946336985,0.0005794934113509953
18705,0.005013839341700077,0.0005664877244271338
18706,0.004415389150381088,0.0005384072428569198
18707,0.006982259452342987,0.000495946267619729
18708,0.004242917522788048,0.0004411311529111117
18709,0.006226511672139168,0.0003779733378905803
18710,0.006175864487886429,0.0003103351918980479
18711,0.007887636311352253,0.00024381124239880592
18712,0.010077184066176414,0.00018166942754760385
18713,0.010948995128273964,0.0001285662583541125
18714,0.010179008357226849,8.644199988339096e-05
18715,0.010953715071082115,5.754838639404625e-05
18716,0.009816069155931473,4.185629586572759e-05
18717,0.012794017791748047,3.848176129395142e-05
18718,0.006856679916381836,4.52321874035988e-05
18719,0.008060818538069725,5.9249763580737635e-05
18720,0.008751378394663334,7.766818453092128e-05
18721,0.006085522472858429,9.809748735278845e-05
18722,0.013463694602251053,0.00012005961616523564
18723,0.006676201708614826,0.00014426377310883254
18724,0.005495802033692598,0.00017442699754610658
18725,0.0057192170061171055,0.00021579855820164084
18726,0.002888641320168972,0.00027632759883999825
18727,0.004096501041203737,0.00036702127545140684
18728,0.00356182549148798,0.000500556780025363
18729,0.0034487999510020018,0.000696251227054745
18730,0.0037309271283447742,0.0009693752508610487
18731,0.004185766912996769,0.0013393715489655733
18732,0.003413825761526823,0.0017962440615519881
18733,0.0036541176959872246,0.002304793568328023
18734,0.004407717380672693,0.0027694161981344223
18735,0.004060781095176935,0.0030519652646034956
18736,0.004096002783626318,0.0030351311434060335
18737,0.0033122869208455086,0.0026496925856918097
18738,0.0017000477528199553,0.0020052469335496426
18739,0.004013887606561184,0.001291719381697476
18740,0.002789489459246397,0.0007442078785970807
18741,0.002047348767518997,0.0004613234777934849
18742,0.0030883667059242725,0.00043408561032265425
18743,0.00107099418528378,0.0005241623148322105
18744,0.0010217749513685703,0.000641709310002625
18745,0.002268078736960888,0.0007158640655688941
18746,0.001082158531062305,0.0007343407487496734
18747,0.0013779555447399616,0.0007121048984117806
18748,0.0016343980096280575,0.000660363701172173
18749,0.0012138521997258067,0.000595149293076247
18750,0.0013182065449655056,0.00048357239575125277
18751,0.001042112591676414,0.00035514170303940773
18752,0.0007641984848305583,0.00022302402066998184
18753,0.00099064817186445,0.00015131098916754127
18754,0.0007224659202620387,0.00016573241737205535
18755,0.0007263390580192208,0.00025322928559035063
18756,0.0008273615385405719,0.0003664424875751138
18757,0.00048629549564793706,0.00044292863458395004
18758,0.0005314932786859572,0.0004588801530189812
18759,0.0005639393348246813,0.00040670661837793887
18760,0.00034526531817391515,0.00034050605609081686
18761,0.00043562293285503983,0.0003039322909899056
18762,0.0004690284840762615,0.0003207287809345871
18763,0.00035576746449805796,0.00038245439645834267
18764,0.0003940094611607492,0.00045246537774801254
18765,0.0003359774127602577,0.0005061774863861501
18766,0.0003070753300562501,0.0005202694446779788
18767,0.0003803978324867785,0.0005024290876463056
18768,0.0003026303893420845,0.0004653387004509568
18769,0.00028774046222679317,0.0004274628299754113
18770,0.00030616598087362945,0.0003992782440036535
18771,0.00024290214059874415,0.00038468409911729395
18772,0.0002837470965459943,0.00037901560426689684
18773,0.0002525145246181637,0.00037244614213705063
18774,0.00023013949976302683,0.0003580820339266211
18775,0.00026371044805273414,0.00032317976001650095
18776,0.00021812506020069122,0.0002733387518674135
18777,0.000233851169468835,0.00020693933765869588
18778,0.0002207975194323808,0.00014089932665228844
18779,0.0001978773798327893,8.46534239826724e-05
18780,0.00022862799232825637,4.989623266737908e-05
18781,0.00020354334264993668,3.909527003997937e-05
18782,0.00020418589701876044,4.759303556056693e-05
18783,0.00020694290287792683,6.562031921930611e-05
18784,0.000182235540705733,8.220552990678698e-05
18785,0.0001989401935134083,9.091393440030515e-05
18786,0.00019405363127589226,8.850242011249065e-05
18787,0.00018969920347444713,8.002357208169997e-05
18788,0.00019347349007148296,7.132472819648683e-05
18789,0.00017661950550973415,7.063976227072999e-05
18790,0.0001817059237509966,8.343950321432203e-05
18791,0.00018121517496183515,0.00011314928269712254
18792,0.0001769710797816515,0.00016297744878102094
18793,0.0001837239251472056,0.00023762663477100432
18794,0.00017423144890926778,0.00035079868393950164
18795,0.00017298327293246984,0.0005208716029301286
18796,0.0001733636891003698,0.0007851097616367042
18797,0.0001697090920060873,0.0011727787787094712
18798,0.00017389640561304986,0.0017257020808756351
18799,0.00017007780843414366,0.0024189038667827845
18800,0.0001687793992459774,0.003183461958542466
18801,0.00016881624469533563,0.003824534360319376
18802,0.00016545144899282604,0.004137853626161814
18803,0.0001673414371907711,0.003950620070099831
18804,0.0001656335371080786,0.0032481737434864044
18805,0.00016459230391774327,0.002280239714309573
18806,0.00016508557018823922,0.0013194808270782232
18807,0.00016317979316227138,0.0006961909239180386
18808,0.0001636106171645224,0.0004577303770929575
18809,0.00016252580098807812,0.0005874524358659983
18810,0.00016181261162273586,0.0009050518274307251
18811,0.0001617308589629829,0.0012142143677920103
18812,0.00016057587345130742,0.0013364627957344055
18813,0.00016093289013952017,0.0011713234707713127
18814,0.00016041913477238268,0.0008364211535081267
18815,0.0001599603274371475,0.00044852157589048147
18816,0.00015957464347593486,0.00019865311332978308
18817,0.0001586693397257477,0.00016947505355346948
18818,0.00015870219795033336,0.00034568156115710735
18819,0.00015820772387087345,0.0005927620804868639
18820,0.0001580703683430329,0.0007286390755325556
18821,0.000158002701937221,0.000691515626385808
18822,0.00015730902669019997,0.0005033889319747686
18823,0.0001571908942423761,0.00030399987008422613
18824,0.00015673392044845968,0.00018342012481298298
18825,0.0001564058184158057,0.00017094572831410915
18826,0.00015631012502126396,0.0002171518572140485
18827,0.0001559502852614969,0.00023425999097526073
18828,0.00015582753985654563,0.00019084091763943434
18829,0.000155482382979244,0.00010926525283139199
18830,0.0001552731409901753,5.89890951232519e-05
18831,0.00015506733325310051,6.702648533973843e-05
18832,0.0001547459396533668,0.00011602706945268437
18833,0.00015464724856428802,0.00017226263298653066
18834,0.00015431924839504063,0.00020436570048332214
18835,0.00015412908396683633,0.0002060079714283347
18836,0.00015397710376419127,0.00019262568093836308
18837,0.00015371237532235682,0.00019384638289920986
18838,0.00015361353871412575,0.00022524937230627984
18839,0.00015338142111431807,0.00028153418679721653
18840,0.00015319330850616097,0.0003454051329754293
18841,0.0001530302979517728,0.000403556419769302
18842,0.00015278818318620324,0.00044974248157814145
18843,0.00015265461115632206,0.00048495782539248466
18844,0.00015247034025378525,0.0005145521136000752
18845,0.00015231588622555137,0.0005433945916593075
18846,0.00015217596956063062,0.0005650922539643943
18847,0.00015199327026493847,0.0005712757119908929
18848,0.00015184900257736444,0.0005496639641933143
18849,0.00015168139361776412,0.0004977007629349828
18850,0.00015154166612774134,0.0004199825052637607
18851,0.00015138924936763942,0.00032612960785627365
18852,0.00015123604680411518,0.00023333214630838484
18853,0.00015110280946828425,0.00015531483222730458
18854,0.00015095451090019196,0.00010079284402308986
18855,0.00015082096797414124,7.033799920463935e-05
18856,0.00015068627544678748,5.9239780966890976e-05
18857,0.00015055351832415909,6.0912287153769284e-05
18858,0.00015043075836729258,6.978272722335532e-05
18859,0.0001502956001786515,8.182604506146163e-05
18860,0.0001501754450146109,9.639963536756113e-05
18861,0.00015004415763542056,0.00011482358968351036
18862,0.0001499228528700769,0.00013934665184933692
18863,0.00014980306150391698,0.00017141367425210774
18864,0.00014967977767810225,0.000212108192499727
18865,0.0001495688920840621,0.0002626512723509222
18866,0.0001494524476584047,0.00032696244306862354
18867,0.0001493406161898747,0.0004110618319828063
18868,0.00014923056005500257,0.000526715477462858
18869,0.00014911757898516953,0.0006847440963611007
18870,0.00014901156828273088,0.0009020641446113586
18871,0.0001489048299845308,0.0011785977985709906
18872,0.00014880156959407032,0.0015098672593012452
18873,0.00014869784354232252,0.0018458717968314886
18874,0.00014859501970931888,0.0021161821205168962
18875,0.00014849701256025583,0.0022220530081540346
18876,0.00014839792856946588,0.0020961256232112646
18877,0.00014830045984126627,0.0017426487756893039
18878,0.00014820363139733672,0.0012487616622820497
18879,0.00014810822904109955,0.0007653816137462854
18880,0.00014801390352658927,0.00041666836477816105
18881,0.00014792123693041503,0.0002595762489363551
18882,0.00014782958896830678,0.00026000384241342545
18883,0.00014773750444874167,0.0003524267813190818
18884,0.00014765106607228518,0.0004559445660561323
18885,0.00014756471500732005,0.000529587734490633
18886,0.00014747658860869706,0.00055883260210976
18887,0.00014739192556589842,0.0005509394104592502
18888,0.00014730700058862567,0.0005195647245272994
18889,0.00014722355990670621,0.0004694144008681178
18890,0.00014713979908265173,0.0004050662973895669
18891,0.00014705926878377795,0.000314480101224035
18892,0.00014698097947984934,0.0002186263882322237
18893,0.00014690004172734916,0.00012741431419271976
18894,0.00014682262553833425,7.068323611747473e-05
18895,0.00014674586418550462,6.077057696529664e-05
18896,0.0001466670073568821,9.65769067988731e-05
18897,0.0001465924142394215,0.0001607284793863073
18898,0.00014651863602921367,0.00022745611204300076
18899,0.00014644517796114087,0.00028147472767159343
18900,0.0001463739899918437,0.00031667877919971943
18901,0.00014630127407144755,0.00035241697332821786
18902,0.0001462303043808788,0.00041109626181423664
18903,0.00014615929103456438,0.0005162994493730366
18904,0.00014609377831220627,0.0006866682088002563
18905,0.00014602873125113547,0.0009150587720796466
18906,0.000145963960676454,0.0011910907924175262
18907,0.00014589985948987305,0.0014570826897397637
18908,0.00014584310702048242,0.0016482596984133124
18909,0.00014578874106518924,0.0016847702208906412
18910,0.00014573693624697626,0.0015308366855606437
18911,0.0001456973550375551,0.0012205324601382017
18912,0.00014566487516276538,0.000860245490912348
18913,0.0001456541067454964,0.0005699009052477777
18914,0.00014566797472070903,0.0004177572554908693
18915,0.0001457278849557042,0.0003938816371373832
18916,0.0001458557089790702,0.00041905901161953807
18917,0.0001460779458284378,0.0004392953123897314
18918,0.00014646998897660524,0.0004008039250038564
18919,0.00014712076517753303,0.00033191777765750885
18920,0.0001481944927945733,0.00026379129849374294
18921,0.00014993548393249512,0.0002325224777450785
18922,0.00015281248488463461,0.000250129378400743
18923,0.00015748667647130787,0.00030116780544631183
18924,0.00016526386025361717,0.00035698164720088243
18925,0.00017797527834773064,0.00037026897189207375
18926,0.00019943513325415552,0.0003365175216458738
18927,0.00023455933842342347,0.00024669847334735096
18928,0.00029481566161848605,0.00014769323752261698
18929,0.0003925850032828748,6.958439917070791e-05
18930,0.0005622958997264504,4.0477007132722065e-05
18931,0.000828602584078908,5.915780639043078e-05
18932,0.0012862329604104161,0.00010254138032905757
18933,0.0019405989442020655,0.00013999073416925967
18934,0.002977237105369568,0.00014530049520544708
18935,0.004145421087741852,0.00012163403152953833
18936,0.0054936278611421585,8.250924292951822e-05
18937,0.006050857249647379,5.25553768966347e-05
18938,0.005544781684875488,4.405894287629053e-05
18939,0.003563622245565057,5.704468640033156e-05
18940,0.001355386688373983,8.26235773274675e-05
18941,0.0003054655680898577,0.00010921366629190743
18942,0.0008374042809009552,0.00013165082782506943
18943,0.002134223934262991,0.00015085874474607408
18944,0.0030615944415330887,0.0001810298126656562
18945,0.0030155826825648546,0.00024007591127883643
18946,0.0020255770068615675,0.0003522432525642216
18947,0.00084223214071244,0.0005498570972122252
18948,0.0003126434166915715,0.0008663021144457161
18949,0.0006291874451562762,0.0013548457063734531
18950,0.0014284615172073245,0.0020235765259712934
18951,0.0021508564241230488,0.002861984074115753
18952,0.00257965549826622,0.0036885770969092846
18953,0.0023214761167764664,0.0042844717390835285
18954,0.0016859110910445452,0.004371135029941797
18955,0.0008663628832437098,0.003897393122315407
18956,0.00031905737705528736,0.003057137131690979
18957,0.00025116768665611744,0.00212543411180377
18958,0.0005620002630166709,0.001393330516293645
18959,0.0010001534828916192,0.0008373458404093981
18960,0.00122917746193707,0.0005968111217953265
18961,0.0011623383034020662,0.0006343696732074022
18962,0.0008365010726265609,0.000983800389803946
18963,0.0004667938337661326,0.0014040053356438875
18964,0.00022134470054879785,0.0014764773659408092
18965,0.00019273505313321948,0.001164159970358014
18966,0.0003645519900601357,0.000605673179961741
18967,0.0005791999865323305,0.0002140900760423392
18968,0.0007531167939305305,0.0001358614827040583
18969,0.0007838297751732171,0.00033832676126621664
18970,0.0006934853736311197,0.0006478633149527013
18971,0.0005171686643734574,0.000788762466982007
18972,0.00032795322476886213,0.000669231463689357
18973,0.00020137967658229172,0.0003915036504622549
18974,0.00015542810433544219,0.00023579131811857224
18975,0.00020487894653342664,0.0002579975698608905
18976,0.00029143402935005724,0.000335127639118582
18977,0.0003892077074851841,0.00035722143366001546
18978,0.00045981668517924845,0.0002888399176299572
18979,0.00047679501585662365,0.00017223373288288713
18980,0.0004425578808877617,7.954970351420343e-05
18981,0.00037073978455737233,8.960302511695772e-05
18982,0.00028722360730171204,0.000159657298354432
18983,0.00021139768068678677,0.00018209386325906962
18984,0.00016742918523959816,0.00014003689284436405
18985,0.0001515707845101133,8.341953798662871e-05
18986,0.00016012127161957324,5.609051004284993e-05
18987,0.00018969396478496492,5.682134724338539e-05
18988,0.00022036694281268865,7.821757753845304e-05
18989,0.00024745435803197324,0.00010639799438649788
18990,0.000264143047388643,0.00010919920896412805
18991,0.0002685574581846595,8.144192543113604e-05
18992,0.00026212239754386246,5.334162779035978e-05
18993,0.0002445305872242898,5.261538171907887e-05
18994,0.00022464041830971837,7.050365093164146e-05
18995,0.00020276664872653782,8.919931133277714e-05
18996,0.00018412439385429025,0.0001039343187585473
18997,0.0001671229983912781,0.00011417800124036148
18998,0.00015511520905420184,0.00012270963634364307
18999,0.0001484920794609934,0.00014016462955623865
19000,0.00014563322474714369,0.00018424316658638418
19001,0.00014716715668328106,0.00025926149100996554
19002,0.00014991569332778454,0.0003637569898273796
19003,0.0001547387073514983,0.0005034332862123847
19004,0.00016022076306398958,0.0006986516527831554
19005,0.00016611363389529288,0.0009621042991057038
19006,0.00017140081035904586,0.0013075026217848063
19007,0.00017599515558686107,0.0017002722015604377
19008,0.0001805645297281444,0.0020927356090396643
19009,0.0001847958192229271,0.002357838209718466
19010,0.00018896281835623085,0.002375897252932191
19011,0.00019283163419459015,0.002089777961373329
19012,0.00019641497055999935,0.0015621527563780546
19013,0.00020091272017452866,0.0009652625885792077
19014,0.00020515936193987727,0.0004837483284063637
19015,0.00021086640481371433,0.000225982308620587
19016,0.0002166679041692987,0.00019236875232309103
19017,0.0002251014520879835,0.00031455763382837176
19018,0.00023461508681066334,0.0004933640593662858
19019,0.00024816853692755103,0.0006572208949364722
19020,0.0002636068966239691,0.0007522022351622581
19021,0.00028480804758146405,0.0007518771453760564
19022,0.00030945721664465964,0.0006564120994880795
19023,0.00034372659865766764,0.00048728531692177057
19024,0.00038379544275812805,0.0002992969239130616
19025,0.00043890910455957055,0.00013827826478518546
19026,0.0005031316541135311,5.1457915105856955e-05
19027,0.0005908366292715073,5.215397686697543e-05
19028,0.0006898590945638716,0.0001177107697003521
19029,0.000819167704321444,0.00020423514069989324
19030,0.0009579574689269066,0.0002723040524870157
19031,0.0011290970724076033,0.0003179467166773975
19032,0.001305176643654704,0.0003538698947522789
19033,0.0015057383570820093,0.0004077772900927812
19034,0.001713232952170074,0.0004989782464690506
19035,0.0019302850123494864,0.0006236465997062624
19036,0.0021854895167052746,0.0007664585136808455
19037,0.0024528726935386658,0.0008859944064170122
19038,0.002836591098457575,0.0009623215300962329
19039,0.003283254336565733,0.0009683715179562569
19040,0.003886698978021741,0.000903338601347059
19041,0.004597620572894812,0.0007797025609761477
19042,0.005346967838704586,0.000625865999609232
19043,0.006083967164158821,0.000475342822028324
19044,0.006436580326408148,0.0003506038337945938
19045,0.006056253798305988,0.0002584925387054682
19046,0.004780007526278496,0.00019234238425269723
19047,0.0027421382255852222,0.0001500309444963932
19048,0.0012426397297531366,0.00012836148380301893
19049,0.0010299207642674446,0.00013092841254547238
19050,0.0018549554515630007,0.00015681851073168218
19051,0.0028577609919011593,0.0002016650978475809
19052,0.003239499870687723,0.00025372300297021866
19053,0.002750709652900696,0.00029712970717810094
19054,0.0016802578466013074,0.0003200524370186031
19055,0.0007902461802586913,0.00031315695377998054
19056,0.000557522289454937,0.0002859105879906565
19057,0.0009826556779444218,0.00024806405417621136
19058,0.0015914678806439042,0.00021806165750604123
19059,0.0018901212606579065,0.00020624905300792307
19060,0.0016920247580856085,0.000214844782021828
19061,0.0011716430308297276,0.00023805885575711727
19062,0.000683037331327796,0.00026651029475033283
19063,0.00047442311188206077,0.0002944866137113422
19064,0.0005799498176202178,0.0003205246466677636
19065,0.0008195124100893736,0.0003505228669382632
19066,0.0009691730956546962,0.0003898734867107123
19067,0.0009066247148439288,0.00044598800013773143
19068,0.0006749182939529419,0.000519061170052737
19069,0.0004341388994362205,0.0006084754131734371
19070,0.0003232624148949981,0.0007068263948895037
19071,0.0003816089010797441,0.0008077122620306909
19072,0.0005244927015155554,0.000900033104699105
19073,0.0006263144314289093,0.0009739798842929304
19074,0.0006190413841977715,0.0010171871399506927
19075,0.0004933996824547648,0.0010208861203864217
19076,0.00032007807749323547,0.0009782083798199892
19077,0.00018598808674141765,0.0008890877361409366
19078,0.00015217988402582705,0.000760789611376822
19079,0.00021152084809727967,0.0006067079375497997
19080,0.00030594802228733897,0.00044635444646701217
19081,0.00037433180841617286,0.00029832773725502193
19082,0.00038148375460878015,0.00017828612180892378
19083,0.0003362302668392658,9.490949014434591e-05
19084,0.0002668238303158432,4.954929681844078e-05
19085,0.00021236682368908077,3.787274181377143e-05
19086,0.00019465020159259439,5.2223491366021335e-05
19087,0.00021055463002994657,8.430529123870656e-05
19088,0.00023927800066303462,0.00012719767983071506
19089,0.0002562914742156863,0.0001763407199177891
19090,0.00025069230468943715,0.00022986659314483404
19091,0.00022477525635622442,0.00028823339380323887
19092,0.00019023532513529062,0.00035423465305939317
19093,0.00016115393373183906,0.0004318480205256492
19094,0.0001473043521400541,0.0005272289854474366
19095,0.00015001290012151003,0.0006444065948016942
19096,0.0001626340817892924,0.0007889700937084854
19097,0.00017573271179571748,0.0009570589172653854
19098,0.00018200317572336644,0.0011421601520851254
19099,0.00017921354447025806,0.0013202524278312922
19100,0.0001697512052487582,0.0014618835411965847
19101,0.00015855443780310452,0.0015286324778571725
19102,0.00015054336108732969,0.0014921360416337848
19103,0.00014817660849075764,0.0013463704381138086
19104,0.00015147033263929188,0.0011108570033684373
19105,0.00015814960352145135,0.0008352205622941256
19106,0.00016505815437994897,0.0005710579571314156
19107,0.0001697472616797313,0.0003650569706223905
19108,0.00017169982311315835,0.00023504637647420168
19109,0.0001715502148726955,0.00018130586249753833
19110,0.0001709248754195869,0.00018022445146925747
19111,0.0001718028070172295,0.0002123642188962549
19112,0.00017566877068020403,0.0002565696195233613
19113,0.00018383876886218786,0.00030285719549283385
19114,0.0001958600914804265,0.00034807634074240923
19115,0.00021283641399350017,0.0003910422383341938
19116,0.00023357741883955896,0.0004294475365895778
19117,0.00026162114227190614,0.0004584557027556002
19118,0.0002955372037831694,0.00047428335528820753
19119,0.00034369563218206167,0.00046996393939480186
19120,0.000402628822484985,0.00045004431740380824
19121,0.0004881143686361611,0.0004128011059947312
19122,0.0005897103692404926,0.0003701533132698387
19123,0.0007352422690019011,0.0003278249641880393
19124,0.000893780030310154,0.00029563932912424207
19125,0.00110600795596838,0.00027808937011286616
19126,0.0012958989245817065,0.0002754702582024038
19127,0.0015112997498363256,0.0002856854989659041
19128,0.0016132448799908161,0.0003033084503840655
19129,0.0016545678954571486,0.00032395729795098305
19130,0.0014987076865509152,0.00034358378616161644
19131,0.001244272687472403,0.00036059023113921285
19132,0.0008790632127784193,0.0003749101306311786
19133,0.0005381460068747401,0.0003878010029438883
19134,0.0002833805629052222,0.00040085273212753236
19135,0.00016548433632124215,0.00041599778342060745
19136,0.0001765937777236104,0.00043431849917396903
19137,0.00028013333212584257,0.00045725906966254115
19138,0.00043544097570702434,0.0004846142837777734
19139,0.0006027328781783581,0.0005171751836314797
19140,0.000777551787905395,0.0005540480487979949
19141,0.0009192810393869877,0.0005942716961726546
19142,0.0010644636349752545,0.0006372677162289619
19143,0.0011467552976682782,0.0006781352567486465
19144,0.0012243830133229494,0.0007177962688729167
19145,0.0012069290969520807,0.0007458371110260487
19146,0.0011573078809306026,0.0007668868638575077
19147,0.001003903103992343,0.0007672166684642434
19148,0.0008173355599865317,0.0007571153691969812
19149,0.0005905925063416362,0.0007271494250744581
19150,0.00039003623533062637,0.0006925137713551521
19151,0.00024117674911394715,0.0006540222675539553
19152,0.00016637642693240196,0.0006249991711229086
19153,0.00016205354768317193,0.0006103277555666864
19154,0.00021073073730804026,0.0006124021019786596
19155,0.00029114424251019955,0.0006281753303483129
19156,0.00038194493390619755,0.0006487516220659018
19157,0.0004776209534611553,0.000662593636661768
19158,0.0005601945449598134,0.0006590205593965948
19159,0.0006466059130616486,0.0006291595636866987
19160,0.0007110409205779433,0.0005722112255170941
19161,0.0007845129584893584,0.0004907161928713322
19162,0.0008259990718215704,0.0003960728645324707
19163,0.0008703987114131451,0.00029862980591133237
19164,0.0008657235302962363,0.00021147719235159457
19165,0.0008482245029881597,0.0001422811474185437
19166,0.00077371287625283,9.526563371764496e-05
19167,0.0006818894180469215,6.976811710046604e-05
19168,0.0005565132014453411,6.193284934852272e-05
19169,0.0004344964399933815,6.6216969571542e-05
19170,0.00032048430875875056,7.765599730191752e-05
19171,0.00023378845071420074,9.12718751351349e-05
19172,0.00017745528020896018,0.00010525702964514494
19173,0.00015156783047132194,0.00011782549700001255
19174,0.00015087806968949735,0.00013109075371176004
19175,0.00016902539937291294,0.0001472844451200217
19176,0.00020101736299693584,0.0001721752341836691
19177,0.000243093105382286,0.00021248304983600974
19178,0.0002970071800518781,0.0002790536964312196
19179,0.000360182486474514,0.00038497059722431004
19180,0.00044389249524101615,0.0005511681083589792
19181,0.0005404366529546678,0.0007997891516424716
19182,0.0006734115304425359,0.001163847977295518
19183,0.0008171708323061466,0.0016596249770373106
19184,0.0010091853328049183,0.0022940603084862232
19185,0.0011827698908746243,0.003000213298946619
19186,0.0013839652528986335,0.003660607850179076
19187,0.0014884420670568943,0.004073333460837603
19188,0.0015464038588106632,0.004048906732350588
19189,0.0014280661707744002,0.0035433126613497734
19190,0.001216948265209794,0.0026429102290421724
19191,0.000890598283149302,0.0017231132369488478
19192,0.0005701163318008184,0.0010257128160446882
19193,0.0003130851546302438,0.0007595815695822239
19194,0.00017688213847577572,0.0007587979780510068
19195,0.0001626985176699236,0.0009146066731773317
19196,0.00024157940060831606,0.0010525481775403023
19197,0.00037538917968049645,0.0010918108746409416
19198,0.0005266030202619731,0.0010240565752610564
19199,0.0006861705332994461,0.0008755119051784277
19200,0.0008192100212909281,0.0007383195916190743
19201,0.0009555239230394363,0.0005917837843298912
19202,0.001040587667375803,0.00048250757390633225
19203,0.0011274953139945865,0.0004116726922802627
19204,0.0011390813160687685,0.00041817044257186353
19205,0.001133187673985958,0.0004979006480425596
19206,0.001036042463965714,0.0005882211844436824
19207,0.0009074067929759622,0.000616325531154871
19208,0.0007208732422441244,0.0005361215444281697
19209,0.0005372342420741916,0.00038730393862351775
19210,0.00037570204585790634,0.00020973221398890018
19211,0.00027084798784926534,8.253668784163892e-05
19212,0.0002341435756534338,4.64674158138223e-05
19213,0.00026334397261962295,9.983060590457171e-05
19214,0.0003478243015706539,0.0001951587328221649
19215,0.00047635810915380716,0.00027112680254504085
19216,0.0006427773623727262,0.0003036059206351638
19217,0.0008420023368671536,0.000294529483653605
19218,0.0010894837323576212,0.0002797377237584442
19219,0.001373884966596961,0.00028728024335578084
19220,0.0017268648371100426,0.00033118174178525805
19221,0.002116634976118803,0.0004088908317498863
19222,0.0025576609186828136,0.0004961228696629405
19223,0.002998046576976776,0.0005680368631146848
19224,0.0033869720064103603,0.0006032072124071419
19225,0.0036765020340681076,0.0005936748930253088
19226,0.003764905035495758,0.0005431742174550891
19227,0.003641778603196144,0.00046291929902508855
19228,0.0032809884287416935,0.0003700682718772441
19229,0.002740126568824053,0.00028362046577967703
19230,0.0021973145194351673,0.000217216947930865
19231,0.0017667278880253434,0.00017606557230465114
19232,0.0016108531272038817,0.00015732465544715524
19233,0.0017275447025895119,0.00015093640831764787
19234,0.0018335619242861867,0.0001498999772593379
19235,0.001877661794424057,0.00014462086255662143
19236,0.0016654925420880318,0.00013567284622695297
19237,0.0013244068250060081,0.00012517443974502385
19238,0.0010050741257146,0.00012010103819193318
19239,0.0008130068890750408,0.00012585445074364543
19240,0.0007673599757254124,0.0001446118112653494
19241,0.0008072381024248898,0.0001744436303852126
19242,0.0008677087025716901,0.00021197281603235751
19243,0.0008948656031861901,0.0002536788524594158
19244,0.0009012763621285558,0.00029733905103057623
19245,0.0008284667273983359,0.000346474873367697
19246,0.0007265988970175385,0.0004081298829987645
19247,0.000598482321947813,0.0004938609781675041
19248,0.0004810831160284579,0.0006190796266309917
19249,0.00039485786692239344,0.0007913460722193122
19250,0.0003502616018522531,0.001019609160721302
19251,0.00035492682945914567,0.0012820061529055238
19252,0.0004055321332998574,0.0015464723110198975
19253,0.0004921368090435863,0.001739676226861775
19254,0.000579255516640842,0.0017907971050590277
19255,0.0006595365703105927,0.0016500601777806878
19256,0.0006752803456038237,0.0013339718570932746
19257,0.0006503607728518546,0.0009296259959228337
19258,0.0005655586719512939,0.0005611245287582278
19259,0.0004601539112627506,0.00032686558552086353
19260,0.0003417107800487429,0.0002526076859794557
19261,0.00024160882458090782,0.0003006422775797546
19262,0.0001749722141539678,0.000387794803828001
19263,0.00014683703193441033,0.00045988085912540555
19264,0.00015215424355119467,0.00047386952792294323
19265,0.00018102032481692731,0.0004386151267681271
19266,0.0002234967250842601,0.00037924834759905934
19267,0.00026882378733716905,0.00032564805587753654
19268,0.00031413050601258874,0.0002969729248434305
19269,0.00034958941978402436,0.0002927648602053523
19270,0.0003804704756475985,0.0003010299406014383
19271,0.00039831327740103006,0.00029485594131983817
19272,0.00041641443385742605,0.0002709065447561443
19273,0.0004230919003020972,0.00021562661277130246
19274,0.00043334337533451617,0.0001505838881712407
19275,0.00043435514089651406,8.727004751563072e-05
19276,0.00044118298683315516,4.699515557149425e-05
19277,0.0004379215242806822,3.7498524761758745e-05
19278,0.0004349288938101381,5.512942880159244e-05
19279,0.00042168304207734764,8.635396807221696e-05
19280,0.00040761695709079504,0.00011401643860153854
19281,0.00038562522968277335,0.00012940270244143903
19282,0.00036241556517779827,0.00012854821397922933
19283,0.0003352377098053694,0.00012164425424998626
19284,0.0003088344819843769,0.00011847980931634083
19285,0.000282572815194726,0.00013346647028811276
19286,0.00025886500952765346,0.00017896950885187835
19287,0.00023756123846396804,0.0002669702225830406
19288,0.0002197980647906661,0.00041431852150708437
19289,0.00020533044880721718,0.0006368706817738712
19290,0.00019451428670436144,0.0009645771933719516
19291,0.00018670703866519034,0.0014017460634931922
19292,0.0001821666519390419,0.0019432895351201296
19293,0.000180279923370108,0.002488168654963374
19294,0.0001814475399442017,0.002909895498305559
19295,0.00018523994367569685,0.0030334251932799816
19296,0.0001928996352944523,0.00283576431684196
19297,0.00020441459491848946,0.0024005435407161713
19298,0.00022257248929236084,0.0019257774110883474
19299,0.00024745173868723214,0.0015590093098580837
19300,0.00028502370696514845,0.0012414990924298763
19301,0.000335103424731642,0.0009835762903094292
19302,0.00041040597716346383,0.0006391828646883368
19303,0.0005067897727712989,0.00039970973739400506
19304,0.0006492164684459567,0.0003681240195874125
19305,0.0008186275372281671,0.0005690869875252247
19306,0.0010602617403492332,0.000849386618938297
19307,0.0013080933131277561,0.0009862841106951237
19308,0.0016208792803809047,0.0009501624736003578
19309,0.0018444075249135494,0.0006957362638786435
19310,0.0020375200547277927,0.0003804523730650544
19311,0.001985727110877633,0.00011993243242613971
19312,0.0017803051741793752,5.424759001471102e-05
19313,0.0013443289790302515,0.0001807517692213878
19314,0.0008670599199831486,0.00034097483148798347
19315,0.0004466622485779226,0.00039141729939728975
19316,0.00020689232042059302,0.0003014603862538934
19317,0.00016916755703277886,0.00019468706159386784
19318,0.00029102328699082136,0.00014364207163453102
19319,0.0005052052438259125,0.00017631304217502475
19320,0.0007403698400594294,0.00028264097636565566
19321,0.0009772060438990593,0.0004169663297943771
19322,0.001142648165114224,0.0005330813582986593
19323,0.0012842512223869562,0.0006045142072252929
19324,0.0013017089804634452,0.0007173570338636637
19325,0.0012834175722673535,0.0009062644676305354
19326,0.0011442609829828143,0.0011475109495222569
19327,0.0009794214274734259,0.0013746446929872036
19328,0.0007588367443531752,0.0015246474649757147
19329,0.0005588162457570434,0.001561220153234899
19330,0.0004006166709586978,0.0014515221118927002
19331,0.00031869043596088886,0.001171594369225204
19332,0.0003226228291168809,0.0007914479938335717
19333,0.00040596959297545254,0.00042784353718161583
19334,0.0005535386735573411,0.00017712946282699704
19335,0.000753318949136883,7.182471017586067e-05
19336,0.000993226421996951,9.852961375145242e-05
19337,0.0012683700770139694,0.00022476364392787218
19338,0.0015768894227221608,0.00039178982842713594
19339,0.0019130150321871042,0.0005290067638270557
19340,0.0022663844283670187,0.0005947086028754711
19341,0.0026124855503439903,0.00058041448937729
19342,0.0028963314834982157,0.000517285312525928
19343,0.0030850721523165703,0.0004277042462490499
19344,0.0030930209904909134,0.00033002832788042724
19345,0.0029105129651725292,0.0002447260485496372
19346,0.0025317412801086903,0.00018237823678646237
19347,0.0020364136435091496,0.0001382321206619963
19348,0.0015668331179767847,0.00010243499127682298
19349,0.0012346252333372831,7.165320857893676e-05
19350,0.0011481927940621972,5.215941200731322e-05
19351,0.0012981004547327757,4.790610182681121e-05
19352,0.001504144282080233,5.693213461199775e-05
19353,0.0017209508223459125,7.621399709023535e-05
19354,0.0016892114654183388,0.00010391724936198443
19355,0.0014692387776449323,0.00013860227772966027
19356,0.0011080560507252812,0.00017809830023907125
19357,0.0007579733501188457,0.00022142904344946146
19358,0.0005385209806263447,0.00027462237630970776
19359,0.0004785577184520662,0.00034455908462405205
19360,0.0005368233541958034,0.0004389742389321327
19361,0.0006534351850859821,0.0005612894892692566
19362,0.0007877906318753958,0.0007137411739677191
19363,0.0008659141603857279,0.0008935059304349124
19364,0.0009011934162117541,0.0010911632562056184
19365,0.0008300498593598604,0.0012790291802957654
19366,0.000717012444511056,0.0014271247200667858
19367,0.0005535060190595686,0.0014918104279786348
19368,0.0003980119654443115,0.0014497388619929552
19369,0.00027186528313905,0.0012924394104629755
19370,0.0001950772712007165,0.0010404621716588736
19371,0.00017024256521835923,0.0007452347781509161
19372,0.0001894123270176351,0.0004598358063958585
19373,0.00024085768382064998,0.00023843142844270915
19374,0.000308250542730093,0.00010782908066175878
19375,0.00038247916381806135,7.113687752280384e-05
19376,0.0004400330944918096,0.00010964708781102672
19377,0.0004883502842858434,0.00019625460845418274
19378,0.0005072643980383873,0.0003028574865311384
19379,0.0005156967672519386,0.00040703537524677813
19380,0.0004932020674459636,0.0004927973495796323
19381,0.0004632407217286527,0.000551259086932987
19382,0.0004174340283498168,0.0005796352634206414
19383,0.0003761072875931859,0.0005791127332486212
19384,0.0003311519685667008,0.0005567932967096567
19385,0.00029327874653972685,0.0005198657745495439
19386,0.0002615769626572728,0.00047532800817862153
19387,0.00023790900013409555,0.0004284026217646897
19388,0.000221124297240749,0.0003803806903306395
19389,0.00020949469762854278,0.0003317074733786285
19390,0.00020248477812856436,0.0002814238832797855
19391,0.0001970748562598601,0.00023056284408085048
19392,0.00019309035269543529,0.00018137070583179593
19393,0.00018927926430478692,0.00013673857029061764
19394,0.0001857173629105091,9.954001870937645e-05
19395,0.0001817958545871079,7.11277243681252e-05
19396,0.0001776522840373218,5.194766345084645e-05
19397,0.00017349440895486623,4.105592961423099e-05
19398,0.00016961622168309987,3.673624451039359e-05
19399,0.00016646085714455694,3.693170947371982e-05
19400,0.00016398847219534218,3.984495924669318e-05
19401,0.00016258303367067128,4.4314860133454204e-05
19402,0.00016237088129855692,4.9990747356787324e-05
19403,0.00016379327280446887,5.714498911402188e-05
19404,0.00016749482892919332,6.673824827885255e-05
19405,0.00017393157759215683,8.043434354476631e-05
19406,0.00018463579181116074,0.00010097014455823228
19407,0.0002007114380830899,0.00013209924509283155
19408,0.00022613412875216454,0.0001797456934582442
19409,0.0002628247602842748,0.00025205546990036964
19410,0.000319840619340539,0.0003625383251346648
19411,0.0003999338368885219,0.0005285005900077522
19412,0.000525066745467484,0.0007772190729156137
19413,0.0006938722217455506,0.001133374753408134
19414,0.0009512765682302415,0.0016255034133791924
19415,0.0012673432938754559,0.0022385111078619957
19416,0.0017155405366793275,0.0029147316236048937
19417,0.002158772898837924,0.0034922445192933083
19418,0.0026554628275334835,0.0037708852905780077
19419,0.002882915548980236,0.003570929169654846
19420,0.002880798652768135,0.0028773704543709755
19421,0.0023958231322467327,0.0019501512870192528
19422,0.00167980813421309,0.0011180855799466372
19423,0.0009375765803270042,0.0006712197791785002
19424,0.0004895227029919624,0.0005949103506281972
19425,0.0004665798041969538,0.0007546349661424756
19426,0.000802501745056361,0.0008938715327531099
19427,0.0013174000196158886,0.0009500308078713715
19428,0.001815053983591497,0.0009184073423966765
19429,0.0021660076454281807,0.0008375300676561892
19430,0.002200715010985732,0.0007502049556933343
19431,0.0019898642785847187,0.0006453957757912576
19432,0.0015275846235454082,0.000561176217161119
19433,0.0010539641370996833,0.00045137875713407993
19434,0.0006814681692048907,0.000360978243406862
19435,0.0005129633937031031,0.00032667312189005315
19436,0.0005517695099115372,0.00037927081575617194
19437,0.000759012415073812,0.0004904865054413676
19438,0.0010702464496716857,0.0005804074462503195
19439,0.0013971803709864616,0.0005927511374466121
19440,0.0016863613855093718,0.0004997053183615208
19441,0.001787284156307578,0.00035783895873464644
19442,0.0017220964655280113,0.00021039819694124162
19443,0.0014326502569019794,0.00011265442299190909
19444,0.00105801853351295,8.521600830135867e-05
19445,0.0007142322137951851,0.00011401822848711163
19446,0.0005200384766794741,0.00015815284859854728
19447,0.0005257162265479565,0.00017327861860394478
19448,0.0006943282787688076,0.0001542471582069993
19449,0.0009360570111311972,0.00011169588105985895
19450,0.0011525877052918077,7.467654359061271e-05
19451,0.001279335585422814,5.7785771787166595e-05
19452,0.001261242083273828,6.622807995881885e-05
19453,0.0011376588372513652,9.582284837961197e-05
19454,0.0009296851931139827,0.00013454147847369313
19455,0.0007240328704938293,0.00016963636153377593
19456,0.0005574070382863283,0.00019408286607358605
19457,0.00046267593279480934,0.0002137752017006278
19458,0.0004417611635290086,0.00023990253976080567
19459,0.00048422341933473945,0.0002855865459423512
19460,0.0005698062013834715,0.00035644383751787245
19461,0.0006834052037447691,0.0004593486082740128
19462,0.0008049050811678171,0.0005903536221012473
19463,0.0009006219916045666,0.0007463514339178801
19464,0.0009634218877181411,0.0009103439515456557
19465,0.0009449420031160116,0.0010670945048332214
19466,0.0008670938550494611,0.0011874748161062598
19467,0.0007141534588299692,0.0012495917035266757
19468,0.0005377669585868716,0.0012238867348060012
19469,0.0003685837727971375,0.0011106235906481743
19470,0.00024817881057970226,0.0009170589037239552
19471,0.0001947729615494609,0.0006840521236881614
19472,0.00020533663337118924,0.00045505992602556944
19473,0.00026213040109723806,0.0002691936388146132
19474,0.0003407978219911456,0.00015014104428701103
19475,0.00042533595114946365,9.849458001554012e-05
19476,0.0004931325674988329,0.00010490533895790577
19477,0.0005524257430806756,0.00015023375453893095
19478,0.0005798477213829756,0.00021719773940276355
19479,0.0006026322953402996,0.00029236197588033974
19480,0.0005941520212218165,0.00036697633913718164
19481,0.0005870457971468568,0.00043587959953583777
19482,0.0005555173847824335,0.00049597054021433
19483,0.0005262226331979036,0.0005438430816866457
19484,0.0004821636830456555,0.0005794695462100208
19485,0.0004427863168530166,0.0006036146660335362
19486,0.00040288351010531187,0.000618713500443846
19487,0.0003750776522792876,0.0006245017284527421
19488,0.0003613433800637722,0.000620329927187413
19489,0.00036673370050266385,0.0006026315386407077
19490,0.00039419950917363167,0.0005689454264938831
19491,0.0004444307123776525,0.0005170570802874863
19492,0.0005198951112106442,0.0004482853692024946
19493,0.0006226261612027884,0.0003672120510600507
19494,0.0007539370562881231,0.0002820568042807281
19495,0.0009219135390594602,0.0002023468114202842
19496,0.0011215538252145052,0.00013507858966477215
19497,0.0013657105155289173,8.504050492774695e-05
19498,0.0016299104318022728,5.29628960066475e-05
19499,0.0019224680727347732,3.7541980418609455e-05
19500,0.0021778936497867107,3.586810635169968e-05
19501,0.002387040061876178,4.4552078179549426e-05
19502,0.002448984421789646,6.0569913330255076e-05
19503,0.002361821010708809,8.203409379348159e-05
19504,0.0020758796017616987,0.00010868926619878039
19505,0.001658859895542264,0.0001417143503203988
19506,0.0011912491172552109,0.00018376692605670542
19507,0.000783235183916986,0.00023927765141706914
19508,0.0005284820217639208,0.0003138379252050072
19509,0.0004654430958908051,0.00041653396328911185
19510,0.0005671618855558336,0.0005558102275244892
19511,0.0007983727846294641,0.000743214157409966
19512,0.0010492564179003239,0.000982771161943674
19513,0.001276615192182362,0.0012726502027362585
19514,0.001373190782032907,0.0015872372314333916
19515,0.001346866018138826,0.00188053073361516
19516,0.0011585219763219357,0.002080197213217616
19517,0.0009038687567226589,0.0021194268483668566
19518,0.0006263862596824765,0.0019615329802036285
19519,0.00043146967072971165,0.0016336021944880486
19520,0.0003478710714261979,0.0012341198744252324
19521,0.0003760441322810948,0.0008773771114647388
19522,0.000470881350338459,0.0006604290101677179
19523,0.0005705698858946562,0.000588961411267519
19524,0.0006243468960747123,0.0006414117524400353
19525,0.0006124123465269804,0.0006957115838304162
19526,0.0005351220024749637,0.0007232055068016052
19527,0.00042337231570854783,0.0006632154108956456
19528,0.000305760680930689,0.0005460504908114672
19529,0.00021246047981549054,0.00041281068115495145
19530,0.00015824967704247683,0.00030688996776007116
19531,0.00014606544573325664,0.00025912976707331836
19532,0.00016770783986430615,0.0002673741546459496
19533,0.00020954740466549993,0.00030943885212764144
19534,0.00025718120741657913,0.0003424625319894403
19535,0.0002992436056956649,0.0003534404677338898
19536,0.0003284027334302664,0.00031328859040513635
19537,0.0003435131802689284,0.0002477859379723668
19538,0.000347594846971333,0.00016678174142725766
19539,0.0003497700090520084,0.00010781874152598903
19540,0.0003602126380428672,8.898817759472877e-05
19541,0.0003928000805899501,0.0001172274787677452
19542,0.0004657542740460485,0.00018122550682164729
19543,0.000590068637393415,0.00026047660503536463
19544,0.0008074911311268806,0.0003424634342081845
19545,0.0011040440294891596,0.0004220590926706791
19546,0.0015694816829636693,0.0005189534858800471
19547,0.002091288799419999,0.0006544736097566783
19548,0.002785233547911048,0.000856483296956867
19549,0.0033078347332775593,0.0011494329664856195
19550,0.003681543515995145,0.001517983735539019
19551,0.0034895322751253843,0.0019217936787754297
19552,0.002844621893018484,0.0022280963603407145
19553,0.0019261348061263561,0.002302569570019841
19554,0.0011527517344802618,0.002042719628661871
19555,0.0008257076842710376,0.0015171365812420845
19556,0.000923163432162255,0.0009143726783804595
19557,0.0012211923021823168,0.00048165323096327484
19558,0.0014863645192235708,0.0003343966673128307
19559,0.0016155907651409507,0.0004143973346799612
19560,0.0014749346300959587,0.0005866620922461152
19561,0.0012020486174151301,0.0006696953787468374
19562,0.0008288691169582307,0.0006348423194140196
19563,0.000560867483727634,0.0004896619939245284
19564,0.0004541619273368269,0.0003361160052008927
19565,0.0005077472887933254,0.0002449869643896818
19566,0.0006498941220343113,0.00024047530314419419
19567,0.0008055471116676927,0.0003048191429115832
19568,0.0009065932827070355,0.00038043942186050117
19569,0.0009139942703768611,0.0004354999109636992
19570,0.0008282997878268361,0.00041355984285473824
19571,0.0006646068650297821,0.0003332245396450162
19572,0.0004916117177344859,0.00022206497669685632
19573,0.0003426913754083216,0.00014195009134709835
19574,0.000260696659097448,0.00012163501378381625
19575,0.0002466986479703337,0.0001565198617754504
19576,0.0002866826835088432,0.00022381999588105828
19577,0.0003539836616255343,0.0002965221065096557
19578,0.00042080157436430454,0.00036127393832430243
19579,0.0004626801237463951,0.00039891916094347835
19580,0.00047268503112718463,0.000430925254477188
19581,0.0004466485697776079,0.000481445254990831
19582,0.0003979808243457228,0.0005886384751647711
19583,0.0003365970333106816,0.0007764680776745081
19584,0.0002778028720058501,0.0010384377092123032
19585,0.00022943911608308554,0.0013616756768897176
19586,0.0001962667884072289,0.0016599658410996199
19587,0.00018108537187799811,0.0018471288494765759
19588,0.00018230435671284795,0.0018103852635249496
19589,0.00019747193437069654,0.0015472258673980832
19590,0.00022238878591451794,0.0011504982830956578
19591,0.000253650126978755,0.0008052245248109102
19592,0.00028852085233666003,0.0006281803362071514
19593,0.00032522977562621236,0.0006044824840500951
19594,0.0003640144714154303,0.000649563386105001
19595,0.0004064506501890719,0.0006196415051817894
19596,0.00045584901818074286,0.0005115405656397343
19597,0.0005178301362320781,0.00032392513821832836
19598,0.00059697893448174,0.00017459104128647596
19599,0.0007069255225360394,0.00012576341396197677
19600,0.0008447070722468197,0.00018488854402676225
19601,0.0010392229305580258,0.000306458561681211
19602,0.0012554468121379614,0.00041518924990668893
19603,0.0015430746134370565,0.0004778222064487636
19604,0.0017931219190359116,0.00044115481432527304
19605,0.0020580484997481108,0.0003402337897568941
19606,0.0021478692069649696,0.000197663001017645
19607,0.0021157923620194197,9.127057273872197e-05
19608,0.0018265204271301627,6.180442142067477e-05
19609,0.0014082668349146843,0.00010393982665846124
19610,0.0009300565579906106,0.00017429859144613147
19611,0.000547858770005405,0.00023658960708416998
19612,0.00033374622580595315,0.00027992710238322616
19613,0.00029708637157455087,0.0003001125587616116
19614,0.00039362243842333555,0.00032161068520508707
19615,0.0005615859408862889,0.0003687091520987451
19616,0.0007576043717563152,0.0004787221841979772
19617,0.000905778375454247,0.0006588783580809832
19618,0.0010206594597548246,0.0009023055317811668
19619,0.0010153909679502249,0.0011960648698732257
19620,0.0009587192325852811,0.0015243890229612589
19621,0.0008033299236558378,0.0018612851854413748
19622,0.0006323804263956845,0.0021567721851170063
19623,0.00044858892215415835,0.002324220724403858
19624,0.0003033726243302226,0.0022931003477424383
19625,0.00020928109006490558,0.002028549090027809
19626,0.00017365324310958385,0.0015609055990353227
19627,0.00018770193855743855,0.0010125103872269392
19628,0.00023614631209056824,0.0005004402482882142
19629,0.0003035868576262146,0.000161606672918424
19630,0.0003763465501833707,5.2354196668602526e-05
19631,0.00045139799476601183,0.00015487850760109723
19632,0.0005172329256311059,0.0003798274847213179
19633,0.000584976514801383,0.0006113369599916041
19634,0.0006367726600728929,0.0007709040073677897
19635,0.0006916959537193179,0.0008115650271065533
19636,0.0007222496205940843,0.0007484942325390875
19637,0.000749118160456419,0.0006078068981878459
19638,0.0007408090750686824,0.00043867944623343647
19639,0.0007182059343904257,0.00028742305585183203
19640,0.0006606441456824541,0.00018182133499067277
19641,0.0005906130536459386,0.00012391705240588635
19642,0.0005079624243080616,0.00010082458902616054
19643,0.0004315522965043783,9.815537487156689e-05
19644,0.00037157005863264203,0.00010754061804618686
19645,0.0003348941681906581,0.00012799474643543363
19646,0.0003272365138400346,0.00015757736400701106
19647,0.00034791918005794287,0.000196495428099297
19648,0.0003971742116846144,0.00024361109535675496
19649,0.0004769815132021904,0.00029762720805592835
19650,0.0005889260210096836,0.00035434062010608613
19651,0.0007401749026030302,0.0004079322679899633
19652,0.0009406763128936291,0.00045488032628782094
19653,0.0011928451713174582,0.0004917352343909442
19654,0.001517385826446116,0.000517561798915267
19655,0.0018855168018490076,0.0005311765125952661
19656,0.0023118990939110518,0.0005282365600578487
19657,0.0026985432486981153,0.0005101754795759916
19658,0.003011746797710657,0.0004764805780723691
19659,0.0031056487932801247,0.00043223387910984457
19660,0.002931350376456976,0.0003814122756011784
19661,0.0024765804409980774,0.0003280960663687438
19662,0.0018457795958966017,0.0002748080005403608
19663,0.00122672354336828,0.0002240405883640051
19664,0.0007798754377290606,0.00017611819203011692
19665,0.0005938155809417367,0.00013366428902372718
19666,0.0006689553265459836,9.63699712883681e-05
19667,0.0009422140428796411,6.709204171784222e-05
19668,0.0012538759037852287,4.6665612899232656e-05
19669,0.0015501840971410275,3.663814641186036e-05
19670,0.0015832459321245551,3.661399387056008e-05
19671,0.0014404121320694685,4.4826014345744625e-05
19672,0.001064515789039433,5.859935117769055e-05
19673,0.0006571644335053861,7.515118340961635e-05
19674,0.0003268130822107196,9.33165501919575e-05
19675,0.00017064705025404692,0.00011317750613670796
19676,0.0001931984443217516,0.0001383874041493982
19677,0.00033977770362980664,0.00017469450540374964
19678,0.0005375460023060441,0.0002321517386008054
19679,0.0007072004373185337,0.0003253595205023885
19680,0.0008274823194369674,0.00047374318819493055
19681,0.0008404811378568411,0.0007064209785312414
19682,0.0007986593991518021,0.0010518452618271112
19683,0.0006766378646716475,0.0015401659766212106
19684,0.0005512522766366601,0.0021563172340393066
19685,0.00042429682798683643,0.0028246690053492785
19686,0.000335229211486876,0.003366125514730811
19687,0.00028516040765680373,0.00356494402512908
19688,0.0002742531360127032,0.0032542510889470577
19689,0.0002944867010228336,0.0025342400185763836
19690,0.00033308155252598226,0.001720489002764225
19691,0.0003777122765313834,0.0011120778508484364
19692,0.0004196132649667561,0.0008408133871853352
19693,0.00045033058268018067,0.0007664398290216923
19694,0.0004687868640758097,0.0007887103711254895
19695,0.00047256803372874856,0.0007170320022851229
19696,0.0004642125859390944,0.0006618939805775881
19697,0.00044599350076168776,0.0006989779067225754
19698,0.0004226816236041486,0.0008112136856652796
19699,0.00039674335857853293,0.0008971378556452692
19700,0.00037275507929734886,0.000796759850345552
19701,0.000352649949491024,0.0006027502240613103
19702,0.0003404142917133868,0.00035383066278882325
19703,0.0003399480483494699,0.00018906762124970555
19704,0.0003535431460477412,0.00016348734789062291
19705,0.0003877005656249821,0.000280731386737898
19706,0.00044463900849223137,0.00046246591955423355
19707,0.0005342885851860046,0.0005559244891628623
19708,0.0006617695325985551,0.0005168206989765167
19709,0.0008356093312613666,0.00037835087277926505
19710,0.0010648793540894985,0.0002902320120483637
19711,0.0013342651072889566,0.0003103345516137779
19712,0.0016461415216326714,0.00041177234379574656
19713,0.0019175413763150573,0.0005409711156971753
19714,0.0021274809259921312,0.0006548204692080617
19715,0.002137872390449047,0.0007313271635212004
19716,0.0019569029100239277,0.0007356521091423929
19717,0.0015651748981326818,0.0007152242469601333
19718,0.0010918558109551668,0.0006911190575920045
19719,0.0006815866800025105,0.0006731313187628984
19720,0.00044445862295106053,0.0006413392256945372
19721,0.00042090530041605234,0.0005787612171843648
19722,0.0005718212341889739,0.0005021740798838437
19723,0.0008247930090874434,0.0004145060374867171
19724,0.001084068208001554,0.0003182023938279599
19725,0.0013307449407875538,0.00020956277148798108
19726,0.0014403479872271419,0.00011585406900849193
19727,0.001489715650677681,6.813172512920573e-05
19728,0.0013485655654221773,7.882703357608989e-05
19729,0.0011548856273293495,0.00013150583254173398
19730,0.0008586202748119831,0.00019563439127523452
19731,0.0005868439329788089,0.0002480819821357727
19732,0.00035606889287009835,0.00027674835291691124
19733,0.0002165458136005327,0.0002866503782570362
19734,0.00017282820772379637,0.00027714212774299085
19735,0.00021138033480383456,0.0002660706522874534
19736,0.0003049134975299239,0.0002718176692724228
19737,0.00041985296411439776,0.00031240301905199885
19738,0.0005347700207494199,0.00038825778756290674
19739,0.0006201099022291601,0.00048297762987203896
19740,0.0006858899141661823,0.000587213784456253
19741,0.0007042011711746454,0.0006867133779451251
19742,0.0007088455022312701,0.0007796133286319673
19743,0.0006696594646200538,0.0008564386516809464
19744,0.0006242032977752388,0.0009076623246073723
19745,0.0005559932324104011,0.0009286371059715748
19746,0.000492112070787698,0.000917259487323463
19747,0.0004290859214961529,0.0008740313933230937
19748,0.00037934997817501426,0.0008023802656680346
19749,0.0003461899468675256,0.0007013846188783646
19750,0.0003324183344375342,0.0005734795122407377
19751,0.00033896128297783434,0.0004324331530369818
19752,0.0003644698881544173,0.0002899650135077536
19753,0.0004078592173755169,0.00016920981579460204
19754,0.00047057814663276076,8.311675628647208e-05
19755,0.0005507924361154437,4.369822272565216e-05
19756,0.0006559908506460488,4.9773276259656996e-05
19757,0.0007802436593919992,9.042416058946401e-05
19758,0.0009383194847032428,0.00014865811681374907
19759,0.0011129484046250582,0.00020622766169253737
19760,0.0013219579122960567,0.00025521000497974455
19761,0.0015213324222713709,0.0002917963429354131
19762,0.001723207184113562,0.0003294103080406785
19763,0.0018467777408659458,0.0003816228418145329
19764,0.0019012847915291786,0.0004668781184591353
19765,0.001801583101041615,0.0006001842557452619
19766,0.001594210509210825,0.0007857395685277879
19767,0.0012668181443586946,0.0010202457197010517
19768,0.0009221740183420479,0.0012789880856871605
19769,0.0006166155217215419,0.0015189555706456304
19770,0.0004219588008709252,0.0016795862466096878
19771,0.00036414468195289373,0.0017059175297617912
19772,0.0004378213780000806,0.0015737249050289392
19773,0.0006078039295971394,0.0013176875654608011
19774,0.0008630901575088501,0.0010129600996151567
19775,0.0011262025218456984,0.000732782413251698
19776,0.0014349783305078745,0.0005258701276034117
19777,0.0016417830483987927,0.0003863647871185094
19778,0.0018288070568814874,0.0003059956361539662
19779,0.0017917223740369081,0.00025366677436977625
19780,0.0016606689896434546,0.00023662197054363787
19781,0.0013417659793049097,0.0002544620365370065
19782,0.0010097669437527657,0.00031076185405254364
19783,0.000734001980163157,0.0003935525892302394
19784,0.0006007840274833143,0.00047771388199180365
19785,0.0006218253402039409,0.0005391354206949472
19786,0.0007346317870542407,0.0005467911250889301
19787,0.0008525480516254902,0.0005089215119369328
19788,0.00091794494073838,0.00042662082705646753
19789,0.0008884839480742812,0.00034205883275717497
19790,0.0007904521189630032,0.0002802833041641861
19791,0.0006462812889367342,0.0002596378908492625
19792,0.0004971296875737607,0.00027584965573623776
19793,0.0003720494860317558,0.0003105744835920632
19794,0.00028742445283569396,0.00034300031256861985
19795,0.00025712401838973165,0.00035765214124694467
19796,0.0002738020848482847,0.00035389262484386563
19797,0.0003290280292276293,0.000335693039232865
19798,0.0004103280371055007,0.000318230566335842
19799,0.0005046629812568426,0.00031102687353268266
19800,0.000606196466833353,0.0003193429147358984
19801,0.0007043255027383566,0.0003408774209674448
19802,0.0007992514874786139,0.0003694873012136668
19803,0.0008888258598744869,0.0003997480380348861
19804,0.0009837895631790161,0.00042406830471009016
19805,0.0010880143381655216,0.0004409329267218709
19806,0.0012140681501477957,0.00044551334576681256
19807,0.0013782314490526915,0.00044323704787530005
19808,0.001557440496981144,0.000437254726421088
19809,0.0017919722013175488,0.0004374735872261226
19810,0.001956108957529068,0.0004491300496738404
19811,0.0021060449071228504,0.0004766347410622984
19812,0.00203270697966218,0.0005197519203647971
19813,0.0018268661806359887,0.0005761014763265848
19814,0.001396602252498269,0.0006397590623237193
19815,0.0009245504625141621,0.000701588811352849
19816,0.0004917258629575372,0.0007530178991146386
19817,0.00022653565974906087,0.0007825297070667148
19818,0.0001541797973914072,0.0007871349807828665
19819,0.00024273474991787225,0.000763736548833549
19820,0.00043037006980739534,0.0007181686232797801
19821,0.0006460881559178233,0.0006572327110916376
19822,0.0008608900825493038,0.0005891996552236378
19823,0.0009964166674762964,0.0005214184056967497
19824,0.0010840165195986629,0.00045525620225816965
19825,0.0010521204676479101,0.0003932903637178242
19826,0.0009753354825079441,0.0003289892338216305
19827,0.0008175690309144557,0.0002660264726728201
19828,0.0006486956845037639,0.00019966057152487338
19829,0.00047625057050026953,0.0001393201673636213
19830,0.0003386384923942387,8.767747203819454e-05
19831,0.0002462516713421792,5.281299672788009e-05
19832,0.00020328484242781997,3.630518767749891e-05
19833,0.0002028229646384716,3.664601899799891e-05
19834,0.00023316785518545657,4.8657537263352424e-05
19835,0.0002825560513883829,6.546668009832501e-05
19836,0.00033945334143936634,8.128520130412653e-05
19837,0.0004023413057439029,9.107220103032887e-05
19838,0.00045724533265456557,9.564749780111015e-05
19839,0.0005160424043424428,9.709680307423696e-05
19840,0.0005559461424127221,0.00010318659769836813
19841,0.0005995920510031283,0.00012193890142953023
19842,0.0006138957687653601,0.00016419801977463067
19843,0.000624799751676619,0.0002441532851662487
19844,0.0005991767975501716,0.0003812707436736673
19845,0.0005654117558151484,0.0006084178457967937
19846,0.0005014328053221107,0.0009640112402848899
19847,0.0004350497620180249,0.001500045065768063
19848,0.00036001746775582433,0.002231132471933961
19849,0.0002962189319077879,0.0031070043332874775
19850,0.00024258249322883785,0.003930003382265568
19851,0.00020580083946697414,0.004416047129780054
19852,0.0001835390430642292,0.004239668138325214
19853,0.0001742647000355646,0.00351964239962399
19854,0.00017510444740764797,0.0026241024024784565
19855,0.00018399785039946437,0.0018859382253140211
19856,0.00019988413259852678,0.001459907740354538
19857,0.00022329407511278987,0.001162947854027152
19858,0.0002553014492150396,0.001003056182526052
19859,0.00029979366809129715,0.0007285865722224116
19860,0.00035970588214695454,0.0007201713742688298
19861,0.0004434958391357213,0.001073732622899115
19862,0.0005558307748287916,0.0013716343091800809
19863,0.0007107513956725597,0.0012795693473890424
19864,0.0009107276564463973,0.0007017712341621518
19865,0.0011722424533218145,0.0002672337577678263
19866,0.0014795542228966951,0.00019842636538669467
19867,0.0018327345605939627,0.0003561890625860542
19868,0.00216232449747622,0.0005578051786869764
19869,0.002429625019431114,0.0006662995438091457
19870,0.002507277298718691,0.0006305503193289042
19871,0.00238281162455678,0.00040787807665765285
19872,0.0020073135383427143,0.0002870224416255951
19873,0.0015374409267678857,0.0004455148591659963
19874,0.001091355225071311,0.0007183073321357369
19875,0.0008483621058985591,0.0008593900711275637
19876,0.0008868052391335368,0.0008880943641997874
19877,0.0012019098503515124,0.0009513458353467286
19878,0.0017014717450365424,0.0010644447756931186
19879,0.002343844622373581,0.0011928671738132834
19880,0.0028180344961583614,0.0012494882103055716
19881,0.003140199463814497,0.001169276423752308
19882,0.0029070728924125433,0.0009370647021569312
19883,0.002352770883589983,0.0005873904447071254
19884,0.001515961834229529,0.0002658595913089812
19885,0.0008181590819731355,8.923398854676634e-05
19886,0.0004430530243553221,8.40588691062294e-05
19887,0.00044489739229902625,0.00019705858721863478
19888,0.000688697793520987,0.0003554493887349963
19889,0.000977883581072092,0.000491975573822856
19890,0.0011798483319580555,0.000548008771147579
19891,0.0011658769799396396,0.0005117749096825719
19892,0.0010121046798303723,0.0004165744758211076
19893,0.0007381160976365209,0.0003145927330479026
19894,0.0004989919252693653,0.00023827172117307782
19895,0.00036750512663275003,0.0001889788982225582
19896,0.00036707299295812845,0.00014905243006069213
19897,0.0004615412908606231,0.00011273585550952703
19898,0.0005941663985140622,8.166278712451458e-05
19899,0.0007007161621004343,6.035610567778349e-05
19900,0.0007513465825468302,5.225821223575622e-05
19901,0.0007277728291228414,6.031254451954737e-05
19902,0.0006423291051760316,8.661396714160219e-05
19903,0.000515535066369921,0.0001234725641552359
19904,0.0003802750143222511,0.00015732743486296386
19905,0.0002643266343511641,0.00018337616347707808
19906,0.0001848414249252528,0.0002074011426884681
19907,0.00014790821296628565,0.00023965603031683713
19908,0.0001490320428274572,0.0002844667178578675
19909,0.00017774919979274273,0.00034175015753135085
19910,0.00022148090647533536,0.00041207968024536967
19911,0.00026763189816847444,0.0004944126703776419
19912,0.0003054042172152549,0.0005842596874572337
19913,0.0003309343592263758,0.0006777780945412815
19914,0.00034091382985934615,0.000764623167924583
19915,0.00033821328543126583,0.0008377564372494817
19916,0.0003230128204450011,0.0008814294124022126
19917,0.00030060566496104,0.000881590589415282
19918,0.0002726212842389941,0.0008299594046548009
19919,0.00024406786542385817,0.000724978104699403
19920,0.0002166822087019682,0.0005832896567881107
19921,0.00019291165517643094,0.0004267744079697877
19922,0.0001729718060232699,0.000281078479019925
19923,0.00015777800581417978,0.00016551854787394404
19924,0.00014737558376509696,8.971540228230879e-05
19925,0.00014142529107630253,5.381448136176914e-05
19926,0.00013897368626203388,5.113966471981257e-05
19927,0.0001391785335727036,7.253590592881665e-05
19928,0.0001414243597537279,0.00011051711771870032
19929,0.00014538531831931323,0.00015956278366502374
19930,0.00015076392446644604,0.0002166276826756075
19931,0.0001575065398355946,0.0002801826922222972
19932,0.000165624514920637,0.0003508279914967716
19933,0.00017594153177924454,0.00043069085222668946
19934,0.00018926328630186617,0.0005244811763986945
19935,0.00020817597396671772,0.0006365188746713102
19936,0.00023415862233377993,0.0007716672262176871
19937,0.00027404900174587965,0.0009242091327905655
19938,0.0003306001890450716,0.0010830360697582364
19939,0.0004225473094265908,0.001218393910676241
19940,0.000551514036487788,0.0012980317696928978
19941,0.0007650736952200532,0.0012880818685516715
19942,0.0010495346505194902,0.0011757458560168743
19943,0.001508584595285356,0.000976495211943984
19944,0.0020647686906158924,0.0007302506128326058
19945,0.0028617149218916893,0.000490664504468441
19946,0.0036878150422126055,0.0002988345513585955
19947,0.004549180157482624,0.0001764010958140716
19948,0.005218577571213245,0.00012093872646801174
19949,0.005457065533846617,0.0001194104552268982
19950,0.005440216511487961,0.00015224747767206281
19951,0.005108913406729698,0.0002062879502773285
19952,0.004747305065393448,0.0002727829560171813
19953,0.00435267761349678,0.0003460425650700927
19954,0.00375194288790226,0.0004204555007163435
19955,0.003181011416018009,0.0004893859149888158
19956,0.002844905713573098,0.000546187860891223
19957,0.002533739199861884,0.0005860227975063026
19958,0.002204625168815255,0.000610129558481276
19959,0.0017908163135871291,0.0006195936584845185
19960,0.0016851298278197646,0.0006183433579280972
19961,0.001720859669148922,0.0006079467129893601
19962,0.0018693091114982963,0.0005867541185580194
19963,0.0015846192836761475,0.000552960264030844
19964,0.001358735840767622,0.0005026840372011065
19965,0.0010738311102613807,0.00043674581684172153
19966,0.0011313346913084388,0.00035876757465302944
19967,0.001320592942647636,0.00027677504112944007
19968,0.001470085233449936,0.00020004370890092105
19969,0.0015143243363127112,0.00013575280900113285
19970,0.0011217051651328802,8.831443847157061e-05
19971,0.0007603657431900501,5.828211214975454e-05
19972,0.00039235284202732146,4.357883517513983e-05
19973,0.0004925623652525246,4.054732562508434e-05
19974,0.0006974359275773168,4.537475251709111e-05
19975,0.0010924572125077248,5.4963777074590325e-05
19976,0.0011647968785837293,6.783254502806813e-05
19977,0.001032347558066249,8.419369260082021e-05
19978,0.0007787494687363505,0.00010556602501310408
19979,0.00048209872329607606,0.00013461746857501566
19980,0.00027389120077714324,0.00017526578449178487
19981,0.00023902014072518796,0.00023247701756190509
19982,0.00030518992571160197,0.00031419561128132045
19983,0.0004326397320255637,0.0004294485552236438
19984,0.0004915132885798812,0.0005919215036556125
19985,0.0004633568460121751,0.0008135790121741593
19986,0.00037230696761980653,0.0011079158866778016
19987,0.0002659859601408243,0.0014707081718370318
19988,0.00022250841720961034,0.001882410142570734
19989,0.00021258558263070881,0.0022746336180716753
19990,0.0002593544777482748,0.002564969239756465
19991,0.0003016065456904471,0.0026438087224960327
19992,0.00032599110272713006,0.0024565563071519136
19993,0.000303646142128855,0.0020348539110273123
19994,0.0002543992013670504,0.0014733654679730535
19995,0.0001935572799993679,0.0009510377421975136
19996,0.00016490850248374045,0.0005732035497203469
19997,0.00014520964759867638,0.0004075335746165365
19998,0.0001633155916351825,0.00039411953184753656
19999,0.00017811398720368743,0.0004822247428819537
