epoch,standard_pinn_loss,curriculum_pinn_loss
0,4.130565166473389,0.5200058221817017
1,3.759262800216675,0.4731883108615875
2,3.4701054096221924,0.4400896430015564
3,3.2593162059783936,0.41894856095314026
4,3.1197404861450195,0.4072515666484833
5,3.0404438972473145,0.4021196961402893
6,3.0088212490081787,0.40095552802085876
7,3.012704610824585,0.40191465616226196
8,3.0395264625549316,0.40388956665992737
9,3.0746991634368896,0.4061979651451111
10,3.103640556335449,0.4082639813423157
11,3.1168389320373535,0.4095069169998169
12,3.112044334411621,0.4094889461994171
13,3.092423915863037,0.40810611844062805
14,3.063706159591675,0.4056011140346527
15,3.0320065021514893,0.4024309813976288
16,3.0025157928466797,0.39911213517189026
17,2.9788269996643066,0.39610233902931213
18,2.962723731994629,0.393727570772171
19,2.954315185546875,0.39214739203453064
20,2.9524242877960205,0.39135438203811646
21,2.9550936222076416,0.3912017047405243
22,2.960075616836548,0.39145636558532715
23,2.9652204513549805,0.39186257123947144
24,2.96875,0.39219942688941956
25,2.969440221786499,0.39231711626052856
26,2.9667131900787354,0.39214709401130676
27,2.960646867752075,0.391690731048584
28,2.951885223388672,0.3909974694252014
29,2.9414620399475098,0.3901420831680298
30,2.9305713176727295,0.3892056345939636
31,2.920319080352783,0.38826295733451843
32,2.9115192890167236,0.3873758614063263
33,2.9045636653900146,0.386589378118515
34,2.899397373199463,0.38593071699142456
35,2.895589828491211,0.38540855050086975
36,2.892481803894043,0.38501283526420593
37,2.8893511295318604,0.3847161531448364
38,2.8855717182159424,0.3844771385192871
39,2.880723237991333,0.38424795866012573
40,2.8746485710144043,0.38398316502571106
41,2.8674497604370117,0.38364970684051514
42,2.8594348430633545,0.3832339644432068
43,2.851020336151123,0.38274314999580383
44,2.842618465423584,0.38220179080963135
45,2.8345255851745605,0.3816429674625397
46,2.8268518447875977,0.38109850883483887
47,2.8195033073425293,0.3805913031101227
48,2.812225818634033,0.3801311254501343
49,2.80469012260437,0.37971511483192444
50,2.7965903282165527,0.3793313503265381
51,2.7877197265625,0.3789636790752411
52,2.7780070304870605,0.37859582901000977
53,2.7675089836120605,0.3782140016555786
54,2.7563679218292236,0.37780848145484924
55,2.7447547912597656,0.3773740828037262
56,2.7328131198883057,0.3769102394580841
57,2.7206149101257324,0.37642091512680054
58,2.708141803741455,0.3759136497974396
59,2.695291519165039,0.3753974735736847
60,2.6819100379943848,0.374880313873291
61,2.6678404808044434,0.37436652183532715
62,2.652970790863037,0.3738554120063782
63,2.637261152267456,0.3733416497707367
64,2.6207447052001953,0.3728173077106476
65,2.603496789932251,0.37227463722229004
66,2.58558988571167,0.371707946062088
67,2.5670526027679443,0.37111473083496094
68,2.547849178314209,0.3704950511455536
69,2.5278890132904053,0.3698503375053406
70,2.507056951522827,0.3691825568675995
71,2.485252857208252,0.3684929311275482
72,2.4624226093292236,0.36778220534324646
73,2.438568592071533,0.36705002188682556
74,2.4137351512908936,0.36629462242126465
75,2.387981653213501,0.36551299691200256
76,2.361351728439331,0.36470088362693787
77,2.333858013153076,0.3638538718223572
78,2.3054869174957275,0.3629681468009949
79,2.2762181758880615,0.3620413541793823
80,2.246051788330078,0.3610723912715912
81,2.215020179748535,0.3600611090660095
82,2.1831865310668945,0.35900720953941345
83,2.150623321533203,0.35790956020355225
84,2.117391347885132,0.35676634311676025
85,2.083528757095337,0.35557499527931213
86,2.049058437347412,0.3543327748775482
87,2.014007329940796,0.3530369997024536
88,1.9784303903579712,0.3516850471496582
89,1.942413091659546,0.3502750098705292
90,1.9060646295547485,0.34880536794662476
91,1.869497537612915,0.34727513790130615
92,1.832815170288086,0.3456836938858032
93,1.7961125373840332,0.3440299332141876
94,1.759482502937317,0.34231242537498474
95,1.723029375076294,0.34052902460098267
96,1.686867356300354,0.33867767453193665
97,1.6511143445968628,0.33675652742385864
98,1.6158826351165771,0.3347645103931427
99,1.5812768936157227,0.3327009677886963
100,1.547395944595337,0.3305654525756836
101,1.5143399238586426,0.32835787534713745
102,1.48220694065094,0.32607781887054443
103,1.451092004776001,0.3237249553203583
104,1.421083688735962,0.3212985098361969
105,1.3922650814056396,0.31879761815071106
106,1.3647124767303467,0.3162212371826172
107,1.3384933471679688,0.3135688006877899
108,1.3136613368988037,0.3108397424221039
109,1.290257215499878,0.30803364515304565
110,1.2683110237121582,0.3051498234272003
111,1.2478446960449219,0.30218741297721863
112,1.2288687229156494,0.29914531111717224
113,1.2113761901855469,0.2960224151611328
114,1.1953434944152832,0.2928178608417511
115,1.1807334423065186,0.28953099250793457
116,1.167500376701355,0.2861616611480713
117,1.1555900573730469,0.2827101945877075
118,1.1449346542358398,0.27917683124542236
119,1.1354551315307617,0.27556243538856506
120,1.127063274383545,0.27186810970306396
121,1.1196643114089966,0.26809582114219666
122,1.1131577491760254,0.2642481327056885
123,1.10744047164917,0.2603285312652588
124,1.1024092435836792,0.2563413679599762
125,1.0979629755020142,0.25229185819625854
126,1.094003438949585,0.24818627536296844
127,1.0904380083084106,0.24403183162212372
128,1.0871822834014893,0.23983705043792725
129,1.084162712097168,0.2356114238500595
130,1.0813143253326416,0.23136559128761292
131,1.0785815715789795,0.22711092233657837
132,1.0759185552597046,0.22285966575145721
133,1.0732903480529785,0.21862484514713287
134,1.070671558380127,0.21442009508609772
135,1.068045735359192,0.21025943756103516
136,1.0654041767120361,0.20615725219249725
137,1.062744140625,0.2021278589963913
138,1.0600683689117432,0.19818557798862457
139,1.0573821067810059,0.19434474408626556
140,1.054694414138794,0.19061926007270813
141,1.052015781402588,0.1870223730802536
142,1.04935622215271,0.1835664063692093
143,1.0467262268066406,0.18026266992092133
144,1.0441341400146484,0.1771211326122284
145,1.041588306427002,0.1741502732038498
146,1.0390945672988892,0.17135657370090485
147,1.0366568565368652,0.16874444484710693
148,1.034277319908142,0.1663159281015396
149,1.031956434249878,0.16407054662704468
150,1.0296920537948608,0.1620052456855774
151,1.0274821519851685,0.16011419892311096
152,1.0253223180770874,0.158389151096344
153,1.0232079029083252,0.15681952238082886
154,1.0211331844329834,0.15539290010929108
155,1.0190925598144531,0.15409529209136963
156,1.0170804262161255,0.15291176736354828
157,1.0150914192199707,0.15182699263095856
158,1.0131199359893799,0.15082567930221558
159,1.01116144657135,0.149893119931221
160,1.0092118978500366,0.1490156203508377
161,1.0072678327560425,0.14818084239959717
162,1.0053268671035767,0.14737805724143982
163,1.0033868551254272,0.14659836888313293
164,1.0014469623565674,0.1458347737789154
165,0.9995064735412598,0.14508222043514252
166,0.9975653886795044,0.14433756470680237
167,0.9956246018409729,0.14359933137893677
168,0.9936849474906921,0.1428675651550293
169,0.9917478561401367,0.14214357733726501
170,0.9898150563240051,0.1414295732975006
171,0.9878882169723511,0.14072826504707336
172,0.9859693050384521,0.14004260301589966
173,0.9840602874755859,0.13937541842460632
174,0.9821630716323853,0.13872912526130676
175,0.9802793860435486,0.13810555636882782
176,0.9784109592437744,0.13750582933425903
177,0.9765594005584717,0.13693031668663025
178,0.9747262001037598,0.1363787055015564
179,0.9729125499725342,0.1358499974012375
180,0.9711192846298218,0.13534283638000488
181,0.9693478941917419,0.13485541939735413
182,0.9675986766815186,0.13438592851161957
183,0.9658727645874023,0.13393236696720123
184,0.9641705751419067,0.13349291682243347
185,0.9624927639961243,0.1330658197402954
186,0.9608396291732788,0.13264957070350647
187,0.9592116475105286,0.132242813706398
188,0.9576091766357422,0.1318444162607193
189,0.9560324549674988,0.13145345449447632
190,0.9544816017150879,0.13106904923915863
191,0.9529569745063782,0.13069061934947968
192,0.9514586925506592,0.13031764328479767
193,0.9499866962432861,0.12994974851608276
194,0.9485410451889038,0.12958671152591705
195,0.9471215605735779,0.12922832369804382
196,0.9457281231880188,0.12887457013130188
197,0.9443604946136475,0.12852539122104645
198,0.9430183172225952,0.12818080186843872
199,0.9417011737823486,0.1278408020734787
200,0.9404083490371704,0.127505362033844
201,0.9391392469406128,0.12717436254024506
202,0.9378933310508728,0.12684765458106995
203,0.9366695880889893,0.12652501463890076
204,0.9354672431945801,0.12620612978935242
205,0.9342851042747498,0.1258906126022339
206,0.9331227540969849,0.1255781650543213
207,0.9319785833358765,0.12526831030845642
208,0.9308516979217529,0.12496066093444824
209,0.929741382598877,0.1246548742055893
210,0.9286459684371948,0.1243506371974945
211,0.9275648593902588,0.12404763698577881
212,0.9264970421791077,0.12374567985534668
213,0.9254412055015564,0.12344449013471603
214,0.9243967533111572,0.12314395606517792
215,0.9233624935150146,0.122843898832798
216,0.9223376512527466,0.12254422903060913
217,0.9213215112686157,0.12224477529525757
218,0.9203131794929504,0.12194546312093735
219,0.919312059879303,0.12164618074893951
220,0.918317437171936,0.12134677171707153
221,0.9173285961151123,0.12104710936546326
222,0.9163452982902527,0.12074713408946991
223,0.9153666496276855,0.12044663727283478
224,0.9143924713134766,0.12014550715684891
225,0.9134222269058228,0.11984355747699738
226,0.912455677986145,0.11954069137573242
227,0.9114923477172852,0.11923668533563614
228,0.9105320572853088,0.1189313530921936
229,0.9095745086669922,0.11862456798553467
230,0.9086195826530457,0.11831609904766083
231,0.9076670408248901,0.11800579726696014
232,0.906716525554657,0.11769348382949829
233,0.9057681560516357,0.11737898737192154
234,0.9048216938972473,0.11706215143203735
235,0.9038770198822021,0.1167428120970726
236,0.9029341340065002,0.11642080545425415
237,0.901992917060852,0.11609603464603424
238,0.901053249835968,0.11576831340789795
239,0.9001150131225586,0.11543752998113632
240,0.8991782665252686,0.11510352790355682
241,0.8982430696487427,0.1147661954164505
242,0.8973090052604675,0.11442536115646362
243,0.8963763117790222,0.11408090591430664
244,0.8954448699951172,0.11373269557952881
245,0.8945144414901733,0.11338058114051819
246,0.893585205078125,0.11302441358566284
247,0.8926569223403931,0.11266407370567322
248,0.8917295932769775,0.11229941248893738
249,0.8908029198646545,0.11193028837442398
250,0.889877200126648,0.11155658960342407
251,0.8889520764350891,0.11117817461490631
252,0.888027548789978,0.11079493165016174
253,0.8871034979820251,0.11040672659873962
254,0.8861799240112305,0.11001342535018921
255,0.8852567076683044,0.10961496829986572
256,0.8843334913253784,0.10921118408441544
257,0.8834105730056763,0.10880205035209656
258,0.8824875354766846,0.10838742554187775
259,0.8815645575523376,0.10796718299388885
260,0.8806414008140564,0.10754130780696869
261,0.8797179460525513,0.10710971057415009
262,0.8787941932678223,0.10667227953672409
263,0.8778699636459351,0.10622899979352951
264,0.8769451975822449,0.10577979683876038
265,0.8760198950767517,0.10532460361719131
266,0.8750936985015869,0.10486342012882233
267,0.8741668462753296,0.10439623892307281
268,0.8732390403747559,0.10392303764820099
269,0.8723102807998657,0.10344378650188446
270,0.8713805675506592,0.1029585525393486
271,0.8704496026039124,0.1024673581123352
272,0.8695173859596252,0.10197024047374725
273,0.8685838580131531,0.10146727412939072
274,0.8676489591598511,0.10095855593681335
275,0.8667125701904297,0.10044416040182114
276,0.8657746315002441,0.09992419183254242
277,0.8648350834846497,0.09939882904291153
278,0.8638938069343567,0.09886816143989563
279,0.8629505634307861,0.09833241999149323
280,0.8620055913925171,0.09779173135757446
281,0.8610585927963257,0.09724628925323486
282,0.8601094484329224,0.09669634699821472
283,0.8591582775115967,0.09614210575819016
284,0.8582047820091248,0.09558382630348206
285,0.8572489023208618,0.09502172470092773
286,0.8562908172607422,0.09445609152317047
287,0.855330228805542,0.09388722479343414
288,0.8543669581413269,0.09331537783145905
289,0.8534009456634521,0.09274084866046906
290,0.8524323105812073,0.09216402471065521
291,0.8514609336853027,0.09158538281917572
292,0.8504864573478699,0.09100653976202011
293,0.8495091199874878,0.09043494611978531
294,0.8485285043716431,0.08991238474845886
295,0.8475448489189148,0.08961783349514008
296,0.8465579748153687,0.08985965698957443
297,0.8455677032470703,0.09000305086374283
298,0.8445739150047302,0.08944185078144073
299,0.8435766696929932,0.08807957172393799
300,0.8425758481025696,0.0870198905467987
301,0.8415713310241699,0.08735649287700653
302,0.8405629396438599,0.08624856173992157
303,0.8395507335662842,0.08533135056495667
304,0.8385345935821533,0.08564955741167068
305,0.8375144004821777,0.0842319130897522
306,0.8364902138710022,0.08408915251493454
307,0.8354617357254028,0.08372830599546432
308,0.8344290256500244,0.08261330425739288
309,0.8333919048309326,0.08278334140777588
310,0.8323503732681274,0.08177744597196579
311,0.8313042521476746,0.08141639828681946
312,0.830253541469574,0.08112681657075882
313,0.8291982412338257,0.08021935075521469
314,0.8281381726264954,0.08016985654830933
315,0.8270732164382935,0.07941468060016632
316,0.82600337266922,0.0789826363325119
317,0.8249285817146301,0.07868689298629761
318,0.8238487243652344,0.07795035094022751
319,0.8227638006210327,0.07774533331394196
320,0.8216736316680908,0.07716861367225647
321,0.8205782175064087,0.07669524848461151
322,0.8194774985313416,0.07640190422534943
323,0.8183714151382446,0.07578984647989273
324,0.8172598481178284,0.07548320293426514
325,0.8161427974700928,0.07504411041736603
326,0.8150200843811035,0.07454632222652435
327,0.8138918876647949,0.07425139844417572
328,0.8127580285072327,0.07375535368919373
329,0.8116183876991272,0.07336951047182083
330,0.8104730248451233,0.07302685081958771
331,0.8093218207359314,0.07255367934703827
332,0.8081647157669067,0.07222171127796173
333,0.8070018291473389,0.07184220105409622
334,0.8058329224586487,0.07142017781734467
335,0.804658055305481,0.07110363245010376
336,0.8034771680831909,0.07071748375892639
337,0.8022903203964233,0.07033876329660416
338,0.8010973930358887,0.07002440840005875
339,0.7998984456062317,0.06965090334415436
340,0.7986933588981628,0.0693027675151825
341,0.7974821329116821,0.06899688392877579
342,0.7962648868560791,0.06865386664867401
343,0.795041561126709,0.06835739314556122
344,0.7938120365142822,0.06814718246459961
345,0.7925765514373779,0.0680679976940155
346,0.791334867477417,0.06832301616668701
347,0.7900870442390442,0.06870301812887192
348,0.7888331413269043,0.06797507405281067
349,0.7875733375549316,0.06662067025899887
350,0.7863073945045471,0.06654226034879684
351,0.7850354909896851,0.06690505892038345
352,0.7837576866149902,0.06617968529462814
353,0.7824738025665283,0.06547811627388
354,0.781184196472168,0.06566458940505981
355,0.7798886299133301,0.06546171754598618
356,0.7785874009132385,0.06476116180419922
357,0.777280330657959,0.06462462246417999
358,0.7759677171707153,0.0646199882030487
359,0.7746493816375732,0.0641213059425354
360,0.7733256816864014,0.0637613907456398
361,0.7719963788986206,0.06374986469745636
362,0.7706617116928101,0.06348052620887756
363,0.7693217992782593,0.06303838640451431
364,0.7679765224456787,0.06290286779403687
365,0.766626238822937,0.062799833714962
366,0.7652708888053894,0.06241802126169205
367,0.7639106512069702,0.062130216509103775
368,0.7625454664230347,0.06206255033612251
369,0.7611755132675171,0.06183303892612457
370,0.759800910949707,0.061475835740566254
371,0.7584218978881836,0.06130819395184517
372,0.7570383548736572,0.06119382753968239
373,0.755650520324707,0.06091387942433357
374,0.7542584538459778,0.06063660606741905
375,0.752862274646759,0.060488730669021606
376,0.7514621615409851,0.0603211373090744
377,0.7500581741333008,0.06007172167301178
378,0.7486504316329956,0.0598415844142437
379,0.7472389936447144,0.05965843051671982
380,0.7458240985870361,0.05947401002049446
381,0.7444058656692505,0.05927472561597824
382,0.7429841756820679,0.05906318500638008
383,0.7415594458580017,0.0588453933596611
384,0.7401316165924072,0.05865005403757095
385,0.7387008666992188,0.058479174971580505
386,0.7372673153877258,0.05829066410660744
387,0.735831081867218,0.05807161331176758
388,0.7343921661376953,0.057858824729919434
389,0.7329508066177368,0.05767328664660454
390,0.7315071225166321,0.05749410390853882
391,0.7300611734390259,0.057303182780742645
392,0.728613018989563,0.05710610747337341
393,0.7271627187728882,0.056907810270786285
394,0.7257106304168701,0.05670641362667084
395,0.7242565155029297,0.05650676041841507
396,0.7228007316589355,0.05631662905216217
397,0.7213433384895325,0.056133076548576355
398,0.7198843359947205,0.055946387350559235
399,0.7184238433837891,0.055754028260707855
400,0.7169619798660278,0.05556074157357216
401,0.7154988050460815,0.05536816269159317
402,0.7140344977378845,0.05517347902059555
403,0.712568998336792,0.05497632175683975
404,0.7111025452613831,0.05477983504533768
405,0.7096351981163025,0.05458582937717438
406,0.7081670165061951,0.05439266189932823
407,0.7066980600357056,0.054198481142520905
408,0.7052284479141235,0.05400428920984268
409,0.7037583589553833,0.05381189286708832
410,0.7022876739501953,0.05362190678715706
411,0.7008167505264282,0.05343450978398323
412,0.699345588684082,0.05325237289071083
413,0.6978743672370911,0.053083308041095734
414,0.6964030265808105,0.05294261872768402
415,0.6949318051338196,0.05286136269569397
416,0.6934607028961182,0.05289324373006821
417,0.6919901371002197,0.05311264842748642
418,0.6905199289321899,0.05346166342496872
419,0.6890504360198975,0.05356863886117935
420,0.6875816583633423,0.05281345546245575
421,0.686113715171814,0.051721684634685516
422,0.6846469640731812,0.05142461135983467
423,0.6831814050674438,0.05184917524456978
424,0.6817172169685364,0.05187036097049713
425,0.6802545785903931,0.051127661019563675
426,0.6787937879562378,0.05064218118786812
427,0.6773349642753601,0.05082816630601883
428,0.6758782863616943,0.05084819346666336
429,0.67442387342453,0.05032360553741455
430,0.6729720830917358,0.04993852227926254
431,0.6715231537818909,0.050012119114398956
432,0.6700770854949951,0.04995540529489517
433,0.6686343550682068,0.049525462090969086
434,0.6671949625015259,0.049237221479415894
435,0.6657593846321106,0.04924770072102547
436,0.6643275618553162,0.049126531928777695
437,0.6628998517990112,0.048771604895591736
438,0.661476731300354,0.04853370040655136
439,0.6600580215454102,0.04848884418606758
440,0.6586443185806274,0.048349592834711075
441,0.6572355628013611,0.04805227369070053
442,0.6558321714401245,0.047831300646066666
443,0.6544342041015625,0.047740690410137177
444,0.6530421376228333,0.047597791999578476
445,0.6516560316085815,0.04734821245074272
446,0.6502760648727417,0.047130659222602844
447,0.6489025354385376,0.047004081308841705
448,0.6475356817245483,0.04686532914638519
449,0.6461756229400635,0.04665187746286392
450,0.6448225378990173,0.04643482342362404
451,0.643476665019989,0.04627768695354462
452,0.6421382427215576,0.046139173209667206
453,0.6408073902130127,0.045958369970321655
454,0.6394840478897095,0.04574992507696152
455,0.6381688117980957,0.04556627571582794
456,0.6368615627288818,0.04541420936584473
457,0.6355624198913574,0.045255765318870544
458,0.6342716813087463,0.04506989195942879
459,0.632989227771759,0.04487704113125801
460,0.6317153573036194,0.04470250755548477
461,0.6304501295089722,0.04454329237341881
462,0.6291936635971069,0.044378504157066345
463,0.627946138381958,0.044198594987392426
464,0.6267073750495911,0.044014476239681244
465,0.6254777312278748,0.04383959248661995
466,0.6242572069168091,0.04367465525865555
467,0.6230457425117493,0.04350985959172249
468,0.6218435764312744,0.043337393552064896
469,0.6206506490707397,0.043159373104572296
470,0.61946702003479,0.04298277199268341
471,0.6182928085327148,0.042812202125787735
472,0.6171280145645142,0.042646005749702454
473,0.615972638130188,0.042479220777750015
474,0.6148267388343811,0.0423089899122715
475,0.6136903762817383,0.04213567078113556
476,0.6125635504722595,0.04196231812238693
477,0.6114462614059448,0.041791290044784546
478,0.610338568687439,0.04162300378084183
479,0.6092404127120972,0.04145623743534088
480,0.608151912689209,0.041289061307907104
481,0.6070728898048401,0.04112069308757782
482,0.6060035824775696,0.04095100983977318
483,0.6049438714981079,0.04078098013997078
484,0.6038936376571655,0.04061133414506912
485,0.6028531789779663,0.040442708879709244
486,0.6018222570419312,0.04027508944272995
487,0.6008009910583496,0.040108196437358856
488,0.5997891426086426,0.03994164988398552
489,0.5987869501113892,0.03977504372596741
490,0.5977942943572998,0.03960831090807915
491,0.5968112349510193,0.0394413135945797
492,0.5958375930786133,0.03927428275346756
493,0.5948734283447266,0.039107225835323334
494,0.5939188599586487,0.0389404259622097
495,0.5929735898971558,0.038773857057094574
496,0.5920379161834717,0.03860781714320183
497,0.5911115407943726,0.03844229131937027
498,0.5901944637298584,0.03827774152159691
499,0.5892868041992188,0.038114409893751144
500,0.5883884429931641,0.0379534475505352
501,0.5874992609024048,0.03779622167348862
502,0.5866193771362305,0.03764621168375015
503,0.585748553276062,0.03750884532928467
504,0.584886908531189,0.03739584609866142
505,0.5840344429016113,0.037326257675886154
506,0.58319091796875,0.03733425587415695
507,0.582356333732605,0.03746163845062256
508,0.581530749797821,0.03772742301225662
509,0.5807139873504639,0.03802260011434555
510,0.5799061059951782,0.03799823299050331
511,0.5791069269180298,0.03733554482460022
512,0.5783163905143738,0.03633852303028107
513,0.5775344967842102,0.035825878381729126
514,0.5767611861228943,0.036029987037181854
515,0.5759963989257812,0.03633313253521919
516,0.575239896774292,0.03608859330415726
517,0.5744918584823608,0.03542975336313248
518,0.5737519860267639,0.035055629909038544
519,0.573020339012146,0.035166677087545395
520,0.572296679019928,0.0352516733109951
521,0.5715811252593994,0.03492813557386398
522,0.570873498916626,0.03447510302066803
523,0.5701737403869629,0.03432591259479523
524,0.5694817304611206,0.034385815262794495
525,0.5687973499298096,0.03426685184240341
526,0.5681205987930298,0.033920977264642715
527,0.5674512386322021,0.033653296530246735
528,0.5667893886566162,0.033598143607378006
529,0.5661347508430481,0.03354709595441818
530,0.565487265586853,0.03332601487636566
531,0.5648469924926758,0.03304897993803024
532,0.5642136335372925,0.03289274498820305
533,0.5635871887207031,0.0328214168548584
534,0.5629675984382629,0.03268170356750488
535,0.5623546838760376,0.03245100378990173
536,0.5617483854293823,0.03224434703588486
537,0.5611485242843628,0.032120175659656525
538,0.560555100440979,0.0320076160132885
539,0.5599678754806519,0.03183292597532272
540,0.5593868494033813,0.031624238938093185
541,0.5588119029998779,0.03145137429237366
542,0.558242917060852,0.0313216969370842
543,0.5576798319816589,0.031182894483208656
544,0.5571223497390747,0.03100482001900673
545,0.5565707683563232,0.030815213918685913
546,0.556024432182312,0.030651073902845383
547,0.5554836988449097,0.030509408563375473
548,0.5549483299255371,0.030359461903572083
549,0.5544180870056152,0.030186723917722702
550,0.5538928508758545,0.030007727444171906
551,0.5533726215362549,0.02984302118420601
552,0.5528573989868164,0.029692012816667557
553,0.55234694480896,0.029538258910179138
554,0.5518411993980408,0.02937166392803192
555,0.5513399243354797,0.02919890731573105
556,0.5508431792259216,0.029031988233327866
557,0.5503507852554321,0.02887413650751114
558,0.5498626232147217,0.028718236833810806
559,0.5493786931037903,0.028556611388921738
560,0.5488988161087036,0.02838938683271408
561,0.5484228134155273,0.02822238765656948
562,0.5479507446289062,0.028060218319296837
563,0.5474823713302612,0.02790188603103161
564,0.5470176935195923,0.027743078768253326
565,0.5465566515922546,0.027581114321947098
566,0.5460989475250244,0.027416951954364777
567,0.5456447601318359,0.02725372463464737
568,0.5451937913894653,0.027093330398201942
569,0.5447460412979126,0.026935134083032608
570,0.544301450252533,0.026777131482958794
571,0.5438597202301025,0.026617877185344696
572,0.5434211492538452,0.026457637548446655
573,0.5429853200912476,0.026297779753804207
574,0.5425522327423096,0.026139484718441963
575,0.5421218872070312,0.025982923805713654
576,0.541694164276123,0.02582736685872078
577,0.5412689447402954,0.02567196637392044
578,0.5408462285995483,0.025516372174024582
579,0.5404258966445923,0.025360925123095512
580,0.5400079488754272,0.025206219404935837
581,0.5395922660827637,0.025052715092897415
582,0.539178729057312,0.024900473654270172
583,0.5387674570083618,0.024749204516410828
584,0.5383585095405579,0.02459859661757946
585,0.5379520058631897,0.024448450654745102
586,0.5375486612319946,0.02429884299635887
587,0.5371498465538025,0.02414994314312935
588,0.5367587804794312,0.02400205284357071
589,0.5363831520080566,0.023855257779359818
590,0.5360398888587952,0.023709576576948166
591,0.5357654690742493,0.023564966395497322
592,0.5356172323226929,0.02342136576771736
593,0.5356546640396118,0.02327890321612358
594,0.5357503890991211,0.023137832060456276
595,0.5355005264282227,0.0229988731443882
596,0.5345242023468018,0.022863276302814484
597,0.53337562084198,0.022733673453330994
598,0.5329138040542603,0.022615499794483185
599,0.5330409407615662,0.022519836202263832
600,0.5329006910324097,0.022470960393548012
601,0.5321215391159058,0.02251344732940197
602,0.5313563346862793,0.022736838087439537
603,0.531150221824646,0.023217789828777313
604,0.5310897827148438,0.023968534544110298
605,0.5306105613708496,0.024349931627511978
606,0.5299233198165894,0.023703066632151604
607,0.5295573472976685,0.02209346741437912
608,0.5294193029403687,0.021311765536665916
609,0.5290582180023193,0.021906089037656784
610,0.5284835696220398,0.022451400756835938
611,0.5280678272247314,0.021858684718608856
612,0.5278514623641968,0.020922832190990448
613,0.5275347828865051,0.020965280011296272
614,0.5270461440086365,0.021432120352983475
615,0.5266222953796387,0.021134041249752045
616,0.5263490676879883,0.020476236939430237
617,0.526045560836792,0.02042752131819725
618,0.5256189703941345,0.02068234235048294
619,0.5252023339271545,0.0204562246799469
620,0.5248895883560181,0.020005127415060997
621,0.5245867967605591,0.019977226853370667
622,0.5242037177085876,0.020092548802495003
623,0.5238010883331299,0.019854415208101273
624,0.5234619379043579,0.019556662067770958
625,0.5231523513793945,0.019550031051039696
626,0.5227991342544556,0.019555464386940002
627,0.5224146842956543,0.01933271810412407
628,0.5220600366592407,0.019137438386678696
629,0.5217390060424805,0.01912938803434372
630,0.5214038491249084,0.01907072588801384
631,0.5210391283035278,0.01886805146932602
632,0.520679235458374,0.018737051635980606
633,0.5203456878662109,0.01871524192392826
634,0.5200173854827881,0.018618203699588776
635,0.519670844078064,0.018444910645484924
636,0.5193149447441101,0.01834789849817753
637,0.518971860408783,0.018307406455278397
638,0.5186417102813721,0.018197819590568542
639,0.518307089805603,0.018050238490104675
640,0.5179613828659058,0.017967406660318375
641,0.5176156163215637,0.017911121249198914
642,0.5172795653343201,0.017800239846110344
643,0.5169487595558167,0.017674412578344345
644,0.5166131854057312,0.017595715820789337
645,0.5162721276283264,0.01752682402729988
646,0.5159327983856201,0.017420928925275803
647,0.5155995488166809,0.01731140725314617
648,0.5152686834335327,0.017233330756425858
649,0.5149348974227905,0.01715678535401821
650,0.5145982503890991,0.017056144773960114
651,0.514262855052948,0.016957618296146393
652,0.5139310359954834,0.01687970757484436
653,0.5136009454727173,0.016799911856651306
654,0.5132696032524109,0.016704611480236053
655,0.5129365921020508,0.016612662002444267
656,0.5126038789749146,0.016534507274627686
657,0.5122731924057007,0.016454510390758514
658,0.511944055557251,0.016364527866244316
659,0.5116148591041565,0.01627725176513195
660,0.5112847685813904,0.016198940575122833
661,0.5109543204307556,0.01611948013305664
662,0.5106246471405029,0.016034072265028954
663,0.5102961659431458,0.015950802713632584
664,0.5099684000015259,0.015873420983552933
665,0.5096404552459717,0.015795351937413216
666,0.5093119144439697,0.015713488683104515
667,0.5089836120605469,0.01563318632543087
668,0.5086557865142822,0.015557164326310158
669,0.5083285570144653,0.015481190755963326
670,0.5080016851425171,0.015402846038341522
671,0.5076748132705688,0.015325350686907768
672,0.507347822189331,0.015250837430357933
673,0.5070207118988037,0.015176871791481972
674,0.5066938400268555,0.015101587399840355
675,0.5063673257827759,0.015026841312646866
676,0.5060409307479858,0.014954261481761932
677,0.5057147741317749,0.014882540330290794
678,0.5053884387016296,0.014810172840952873
679,0.5050621628761292,0.014738069847226143
680,0.5047357082366943,0.014667518436908722
681,0.5044093132019043,0.014597933739423752
682,0.504082977771759,0.01452823169529438
683,0.5037567019462585,0.014458735473453999
684,0.5034304857254028,0.014390377327799797
685,0.5031041502952576,0.014323022216558456
686,0.5027777552604675,0.014255901798605919
687,0.5024511218070984,0.014188988134264946
688,0.5021244287490845,0.01412288285791874
689,0.5017976760864258,0.014057710766792297
690,0.5014708042144775,0.013993008993566036
691,0.501143753528595,0.01392857264727354
692,0.5008165836334229,0.013864736072719097
693,0.5004892945289612,0.013801727443933487
694,0.5001617074012756,0.013739306479692459
695,0.4998340606689453,0.013677261769771576
696,0.4995061457157135,0.013615690171718597
697,0.4991779625415802,0.013554831966757774
698,0.4988495707511902,0.013494610786437988
699,0.4985208809375763,0.01343485526740551
700,0.4981919527053833,0.013375546783208847
701,0.4978627562522888,0.013316849246621132
702,0.49753323197364807,0.013258807361125946
703,0.49720335006713867,0.01320134848356247
704,0.49687325954437256,0.013144448399543762
705,0.49654269218444824,0.013088278472423553
706,0.4962118864059448,0.013033092953264713
707,0.49588072299957275,0.012979252263903618
708,0.49554917216300964,0.012927422299981117
709,0.4952172636985779,0.0128791444003582
710,0.4948848485946655,0.012837543152272701
711,0.49455225467681885,0.012809094041585922
712,0.49421918392181396,0.012807009741663933
713,0.4938857853412628,0.01285881083458662
714,0.4935521185398102,0.01301766000688076
715,0.4932183623313904,0.013378741219639778
716,0.49288469552993774,0.014049437828361988
717,0.4925517141819,0.015008487738668919
718,0.49222037196159363,0.015661057084798813
719,0.4918930232524872,0.015046412125229836
720,0.4915738105773926,0.01325874961912632
721,0.49127182364463806,0.012265224009752274
722,0.4910055696964264,0.012967530637979507
723,0.49081116914749146,0.013848092406988144
724,0.4907580018043518,0.013354752212762833
725,0.49094197154045105,0.012248399667441845
726,0.49144434928894043,0.012237967923283577
727,0.4920152723789215,0.012943697161972523
728,0.49194765090942383,0.012844204902648926
729,0.49050500988960266,0.01208369992673397
730,0.4886080026626587,0.011970658786594868
731,0.4879069924354553,0.012431463226675987
732,0.48848384618759155,0.012376545928418636
733,0.48882007598876953,0.011858029291033745
734,0.48789674043655396,0.01178787648677826
735,0.4866367280483246,0.012084102258086205
736,0.4863473176956177,0.01200236938893795
737,0.48668384552001953,0.011647986248135567
738,0.4864286482334137,0.011623522266745567
739,0.48547422885894775,0.011804620735347271
740,0.48485052585601807,0.011709421873092651
741,0.4848857820034027,0.011466315016150475
742,0.4848073720932007,0.011460570618510246
743,0.48417091369628906,0.011564983054995537
744,0.4835085868835449,0.0114741250872612
745,0.48330533504486084,0.011304289102554321
746,0.483220636844635,0.011297475546598434
747,0.48278942704200745,0.01135285384953022
748,0.48219096660614014,0.011277378536760807
749,0.48183953762054443,0.011153494007885456
750,0.4816804528236389,0.011136912740767002
751,0.48136818408966064,0.01116284728050232
752,0.480863094329834,0.011104563251137733
753,0.4804355502128601,0.011009622365236282
754,0.4801841378211975,0.010981696657836437
755,0.47991859912872314,0.010988960042595863
756,0.4795076847076416,0.010946016758680344
757,0.47906413674354553,0.010870803147554398
758,0.4787277281284332,0.01083333045244217
759,0.47845250368118286,0.0108272023499012
760,0.4781121015548706,0.010795772075653076
761,0.4776984751224518,0.010735994204878807
762,0.477308988571167,0.010692191310226917
763,0.4769873023033142,0.010674690827727318
764,0.4766737222671509,0.010650239884853363
765,0.4763088524341583,0.010603745467960835
766,0.475913405418396,0.010558041743934155
767,0.47554391622543335,0.01053055003285408
768,0.4752107560634613,0.010507769882678986
769,0.47487473487854004,0.010472230613231659
770,0.4745074212551117,0.01042935624718666
771,0.47412413358688354,0.010394634678959846
772,0.47375574707984924,0.01036885380744934
773,0.4734081029891968,0.010340100154280663
774,0.4730605483055115,0.010303371585905552
775,0.47269564867019653,0.010266106575727463
776,0.4723183214664459,0.010235301218926907
777,0.4719454050064087,0.010207942686975002
778,0.4715844392776489,0.010177168995141983
779,0.47122785449028015,0.010142256505787373
780,0.470864474773407,0.010108307003974915
781,0.47049111127853394,0.010078390128910542
782,0.4701146185398102,0.01004997082054615
783,0.46974220871925354,0.010019251145422459
784,0.4693751931190491,0.009986262768507004
785,0.46900856494903564,0.009954034350812435
786,0.4686376452445984,0.009924227371811867
787,0.46826133131980896,0.009895400144159794
788,0.4678826332092285,0.009865361265838146
789,0.4675050377845764,0.00983396079391241
790,0.467129647731781,0.009802773594856262
791,0.4667549133300781,0.009772942401468754
792,0.4663786292076111,0.009743982926011086
793,0.4659993350505829,0.00971467886120081
794,0.4656173884868622,0.009684577584266663
795,0.46523407101631165,0.009654255583882332
796,0.46485066413879395,0.009624501690268517
797,0.4644675850868225,0.009595464915037155
798,0.4640845060348511,0.009566664695739746
799,0.46370047330856323,0.00953756459057331
800,0.463314950466156,0.009508132934570312
801,0.4629276990890503,0.00947872456163168
802,0.4625388979911804,0.009449707344174385
803,0.46214884519577026,0.009421094320714474
804,0.4617578387260437,0.009392600506544113
805,0.46136611700057983,0.00936397910118103
806,0.46097391843795776,0.009335216134786606
807,0.4605809152126312,0.009306492283940315
808,0.46018698811531067,0.009277977049350739
809,0.45979219675064087,0.009249703958630562
810,0.45939624309539795,0.009221573360264301
811,0.4589992165565491,0.009193447418510914
812,0.45860111713409424,0.009165287017822266
813,0.4582018256187439,0.009137122891843319
814,0.4578014612197876,0.009109039790928364
815,0.4574001431465149,0.009081103838980198
816,0.45699775218963623,0.009053302928805351
817,0.45659443736076355,0.009025594219565392
818,0.4561903476715088,0.008997922763228416
819,0.4557853043079376,0.00897026713937521
820,0.4553796648979187,0.008942639455199242
821,0.4549735486507416,0.00891506765037775
822,0.45456743240356445,0.008887581527233124
823,0.4541618824005127,0.00886018481105566
824,0.45375823974609375,0.008832869119942188
825,0.45335865020751953,0.008805625140666962
826,0.45296740531921387,0.008778432384133339
827,0.45259222388267517,0.008751272223889828
828,0.45224806666374207,0.008724149316549301
829,0.45196256041526794,0.008697077631950378
830,0.45178478956222534,0.00867006927728653
831,0.4517989754676819,0.008643117733299732
832,0.45210200548171997,0.008616230450570583
833,0.45274972915649414,0.00858940090984106
834,0.45342767238616943,0.008562631905078888
835,0.4533834457397461,0.008535905741155148
836,0.4517632722854614,0.008509235456585884
837,0.44933563470840454,0.0084826136007905
838,0.44793394207954407,0.008456026203930378
839,0.4482475817203522,0.008429495617747307
840,0.4490164816379547,0.008403003215789795
841,0.44863957166671753,0.008376562036573887
842,0.44710224866867065,0.008350162766873837
843,0.44587332010269165,0.008323813788592815
844,0.44583895802497864,0.00829751044511795
845,0.44617530703544617,0.00827125646173954
846,0.4457145631313324,0.00824504904448986
847,0.444566547870636,0.008218878880143166
848,0.4437662363052368,0.0081927590072155
849,0.4437011182308197,0.008166683837771416
850,0.44368502497673035,0.00814064871519804
851,0.44309133291244507,0.008114662021398544
852,0.44220829010009766,0.00808870978653431
853,0.44167250394821167,0.008062805980443954
854,0.4415290951728821,0.008036935701966286
855,0.4412841200828552,0.008011112920939922
856,0.4406745731830597,0.00798533484339714
857,0.43998226523399353,0.007959598675370216
858,0.43954628705978394,0.0079339062795043
859,0.43930160999298096,0.00790826790034771
860,0.43894731998443604,0.007882686331868172
861,0.438382625579834,0.007857164368033409
862,0.4377976655960083,0.007831735536456108
863,0.43737053871154785,0.007806413806974888
864,0.4370470643043518,0.007781284861266613
865,0.43665632605552673,0.007756432052701712
866,0.4361424446105957,0.00773206353187561
867,0.43560829758644104,0.00770854577422142
868,0.43515923619270325,0.007686565164476633
869,0.43478044867515564,0.00766746187582612
870,0.4343796968460083,0.007653752341866493
871,0.43390750885009766,0.007650441490113735
872,0.43340206146240234,0.007667036727070808
873,0.4329286217689514,0.007722446694970131
874,0.4325045943260193,0.00785069540143013
875,0.43209218978881836,0.008114472962915897
876,0.43164920806884766,0.008595183491706848
877,0.43117135763168335,0.009368632920086384
878,0.43068793416023254,0.010255049914121628
879,0.43022632598876953,0.010698480531573296
880,0.4297873377799988,0.009858171455562115
881,0.42935091257095337,0.008210468105971813
882,0.42889824509620667,0.0073408447206020355
883,0.42842745780944824,0.007940990850329399
884,0.42795073986053467,0.008838233537971973
885,0.427481472492218,0.008626890368759632
886,0.42702367901802063,0.007620780263096094
887,0.42657122015953064,0.007253716699779034
888,0.4261151850223541,0.007815983146429062
889,0.4256500005722046,0.008157836273312569
890,0.4251768887042999,0.007658009417355061
891,0.4247007966041565,0.007152723614126444
892,0.4242268204689026,0.007347756065428257
893,0.4237566590309143,0.007692315615713596
894,0.42328929901123047,0.007500980049371719
895,0.4228217303752899,0.007098502945154905
896,0.4223513603210449,0.007116750814020634
897,0.42187702655792236,0.007366805337369442
898,0.42139896750450134,0.007306823506951332
899,0.42091840505599976,0.0070259422063827515
900,0.4204365611076355,0.006972646340727806
901,0.4199545085430145,0.007129478733986616
902,0.4194726347923279,0.007130809128284454
903,0.4189906716346741,0.006943286396563053
904,0.4185083508491516,0.006862783804535866
905,0.41802507638931274,0.0069498103111982346
906,0.41754066944122314,0.0069739362224936485
907,0.41705483198165894,0.006856261286884546
908,0.4165675640106201,0.00676947645843029
909,0.41607874631881714,0.006803988944739103
910,0.41558876633644104,0.0068341828882694244
911,0.41509759426116943,0.006766145117580891
912,0.41460558772087097,0.006685844622552395
913,0.4141130745410919,0.0066831232979893684
914,0.41362065076828003,0.006706250365823507
915,0.4131290316581726,0.006673065945506096
916,0.412639856338501,0.00660712830722332
917,0.4121556282043457,0.006580084562301636
918,0.4116807281970978,0.006589099299162626
919,0.4112231433391571,0.006576200015842915
920,0.41079679131507874,0.006529092788696289
921,0.41042715311050415,0.006490492261946201
922,0.4101558327674866,0.006482343189418316
923,0.41005468368530273,0.0064767999574542046
924,0.4102035164833069,0.006447768770158291
925,0.41068214178085327,0.006409366615116596
926,0.4113212823867798,0.006386875174939632
927,0.41168248653411865,0.006377763114869595
928,0.41084158420562744,0.006360950414091349
929,0.4087003469467163,0.0063306232914328575
930,0.40626293420791626,0.0063014524057507515
931,0.40505945682525635,0.006283746100962162
932,0.4053361117839813,0.0062700179405510426
933,0.4059610664844513,0.006248955614864826
934,0.4056575894355774,0.006221550516784191
935,0.40417253971099854,0.0061973100528120995
936,0.40262311697006226,0.006179735995829105
937,0.4020538926124573,0.006162939127534628
938,0.40225279331207275,0.00614129938185215
939,0.40219950675964355,0.0061166416853666306
940,0.40132665634155273,0.006094403564929962
941,0.40012454986572266,0.006075956858694553
942,0.3993648290634155,0.0060577234253287315
943,0.3991581201553345,0.006036664824932814
944,0.39897724986076355,0.006013874895870686
945,0.39839673042297363,0.005992407910525799
946,0.39753836393356323,0.005973180290311575
947,0.3967773914337158,0.005954344756901264
948,0.3962826430797577,0.005934025160968304
949,0.3959095776081085,0.005912503227591515
950,0.3954516053199768,0.005891434848308563
951,0.39485329389572144,0.005871692206710577
952,0.39418721199035645,0.005852538160979748
953,0.3935478925704956,0.005832803901284933
954,0.39298176765441895,0.005812231916934252
955,0.3924808204174042,0.005791580770164728
956,0.3919980227947235,0.00577157735824585
957,0.39147308468818665,0.00575218303129077
958,0.3908739984035492,0.005732775665819645
959,0.3902270495891571,0.005712933372706175
960,0.3895995020866394,0.005692800506949425
961,0.38903892040252686,0.005672822706401348
962,0.3885321021080017,0.005653250962495804
963,0.3880244493484497,0.0056339348666369915
964,0.38746923208236694,0.00561455637216568
965,0.3868608772754669,0.005594977177679539
966,0.38622984290122986,0.0055753011256456375
967,0.3856109380722046,0.00555574381724
968,0.3850187659263611,0.005536413285881281
969,0.38444656133651733,0.005517233163118362
970,0.38388097286224365,0.005498063750565052
971,0.38331323862075806,0.005478814709931612
972,0.3827400505542755,0.005459530279040337
973,0.3821598291397095,0.005440304987132549
974,0.38157081604003906,0.005421207286417484
975,0.38097095489501953,0.0054022278636693954
976,0.38036176562309265,0.005383302457630634
977,0.37974685430526733,0.005364375654608011
978,0.3791312277317047,0.005345452576875687
979,0.37851858139038086,0.005326548591256142
980,0.3779106140136719,0.005307712592184544
981,0.3773086667060852,0.005288959480822086
982,0.37671545147895813,0.005270279943943024
983,0.3761390447616577,0.005251661874353886
984,0.37559324502944946,0.005233073607087135
985,0.375102698802948,0.005214507691562176
986,0.3747022747993469,0.005195975303649902
987,0.3744364380836487,0.005177495069801807
988,0.37433019280433655,0.005159085616469383
989,0.37432050704956055,0.005140730645507574
990,0.3741675019264221,0.005122439004480839
991,0.3734814524650574,0.005104196257889271
992,0.3721545934677124,0.00508599728345871
993,0.37056446075439453,0.005067840218544006
994,0.36933374404907227,0.005049730651080608
995,0.36862099170684814,0.005031663924455643
996,0.3681669235229492,0.005013660993427038
997,0.3676561117172241,0.0049957092851400375
998,0.36700212955474854,0.004977821372449398
999,0.36629602313041687,0.004959983751177788
1000,0.3656074106693268,0.004942193627357483
1001,0.3648795485496521,0.00492446031421423
1002,0.3640097677707672,0.004906772635877132
1003,0.3630511462688446,0.004889132454991341
1004,0.36217349767684937,0.004871548153460026
1005,0.36150527000427246,0.004854021593928337
1006,0.36099785566329956,0.00483654486015439
1007,0.36047565937042236,0.004819126799702644
1008,0.3597850203514099,0.004801759496331215
1009,0.3588991165161133,0.004784450400620699
1010,0.35793817043304443,0.004767191596329212
1011,0.35705167055130005,0.0047499919310212135
1012,0.35630738735198975,0.004732841160148382
1013,0.3556596040725708,0.004715747199952602
1014,0.35500723123550415,0.004698706790804863
1015,0.35427531599998474,0.004681723192334175
1016,0.3534523844718933,0.004664793610572815
1017,0.35258710384368896,0.004647914785891771
1018,0.3517407178878784,0.0046310932375490665
1019,0.3509487509727478,0.004614328034222126
1020,0.3502063751220703,0.004597614984959364
1021,0.34948408603668213,0.004580960143357515
1022,0.3487550616264343,0.004564367234706879
1023,0.3480149209499359,0.004547822289168835
1024,0.3473047614097595,0.004531335551291704
1025,0.34671878814697266,0.004514905158430338
1026,0.34648576378822327,0.004498534835875034
1027,0.34697479009628296,0.004482217598706484
1028,0.34885072708129883,0.0044659581035375595
1029,0.35174351930618286,0.004449751228094101
1030,0.35315170884132385,0.0044336095452308655
1031,0.34935086965560913,0.004417514894157648
1032,0.3435841202735901,0.004401479847729206
1033,0.3423856496810913,0.004385501146316528
1034,0.343433678150177,0.00436958484351635
1035,0.34158188104629517,0.004353717900812626
1036,0.33880090713500977,0.004337914753705263
1037,0.33925843238830566,0.004322162829339504
1038,0.339679479598999,0.004306474234908819
1039,0.3364226222038269,0.004290840122848749
1040,0.3339974284172058,0.0042752609588205814
1041,0.33502691984176636,0.0042597451247274876
1042,0.3351314067840576,0.004244285635650158
1043,0.3323245048522949,0.0042288824915885925
1044,0.33042073249816895,0.004213537089526653
1045,0.3309476971626282,0.0041982512921094894
1046,0.33060431480407715,0.004183031618595123
1047,0.32832297682762146,0.0041678729467093945
1048,0.3270336985588074,0.004152792040258646
1049,0.32712116837501526,0.004137794487178326
1050,0.3262566924095154,0.004122904501855373
1051,0.32441115379333496,0.004108181223273277
1052,0.3233802616596222,0.004093721508979797
1053,0.32317063212394714,0.00407973350957036
1054,0.32227128744125366,0.004066637251526117
1055,0.32064688205718994,0.004055303521454334
1056,0.31954503059387207,0.00404753303155303
1057,0.3190665543079376,0.004047165159136057
1058,0.318278431892395,0.004062179941684008
1059,0.31697410345077515,0.004109802655875683
1060,0.3157617151737213,0.00422512274235487
1061,0.31497088074684143,0.004481958225369453
1062,0.3141614496707916,0.005008165258914232
1063,0.313057541847229,0.006008559837937355
1064,0.3119347095489502,0.007512242067605257
1065,0.31100815534591675,0.008998342789709568
1066,0.31012409925460815,0.008650320582091808
1067,0.30904489755630493,0.006098643876612186
1068,0.30786436796188354,0.003957435488700867
1069,0.3068233132362366,0.004695130046457052
1070,0.30592209100723267,0.006406514905393124
1071,0.30498504638671875,0.005948122125118971
1072,0.3039095997810364,0.004167467355728149
1073,0.3027893006801605,0.0040765320882201195
1074,0.3017616271972656,0.00528453104197979
1075,0.3008129894733429,0.005153742153197527
1076,0.29984188079833984,0.003962712828069925
1077,0.29882630705833435,0.004012665245682001
1078,0.2978380024433136,0.004806507378816605
1079,0.2970108389854431,0.00448561180382967
1080,0.2964285910129547,0.003761697094887495
1081,0.2962780296802521,0.004034081008285284
1082,0.2968598008155823,0.004442600533366203
1083,0.2986522316932678,0.004023776389658451
1084,0.30131006240844727,0.003689354984089732
1085,0.3025319576263428,0.0040223910473287106
1086,0.29865214228630066,0.004127035848796368
1087,0.29102623462677,0.0037483214400708675
1088,0.28718772530555725,0.003689269069582224
1089,0.28855568170547485,0.003943167626857758
1090,0.29034286737442017,0.0038607758469879627
1091,0.28840816020965576,0.003615669207647443
1092,0.2845948338508606,0.0036867554299533367
1093,0.2824164927005768,0.003814775962382555
1094,0.2821481227874756,0.0036764603573828936
1095,0.2819691300392151,0.003557933960109949
1096,0.28075599670410156,0.003654112806543708
1097,0.27858731150627136,0.0036866930313408375
1098,0.27641043066978455,0.003560800803825259
1099,0.2753121852874756,0.0035235965624451637
1100,0.2751690149307251,0.003597040195018053
1101,0.27446305751800537,0.003577565308660269
1102,0.27230599522590637,0.0034882924519479275
1103,0.2699894309043884,0.0034881432075053453
1104,0.26897957921028137,0.003529865061864257
1105,0.2687532603740692,0.0034936554729938507
1106,0.26785367727279663,0.0034365314058959484
1107,0.26605224609375,0.0034465244971215725
1108,0.2643641233444214,0.0034647472202777863
1109,0.26318100094795227,0.003428132738918066
1110,0.2619825601577759,0.003392299171537161
1111,0.2605370581150055,0.0034011327661573887
1112,0.25926676392555237,0.0034052995033562183
1113,0.258390337228775,0.003374324180185795
1114,0.25750353932380676,0.003350401297211647
1115,0.2562703788280487,0.0033548008650541306
1116,0.25487014651298523,0.0033520229626446962
1117,0.25365328788757324,0.003327055601403117
1118,0.2525441646575928,0.0033092028461396694
1119,0.25134921073913574,0.0033092969097197056
1120,0.25005924701690674,0.003303429577499628
1121,0.2489985227584839,0.0032834201119840145
1122,0.2482733130455017,0.0032685226760804653
1123,0.24795958399772644,0.0032652809750288725
1124,0.2479703724384308,0.0032582443673163652
1125,0.24874302744865417,0.0032418810296803713
1126,0.2495671957731247,0.0032284753397107124
1127,0.2501566410064697,0.003222869709134102
1128,0.24740085005760193,0.003215409815311432
1129,0.2424105852842331,0.0032016956247389317
1130,0.23691770434379578,0.0031891646794974804
1131,0.23443153500556946,0.0031819073483347893
1132,0.23493358492851257,0.003174283541738987
1133,0.23627004027366638,0.003162471577525139
1134,0.23635214567184448,0.0031506202649325132
1135,0.2335439771413803,0.003142245579510927
1136,0.22981375455856323,0.0031344396993517876
1137,0.2265598177909851,0.003124009817838669
1138,0.22528332471847534,0.0031128250993788242
1139,0.22504374384880066,0.0031037325970828533
1140,0.22497478127479553,0.003095682244747877
1141,0.22441937029361725,0.0030862074345350266
1142,0.2225710153579712,0.003075715620070696
1143,0.22057214379310608,0.003066251054406166
1144,0.2176910936832428,0.0030578910373151302
1145,0.21584120392799377,0.003049020655453205
1146,0.21398290991783142,0.003039213363081217
1147,0.2126774936914444,0.003029670799151063
1148,0.2117413580417633,0.003021019045263529
1149,0.21069909632205963,0.0030124487821012735
1150,0.2102903574705124,0.0030032522045075893
1151,0.20980608463287354,0.0029938803054392338
1152,0.2100914716720581,0.002985037164762616
1153,0.21038515865802765,0.0029765418730676174
1154,0.21135005354881287,0.0029677986167371273
1155,0.21081145107746124,0.0029587545432150364
1156,0.20926377177238464,0.0029498757794499397
1157,0.2045685052871704,0.002941353479400277
1158,0.1998441219329834,0.00293287867680192
1159,0.1961980164051056,0.002924190368503332
1160,0.1948910355567932,0.002915444318205118
1161,0.1951901912689209,0.0029069040901958942
1162,0.19582682847976685,0.0028985468670725822
1163,0.19635051488876343,0.0028901498299092054
1164,0.19507907330989838,0.0028816438280045986
1165,0.1929982602596283,0.0028731797356158495
1166,0.18936902284622192,0.0028648655861616135
1167,0.18614602088928223,0.0028566448017954826
1168,0.18394720554351807,0.0028483911883085966
1169,0.18287141621112823,0.002840096363797784
1170,0.18262428045272827,0.002831864170730114
1171,0.18265406787395477,0.0028237379156053066
1172,0.18287217617034912,0.0028156626503914595
1173,0.18251559138298035,0.002807577606290579
1174,0.18230971693992615,0.002799490699544549
1175,0.18080846965312958,0.0027914594393223524
1176,0.17912143468856812,0.0027835071086883545
1177,0.17607437074184418,0.0027755966875702143
1178,0.17322272062301636,0.002767689758911729
1179,0.17061316967010498,0.002759795170277357
1180,0.16870832443237305,0.00275195250287652
1181,0.16745302081108093,0.00274416571483016
1182,0.1666904091835022,0.0027364192064851522
1183,0.16635167598724365,0.0027286901604384184
1184,0.16636314988136292,0.00272098439745605
1185,0.16718000173568726,0.0027133177500218153
1186,0.16833150386810303,0.002705697203055024
1187,0.17118190228939056,0.0026981178671121597
1188,0.17214436829090118,0.002690565772354603
1189,0.17331266403198242,0.0026830337010324
1190,0.16740605235099792,0.002675540279597044
1191,0.16074258089065552,0.0026680845767259598
1192,0.155256986618042,0.0026606693863868713
1193,0.15448656678199768,0.0026532853953540325
1194,0.15724201500415802,0.0026459291111677885
1195,0.1602458506822586,0.0026386037934571505
1196,0.16232088208198547,0.0026313152629882097
1197,0.1575540006160736,0.0026240593288093805
1198,0.15144318342208862,0.0026168387848883867
1199,0.14764711260795593,0.002609650604426861
1200,0.14858707785606384,0.002602490596473217
1201,0.15243080258369446,0.0025953620206564665
1202,0.15477082133293152,0.002588263712823391
1203,0.15471488237380981,0.0025812070816755295
1204,0.14773479104042053,0.0025741776917129755
1205,0.14241662621498108,0.002567179035395384
1206,0.1424584686756134,0.002560209948569536
1207,0.14542290568351746,0.002553272992372513
1208,0.1485632061958313,0.0025463677011430264
1209,0.14711104333400726,0.00253949873149395
1210,0.14334850013256073,0.0025326565373688936
1211,0.13772085309028625,0.002525843447074294
1212,0.1361873894929886,0.002519061788916588
1213,0.13823069632053375,0.0025123124942183495
1214,0.13911283016204834,0.002505592070519924
1215,0.13819535076618195,0.0024989007506519556
1216,0.1349521279335022,0.002492243889719248
1217,0.13206641376018524,0.0024856135714799166
1218,0.13056480884552002,0.0024790135212242603
1219,0.13061562180519104,0.0024724439717829227
1220,0.1310553401708603,0.0024659025948494673
1221,0.13051451742649078,0.0024593921843916178
1222,0.12932251393795013,0.002452910877764225
1223,0.12765902280807495,0.002446457976475358
1224,0.12620948255062103,0.0024400330148637295
1225,0.12514621019363403,0.0024336406495422125
1226,0.12449754774570465,0.002427274826914072
1227,0.12412813305854797,0.002420939039438963
1228,0.12384092807769775,0.002414627932012081
1229,0.12358987331390381,0.0024083475582301617
1230,0.12321661412715912,0.0024020930286496878
1231,0.1229148656129837,0.002395870164036751
1232,0.12241829931735992,0.0023896724451333284
1233,0.12204614281654358,0.0023835068568587303
1234,0.1213550940155983,0.0023773652501404285
1235,0.12075239419937134,0.0023712515830993652
1236,0.11982602626085281,0.0023651644587516785
1237,0.11906313896179199,0.002359109465032816
1238,0.11819726973772049,0.0023530772887170315
1239,0.11759914457798004,0.002347072586417198
1240,0.11701848357915878,0.002341091400012374
1241,0.11676627397537231,0.002335144206881523
1242,0.11653930693864822,0.002329220063984394
1243,0.11677908152341843,0.0023233192041516304
1244,0.11687669157981873,0.0023174474481493235
1245,0.11753547936677933,0.0023116027005016804
1246,0.11737694591283798,0.002305783797055483
1247,0.11743811517953873,0.0022999891079962254
1248,0.11578964442014694,0.0022942237555980682
1249,0.11399754136800766,0.0022884830832481384
1250,0.11155648529529572,0.0022827661596238613
1251,0.10975874960422516,0.0022770767100155354
1252,0.108624666929245,0.002271411707624793
1253,0.10803951323032379,0.00226577534340322
1254,0.107815220952034,0.002260162029415369
1255,0.10799656063318253,0.00225457944907248
1256,0.1089397519826889,0.0022490231785923243
1257,0.1106175035238266,0.0022434976417571306
1258,0.11362959444522858,0.002238001674413681
1259,0.11507317423820496,0.0022325485479086637
1260,0.11572901904582977,0.002227140124887228
1261,0.11108319461345673,0.002221793634817004
1262,0.10613581538200378,0.002216528169810772
1263,0.10345972329378128,0.0022113886661827564
1264,0.10437997430562973,0.0022064363583922386
1265,0.10875333100557327,0.002201780676841736
1266,0.1167643666267395,0.0021976116113364697
1267,0.130477637052536,0.002194238593801856
1268,0.12279456853866577,0.0021922120358794928
1269,0.10574756562709808,0.002192409709095955
1270,0.11075328290462494,0.0021964514162391424
1271,0.11959194391965866,0.002206725999712944
1272,0.11666913330554962,0.0022277364041656256
1273,0.10354278981685638,0.0022648735903203487
1274,0.10088809579610825,0.0023281527683138847
1275,0.10751746594905853,0.0024214049335569143
1276,0.107497937977314,0.0025506410747766495
1277,0.10110333561897278,0.002674816409125924
1278,0.10030975937843323,0.0027507967315614223
1279,0.10441052168607712,0.0026730012614279985
1280,0.1032707542181015,0.002471580868586898
1281,0.09832419455051422,0.0022487046662718058
1282,0.09758028388023376,0.0021632646676152945
1283,0.09984306991100311,0.002238681074231863
1284,0.1013587936758995,0.002362968400120735
1285,0.10105789452791214,0.002403203397989273
1286,0.09793788194656372,0.0023076627403497696
1287,0.09626966714859009,0.0021721115335822105
1288,0.09697048366069794,0.002113849390298128
1289,0.09841566532850266,0.00215721083804965
1290,0.09991533309221268,0.0022203370463103056
1291,0.09904037415981293,0.002213547006249428
1292,0.09642139077186584,0.00214076554402709
1293,0.09357387572526932,0.0020742109045386314
1294,0.09349752962589264,0.002071082592010498
1295,0.09506820142269135,0.0021095690317451954
1296,0.09544413536787033,0.0021272338926792145
1297,0.09451393038034439,0.0020980334375053644
1298,0.09288860857486725,0.002052081748843193
1299,0.0918685644865036,0.0020346890669316053
1300,0.09145504236221313,0.0020510086324065924
1301,0.09154856204986572,0.002068156376481056
1302,0.09168511629104614,0.0020593912340700626
1303,0.09134019911289215,0.002031671814620495
1304,0.09064304828643799,0.0020128036849200726
1305,0.08988229930400848,0.002015510108321905
1306,0.08951083570718765,0.0020264103077352047
1307,0.08951148390769958,0.002026109490543604
1308,0.08953750133514404,0.0020114427898079157
1309,0.08936232328414917,0.001996596110984683
1310,0.08898012340068817,0.0019937099423259497
1311,0.08858367055654526,0.0020003817044198513
1312,0.08816737681627274,0.002005490241572261
1313,0.08778425306081772,0.0020035135094076395
1314,0.08750693500041962,0.0020007293205708265
1315,0.08736434578895569,0.002007322385907173
1316,0.08726708590984344,0.0020280606113374233
1317,0.0871039479970932,0.0020623488817363977
1318,0.08689555525779724,0.0021104058250784874
1319,0.0866599977016449,0.002184199634939432
1320,0.08642467856407166,0.0023000952787697315
1321,0.08614127337932587,0.0024826996959745884
1322,0.08584737032651901,0.0027403689455240965
1323,0.0855729728937149,0.003074666252359748
1324,0.08532758802175522,0.003419030224904418
1325,0.0850788801908493,0.0036717690527439117
1326,0.08482049405574799,0.0036222049966454506
1327,0.08457520604133606,0.00321741821244359
1328,0.08435464650392532,0.002564661670476198
1329,0.08414176106452942,0.0020440705120563507
1330,0.08392374217510223,0.0019204106647521257
1331,0.08370590209960938,0.002164345234632492
1332,0.08350252360105515,0.002499927068129182
1333,0.08331038057804108,0.0026220870204269886
1334,0.08312448859214783,0.002441905438899994
1335,0.08294838666915894,0.002108491025865078
1336,0.08280554413795471,0.0018986541545018554
1337,0.08272291719913483,0.0019367060158401728
1338,0.08275923132896423,0.002118316711857915
1339,0.08297520130872726,0.0022418550215661526
1340,0.08361756801605225,0.0021877747494727373
1341,0.08479354530572891,0.0020180956926196814
1342,0.087375208735466,0.0018827203894034028
1343,0.09027354419231415,0.0018781500402837992
1344,0.09426805377006531,0.0019685029983520508
1345,0.09185515344142914,0.0020435540936887264
1346,0.08559468388557434,0.002029984025284648
1347,0.08107993751764297,0.0019430296961218119
1348,0.08374139666557312,0.0018609743565320969
1349,0.09310731291770935,0.0018430162454023957
1350,0.10603640973567963,0.0018831638153642416
1351,0.12079077214002609,0.0019284568261355162
1352,0.09749982506036758,0.0019321211148053408
1353,0.09403160214424133,0.0018918314017355442
1354,0.1102297306060791,0.0018416962120682001
1355,0.0895884782075882,0.0018182250205427408
1356,0.08417670428752899,0.001829319167882204
1357,0.12145784497261047,0.0018539305310696363
1358,0.19999003410339355,0.0018650263082236052
1359,0.2581302523612976,0.0018515652045607567
1360,0.10851426422595978,0.0018240108620375395
1361,0.28750455379486084,0.0018014410743489861
1362,0.2124689519405365,0.001795608433894813
1363,0.236189067363739,0.0018035792745649815
1364,0.22581136226654053,0.001813200768083334
1365,0.1542224884033203,0.001813881448470056
1366,0.1925932615995407,0.0018034642562270164
1367,0.09540142118930817,0.0017881066305562854
1368,0.25101590156555176,0.0017760936170816422
1369,0.17313921451568604,0.0017718896269798279
1370,0.20886191725730896,0.0017739390023052692
1371,0.17870241403579712,0.001777042169123888
1372,0.2128671407699585,0.0017764566000550985
1373,0.14897583425045013,0.0017707145307213068
1374,0.18669575452804565,0.0017619716236367822
1375,0.12632040679454803,0.0017537780804559588
1376,0.1107657253742218,0.0017486722208559513
1377,0.10434667766094208,0.0017468807054683566
1378,0.13129764795303345,0.0017466972349211574
1379,0.12123098224401474,0.0017458966467529535
1380,0.1461741030216217,0.0017430951120331883
1381,0.12347996234893799,0.0017383405938744545
1382,0.14127615094184875,0.0017326974775642157
1383,0.10521014034748077,0.0017274963902309537
1384,0.1176273375749588,0.001723570516332984
1385,0.08535325527191162,0.0017209590878337622
1386,0.10849874466657639,0.0017190761864185333
1387,0.0871749222278595,0.001717131119221449
1388,0.11074911057949066,0.0017145408783107996
1389,0.08834731578826904,0.0017111455090343952
1390,0.10905618965625763,0.0017071919282898307
1391,0.08738277852535248,0.0017031265888363123
1392,0.10016578435897827,0.0016993514727801085
1393,0.0827697366476059,0.0016960793873295188
1394,0.09289178252220154,0.001693271566182375
1395,0.08145654201507568,0.0016907239332795143
1396,0.08770327270030975,0.0016881946939975023
1397,0.08380482345819473,0.0016854939749464393
1398,0.08645681291818619,0.0016825401689857244
1399,0.08367495983839035,0.0016793617978692055
1400,0.08204507827758789,0.0016760623548179865
1401,0.08361609280109406,0.001672761281952262
1402,0.07848591357469559,0.0016695548547431827
1403,0.08101414144039154,0.0016665036091580987
1404,0.07889875024557114,0.0016635986976325512
1405,0.07981465756893158,0.0016608086880296469
1406,0.07816088944673538,0.0016580680385231972
1407,0.07971654832363129,0.0016553294844925404
1408,0.07665947824716568,0.0016525560058653355
1409,0.07733084261417389,0.0016497306060045958
1410,0.07663384079933167,0.0016468516550958157
1411,0.07690107822418213,0.0016439359169453382
1412,0.07615198194980621,0.0016410013195127249
1413,0.07708679139614105,0.0016380718443542719
1414,0.07537844777107239,0.0016351613448932767
1415,0.07554419338703156,0.0016322833253070712
1416,0.07493726909160614,0.0016294366214424372
1417,0.0751548558473587,0.0016266277525573969
1418,0.07455520331859589,0.001623846124857664
1419,0.07515409588813782,0.0016210870817303658
1420,0.07417173683643341,0.0016183445695787668
1421,0.07432256639003754,0.001615619519725442
1422,0.07399439811706543,0.0016129023861140013
1423,0.07393951714038849,0.0016101934015750885
1424,0.0735294371843338,0.001607488957233727
1425,0.07365521788597107,0.0016047896351665258
1426,0.07318206131458282,0.0016020967159420252
1427,0.07321073114871979,0.001599412178620696
1428,0.07304193824529648,0.001596735673956573
1429,0.07297037541866302,0.0015940699959173799
1430,0.07266062498092651,0.0015914158429950476
1431,0.07265979796648026,0.001588774030096829
1432,0.07240372896194458,0.001586151891387999
1433,0.07233964651823044,0.001583550008945167
1434,0.07226187735795975,0.0015809722244739532
1435,0.07209113985300064,0.001578431110829115
1436,0.07191979885101318,0.0015759286470711231
1437,0.07184182107448578,0.0015734826447442174
1438,0.0716981291770935,0.001571114407852292
1439,0.07160840183496475,0.0015688531566411257
1440,0.0715300589799881,0.001566744060255587
1441,0.07136095315217972,0.0015648561529815197
1442,0.07124771922826767,0.0015632904833182693
1443,0.07113488018512726,0.0015622074715793133
1444,0.07104973495006561,0.001561850542202592
1445,0.07093138992786407,0.0015626142267137766
1446,0.07085868716239929,0.001565079903230071
1447,0.07070641219615936,0.0015702438540756702
1448,0.07061541080474854,0.001579566509462893
1449,0.07050799578428268,0.0015955728013068438
1450,0.07042723894119263,0.001621908973902464
1451,0.07030981779098511,0.0016649657627567649
1452,0.0702313706278801,0.0017333230935037136
1453,0.07010003924369812,0.0018418298568576574
1454,0.07001561671495438,0.0020060555543750525
1455,0.06991610676050186,0.002250484423711896
1456,0.06982597708702087,0.00257594371214509
1457,0.0697241798043251,0.0029729888774454594
1458,0.0696360319852829,0.0033151984680444
1459,0.06952999532222748,0.0034583904780447483
1460,0.06944166868925095,0.003175147343426943
1461,0.06934905052185059,0.0025424424093216658
1462,0.06925209611654282,0.0018531521782279015
1463,0.06916198134422302,0.0015177340246737003
1464,0.06906848400831223,0.0016517814947292209
1465,0.06897788494825363,0.002026734407991171
1466,0.06888620555400848,0.0022862395271658897
1467,0.0687984973192215,0.0021994381677359343
1468,0.06870360672473907,0.0018613951979205012
1469,0.06861814856529236,0.0015573829878121614
1470,0.06852666288614273,0.001514112576842308
1471,0.06843927502632141,0.001691888552159071
1472,0.06834928691387177,0.0018685866380110383
1473,0.0682622417807579,0.0018680758075788617
1474,0.06817316263914108,0.0016973173478618264
1475,0.06808821856975555,0.0015247442061081529
1476,0.06800121068954468,0.0014889297308400273
1477,0.06791399419307709,0.0015806308947503567
1478,0.06782805919647217,0.0016790115041658282
1479,0.06774137914180756,0.001680244691669941
1480,0.06765668094158173,0.001590296276845038
1481,0.06757185608148575,0.001494774129241705
1482,0.06748756766319275,0.0014707202790305018
1483,0.06740221381187439,0.0015164760407060385
1484,0.06731893122196198,0.001569820917211473
1485,0.06723448634147644,0.0015753930201753974
1486,0.06715166568756104,0.0015295237535610795
1487,0.06706850975751877,0.0014753366122022271
1488,0.06698541343212128,0.0014545646263286471
1489,0.06690283864736557,0.0014728768728673458
1490,0.06682068854570389,0.0015022315783426166
1491,0.0667387917637825,0.001511240261606872
1492,0.066657155752182,0.0014920728281140327
1493,0.06657597422599792,0.0014611876104027033
1494,0.06649447977542877,0.0014419369399547577
1495,0.066414013504982,0.0014437182107940316
1496,0.06633324921131134,0.0014576631365343928
1497,0.06625302881002426,0.001467474619857967
1498,0.06617304682731628,0.0014633005484938622
1499,0.06609328836202621,0.0014481653925031424
1500,0.06601381301879883,0.001432719873264432
1501,0.06593465805053711,0.0014259290182963014
1502,0.06585565209388733,0.0014286335790529847
1503,0.06577683985233307,0.0014347585383802652
1504,0.06569845974445343,0.0014371232828125358
1505,0.06562017649412155,0.0014326261589303613
1506,0.06554225832223892,0.0014237245777621865
1507,0.06546448916196823,0.0014153813244774938
1508,0.06538695096969604,0.0014112459030002356
1509,0.06530977040529251,0.0014114644145593047
1510,0.06523272395133972,0.001413337653502822
1511,0.06515593081712723,0.0014136938843876123
1512,0.06507935374975204,0.0014109977055341005
1513,0.06500306725502014,0.0014060087269172072
1514,0.06492689996957779,0.001400732551701367
1515,0.06485110521316528,0.001396972336806357
1516,0.06477543711662292,0.0013952682493254542
1517,0.06470004469156265,0.0013948575360700488
1518,0.06462482362985611,0.001394419465214014
1519,0.06454983353614807,0.0013929399428889155
1520,0.06447508931159973,0.0013902176870033145
1521,0.06440049409866333,0.0013867735397070646
1522,0.0643261969089508,0.0013834239216521382
1523,0.06425207853317261,0.0013807608047500253
1524,0.06417815387248993,0.0013789186486974359
1525,0.06410442292690277,0.0013775958213955164
1526,0.0640309751033783,0.0013763083843514323
1527,0.06395769119262695,0.0013746641343459487
1528,0.06388462334871292,0.0013725277967751026
1529,0.06381173431873322,0.0013700309209525585
1530,0.06373903155326843,0.001367441494949162
1531,0.06366658210754395,0.00136501993983984
1532,0.06359432637691498,0.0013629018794745207
1533,0.06352227926254272,0.0013610739260911942
1534,0.06345037370920181,0.0013594042975455523
1535,0.06337865442037582,0.00135772954672575
1536,0.06330717355012894,0.0013559253420680761
1537,0.06323590874671936,0.0013539514038711786
1538,0.06316479295492172,0.0013518409105017781
1539,0.06309390068054199,0.0013496731407940388
1540,0.06302320212125778,0.0013475361047312617
1541,0.0629526823759079,0.0013454860309138894
1542,0.06288231164216995,0.0013435418950393796
1543,0.0628121942281723,0.0013416811125352979
1544,0.0627421885728836,0.0013398684095591307
1545,0.06267242133617401,0.0013380582677200437
1546,0.06260279566049576,0.0013362191384658217
1547,0.06253339350223541,0.0013343379832804203
1548,0.06246417015790939,0.0013324168976396322
1549,0.062395062297582626,0.0013304677559062839
1550,0.06232617795467377,0.0013285120949149132
1551,0.0622575469315052,0.0013265615561977029
1552,0.06218895688652992,0.0013246360467746854
1553,0.062120646238327026,0.0013227356830611825
1554,0.06205243617296219,0.0013208622112870216
1555,0.06198444962501526,0.001319011440500617
1556,0.06191662698984146,0.0013171748723834753
1557,0.061848945915699005,0.001315346104092896
1558,0.06178150698542595,0.0013135180342942476
1559,0.06171415373682976,0.0013116870541125536
1560,0.06164701655507088,0.0013098535127937794
1561,0.06158003956079483,0.001308015314862132
1562,0.06151322275400162,0.0013061738573014736
1563,0.06144656613469124,0.0013043314684182405
1564,0.0613800585269928,0.0013024897780269384
1565,0.061313726007938385,0.0013006501831114292
1566,0.06124759465456009,0.001298815943300724
1567,0.06118160858750343,0.0012969868257641792
1568,0.06111575663089752,0.0012951623648405075
1569,0.06105007231235504,0.0012933452380821109
1570,0.0609845370054245,0.0012915311381220818
1571,0.06091923266649246,0.001289726817049086
1572,0.0608539953827858,0.0012879250571131706
1573,0.060788948088884354,0.0012861290015280247
1574,0.06072411686182022,0.0012843372533097863
1575,0.060659319162368774,0.0012825503945350647
1576,0.06059473007917404,0.001280767610296607
1577,0.060530342161655426,0.0012789868051186204
1578,0.06046605855226517,0.0012772121699526906
1579,0.060401931405067444,0.0012754409108310938
1580,0.060337960720062256,0.0012736732605844736
1581,0.06027413159608841,0.0012719123624265194
1582,0.0602104626595974,0.0012701512314379215
1583,0.06014695018529892,0.0012683961540460587
1584,0.060083579272031784,0.0012666455004364252
1585,0.0600203201174736,0.0012648978736251593
1586,0.059957265853881836,0.0012631566496565938
1587,0.05989435315132141,0.0012614198494702578
1588,0.059831514954566956,0.0012596899177879095
1589,0.05976887792348862,0.0012579711619764566
1590,0.05970637872815132,0.001256258925423026
1591,0.05964399874210358,0.001254563219845295
1592,0.059581756591796875,0.0012528840452432632
1593,0.05951970815658569,0.0012512372341006994
1594,0.05945773422718048,0.0012496290728449821
1595,0.05939595773816109,0.0012480864534154534
1596,0.05933426320552826,0.0012466443004086614
1597,0.05927271023392677,0.001245362451300025
1598,0.05921132117509842,0.0012443381128832698
1599,0.05915006995201111,0.0012437343830242753
1600,0.05908895656466484,0.0012438184348866343
1601,0.059027958661317825,0.0012450581416487694
1602,0.058967120945453644,0.0012482231250032783
1603,0.05890641361474991,0.0012546663638204336
1604,0.058845821768045425,0.0012666410766541958
1605,0.0587853342294693,0.0012881915317848325
1606,0.05872507020831108,0.0013259048573672771
1607,0.058664802461862564,0.00139173015486449
1608,0.05860476940870285,0.0015038320561870933
1609,0.05854485556483269,0.001694292644970119
1610,0.05848503112792969,0.0020007421262562275
1611,0.058425355702638626,0.0024776423815637827
1612,0.058365821838378906,0.0031121724750846624
1613,0.05830639600753784,0.0038226384203881025
1614,0.058247096836566925,0.00420161709189415
1615,0.05818793550133705,0.0038958219811320305
1616,0.05812884122133255,0.002767502795904875
1617,0.05806996673345566,0.0015998627059161663
1618,0.05801113322377205,0.0012268173741176724
1619,0.05795246362686157,0.0017359876073896885
1620,0.057893890887498856,0.0024060718715190887
1621,0.05783550813794136,0.002455860609188676
1622,0.05777721479535103,0.001861204276792705
1623,0.057718995958566666,0.0012836223468184471
1624,0.05766095221042633,0.0013022812781855464
1625,0.05760299414396286,0.0017221638699993491
1626,0.057545121759176254,0.0019275178201496601
1627,0.057487428188323975,0.0016681263223290443
1628,0.057429827749729156,0.0012864730088040233
1629,0.057372331619262695,0.0012299716472625732
1630,0.05731502175331116,0.001468641683459282
1631,0.05725773796439171,0.0016193881165236235
1632,0.057200636714696884,0.001482190564274788
1633,0.05714357644319534,0.0012500586453825235
1634,0.05708668380975723,0.0012047681957483292
1635,0.05702991783618927,0.0013442854396998882
1636,0.056973256170749664,0.001440274529159069
1637,0.05691668391227722,0.0013631732435896993
1638,0.05686018615961075,0.001222145976498723
1639,0.05680388584733009,0.001187528483569622
1640,0.056747667491436005,0.0012671456206589937
1641,0.05669156461954117,0.0013290431816130877
1642,0.0566355437040329,0.0012895208783447742
1643,0.05657963082194328,0.0012042734306305647
1644,0.05652386695146561,0.001175003475509584
1645,0.056468188762664795,0.0012170346453785896
1646,0.05641264468431473,0.001258218428120017
1647,0.05635716766119003,0.0012424354208633304
1648,0.0563017800450325,0.0011919428361579776
1649,0.0562465637922287,0.0011659697629511356
1650,0.05619142949581146,0.001184023218229413
1651,0.05613641440868378,0.0012112952535972
1652,0.056081488728523254,0.0012096773134544492
1653,0.056026652455329895,0.0011816842015832663
1654,0.055971939116716385,0.0011596295516937971
1655,0.05591729283332825,0.0011629890650510788
1656,0.055862851440906525,0.0011793541489169002
1657,0.055808454751968384,0.0011845910921692848
1658,0.05575413256883621,0.001171615906059742
1659,0.05569988861680031,0.0011548728216439486
1660,0.05564582347869873,0.0011501521803438663
1661,0.05559178441762924,0.001157399034127593
1662,0.05553789436817169,0.0011639867443591356
1663,0.05548412352800369,0.0011605264153331518
1664,0.05543045699596405,0.0011501277331262827
1665,0.0553768053650856,0.0011425719130784273
1666,0.05532330647110939,0.0011428825091570616
1667,0.05526991933584213,0.001147113274782896
1668,0.055216602981090546,0.0011481967521831393
1669,0.05516340211033821,0.0011436891509220004
1670,0.05511030554771423,0.0011372532462701201
1671,0.05505726486444473,0.0011338002514094114
1672,0.055004384368658066,0.0011343687074258924
1673,0.05495159700512886,0.0011359115596860647
1674,0.054898813366889954,0.0011350950226187706
1675,0.05484623834490776,0.001131526194512844
1676,0.05479368567466736,0.0011275404831394553
1677,0.05474129319190979,0.0011254276614636183
1678,0.054688937962055206,0.001125294016674161
1679,0.05463670194149017,0.0011254122946411371
1680,0.05458458513021469,0.0011241922620683908
1681,0.0545324981212616,0.001121590263210237
1682,0.05448053032159805,0.0011188294738531113
1683,0.054428696632385254,0.001117055886425078
1684,0.05437689274549484,0.001116320607252419
1685,0.05432523787021637,0.0011157700791954994
1686,0.054273590445518494,0.0011145727476105094
1687,0.05422210693359375,0.001112622325308621
1688,0.054170697927474976,0.001110483892261982
1689,0.05411935970187187,0.0011087816674262285
1690,0.05406811460852623,0.001107652671635151
1691,0.054017048329114914,0.001106748590245843
1692,0.053965985774993896,0.001105607021600008
1693,0.05391499027609825,0.0011040582321584225
1694,0.053864166140556335,0.0011022994294762611
1695,0.05381337180733681,0.0011006551794707775
1696,0.053762681782245636,0.0010993010364472866
1697,0.053712062537670135,0.0010981615632772446
1698,0.053661517798900604,0.0010970094008371234
1699,0.05361112207174301,0.001095680403523147
1700,0.05356074869632721,0.001094176433980465
1701,0.05351049453020096,0.001092636026442051
1702,0.053460344672203064,0.001091195736080408
1703,0.053410232067108154,0.0010898945620283484
1704,0.05336027592420578,0.0010886724339798093
1705,0.053310368210077286,0.001087417476810515
1706,0.053260523825883865,0.001086078817024827
1707,0.0532107800245285,0.0010846654186025262
1708,0.0531611330807209,0.0010832413099706173
1709,0.05311155319213867,0.0010818701703101397
1710,0.053062066435813904,0.0010805638739839196
1711,0.05301262438297272,0.0010792957618832588
1712,0.05296328663825989,0.0010780168231576681
1713,0.052914075553417206,0.0010767023777589202
1714,0.052864931523799896,0.0010753542883321643
1715,0.05281586945056915,0.0010739911813288927
1716,0.05276685208082199,0.0010726494947448373
1717,0.05271797627210617,0.0010713362134993076
1718,0.052669115364551544,0.0010700490092858672
1719,0.05262036621570587,0.0010687662288546562
1720,0.052571699023246765,0.0010674747172743082
1721,0.052523087710142136,0.0010661655105650425
1722,0.05247458070516586,0.0010648454772308469
1723,0.05242618918418884,0.0010635301005095243
1724,0.052377864718437195,0.0010622222907841206
1725,0.05232957750558853,0.0010609288001433015
1726,0.05228136479854584,0.0010596448555588722
1727,0.052233271300792694,0.001058363588526845
1728,0.052185267210006714,0.001057082088664174
1729,0.05213725566864014,0.00105579465162009
1730,0.05208943039178848,0.0010545027907937765
1731,0.052041660994291306,0.0010532117448747158
1732,0.05199391767382622,0.0010519245406612754
1733,0.05194627121090889,0.0010506422258913517
1734,0.05189871788024902,0.0010493681766092777
1735,0.051851220428943634,0.0010480970377102494
1736,0.0518038347363472,0.001046826713718474
1737,0.051756471395492554,0.0010455583687871695
1738,0.05170922726392746,0.0010442874627187848
1739,0.051662079989910126,0.0010430176043882966
1740,0.0516149178147316,0.0010417478624731302
1741,0.051567934453487396,0.001040480681695044
1742,0.05152095854282379,0.0010392179246991873
1743,0.05147407576441765,0.0010379590094089508
1744,0.05142728239297867,0.0010367007926106453
1745,0.05138053745031357,0.0010354454861953855
1746,0.05133391171693802,0.0010341927409172058
1747,0.051287293434143066,0.0010329397628083825
1748,0.051240794360637665,0.0010316884145140648
1749,0.05119434744119644,0.0010304383467882872
1750,0.051147982478141785,0.0010291904909536242
1751,0.051101721823215485,0.0010279439156875014
1752,0.05105544626712799,0.0010266981553286314
1753,0.05100934952497482,0.0010254550725221634
1754,0.050963252782821655,0.0010242157150059938
1755,0.05091726779937744,0.0010229774052277207
1756,0.050871334969997406,0.0010217423550784588
1757,0.05082549899816513,0.0010205061407759786
1758,0.05077967792749405,0.0010192746995016932
1759,0.05073395371437073,0.001018043956719339
1760,0.05068831890821457,0.0010168126318603754
1761,0.05064278841018677,0.0010155857307836413
1762,0.05059722065925598,0.00101435836404562
1763,0.050551824271678925,0.0010131336748600006
1764,0.05050645023584366,0.0010119113139808178
1765,0.050461165606975555,0.0010106897680088878
1766,0.050415944308042526,0.001009470666758716
1767,0.050370778888463974,0.0010082527296617627
1768,0.050325702875852585,0.0010070365387946367
1769,0.050280697643756866,0.0010058250045403838
1770,0.05023566633462906,0.001004612073302269
1771,0.05019085109233856,0.0010034015867859125
1772,0.05014602839946747,0.0010021909838542342
1773,0.05010131746530533,0.0010009848047047853
1774,0.05005659535527229,0.000999780953861773
1775,0.05001198127865791,0.0009985753567889333
1776,0.04996743053197861,0.0009973738342523575
1777,0.04992290213704109,0.000996174057945609
1778,0.049878526479005814,0.0009949741652235389
1779,0.04983416944742203,0.0009937778813764453
1780,0.049789898097515106,0.0009925819467753172
1781,0.04974568262696266,0.0009913884568959475
1782,0.04970155656337738,0.0009901960147544742
1783,0.049657415598630905,0.0009890042711049318
1784,0.049613431096076965,0.000987816252745688
1785,0.04956944286823273,0.0009866284672170877
1786,0.04952558875083923,0.0009854449890553951
1787,0.049481749534606934,0.0009842619765549898
1788,0.0494379848241806,0.0009830771014094353
1789,0.04939425364136696,0.0009818979306146502
1790,0.04935062676668167,0.0009807180613279343
1791,0.049307093024253845,0.0009795422665774822
1792,0.04926358908414841,0.0009783655405044556
1793,0.049220118671655655,0.0009771909099072218
1794,0.04917670041322708,0.0009760204120539129
1795,0.04913340508937836,0.0009748501470312476
1796,0.049090128391981125,0.0009736809879541397
1797,0.04904697835445404,0.0009725155541673303
1798,0.04900382086634636,0.0009713508188724518
1799,0.04896077513694763,0.0009701885282993317
1800,0.0489177443087101,0.0009690310689620674
1801,0.048874787986278534,0.0009678791393525898
1802,0.04883190244436264,0.0009667313424870372
1803,0.04878908395767212,0.0009655895410105586
1804,0.048746298998594284,0.0009644633391872048
1805,0.048703599721193314,0.0009633539011701941
1806,0.04866092652082443,0.0009622733341529965
1807,0.04861835390329361,0.0009612416033633053
1808,0.04857577383518219,0.000960282573942095
1809,0.04853338375687599,0.0009594499133527279
1810,0.0484909787774086,0.000958826916757971
1811,0.048448607325553894,0.0009585532825440168
1812,0.04840631037950516,0.0009588722023181617
1813,0.04836408793926239,0.0009601970668882132
1814,0.04832194000482559,0.0009632735745981336
1815,0.04827982932329178,0.000969332701060921
1816,0.04823774844408035,0.0009806838352233171
1817,0.04819577932357788,0.0010010297410190105
1818,0.048153817653656006,0.0010375737911090255
1819,0.048111915588378906,0.0011010097805410624
1820,0.048070088028907776,0.00121304951608181
1821,0.04802827909588814,0.0013995529152452946
1822,0.047986581921577454,0.0017147483304142952
1823,0.04794495925307274,0.0021801770199090242
1824,0.04790329933166504,0.0028524843510240316
1825,0.04786182940006256,0.0035305912606418133
1826,0.04782027378678322,0.0040587736293673515
1827,0.047778863459825516,0.0038694769609719515
1828,0.0477374866604805,0.003062431002035737
1829,0.04769619181752205,0.002030824776738882
1830,0.04765491932630539,0.0014992733485996723
1831,0.047613710165023804,0.001620008610188961
1832,0.047572579234838486,0.0018663135124370456
1833,0.04753144830465317,0.001886333804577589
1834,0.0474904328584671,0.0017230535158887506
1835,0.047449395060539246,0.0015998480375856161
1836,0.04740845784544945,0.0014868939761072397
1837,0.04736757650971413,0.0012742977123707533
1838,0.04732676222920418,0.001192003721371293
1839,0.04728594422340393,0.0013784099137410522
1840,0.04724518954753876,0.001520188176073134
1841,0.047204554080963135,0.0013080521021038294
1842,0.047163933515548706,0.0009809938492253423
1843,0.04712335020303726,0.0010132654570043087
1844,0.04708284139633179,0.0012792851775884628
1845,0.047042366117239,0.0012986694928258657
1846,0.04700194671750069,0.001063498668372631
1847,0.04696158692240715,0.0009511426906101406
1848,0.04692130535840988,0.0010523456148803234
1849,0.04688100516796112,0.0011131131323054433
1850,0.04684078320860863,0.0010483517544344068
1851,0.046800628304481506,0.001013549859635532
1852,0.046760544180870056,0.0010296740802004933
1853,0.04672045260667801,0.000993099296465516
1854,0.04668045789003372,0.0009440187714062631
1855,0.04664049297571182,0.0009778470266610384
1856,0.0466005802154541,0.0010295971296727657
1857,0.04656071215867996,0.0009923637844622135
1858,0.046520911157131195,0.0009195044403895736
1859,0.046481162309646606,0.0009210866992361844
1860,0.0464414544403553,0.0009669202845543623
1861,0.04640176147222519,0.0009681838564574718
1862,0.046362146735191345,0.0009364070137962699
1863,0.04632256180047989,0.0009269833099097013
1864,0.046283066272735596,0.0009318763623014092
1865,0.04624359682202339,0.0009216332109645009
1866,0.046204157173633575,0.0009134695865213871
1867,0.046164773404598236,0.0009261536179110408
1868,0.04612542688846588,0.0009331832989118993
1869,0.04608619213104248,0.0009145711082965136
1870,0.046046942472457886,0.0008968767942860723
1871,0.04600776359438896,0.0009028171771205962
1872,0.045968636870384216,0.0009142243070527911
1873,0.045929525047540665,0.0009105614153668284
1874,0.045890435576438904,0.0009011300280690193
1875,0.04585146903991699,0.0008994092931970954
1876,0.04581250250339508,0.0008993475930765271
1877,0.04577356576919556,0.0008943783468566835
1878,0.0457347109913826,0.0008919308893382549
1879,0.04569587484002113,0.00089592847507447
1880,0.04565707966685295,0.0008973238291218877
1881,0.0456184446811676,0.0008911665063351393
1882,0.0455796904861927,0.0008852577302604914
1883,0.04554102569818497,0.0008857076754793525
1884,0.0455024391412735,0.0008877575746737421
1885,0.045463889837265015,0.0008863367256708443
1886,0.04542537406086922,0.0008838797220960259
1887,0.04538688063621521,0.0008832117891870439
1888,0.045348502695560455,0.0008822244126349688
1889,0.045310087502002716,0.0008794026216492057
1890,0.04527175799012184,0.0008773887529969215
1891,0.045233480632305145,0.0008778729825280607
1892,0.04519522190093994,0.0008783561643213034
1893,0.04515700042247772,0.0008766534738242626
1894,0.04511881619691849,0.0008742654463276267
1895,0.04508071765303612,0.0008731095585972071
1896,0.04504261165857315,0.0008725493098609149
1897,0.04500455781817436,0.0008714074501767755
1898,0.044966619461774826,0.0008702079067006707
1899,0.044928617775440216,0.0008696946315467358
1900,0.04489068686962128,0.0008691550465300679
1901,0.04485279321670532,0.0008677648729644716
1902,0.044814981520175934,0.000866108457557857
1903,0.04477715492248535,0.0008651082753203809
1904,0.04473941773176193,0.000864553265273571
1905,0.04470168054103851,0.000863728579133749
1906,0.044664036482572556,0.000862640852574259
1907,0.044626377522945404,0.000861715292558074
1908,0.044588781893253326,0.0008608920616097748
1909,0.04455122351646423,0.0008598277345299721
1910,0.04451368376612663,0.0008586202166043222
1911,0.04447624459862709,0.0008576442487537861
1912,0.044438786804676056,0.0008569174096919596
1913,0.0444013848900795,0.0008561114664189517
1914,0.04436406493186951,0.000855117803439498
1915,0.04432672634720802,0.0008541267015971243
1916,0.04428941756486893,0.0008532294887118042
1917,0.044252172112464905,0.0008523025899194181
1918,0.04421494901180267,0.0008512891363352537
1919,0.044177815318107605,0.0008503228309564292
1920,0.04414065554738045,0.0008494738722220063
1921,0.04410354793071747,0.0008486428414471447
1922,0.044066473841667175,0.0008477265946567059
1923,0.04402945935726166,0.0008467695442959666
1924,0.04399250075221062,0.0008458515512757003
1925,0.04395551607012749,0.0008449545712210238
1926,0.043918635696172714,0.0008440252277068794
1927,0.04388176649808884,0.0008430829038843513
1928,0.04384491592645645,0.0008421823149546981
1929,0.043808117508888245,0.0008413176983594894
1930,0.04377138614654541,0.0008404353284277022
1931,0.043734628707170486,0.0008395238546654582
1932,0.04369793087244034,0.0008386121480725706
1933,0.04366125911474228,0.0008377174963243306
1934,0.043624624609947205,0.0008368206908926368
1935,0.043588049709796906,0.000835909740999341
1936,0.0435514934360981,0.0008350000134669244
1937,0.04351495951414108,0.0008341107168234885
1938,0.043478455394506454,0.0008332334691658616
1939,0.04344199225306511,0.0008323452202603221
1940,0.04340558499097824,0.0008314513834193349
1941,0.04336923360824585,0.000830563367344439
1942,0.04333285987377167,0.0008296784362755716
1943,0.04329659044742584,0.0008287904202006757
1944,0.04326026141643524,0.0008278965251520276
1945,0.04322405159473419,0.0008270036778412759
1946,0.043187785893678665,0.000826121075078845
1947,0.0431516170501709,0.0008252403349615633
1948,0.04311549291014671,0.0008243566262535751
1949,0.043079353868961334,0.0008234733249992132
1950,0.043043266981840134,0.0008225966012105346
1951,0.043007250875234604,0.0008217183058150113
1952,0.04297121241688728,0.0008208416402339935
1953,0.04293522983789444,0.0008199603180401027
1954,0.042899325489997864,0.0008190838852897286
1955,0.0428633838891983,0.0008182080928236246
1956,0.04282747581601143,0.0008173336973413825
1957,0.042791567742824554,0.000816458195913583
1958,0.04275576025247574,0.0008155835093930364
1959,0.042719967663288116,0.0008147112093865871
1960,0.04268418997526169,0.0008138405974023044
1961,0.04264846444129944,0.0008129708003252745
1962,0.04261279106140137,0.0008120995480567217
1963,0.0425771102309227,0.0008112319046631455
1964,0.04254145920276642,0.0008103651343844831
1965,0.04250588268041611,0.0008095005759969354
1966,0.04247025400400162,0.0008086333400569856
1967,0.042434774339199066,0.0008077684324234724
1968,0.04239923506975174,0.0008069052710197866
1969,0.0423637330532074,0.0008060416439548135
1970,0.04232824221253395,0.000805180985480547
1971,0.042292848229408264,0.0008043190464377403
1972,0.04225744307041168,0.0008034583879634738
1973,0.04222206026315689,0.0008025979623198509
1974,0.04218673333525658,0.0008017399813979864
1975,0.04215142875909805,0.0008008820586837828
1976,0.042116161435842514,0.0008000241359695792
1977,0.04208088666200638,0.0007991691818460822
1978,0.04204567149281502,0.0007983139948919415
1979,0.042010486125946045,0.0007974589243531227
1980,0.04197531193494797,0.0007966069388203323
1981,0.04194016009569168,0.0007957535563036799
1982,0.041905082762241364,0.000794902618508786
1983,0.04186995327472687,0.0007940508658066392
1984,0.04183489829301834,0.0007932021399028599
1985,0.04179989546537399,0.0007923531229607761
1986,0.04176490008831024,0.0007915055030025542
1987,0.041729915887117386,0.0007906578830443323
1988,0.0416950061917305,0.0007898127078078687
1989,0.04166010767221451,0.0007889664266258478
1990,0.04162517935037613,0.0007881224155426025
1991,0.04159034416079521,0.0007872786372900009
1992,0.041555508971214294,0.0007864339277148247
1993,0.04152067005634308,0.0007855938747525215
1994,0.041485920548439026,0.0007847526576370001
1995,0.04145117104053497,0.0007839133613742888
1996,0.04141640290617943,0.0007830738322809339
1997,0.04138171300292015,0.0007822344196029007
1998,0.04134705662727356,0.0007813968695700169
1999,0.04131244868040085,0.0007805601926520467
2000,0.04127783328294754,0.0007797266007401049
2001,0.04124319553375244,0.0007788932998664677
2002,0.041208673268556595,0.0007780598243698478
2003,0.041174087673425674,0.0007772284443490207
2004,0.041139617562294006,0.0007764004403725266
2005,0.04110510274767876,0.0007755754049867392
2006,0.04107065871357918,0.000774754851590842
2007,0.04103623703122139,0.00077394163236022
2008,0.04100186005234718,0.0007731395890004933
2009,0.04096749424934387,0.0007723539602011442
2010,0.04093318432569504,0.0007715975516475737
2011,0.040898989886045456,0.0007708861376158893
2012,0.04086487367749214,0.0007702514994889498
2013,0.040830884128808975,0.0007697466062381864
2014,0.04079703986644745,0.0007694585947319865
2015,0.04076371341943741,0.000769545033108443
2016,0.04073091223835945,0.0007702776929363608
2017,0.040699202567338943,0.0007721325382590294
2018,0.04066935181617737,0.0007759467116557062
2019,0.04064279422163963,0.0007832332630641758
2020,0.040622178465127945,0.0007966361008584499
2021,0.04061204940080643,0.0008209805237129331
2022,0.04062103480100632,0.0008646497153677046
2023,0.04066409915685654,0.0009429330239072442
2024,0.040769703686237335,0.0010810326784849167
2025,0.04098307341337204,0.0013228320749476552
2026,0.04138939455151558,0.0017266480717808008
2027,0.04209044948220253,0.0023690073285251856
2028,0.04324835538864136,0.003242949955165386
2029,0.04480971023440361,0.004187567625194788
2030,0.04660893976688385,0.004594619385898113
2031,0.04750560224056244,0.003922140691429377
2032,0.047141656279563904,0.002259235130622983
2033,0.04502881318330765,0.000929467030800879
2034,0.04307273030281067,0.0009478192077949643
2035,0.04164433479309082,0.0019037582678720355
2036,0.0411510206758976,0.0025056488811969757
2037,0.041248124092817307,0.001994926016777754
2038,0.041829004883766174,0.0010478030890226364
2039,0.04314674437046051,0.0007869536057114601
2040,0.04455545172095299,0.0013207209995016456
2041,0.04540170356631279,0.0017406956758350134
2042,0.04347047582268715,0.0014358066255226731
2043,0.04084387421607971,0.0008771819993853569
2044,0.04012879356741905,0.0008010122692212462
2045,0.041711799800395966,0.0011647024657577276
2046,0.043986644595861435,0.001335746725089848
2047,0.04551166296005249,0.0010617765365168452
2048,0.04687751457095146,0.0007693739607930183
2049,0.045621879398822784,0.0008333973819389939
2050,0.04284573346376419,0.0010618222877383232
2051,0.0407453291118145,0.0010730772046372294
2052,0.04138278216123581,0.0008622175664640963
2053,0.0433453768491745,0.0007436153246089816
2054,0.04493613541126251,0.0008432248723693192
2055,0.04586651921272278,0.0009589822730049491
2056,0.04442176967859268,0.000907628855202347
2057,0.04195617884397507,0.0007746824994683266
2058,0.039939213544130325,0.0007461897330358624
2059,0.04029233753681183,0.0008279371540993452
2060,0.04189036041498184,0.0008732506539672613
2061,0.042539436370134354,0.0008154540555551648
2062,0.04222024232149124,0.0007425181102007627
2063,0.041106533259153366,0.0007478792686015368
2064,0.040055640041828156,0.0008008957374840975
2065,0.03937675431370735,0.0008129748748615384
2066,0.039445701986551285,0.0007687330362387002
2067,0.03995756059885025,0.0007313373498618603
2068,0.040136050432920456,0.0007434964645653963
2069,0.03982403874397278,0.0007744370959699154
2070,0.03930675983428955,0.0007748306379653513
2071,0.03901999443769455,0.0007454981096088886
2072,0.039059799164533615,0.0007260586135089397
2073,0.039259880781173706,0.000736044894438237
2074,0.039375875145196915,0.0007535364711657166
2075,0.039265476167201996,0.0007514339522458613
2076,0.03904581815004349,0.0007331539527513087
2077,0.03887084126472473,0.0007220941479317844
2078,0.038827747106552124,0.0007282557780854404
2079,0.03889456391334534,0.0007382371695712209
2080,0.03899098187685013,0.0007366087520495057
2081,0.03903099521994591,0.000725516234524548
2082,0.03894219174981117,0.0007184153655543923
2083,0.038771048188209534,0.0007213936769403517
2084,0.03861940652132034,0.000727156933862716
2085,0.038573045283555984,0.0007265174644999206
2086,0.03861586004495621,0.0007199112442322075
2087,0.038668759167194366,0.0007148770964704454
2088,0.03867575153708458,0.0007156761130318046
2089,0.038622088730335236,0.0007188929012045264
2090,0.038535527884960175,0.0007189788739196956
2091,0.038436904549598694,0.0007151850732043386
2092,0.03835928440093994,0.0007114592008292675
2093,0.03832652047276497,0.0007109313155524433
2094,0.038334138691425323,0.0007124764379113913
2095,0.03834957629442215,0.0007128581637516618
2096,0.0383375883102417,0.0007108210702426732
2097,0.038292787969112396,0.0007081005023792386
2098,0.03822825476527214,0.0007068843115121126
2099,0.03816591203212738,0.0007072689477354288
2100,0.03811514377593994,0.0007075834437273443
2101,0.038079194724559784,0.0007065788377076387
2102,0.03805800527334213,0.0007047012913972139
2103,0.03804640471935272,0.0007032741559669375
2104,0.03803281486034393,0.0007028870168142021
2105,0.03800595551729202,0.0007029091939330101
2106,0.0379660502076149,0.000702406803611666
2107,0.03792021423578262,0.0007011928246356547
2108,0.03787660971283913,0.0006998727913014591
2109,0.03783820942044258,0.0006990503752604127
2110,0.037805814296007156,0.0006987043307162821
2111,0.037779442965984344,0.0006983287748880684
2112,0.03775715455412865,0.000697552168276161
2113,0.03773479163646698,0.0006964897038415074
2114,0.03770849108695984,0.0006955275312066078
2115,0.037677470594644547,0.0006948781083337963
2116,0.037642695009708405,0.0006944057531654835
2117,0.03760642558336258,0.0006938272854313254
2118,0.037570659071207047,0.0006930233212187886
2119,0.03753703460097313,0.0006921204621903598
2120,0.03750620782375336,0.0006913221441209316
2121,0.037477653473615646,0.000690688262693584
2122,0.03745047748088837,0.0006901155575178564
2123,0.03742365539073944,0.0006894650869071484
2124,0.03739643096923828,0.0006886954652145505
2125,0.03736771270632744,0.0006878938875161111
2126,0.03733738511800766,0.0006871546502225101
2127,0.037305839359760284,0.000686502200551331
2128,0.037274036556482315,0.0006858761189505458
2129,0.03724244236946106,0.0006852051010355353
2130,0.037211135029792786,0.000684474827721715
2131,0.037180185317993164,0.0006837270921096206
2132,0.03714995086193085,0.0006830105558037758
2133,0.037120476365089417,0.0006823402945883572
2134,0.03709152713418007,0.0006816862151026726
2135,0.037062592804431915,0.0006810142658650875
2136,0.03703366965055466,0.0006803111173212528
2137,0.0370047464966774,0.0006795941735617816
2138,0.03697583079338074,0.0006788891041651368
2139,0.03694668039679527,0.0006782086566090584
2140,0.03691737726330757,0.0006775407237000763
2141,0.03688792139291763,0.0006768699968233705
2142,0.03685837239027023,0.0006761843105778098
2143,0.03682883456349373,0.0006754866917617619
2144,0.03679921478033066,0.0006747920997440815
2145,0.03676954656839371,0.0006741068209521472
2146,0.03673998638987541,0.0006734328344464302
2147,0.03671039640903473,0.0006727614672854543
2148,0.03668086230754852,0.0006720836972817779
2149,0.03665139898657799,0.0006714002811349928
2150,0.036622047424316406,0.0006707147695124149
2151,0.03659271448850632,0.0006700321100652218
2152,0.03656338155269623,0.00066935527138412
2153,0.03653411939740181,0.000668681226670742
2154,0.03650498017668724,0.0006680103251710534
2155,0.03647584468126297,0.0006673348834738135
2156,0.036446843296289444,0.0006666569388471544
2157,0.0364178903400898,0.0006659796345047653
2158,0.03638904169201851,0.0006653032614849508
2159,0.03636040911078453,0.0006646299734711647
2160,0.03633197024464607,0.0006639600032940507
2161,0.03630378842353821,0.0006632896838709712
2162,0.03627605736255646,0.0006626185495406389
2163,0.036248866468667984,0.0006619466585107148
2164,0.03622254729270935,0.0006612736033275723
2165,0.03619759902358055,0.0006606037495657802
2166,0.03617454320192337,0.0006599344196729362
2167,0.03615446388721466,0.000659267301671207
2168,0.036138586699962616,0.0006585997180081904
2169,0.03612985461950302,0.0006579332402907312
2170,0.03613091632723808,0.0006572651327587664
2171,0.03614941984415054,0.0006565983640030026
2172,0.036191459745168686,0.0006559327011927962
2173,0.036277949810028076,0.0006552657578140497
2174,0.03641941398382187,0.000654603005386889
2175,0.03667154535651207,0.0006539401365444064
2176,0.03703689947724342,0.0006532757543027401
2177,0.037651024758815765,0.0006526134675368667
2178,0.03840630501508713,0.0006519515300169587
2179,0.039553865790367126,0.0006512902327813208
2180,0.04046892747282982,0.000650627538561821
2181,0.04141237586736679,0.0006499676965177059
2182,0.040970321744680405,0.000649307097773999
2183,0.03981642425060272,0.000648647896014154
2184,0.03778119012713432,0.0006479880539700389
2185,0.03624559938907623,0.0006473308894783258
2186,0.03563568741083145,0.0006466720951721072
2187,0.035918284207582474,0.000646016385871917
2188,0.03694405406713486,0.0006453597452491522
2189,0.0387662798166275,0.0006447039777413011
2190,0.04182285815477371,0.0006440486758947372
2191,0.044089898467063904,0.0006433934904634953
2192,0.043985988944768906,0.0006427383050322533
2193,0.039394110441207886,0.0006420857971534133
2194,0.03598211705684662,0.0006414312520064414
2195,0.037129633128643036,0.0006407793262042105
2196,0.04183238744735718,0.0006401277496479452
2197,0.05030829831957817,0.0006394758238457143
2198,0.0591626837849617,0.0006388254114426672
2199,0.06417310237884521,0.000638173776678741
2200,0.046434491872787476,0.0006375249940901995
2201,0.0443262904882431,0.000636875513009727
2202,0.055005162954330444,0.0006362261483445764
2203,0.04152529686689377,0.0006355794612318277
2204,0.037067726254463196,0.0006349307950586081
2205,0.05164612829685211,0.0006342831184156239
2206,0.0812988355755806,0.0006336372462101281
2207,0.13622541725635529,0.0006329921307042241
2208,0.0893433541059494,0.0006323453271761537
2209,0.06692395359277725,0.0006317007937468588
2210,0.1354479044675827,0.0006310556782409549
2211,0.09300771355628967,0.0006304120179265738
2212,0.06425832211971283,0.0006297700456343591
2213,0.10028588771820068,0.0006291262106969953
2214,0.04474371671676636,0.0006284847040660679
2215,0.06871186941862106,0.0006278423243202269
2216,0.11610852181911469,0.0006272022146731615
2217,0.05766741931438446,0.0006265615811571479
2218,0.054798197001218796,0.0006259205983951688
2219,0.07206079363822937,0.0006252815946936607
2220,0.0425555482506752,0.0006246431730687618
2221,0.07195320725440979,0.0006240034708753228
2222,0.04214935004711151,0.0006233665626496077
2223,0.06453166157007217,0.0006227295380085707
2224,0.04104623571038246,0.0006220912910066545
2225,0.054183680564165115,0.0006214555469341576
2226,0.04812835901975632,0.000620820268522948
2227,0.043801285326480865,0.0006201856303960085
2228,0.05713032931089401,0.0006195507012307644
2229,0.04026760905981064,0.0006189157720655203
2230,0.04647208750247955,0.0006182822398841381
2231,0.04873552918434143,0.0006176503375172615
2232,0.03799375891685486,0.0006170168635435402
2233,0.046599939465522766,0.0006163849029690027
2234,0.04062573239207268,0.0006157532916404307
2235,0.040326885879039764,0.0006151234265416861
2236,0.043371155858039856,0.0006144930375739932
2237,0.037612251937389374,0.0006138621247373521
2238,0.04264659434556961,0.0006132342386990786
2239,0.038430362939834595,0.0006126052467152476
2240,0.03933209925889969,0.0006119768368080258
2241,0.04029492288827896,0.0006113492418080568
2242,0.03643278777599335,0.0006107222870923579
2243,0.039309125393629074,0.0006100956234149635
2244,0.03819199651479721,0.0006094700074754655
2245,0.03594385087490082,0.0006088444497436285
2246,0.03835873678326607,0.0006082195322960615
2247,0.038116030395030975,0.0006075940327718854
2248,0.035789795219898224,0.0006069703958928585
2249,0.036786194890737534,0.0006063474575057626
2250,0.037141986191272736,0.0006057239952497184
2251,0.03558149188756943,0.0006051021628081799
2252,0.03635828569531441,0.0006044805631972849
2253,0.036427244544029236,0.0006038586725480855
2254,0.035451605916023254,0.0006032382370904088
2255,0.036139585077762604,0.0006026175688020885
2256,0.03584078699350357,0.0006019975407980382
2257,0.03523513674736023,0.0006013783859089017
2258,0.03580474853515625,0.0006007601041346788
2259,0.03563429042696953,0.0006001422880217433
2260,0.03514642268419266,0.0005995237734168768
2261,0.035465653985738754,0.0005989069468341768
2262,0.035414308309555054,0.0005982903530821204
2263,0.03501373901963234,0.0005976750981062651
2264,0.03521604835987091,0.0005970586207695305
2265,0.03521154820919037,0.0005964438314549625
2266,0.03493818640708923,0.0005958292167633772
2267,0.03508239611983299,0.0005952153005637228
2268,0.0350269190967083,0.0005946023156866431
2269,0.034821704030036926,0.0005939892143942416
2270,0.034933481365442276,0.0005933763459324837
2271,0.03490103781223297,0.0005927644670009613
2272,0.03474653884768486,0.0005921534029766917
2273,0.0348062664270401,0.0005915421643294394
2274,0.03479039669036865,0.0005909318570047617
2275,0.034660276025533676,0.0005903228302486241
2276,0.034682340919971466,0.0005897138034924865
2277,0.03468507528305054,0.0005891071632504463
2278,0.0345885306596756,0.0005885006976313889
2279,0.03459235653281212,0.0005878948722966015
2280,0.03458745777606964,0.0005872923647984862
2281,0.03450601175427437,0.000586693815421313
2282,0.03449958562850952,0.0005861022509634495
2283,0.03449754789471626,0.0005855202325619757
2284,0.03443474695086479,0.0005849567241966724
2285,0.0344172827899456,0.0005844247061759233
2286,0.034412041306495667,0.0005839465884491801
2287,0.034359950572252274,0.0005835687625221908
2288,0.034333404153585434,0.0005833675968460739
2289,0.034328050911426544,0.0005834879702888429
2290,0.034289173781871796,0.0005841917591169477
2291,0.03426039591431618,0.0005859700031578541
2292,0.03425031155347824,0.0005897348164580762
2293,0.0342155285179615,0.0005971784121356905
2294,0.034184642136096954,0.0006115207797847688
2295,0.03417222574353218,0.0006387052708305418
2296,0.03414418548345566,0.0006901746965013444
2297,0.034114040434360504,0.000786509073805064
2298,0.03409779816865921,0.00096684112213552
2299,0.03407256305217743,0.0012941703898832202
2300,0.03404209762811661,0.0018751920433714986
2301,0.034023020416498184,0.0028044255450367928
2302,0.03400096297264099,0.004112426191568375
2303,0.033972445875406265,0.00530601292848587
2304,0.03395117074251175,0.005512177478522062
2305,0.033929601311683655,0.003824712475761771
2306,0.03390208259224892,0.0014756598975509405
2307,0.03387933969497681,0.0006023406749591231
2308,0.03385835140943527,0.0016788901994004846
2309,0.033832646906375885,0.0028819958679378033
2310,0.03380885720252991,0.002459645038470626
2311,0.03378748148679733,0.0010681512067094445
2312,0.03376289829611778,0.0006292632315307856
2313,0.03373849391937256,0.0014500615652650595
2314,0.03371680900454521,0.0019649285823106766
2315,0.03369332477450371,0.00132328225299716
2316,0.03366890922188759,0.0006134604336693883
2317,0.03364655375480652,0.0008520036353729665
2318,0.033623434603214264,0.0013930975692346692
2319,0.03359926864504814,0.001235065865330398
2320,0.03357638791203499,0.0006839667912572622
2321,0.03355363383889198,0.0006457556737586856
2322,0.03352982550859451,0.0010254180524498224
2323,0.033506520092487335,0.0010666591115295887
2324,0.03348378837108612,0.0007165466668084264
2325,0.03346025571227074,0.000579494284465909
2326,0.03343673050403595,0.0008012187317945063
2327,0.03341394662857056,0.0009137367596849799
2328,0.03339067101478577,0.0007187350420281291
2329,0.033367082476615906,0.0005660784081555903
2330,0.033344022929668427,0.0006719913799315691
2331,0.03332088887691498,0.000789336976595223
2332,0.03329739719629288,0.0007024809019640088
2333,0.03327416628599167,0.0005716465529985726
2334,0.03325110673904419,0.0006006959592923522
2335,0.03322770446538925,0.000696556584443897
2336,0.0332043282687664,0.0006768254097551107
2337,0.03318117558956146,0.0005818837089464068
2338,0.03315790370106697,0.0005660729366354644
2339,0.03313448652625084,0.0006288791773840785
2340,0.03311125189065933,0.0006459898431785405
2341,0.03308802843093872,0.0005899628740735352
2342,0.03306462615728378,0.0005549438064917922
2343,0.03304130584001541,0.0005845600389875472
2344,0.033018097281455994,0.0006135873263701797
2345,0.03299472853541374,0.0005909331957809627
2346,0.03297141194343567,0.0005559904966503382
2347,0.032948121428489685,0.0005600558361038566
2348,0.03292480483651161,0.0005848840810358524
2349,0.032901424914598465,0.0005843393737450242
2350,0.03287811949849129,0.000560178654268384
2351,0.032854799181222916,0.0005499414983205497
2352,0.03283146023750305,0.0005632353131659329
2353,0.03280811756849289,0.0005726066301576793
2354,0.03278481215238571,0.000561965280212462
2355,0.03276146948337555,0.0005483942804858088
2356,0.032738134264945984,0.0005501760169863701
2357,0.032714806497097015,0.0005595397669821978
2358,0.03269150108098984,0.0005591927329078317
2359,0.03266817331314087,0.000549532298464328
2360,0.0326448492705822,0.0005446244031190872
2361,0.03262150660157204,0.0005489879404194653
2362,0.03259818255901337,0.0005529208574444056
2363,0.032574865967035294,0.0005493221106007695
2364,0.032551560550928116,0.00054334377637133
2365,0.03252825886011124,0.0005426263087429106
2366,0.03250487893819809,0.0005459047970362008
2367,0.03248157724738121,0.000546527560800314
2368,0.032458268105983734,0.0005429362645372748
2369,0.03243497386574745,0.0005398402572609484
2370,0.032411642372608185,0.0005403869436122477
2371,0.03238833695650101,0.0005420777015388012
2372,0.03236507996916771,0.0005413366016000509
2373,0.03234178572893143,0.0005386716220527887
2374,0.03231848031282425,0.0005371638108044863
2375,0.03229519724845886,0.0005377372726798058
2376,0.03227193281054497,0.0005383171956054866
2377,0.03224858641624451,0.0005372426239773631
2378,0.0322253592312336,0.0005354293971322477
2379,0.03220204636454582,0.0005346284015104175
2380,0.032178845256567,0.0005349075072444975
2381,0.032155584543943405,0.000534889055415988
2382,0.03213229030370712,0.0005338716437108815
2383,0.032109081745147705,0.0005326198297552764
2384,0.03208586573600769,0.0005320680211298168
2385,0.03206260874867439,0.0005320628406479955
2386,0.03203938156366348,0.0005317736067809165
2387,0.03201617673039436,0.000530906196217984
2388,0.03199296444654465,0.0005299788899719715
2389,0.03196972981095314,0.0005294887232594192
2390,0.031946539878845215,0.0005292841815389693
2391,0.03192337602376938,0.0005288836546242237
2392,0.03190020099282265,0.0005281497724354267
2393,0.031877025961875916,0.0005273985443636775
2394,0.03185386210680008,0.0005269089015200734
2395,0.031830690801143646,0.0005265810759738088
2396,0.0318075567483902,0.000526136951521039
2397,0.03178443759679794,0.0005255009164102376
2398,0.031761284917593,0.0005248457891866565
2399,0.03173813223838806,0.0005243421182967722
2400,0.031715042889118195,0.0005239398451521993
2401,0.031691934913396835,0.0005234816344454885
2402,0.03166881948709488,0.0005229064845480025
2403,0.03164570406079292,0.0005223099142313004
2404,0.03162263333797455,0.0005217937869019806
2405,0.03159954771399498,0.0005213472759351134
2406,0.03157647326588631,0.0005208790535107255
2407,0.031553372740745544,0.0005203456385061145
2408,0.03153035044670105,0.0005197856808081269
2409,0.03150732070207596,0.0005192644312046468
2410,0.031484320759773254,0.0005187891074456275
2411,0.03146127611398697,0.0005183155881240964
2412,0.03143823891878128,0.0005178058636374772
2413,0.03141523152589798,0.0005172715755179524
2414,0.03139225393533707,0.0005167502094991505
2415,0.03136926144361496,0.0005162591114640236
2416,0.031346291303634644,0.0005157788400538266
2417,0.031323257833719254,0.0005152809899300337
2418,0.031300291419029236,0.0005147656193003058
2419,0.03127734735608101,0.0005142504232935607
2420,0.03125443309545517,0.0005137499538250268
2421,0.031231490895152092,0.0005132616497576237
2422,0.031208543106913567,0.0005127711920067668
2423,0.031185641884803772,0.0005122678121551871
2424,0.031162720173597336,0.0005117595428600907
2425,0.031139813363552094,0.0005112571525387466
2426,0.031116928905248642,0.0005107632023282349
2427,0.031094061210751534,0.0005102737923152745
2428,0.03107117861509323,0.0005097785033285618
2429,0.031048312783241272,0.000509277917444706
2430,0.03102543205022812,0.0005087766330689192
2431,0.031002601608633995,0.0005082816351205111
2432,0.03097977116703987,0.0005077897803857923
2433,0.03095695562660694,0.0005072986823506653
2434,0.030934125185012817,0.0005068040336482227
2435,0.03091132640838623,0.000506308046169579
2436,0.030888494104146957,0.000505811651237309
2437,0.030865712091326714,0.0005053206696175039
2438,0.030842948704957962,0.0005048294551670551
2439,0.030820172280073166,0.0005043379496783018
2440,0.03079736977815628,0.0005038465023972094
2441,0.030774638056755066,0.0005033528432250023
2442,0.030751870945096016,0.0005028609302826226
2443,0.030729103833436966,0.0005023718695156276
2444,0.03070642612874508,0.0005018825177103281
2445,0.030683699995279312,0.0005013919435441494
2446,0.030660973861813545,0.0005009034648537636
2447,0.030638281255960464,0.0005004128906875849
2448,0.030615586787462234,0.0004999252269044518
2449,0.030592910945415497,0.0004994369228370488
2450,0.03057021088898182,0.0004989486187696457
2451,0.030547555536031723,0.0004984625848010182
2452,0.03052489086985588,0.0004979745135642588
2453,0.030502265319228172,0.0004974878393113613
2454,0.03047962859272957,0.0004970014560967684
2455,0.030456988140940666,0.0004965157131664455
2456,0.03043435513973236,0.0004960302612744272
2457,0.030411751940846443,0.0004955459153279662
2458,0.030389143154025078,0.0004950600559823215
2459,0.0303665678948164,0.0004945756518281996
2460,0.030343975871801376,0.0004940914805047214
2461,0.030321380123496056,0.0004936091718263924
2462,0.03029879927635193,0.000493125116918236
2463,0.030276240780949593,0.0004926429828628898
2464,0.03025372140109539,0.0004921603249385953
2465,0.030231181532144547,0.000491677550598979
2466,0.030208634212613106,0.0004911966971121728
2467,0.030186118558049202,0.0004907148540951312
2468,0.03016362339258194,0.0004902341170236468
2469,0.030141092836856842,0.0004897540202364326
2470,0.030118636786937714,0.0004892732249572873
2471,0.030096137896180153,0.000488793186377734
2472,0.0300736203789711,0.0004883146029897034
2473,0.03005116432905197,0.0004878350009676069
2474,0.030028708279132843,0.00048735589371062815
2475,0.030006248503923416,0.0004868775431532413
2476,0.02998381480574608,0.00048640076420269907
2477,0.029961377382278442,0.00048592238454148173
2478,0.029938921332359314,0.0004854458966292441
2479,0.029916521161794662,0.0004849687684327364
2480,0.029894106090068817,0.0004844926588702947
2481,0.029871733859181404,0.00048401602543890476
2482,0.02984931319952011,0.0004835395666304976
2483,0.029826927930116653,0.00048306462122127414
2484,0.029804550111293793,0.00048259051982313395
2485,0.029782190918922424,0.00048211507964879274
2486,0.029759831726551056,0.00048164185136556625
2487,0.02973746880888939,0.00048116734251379967
2488,0.029715146869421005,0.0004806936194654554
2489,0.02969280071556568,0.0004802210023626685
2490,0.029670491814613342,0.00047974998597055674
2491,0.02964816428720951,0.000479275593534112
2492,0.029625853523612022,0.0004788044316228479
2493,0.02960355579853058,0.00047833321150392294
2494,0.029581287875771523,0.0004778606235049665
2495,0.02955898828804493,0.0004773904220201075
2496,0.02953672781586647,0.000476920889923349
2497,0.02951444685459137,0.0004764504265040159
2498,0.029492221772670746,0.00047597973025403917
2499,0.029469957575201988,0.00047551034367643297
2500,0.029447706416249275,0.00047504191752523184
2501,0.02942548133432865,0.00047457314212806523
2502,0.029403241351246834,0.00047410535626113415
2503,0.029381047934293747,0.00047363690100610256
2504,0.02935883030295372,0.00047316920245066285
2505,0.029336661100387573,0.00047270237701013684
2506,0.029314424842596054,0.0004722356388811022
2507,0.02929229661822319,0.0004717696865554899
2508,0.02927006594836712,0.00047130443272180855
2509,0.029247932136058807,0.00047083894605748355
2510,0.029225770384073257,0.000470373168354854
2511,0.02920362539589405,0.0004699089622590691
2512,0.029181502759456635,0.00046944557107053697
2513,0.029159363359212875,0.0004689814813900739
2514,0.029137225821614265,0.0004685194289777428
2515,0.02911512181162834,0.00046805694000795484
2516,0.02909301593899727,0.0004675971285905689
2517,0.029070913791656494,0.00046713848132640123
2518,0.029048822820186615,0.000466681900434196
2519,0.029026735574007034,0.0004662301216740161
2520,0.02900468185544014,0.0004657824174501002
2521,0.028982631862163544,0.0004653437063097954
2522,0.028960544615983963,0.0004649177717510611
2523,0.02893853560090065,0.00046451264643110335
2524,0.028916465118527412,0.00046414046664722264
2525,0.028894415125250816,0.00046382052823901176
2526,0.028872396796941757,0.0004635854857042432
2527,0.028850391507148743,0.00046348851174116135
2528,0.028828367590904236,0.00046362087596207857
2529,0.028806382790207863,0.00046412806841544807
2530,0.02878439985215664,0.0004652628558687866
2531,0.028762424364686012,0.0004674275987781584
2532,0.02874043583869934,0.00047134424676187336
2533,0.028718464076519012,0.0004781065508723259
2534,0.028696484863758087,0.0004897492472082376
2535,0.02867455966770649,0.0005090493359602988
2536,0.028652619570493698,0.0005412872997112572
2537,0.028630675747990608,0.0005917340167798102
2538,0.02860875055193901,0.0006702853715978563
2539,0.02858682908117771,0.0007752080564387143
2540,0.0285649336874485,0.000905029010027647
2541,0.02854304574429989,0.0010021005291491747
2542,0.028521154075860977,0.0010220967233181
2543,0.02849925309419632,0.0008890292374417186
2544,0.02847733348608017,0.0006779121467843652
2545,0.028455477207899094,0.0005099601694382727
2546,0.028433628380298615,0.0004893295699730515
2547,0.028411760926246643,0.0005859773373231292
2548,0.02838992327451706,0.0006800044793635607
2549,0.028368093073368073,0.0006775356596335769
2550,0.028346296399831772,0.000574425037484616
2551,0.028324447572231293,0.00047340249875560403
2552,0.028302635997533798,0.00045854985364712775
2553,0.028280846774578094,0.0005198525614105165
2554,0.028259048238396645,0.0005770594580098987
2555,0.02823726087808609,0.0005664891796186566
2556,0.02821548655629158,0.0005067948950454593
2557,0.028193695470690727,0.00046129865222610533
2558,0.02817196026444435,0.00046890979865565896
2559,0.02815016731619835,0.0005056189838796854
2560,0.02812844142317772,0.0005210104282014072
2561,0.028106696903705597,0.0004974563489668071
2562,0.028084944933652878,0.0004606000438798219
2563,0.028063245117664337,0.0004473182780202478
2564,0.028041522949934006,0.000462897791294381
2565,0.02801980823278427,0.0004818378365598619
2566,0.02799810655415058,0.00048088980838656425
2567,0.027976416051387787,0.0004621216212399304
2568,0.027954768389463425,0.00044696827535517514
2569,0.027933072298765182,0.0004489540006034076
2570,0.02791137620806694,0.0004611866897903383
2571,0.027889717370271683,0.0004675177624449134
2572,0.027868106961250305,0.00046086794463917613
2573,0.027846477925777435,0.0004492926236707717
2574,0.02782484143972397,0.0004442467470653355
2575,0.027803221717476845,0.00044829241232946515
2576,0.027781590819358826,0.000454131281003356
2577,0.02775997295975685,0.0004539900692179799
2578,0.02773834392428398,0.0004478785558603704
2579,0.02771677076816559,0.0004418400349095464
2580,0.02769520878791809,0.0004408281820360571
2581,0.027673646807670593,0.0004437907482497394
2582,0.027652055025100708,0.0004459488845895976
2583,0.027630504220724106,0.00044435885502025485
2584,0.027608972042798996,0.00044039820204488933
2585,0.027587421238422394,0.00043763144640251994
2586,0.027565812692046165,0.0004377826408017427
2587,0.027544381096959114,0.0004394206334836781
2588,0.027522824704647064,0.00043999130139127374
2589,0.02750127948820591,0.0004384923377074301
2590,0.027479808777570724,0.00043617316987365484
2591,0.0274583101272583,0.00043484813068062067
2592,0.02743683196604252,0.0004350576491560787
2593,0.02741534635424614,0.00043580372584983706
2594,0.027393890544772148,0.0004358023579698056
2595,0.027372390031814575,0.00043475572601892054
2596,0.02735096961259842,0.0004334344994276762
2597,0.027329538017511368,0.00043275655480101705
2598,0.027308091521263123,0.0004329157527536154
2599,0.02728668600320816,0.00043335912050679326
2600,0.02726524882018566,0.00043347576865926385
2601,0.027243824675679207,0.0004331786767579615
2602,0.027222448959946632,0.0004329475632403046
2603,0.027201060205698013,0.00043333391658961773
2604,0.027179673314094543,0.0004345737979747355
2605,0.027158290147781372,0.0004365811182651669
2606,0.027136925607919693,0.00043932395055890083
2607,0.027115575969219208,0.0004431858251336962
2608,0.027094226330518723,0.00044907245319336653
2609,0.027072852477431297,0.0004582785477396101
2610,0.027051523327827454,0.00047258284757845104
2611,0.027030210942029953,0.0004941907245665789
2612,0.02700893208384514,0.0005269696703180671
2613,0.026987610384821892,0.0005758774932473898
2614,0.026966266334056854,0.0006499895825982094
2615,0.026944996789097786,0.0007588620646856725
2616,0.02692369744181633,0.0009190262644551694
2617,0.0269024595618248,0.0011393616441637278
2618,0.02688116393983364,0.0014333000872284174
2619,0.026859909296035767,0.0017682518810033798
2620,0.026838671416044235,0.0020991740748286247
2621,0.026817426085472107,0.00226903916336596
2622,0.026796184480190277,0.002174813998863101
2623,0.026774976402521133,0.001723462250083685
2624,0.02675376832485199,0.001102105132304132
2625,0.02673252671957016,0.0005887065781280398
2626,0.026711370795965195,0.000424198224209249
2627,0.026690170168876648,0.0006051110685802996
2628,0.026669008657336235,0.0009217294864356518
2629,0.026647835969924927,0.0011219187872484326
2630,0.026626624166965485,0.0010551712475717068
2631,0.0266055129468441,0.000789901299867779
2632,0.026584360748529434,0.0005184279289096594
2633,0.026563234627246857,0.00042050174670293927
2634,0.02654210850596428,0.0005155568942427635
2635,0.026520997285842896,0.0006785360164940357
2636,0.026499859988689423,0.0007604935672134161
2637,0.026478759944438934,0.000696919858455658
2638,0.026457684114575386,0.0005514764343388379
2639,0.026436597108840942,0.00043709290912374854
2640,0.02641555294394493,0.00042532989755272865
2641,0.026394443586468697,0.0004959602374583483
2642,0.02637339010834694,0.000571040902286768
2643,0.026352372020483017,0.0005860775709152222
2644,0.026331350207328796,0.0005328453262336552
2645,0.02631029300391674,0.00045832546311430633
2646,0.026289265602827072,0.0004159545642323792
2647,0.026268258690834045,0.00042590979137457907
2648,0.026247266680002213,0.00046618428314104676
2649,0.026226293295621872,0.0004973087343387306
2650,0.026205288246273994,0.0004950236761942506
2651,0.026184294372797012,0.00046348493197001517
2652,0.026163339614868164,0.00042780005605891347
2653,0.026142362505197525,0.0004109565052203834
2654,0.026121430099010468,0.00041854314622469246
2655,0.026100516319274902,0.00043834670213982463
2656,0.026079580187797546,0.00045239986502565444
2657,0.02605866640806198,0.000450554711278528
2658,0.02603774704039097,0.00043524178909137845
2659,0.026016870513558388,0.00041766586946323514
2660,0.025995951145887375,0.00040826568147167563
2661,0.02597508579492569,0.0004102406674064696
2662,0.02595418505370617,0.000418968586018309
2663,0.025933317840099335,0.0004265691968612373
2664,0.02591247297823429,0.0004275841638445854
2665,0.025891661643981934,0.0004217139503452927
2666,0.025870785117149353,0.00041304065962322056
2667,0.025849957019090652,0.0004065198008902371
2668,0.025829121470451355,0.0004048955743201077
2669,0.025808345526456833,0.0004075213219039142
2670,0.025787539780139923,0.00041145787690766156
2671,0.0257667638361454,0.00041366348159499466
2672,0.025745978578925133,0.0004126977873966098
2673,0.02572520263493061,0.00040923437336459756
2674,0.025704441592097282,0.00040519202593714
2675,0.025683673098683357,0.0004024487279821187
2676,0.025662928819656372,0.00040181863005273044
2677,0.02564220130443573,0.0004028498660773039
2678,0.025621481239795685,0.0004043370427098125
2679,0.025600770488381386,0.00040510151302441955
2680,0.02558007277548313,0.00040459007141180336
2681,0.02555941790342331,0.00040300184627994895
2682,0.025538668036460876,0.000401043682359159
2683,0.0255180262029171,0.00039945641765370965
2684,0.02549736574292183,0.0003986647934652865
2685,0.02547670155763626,0.00039863886195234954
2686,0.02545604482293129,0.0003990067052654922
2687,0.02543541043996811,0.00039930109051056206
2688,0.02541479468345642,0.00039919334813021123
2689,0.025394177064299583,0.00039860079414211214
2690,0.025373550131917,0.0003976734296884388
2691,0.025352977216243744,0.00039667513919994235
2692,0.02533237636089325,0.0003958487359341234
2693,0.025311827659606934,0.0003953170671593398
2694,0.02529124915599823,0.00039506336906924844
2695,0.025270681828260422,0.0003949647070840001
2696,0.025250116363167763,0.0003948678495362401
2697,0.02522958815097809,0.00039465143345296383
2698,0.025209050625562668,0.0003942669718526304
2699,0.025188542902469635,0.0003937396686524153
2700,0.025168046355247498,0.0003931412647943944
2701,0.02514755353331566,0.00039255607407540083
2702,0.025127040222287178,0.00039204407949000597
2703,0.025106586515903473,0.0003916307759936899
2704,0.02508612722158432,0.0003913056862074882
2705,0.025065656751394272,0.00039103097515180707
2706,0.025045186281204224,0.0003907596110366285
2707,0.025024792179465294,0.00039046088932082057
2708,0.02500435709953308,0.0003901127784047276
2709,0.02498391643166542,0.0003897181595675647
2710,0.024963509291410446,0.00038928911089897156
2711,0.024943113327026367,0.0003888479550369084
2712,0.024922741577029228,0.00038841404602862895
2713,0.02490236982703209,0.0003880008007399738
2714,0.024881985038518906,0.00038761430187150836
2715,0.024861661717295647,0.00038725268677808344
2716,0.024841323494911194,0.00038690867950208485
2717,0.02482098713517189,0.0003865731996484101
2718,0.024800658226013184,0.0003862371086142957
2719,0.024780305102467537,0.0003858943236991763
2720,0.024760045111179352,0.0003855408285744488
2721,0.024739757180213928,0.00038517621578648686
2722,0.024719461798667908,0.00038480316288769245
2723,0.024699164554476738,0.00038442545337602496
2724,0.02467893622815609,0.0003840447752736509
2725,0.0246586836874485,0.0003836643591057509
2726,0.02463846653699875,0.00038328859955072403
2727,0.02461824007332325,0.0003829174384009093
2728,0.024598045274615288,0.00038255134131759405
2729,0.02457786723971367,0.00038218931877054274
2730,0.02455766685307026,0.00038183166179805994
2731,0.024537518620491028,0.00038147662417031825
2732,0.024517368525266647,0.0003811230999417603
2733,0.024497300386428833,0.00038077100180089474
2734,0.024477260187268257,0.00038041811785660684
2735,0.02445729449391365,0.0003800645936280489
2736,0.024437420070171356,0.00037971005076542497
2737,0.02441764809191227,0.0003793541982304305
2738,0.024398136883974075,0.0003789992770180106
2739,0.024378936737775803,0.0003786422312259674
2740,0.024360179901123047,0.0003782860585488379
2741,0.024342281743884087,0.0003779285470955074
2742,0.024325596168637276,0.0003775725490413606
2743,0.024310851469635963,0.00037721620174124837
2744,0.024299398064613342,0.00037686029099859297
2745,0.02429294027388096,0.0003765050205402076
2746,0.02429506555199623,0.0003761494008358568
2747,0.02431057021021843,0.0003757959639187902
2748,0.024349218234419823,0.00037544165388680995
2749,0.024423111230134964,0.00037508984678424895
2750,0.024559300392866135,0.0003747379523701966
2751,0.024784017354249954,0.00037438765866681933
2752,0.025165723636746407,0.00037403908208943903
2753,0.025730324909090996,0.0003736905928235501
2754,0.026597045361995697,0.00037334614899009466
2755,0.02760249376296997,0.00037300289841368794
2756,0.028712419793009758,0.00037266293657012284
2757,0.029069965705275536,0.0003723281261045486
2758,0.0284303929656744,0.0003719987580552697
2759,0.026545092463493347,0.0003716771025210619
2760,0.024724382907152176,0.00037136703031137586
2761,0.024029340595006943,0.0003710722958203405
2762,0.02466737851500511,0.00037079796311445534
2763,0.026384836062788963,0.0003705560229718685
2764,0.02944720908999443,0.00037035689456388354
2765,0.03542264923453331,0.00037022342439740896
2766,0.0423896424472332,0.00037018416333012283
2767,0.04381023719906807,0.00037028492079116404
2768,0.030736543238162994,0.00037059554597362876
2769,0.028160307556390762,0.0003712202305905521
2770,0.03665395453572273,0.0003723209083545953
2771,0.031371138989925385,0.00037415235419757664
2772,0.025190826505422592,0.0003770988550968468
2773,0.030475273728370667,0.00038178887916728854
2774,0.040933333337306976,0.0003891666419804096
2775,0.05459270253777504,0.0004008030518889427
2776,0.05940848961472511,0.00041902746306732297
2777,0.04307115077972412,0.0004477943293750286
2778,0.028821751475334167,0.0004927315167151392
2779,0.04695599526166916,0.0005634698900394142
2780,0.037258394062519073,0.0006722956895828247
2781,0.030763497576117516,0.0008398066274821758
2782,0.041932038962841034,0.0010839349124580622
2783,0.031261324882507324,0.0014303826028481126
2784,0.026993632316589355,0.0018586277728900313
2785,0.04087024927139282,0.002325303154066205
2786,0.0434558279812336,0.0026299760211259127
2787,0.030508987605571747,0.002597746904939413
2788,0.024459896609187126,0.0020500156097114086
2789,0.031519051641225815,0.001223664847202599
2790,0.031375449150800705,0.0005434711929410696
2791,0.02501530572772026,0.00037746442831121385
2792,0.028083758428692818,0.0006894413381814957
2793,0.02872553840279579,0.0011186801129952073
2794,0.024551227688789368,0.0012861391296610236
2795,0.026635563001036644,0.001049721846356988
2796,0.028024544939398766,0.0006339225801639259
2797,0.025120912119746208,0.0003774520300794393
2798,0.023815592750906944,0.00043919318704865873
2799,0.026045136153697968,0.0006768218008801341
2800,0.027548272162675858,0.0008229742525145411
2801,0.025649012997746468,0.0007426632801070809
2802,0.02355276606976986,0.0005239611491560936
2803,0.024553537368774414,0.0003725968417711556
2804,0.02551901899278164,0.0003951560938730836
2805,0.02409571409225464,0.0005225678323768079
2806,0.02348724938929081,0.0006062769098207355
2807,0.024613911285996437,0.0005651909159496427
2808,0.024779338389635086,0.00044859174522571266
2809,0.023664044216275215,0.0003647432604338974
2810,0.023258395493030548,0.0003736151847988367
2811,0.023918516933918,0.00044119975063949823
2812,0.024274082854390144,0.000488616933580488
2813,0.023680459707975388,0.0004710025095846504
2814,0.023099010810256004,0.0004095499753020704
2815,0.023381713777780533,0.0003608749248087406
2816,0.0237375907599926,0.0003597010509110987
2817,0.02339688502252102,0.0003934397245757282
2818,0.022996585816144943,0.000422604673076421
2819,0.023162927478551865,0.0004196202498860657
2820,0.023428689688444138,0.0003898392023984343
2821,0.02329345978796482,0.000360074860509485
2822,0.02297595888376236,0.0003522057959344238
2823,0.02293316088616848,0.0003659875364974141
2824,0.02310972288250923,0.00038381374906748533
2825,0.023125814273953438,0.0003885804326273501
2826,0.022932007908821106,0.0003770884941332042
2827,0.022823970764875412,0.00035989764728583395
2828,0.02291426621377468,0.00035001945798285306
2829,0.022962670773267746,0.0003523236664477736
2830,0.022850200533866882,0.00036143005127087235
2831,0.02273968607187271,0.0003679224755614996
2832,0.022763404995203018,0.0003663570969365537
2833,0.022823749110102654,0.0003584332298487425
2834,0.022793177515268326,0.00035034827305935323
2835,0.02269561216235161,0.0003472293901722878
2836,0.022647799924016,0.00034963086363859475
2837,0.022674361243844032,0.00035407155519351363
2838,0.022685803472995758,0.0003563476202543825
2839,0.022635862231254578,0.0003546737425494939
2840,0.022579604759812355,0.0003503972548060119
2841,0.02257297746837139,0.0003464476903900504
2842,0.022584231570363045,0.0003449643263593316
2843,0.022564586251974106,0.0003460169245954603
2844,0.022519439458847046,0.00034798658452928066
2845,0.022489892318844795,0.00034899101592600346
2846,0.022486645728349686,0.0003481791354715824
2847,0.022482216358184814,0.00034606584813445807
2848,0.022455861791968346,0.0003439157153479755
2849,0.022422023117542267,0.00034277403028681874
2850,0.022403929382562637,0.0003428499330766499
2851,0.022397838532924652,0.0003435657708905637
2852,0.022384122014045715,0.0003440783766563982
2853,0.022357527166604996,0.00034384537138976157
2854,0.022332439199090004,0.0003428921627346426
2855,0.02231818065047264,0.0003416748659219593
2856,0.022308187559247017,0.00034071531263180077
2857,0.022291216999292374,0.0003402903093956411
2858,0.022267671301960945,0.0003403162118047476
2859,0.022246522828936577,0.00034047692315652966
2860,0.022232118993997574,0.00034044834319502115
2861,0.02221912145614624,0.0003400791611056775
2862,0.022201426327228546,0.00033943980815820396
2863,0.022180477157235146,0.0003387322649359703
2864,0.022161677479743958,0.00033815752249211073
2865,0.02214672416448593,0.00033780839294195175
2866,0.022131919860839844,0.00033764346153475344
2867,0.0221143439412117,0.0003375392407178879
2868,0.02209506928920746,0.0003373659565113485
2869,0.022077294066548347,0.00033706030808389187
2870,0.022061623632907867,0.00033663545036688447
2871,0.022046031430363655,0.0003361611452419311
2872,0.02202875167131424,0.0003357181849423796
2873,0.02201061137020588,0.00033535499824211
2874,0.02199329435825348,0.0003350760380271822
2875,0.021977286785840988,0.00033484637970104814
2876,0.021961260586977005,0.00033461651764810085
2877,0.021944288164377213,0.0003343507705722004
2878,0.021926717832684517,0.00033403406268917024
2879,0.021909698843955994,0.0003336776280775666
2880,0.02189341001212597,0.0003333070199005306
2881,0.02187717892229557,0.0003329492756165564
2882,0.021860448643565178,0.0003326213045511395
2883,0.02184334397315979,0.00033232400892302394
2884,0.02182643674314022,0.00033204571809619665
2885,0.021810011938214302,0.0003317746741231531
2886,0.021793687716126442,0.0003314947534818202
2887,0.021777132526040077,0.000331198243657127
2888,0.021760303527116776,0.000330885115545243
2889,0.0217435285449028,0.0003305624704807997
2890,0.02172703482210636,0.00033023860305547714
2891,0.02171069197356701,0.0003299197705928236
2892,0.021694231778383255,0.00032960972748696804
2893,0.02167763002216816,0.0003293105692137033
2894,0.021660976111888885,0.0003290186868980527
2895,0.021644452586770058,0.0003287282888777554
2896,0.021628115326166153,0.00032843861845321953
2897,0.021611712872982025,0.00032814458245411515
2898,0.021595260128378868,0.00032784644281491637
2899,0.021578723564743996,0.00032754417043179274
2900,0.02156222239136696,0.00032723956974223256
2901,0.02154587395489216,0.0003269350854679942
2902,0.021529559046030045,0.00032663121237419546
2903,0.021513182669878006,0.00032632931834086776
2904,0.021496742963790894,0.0003260314406361431
2905,0.021480323746800423,0.00032573621137999
2906,0.021464016288518906,0.00032544133136980236
2907,0.021447688341140747,0.00032514933263882995
2908,0.021431375294923782,0.00032485596602782607
2909,0.021415090188384056,0.0003245630068704486
2910,0.02139876037836075,0.00032426981488242745
2911,0.02138248272240162,0.0003239756333641708
2912,0.021366169676184654,0.0003236817428842187
2913,0.021349934861063957,0.00032338756136596203
2914,0.021333713084459305,0.0003230949805583805
2915,0.021317459642887115,0.0003228040295653045
2916,0.02130121737718582,0.0003225149994250387
2917,0.021284978836774826,0.000322228588629514
2918,0.021268784999847412,0.0003219478821847588
2919,0.021252619102597237,0.00032167151221074164
2920,0.021236419677734375,0.00032140384428203106
2921,0.021220292896032333,0.0003211490111425519
2922,0.021204112097620964,0.0003209112910553813
2923,0.021187957376241684,0.0003206990659236908
2924,0.021171823143959045,0.0003205247630830854
2925,0.021155696362257004,0.00032041064696386456
2926,0.02113959938287735,0.0003203819505870342
2927,0.02112351357936859,0.00032049097353592515
2928,0.021107416599988937,0.0003208067500963807
2929,0.021091338247060776,0.00032144991564564407
2930,0.021075259894132614,0.00032259186264127493
2931,0.02105921134352684,0.00032453553285449743
2932,0.021043183282017708,0.00032770170946605504
2933,0.021027177572250366,0.00033284927485510707
2934,0.021011151373386383,0.0003409683995414525
2935,0.020995136350393295,0.00035392848076298833
2936,0.020979147404432297,0.0003737728693522513
2937,0.020963160321116447,0.00040457287104800344
2938,0.02094721794128418,0.00044876965694129467
2939,0.020931243896484375,0.0005120778223499656
2940,0.02091529220342636,0.0005881318356841803
2941,0.020899346098303795,0.0006728800944983959
2942,0.02088342420756817,0.0007250633789226413
2943,0.020867526531219482,0.0007229643524624407
2944,0.020851630717515945,0.0006270230514928699
2945,0.020835738629102707,0.0004836608422920108
2946,0.02081986516714096,0.0003585282538551837
2947,0.02080398052930832,0.0003182236978318542
2948,0.020788103342056274,0.00036386886495165527
2949,0.02077227272093296,0.00044139919918961823
2950,0.020756440237164497,0.0004873235011473298
2951,0.020740628242492676,0.00046422347077168524
2952,0.020724821835756302,0.0003973463026341051
2953,0.020709019154310226,0.000338580459356308
2954,0.020693231374025345,0.0003297438088338822
2955,0.02067745290696621,0.0003657975175883621
2956,0.020661693066358566,0.00040771550266072154
2957,0.020645946264266968,0.000421473931055516
2958,0.020630203187465668,0.00040034434641711414
2959,0.02061447873711586,0.00037244902341626585
2960,0.02059876173734665,0.00036688856198452413
2961,0.02058306895196438,0.00039295124588534236
2962,0.020567376166582108,0.0004350754898041487
2963,0.020551670342683792,0.00047104438999667764
2964,0.020536024123430252,0.0004951031878590584
2965,0.020520327612757683,0.000517835549544543
2966,0.020504694432020187,0.0005595372058451176
2967,0.020489078015089035,0.0006308128940872848
2968,0.020473409444093704,0.0007227566093206406
2969,0.020457811653614044,0.0008257757290266454
2970,0.020442217588424683,0.0009159031324088573
2971,0.02042662724852562,0.0009964394848793745
2972,0.02041105180978775,0.0010459853801876307
2973,0.02039547637104988,0.0010623261332511902
2974,0.020379897207021713,0.0010160421952605247
2975,0.02036438137292862,0.0009019604767672718
2976,0.020348846912384033,0.0007309301290661097
2977,0.020333318039774895,0.0005459390813484788
2978,0.020317789167165756,0.00039746827678754926
2979,0.02030230686068535,0.00032003666274249554
2980,0.020286791026592255,0.0003163549117743969
2981,0.020271312445402145,0.00036403449485078454
2982,0.020255865529179573,0.0004310038057155907
2983,0.02024042047560215,0.0004893300938419998
2984,0.020224981009960175,0.0005208978545852005
2985,0.02020956203341484,0.0005166105693206191
2986,0.020194116979837418,0.00048064804286696017
2987,0.020178737118840218,0.0004230337217450142
2988,0.020163333043456078,0.0003639135102275759
2989,0.020147928968071938,0.0003203264204785228
2990,0.02013256587088108,0.000302813044982031
2991,0.02011721022427082,0.0003102883056271821
2992,0.02010185644030571,0.00033289717976003885
2993,0.020086513832211494,0.00035808139364235103
2994,0.020071186125278473,0.0003755697689484805
2995,0.0200558640062809,0.00038122537080198526
2996,0.020040564239025116,0.00037476111901924014
2997,0.020025283098220825,0.00035982474219053984
2998,0.02000999078154564,0.00034065748332068324
2999,0.019994739443063736,0.0003219643549527973
3000,0.019979480654001236,0.0003078367735724896
3001,0.019964205101132393,0.0003006783372256905
3002,0.019949009642004967,0.0003007709456142038
3003,0.019933758303523064,0.00030624415376223624
3004,0.01991856098175049,0.00031399630825035274
3005,0.019903352484107018,0.00032104941783472896
3006,0.019888149574398994,0.00032548801391385496
3007,0.019872989505529404,0.00032668779022060335
3008,0.01985781639814377,0.0003250202862545848
3009,0.01984267309308052,0.000321216881275177
3010,0.019827526062726974,0.000316192745231092
3011,0.019812390208244324,0.00031077253515832126
3012,0.019797299057245255,0.0003057844878640026
3013,0.019782159477472305,0.00030191565747372806
3014,0.01976708322763443,0.0002995631948579103
3015,0.019752001389861107,0.00029875640757381916
3016,0.01973692886531353,0.0002991784713231027
3017,0.019721850752830505,0.00030033974326215684
3018,0.019706804305315018,0.0003018020070157945
3019,0.01969175972044468,0.0003032506792806089
3020,0.019676733762025833,0.0003045401244889945
3021,0.019661732017993927,0.000305590801872313
3022,0.019646722823381424,0.0003063479671254754
3023,0.01963171735405922,0.00030676505411975086
3024,0.019616760313510895,0.0003068277146667242
3025,0.019601797685027122,0.0003065821947529912
3026,0.019586827605962753,0.0003061229654122144
3027,0.019571900367736816,0.00030556460842490196
3028,0.019556965678930283,0.00030499137938022614
3029,0.0195420291274786,0.00030444658477790654
3030,0.019527114927768707,0.00030394416535273194
3031,0.01951219141483307,0.00030348252039402723
3032,0.019497333094477654,0.0003030818188562989
3033,0.01948246732354164,0.0003027663624379784
3034,0.019467607140541077,0.00030257488833740354
3035,0.019452763721346855,0.00030252488795667887
3036,0.019437912851572037,0.0003026321064680815
3037,0.01942306198179722,0.00030290792346931994
3038,0.019408274441957474,0.00030337157659232616
3039,0.019393503665924072,0.00030407123267650604
3040,0.0193786658346653,0.00030508270720019937
3041,0.019363883882761,0.0003065122291445732
3042,0.019349128007888794,0.00030850674374960363
3043,0.019334353506565094,0.0003112764097750187
3044,0.01931961439549923,0.0003150907577946782
3045,0.01930488459765911,0.00032038360950537026
3046,0.019290156662464142,0.0003277170762885362
3047,0.01927545666694641,0.0003380089474376291
3048,0.019260769709944725,0.00035240090801380575
3049,0.019246090203523636,0.00037281529512256384
3050,0.019231382757425308,0.00040153198642656207
3051,0.01921672560274601,0.00044244021410122514
3052,0.01920206844806671,0.0004996481584385037
3053,0.019187426194548607,0.0005803421372547746
3054,0.01917281746864319,0.0006898847641423345
3055,0.01915818080306053,0.0008380275685340166
3056,0.01914360001683235,0.0010227805469185114
3057,0.019128985702991486,0.0012443015584722161
3058,0.01911444030702114,0.0014631727244704962
3059,0.01909986138343811,0.00164129922632128
3060,0.01908530294895172,0.001680570188909769
3061,0.019070778042078018,0.0015424982411786914
3062,0.01905626803636551,0.0012062565656378865
3063,0.019041787832975388,0.0007920789648778737
3064,0.019027339294552803,0.00044826712110079825
3065,0.0190129317343235,0.0003003383462782949
3066,0.018998567014932632,0.00036135962000116706
3067,0.018984265625476837,0.0005440116510726511
3068,0.018970105797052383,0.000721193035133183
3069,0.018956100568175316,0.0007866535452194512
3070,0.018942449241876602,0.0007136354106478393
3071,0.01892917789518833,0.0005460195243358612
3072,0.01891663670539856,0.000382214377168566
3073,0.018905334174633026,0.0003006375627592206
3074,0.01889592595398426,0.0003218726487830281
3075,0.018889710307121277,0.0004058827180415392
3076,0.01888890378177166,0.00048648667871020734
3077,0.01889706775546074,0.0005139373242855072
3078,0.01892053708434105,0.0004754146793857217
3079,0.018969431519508362,0.00039951663347892463
3080,0.019062135368585587,0.00032883783569559455
3081,0.01922619342803955,0.000296478858217597
3082,0.01951196789741516,0.0003082660841755569
3083,0.01998189464211464,0.00034581433283165097
3084,0.020740821957588196,0.0003815671370830387
3085,0.02183234691619873,0.00039444505819119513
3086,0.023261530324816704,0.00038001270149834454
3087,0.024553291499614716,0.0003479493025224656
3088,0.02504868432879448,0.0003155865706503391
3089,0.02383439429104328,0.0002967557229567319
3090,0.021592753008008003,0.0002961712598334998
3091,0.01988508552312851,0.000309063121676445
3092,0.01981966383755207,0.000325581815559417
3093,0.021223008632659912,0.0003365146112628281
3094,0.023989304900169373,0.00033702203654684126
3095,0.029309172183275223,0.00032806003582663834
3096,0.0370330736041069,0.0003143149078823626
3097,0.04158999025821686,0.00030169865931384265
3098,0.029218856245279312,0.0002943983708973974
3099,0.022504573687911034,0.0002936411474365741
3100,0.0302022323012352,0.00029789525433443487
3101,0.0294490959495306,0.00030410915496759117
3102,0.021168647333979607,0.00030921405414119363
3103,0.02019958570599556,0.0003112304548267275
3104,0.029835307970643044,0.0003097564622294158
3105,0.047434672713279724,0.00030566309578716755
3106,0.06843315809965134,0.0003005544713232666
3107,0.068439781665802,0.00029601409914903343
3108,0.026285627856850624,0.0002931203634943813
3109,0.05335918068885803,0.00029222332523204386
3110,0.05445136874914169,0.0002930150949396193
3111,0.024601230397820473,0.00029478067881427705
3112,0.05033687874674797,0.00029671378433704376
3113,0.05010443180799484,0.0002981521829497069
3114,0.01996493898332119,0.0002987305633723736
3115,0.04131504148244858,0.0002983864978887141
3116,0.052407413721084595,0.0002973046211991459
3117,0.02416008897125721,0.00029580065165646374
3118,0.031072093173861504,0.00029421880026347935
3119,0.03954717144370079,0.0002928422763943672
3120,0.02192501537501812,0.0002918499521911144
3121,0.03586503490805626,0.000291301344987005
3122,0.029279544949531555,0.00029116292716935277
3123,0.022733230143785477,0.0002913328935392201
3124,0.03551758453249931,0.00029168769833631814
3125,0.025210903957486153,0.0002921040286310017
3126,0.021120142191648483,0.0002924834261648357
3127,0.03212229162454605,0.00029276247369125485
3128,0.02580002322793007,0.00029290796373970807
3129,0.019716929644346237,0.00029291887767612934
3130,0.02751392498612404,0.0002928079047705978
3131,0.022864997386932373,0.00029260467272251844
3132,0.0207328200340271,0.00029233560780994594
3133,0.02559005841612816,0.0002920346159953624
3134,0.02018577791750431,0.0002917204692494124
3135,0.020681563764810562,0.0002914145006798208
3136,0.023933270946145058,0.00029112628544680774
3137,0.020111750811338425,0.00029086662107147276
3138,0.019214939326047897,0.0002906318986788392
3139,0.02218666300177574,0.0002904270077124238
3140,0.020783379673957825,0.0002902475243899971
3141,0.018868470564484596,0.0002900906838476658
3142,0.020254600793123245,0.0002899536630138755
3143,0.02019563503563404,0.00028983416268602014
3144,0.0187909584492445,0.00028972752625122666
3145,0.019621863961219788,0.00028963189106434584
3146,0.019649310037493706,0.0002895466750487685
3147,0.018628384917974472,0.0002894709468819201
3148,0.019082145765423775,0.00028940479387529194
3149,0.019172731786966324,0.0002893481287173927
3150,0.018617361783981323,0.0002893043856602162
3151,0.018720634281635284,0.00028927664970979095
3152,0.01872830279171467,0.00028926771483384073
3153,0.01835191436111927,0.00028929009567946196
3154,0.018522698432207108,0.00028935077716596425
3155,0.018569152802228928,0.0002894687349908054
3156,0.018151134252548218,0.00028966841637156904
3157,0.018294110894203186,0.0002899907703977078
3158,0.018435698002576828,0.00029049039585515857
3159,0.018060307949781418,0.00029126100707799196
3160,0.018061112612485886,0.0002924380241893232
3161,0.0183255597949028,0.00029423696105368435
3162,0.018059760332107544,0.00029699254082515836
3163,0.017891064286231995,0.00030123634496703744
3164,0.018133096396923065,0.0003078161971643567
3165,0.01804775930941105,0.0003180553612764925
3166,0.017837446182966232,0.0003341411938890815
3167,0.01795738935470581,0.0003594150475692004
3168,0.017998935654759407,0.0003995377046521753
3169,0.017820529639720917,0.0004627281450666487
3170,0.017834102734923363,0.0005630070227198303
3171,0.017905186861753464,0.0007180990651249886
3172,0.01780860312283039,0.0009568709065206349
3173,0.01777278445661068,0.0013003817293792963
3174,0.01781369373202324,0.0017723973141983151
3175,0.017770417034626007,0.0023096315562725067
3176,0.017729325219988823,0.0027982168830931187
3177,0.017750227823853493,0.0029195789247751236
3178,0.01772046834230423,0.00250080949626863
3179,0.01768750324845314,0.0015657860785722733
3180,0.017700783908367157,0.0006564590148627758
3181,0.017678741365671158,0.000293478078674525
3182,0.017641566693782806,0.0005740817287005484
3183,0.017650749534368515,0.001108800177462399
3184,0.017645997926592827,0.0013742806622758508
3185,0.017604075372219086,0.0011495717335492373
3186,0.017598843201994896,0.0006438874988816679
3187,0.01760539785027504,0.0003140643239021301
3188,0.017575867474079132,0.0003832616494037211
3189,0.01755538396537304,0.0006767242448404431
3190,0.0175604410469532,0.0008503809804096818
3191,0.01754549890756607,0.0007295614341273904
3192,0.01752069592475891,0.00045712455175817013
3193,0.017516952008008957,0.0002963858423754573
3194,0.017510034143924713,0.0003596858587116003
3195,0.01749042049050331,0.0005246764048933983
3196,0.017478736117482185,0.0005966086173430085
3197,0.017472073435783386,0.000508825178258121
3198,0.01745741069316864,0.0003593819565139711
3199,0.017444802448153496,0.0002898882667068392
3200,0.017436426132917404,0.0003393259830772877
3201,0.01742323487997055,0.00042810585000552237
3202,0.017410513013601303,0.000456557929283008
3203,0.017401933670043945,0.00040067825466394424
3204,0.017390206456184387,0.00032088582520373166
3205,0.017376458272337914,0.00028818464488722384
3206,0.017367366701364517,0.00031734255026094615
3207,0.017357487231492996,0.0003648099082056433
3208,0.0173439122736454,0.0003796570817939937
3209,0.01733272522687912,0.0003506839566398412
3210,0.017323890700936317,0.00030754704494029284
3211,0.017312128096818924,0.0002870107418857515
3212,0.01729966327548027,0.0002992324880324304
3213,0.0172899030148983,0.00032464275136590004
3214,0.017279522493481636,0.00033677733154036105
3215,0.017267543822526932,0.00032566222944296896
3216,0.017256665974855423,0.0003028959617950022
3217,0.01724652387201786,0.00028738941182382405
3218,0.017235280945897102,0.0002886072325054556
3219,0.017224140465259552,0.00030087525374256074
3220,0.017213717103004456,0.0003110534162260592
3221,0.017202820628881454,0.00031041723559610546
3222,0.017191778868436813,0.0003003968158736825
3223,0.017181262373924255,0.0002894554636441171
3224,0.01717056706547737,0.0002851196040865034
3225,0.01715944893658161,0.00028854620177298784
3226,0.01714884489774704,0.00029499418451450765
3227,0.017138388007879257,0.00029853961314074695
3228,0.01712745614349842,0.00029661209555342793
3229,0.017116578295826912,0.00029110017931088805
3230,0.017106102779507637,0.0002860893728211522
3231,0.01709550991654396,0.0002845265553332865
3232,0.017084620893001556,0.00028642333927564323
3233,0.017073947936296463,0.0002894788049161434
3234,0.017063481733202934,0.00029110920149832964
3235,0.017052803188562393,0.0002902268897742033
3236,0.01704205945134163,0.0002876262296922505
3237,0.017031513154506683,0.0002850658493116498
3238,0.01702093333005905,0.00028394360560923815
3239,0.017010264098644257,0.000284484209259972
3240,0.016999702900648117,0.0002858539519365877
3241,0.01698913797736168,0.00028689720784313977
3242,0.01697852835059166,0.00028690212639048696
3243,0.01696797087788582,0.00028593093156814575
3244,0.016957469284534454,0.00028461249894462526
3245,0.01694689877331257,0.00028365221805870533
3246,0.01693633571267128,0.0002834160695783794
3247,0.016925843432545662,0.00028379433206282556
3248,0.01691531389951706,0.0002843716065399349
3249,0.016904830932617188,0.00028471535188145936
3250,0.016894284635782242,0.0002846114512067288
3251,0.01688382774591446,0.0002841290843207389
3252,0.016873370856046677,0.00028352136723697186
3253,0.016862843185663223,0.0002830533776432276
3254,0.016852395609021187,0.00028287016903050244
3255,0.016841942444443703,0.0002829497680068016
3256,0.016831493005156517,0.0002831513120327145
3257,0.016821032389998436,0.00028330826899036765
3258,0.016810648143291473,0.00028330949135124683
3259,0.016800224781036377,0.00028314191149547696
3260,0.016789790242910385,0.0002828709257300943
3261,0.016779378056526184,0.0002825927804224193
3262,0.01676899939775467,0.00028238852974027395
3263,0.016758587211370468,0.00028229274903424084
3264,0.016748201102018356,0.0002822871319949627
3265,0.016737818717956543,0.0002823236573021859
3266,0.016727471724152565,0.00028234635828994215
3267,0.016717106103897095,0.0002823217073455453
3268,0.016706764698028564,0.0002822392270900309
3269,0.016696415841579437,0.00028211178141646087
3270,0.016686078161001205,0.00028196562197990716
3271,0.016675764694809914,0.0002818285720422864
3272,0.016665438190102577,0.0002817203348968178
3273,0.016655128449201584,0.0002816454798448831
3274,0.016644805669784546,0.00028159996145404875
3275,0.01663452386856079,0.0002815683255903423
3276,0.016624225303530693,0.0002815359039232135
3277,0.01661396026611328,0.0002814946055877954
3278,0.016603685915470123,0.0002814356121234596
3279,0.016593419015407562,0.00028136157197877765
3280,0.016583174467086792,0.0002812756865750998
3281,0.016572916880249977,0.0002811859594658017
3282,0.016562674194574356,0.00028109663981013
3283,0.016552448272705078,0.0002810131118167192
3284,0.016542233526706696,0.0002809388388413936
3285,0.016531970351934433,0.00028087073587812483
3286,0.016521764919161797,0.00028081104392185807
3287,0.01651155762374401,0.0002807534474413842
3288,0.016501381993293762,0.0002806980046443641
3289,0.016491185873746872,0.00028064262005500495
3290,0.01648099347949028,0.0002805851399898529
3291,0.01647084206342697,0.0002805229160003364
3292,0.016460657119750977,0.0002804597606882453
3293,0.016450513154268265,0.00028039334574714303
3294,0.01644033007323742,0.0002803269890137017
3295,0.0164302047342062,0.00028025920619256794
3296,0.01642007566988468,0.0002801939845085144
3297,0.016409939154982567,0.0002801286173053086
3298,0.016399811953306198,0.0002800689253490418
3299,0.01638970524072647,0.0002800108341034502
3300,0.016379602253437042,0.00027996193966828287
3301,0.016369499266147614,0.0002799194771796465
3302,0.016359390690922737,0.0002798942441586405
3303,0.016349323093891144,0.0002798846398945898
3304,0.016339214518666267,0.0002799112698994577
3305,0.016329167410731316,0.0002799786743707955
3306,0.016319086775183678,0.00028012809343636036
3307,0.016309022903442383,0.00028038339223712683
3308,0.016298994421958923,0.000280833977740258
3309,0.016288934275507927,0.0002815618645399809
3310,0.01627889834344387,0.00028277060482650995
3311,0.016268858686089516,0.0002847119467332959
3312,0.016258861869573593,0.00028787233168259263
3313,0.016248829662799835,0.0002929735346697271
3314,0.016238801181316376,0.0003011912922374904
3315,0.016228822991251945,0.0003144800430163741
3316,0.01621883362531662,0.00033545622136443853
3317,0.016208844259381294,0.0003687941643875092
3318,0.016198862344026566,0.0004183473065495491
3319,0.01618887670338154,0.0004914512392133474
3320,0.016178911551833153,0.0005824897671118379
3321,0.016168957576155663,0.000686690560542047
3322,0.01615900546312332,0.00075233553070575
3323,0.016149062663316727,0.0007492292206734419
3324,0.016139138489961624,0.0006293513579294086
3325,0.016129188239574432,0.0004603901761583984
3326,0.01611928641796112,0.0003348716418258846
3327,0.016109352931380272,0.00032843451481312513
3328,0.016099460422992706,0.00042218330781906843
3329,0.016089562326669693,0.0005312814610078931
3330,0.01607966236770153,0.0005821505910716951
3331,0.016069788485765457,0.0005536775570362806
3332,0.016059890389442444,0.0005151978693902493
3333,0.01605001650750637,0.0005424447008408606
3334,0.016040155664086342,0.0006605727248825133
3335,0.016030289232730865,0.0008327902760356665
3336,0.016020460054278374,0.0009844063315540552
3337,0.016010578721761703,0.001108474680222571
3338,0.016000747680664062,0.0011995260138064623
3339,0.015990914776921272,0.0013036986347287893
3340,0.015981081873178482,0.0013729147613048553
3341,0.015971265733242035,0.0013408286031335592
3342,0.015961479395627975,0.0011528207687661052
3343,0.015951640903949738,0.0008460012613795698
3344,0.015941863879561424,0.0005433998303487897
3345,0.01593203656375408,0.00035693959216587245
3346,0.01592225767672062,0.00031408382346853614
3347,0.01591249741613865,0.00037113032885827124
3348,0.01590273156762123,0.00046666176058351994
3349,0.015892980620265007,0.0005589470965787768
3350,0.01588321477174759,0.0006186675745993853
3351,0.015873460099101067,0.0006165372324176133
3352,0.015863707289099693,0.0005478037055581808
3353,0.015853993594646454,0.0004325586778577417
3354,0.015844233334064484,0.0003289486048743129
3355,0.015834512189030647,0.00028156055486761034
3356,0.01582479663193226,0.00029732403345406055
3357,0.015815086662769318,0.000346772518241778
3358,0.015805380418896675,0.00039266853127628565
3359,0.015795692801475525,0.0004157645162194967
3360,0.015785980969667435,0.0004129224398639053
3361,0.015776313841342926,0.00039118147105909884
3362,0.01576663739979267,0.0003566746017895639
3363,0.015756964683532715,0.00031831272644922137
3364,0.015747303143143654,0.00028860094607807696
3365,0.01573764532804489,0.0002780290669761598
3366,0.015728002414107323,0.00028770434437319636
3367,0.015718357637524605,0.0003081322065554559
3368,0.015708735212683678,0.0003263207618147135
3369,0.015699107199907303,0.0003343714924994856
3370,0.01568947546184063,0.000331992661813274
3371,0.015679841861128807,0.00032303627813234925
3372,0.015670273452997208,0.00031118589686229825
3373,0.015660664066672325,0.0002983494778163731
3374,0.015651043504476547,0.0002866333816200495
3375,0.01564144715666771,0.0002787191479001194
3376,0.01563187688589096,0.0002766794350463897
3377,0.015622289851307869,0.0002801636583171785
3378,0.015612726099789143,0.0002863866393454373
3379,0.015603166073560715,0.00029208051273599267
3380,0.015593615360558033,0.0002954414230771363
3381,0.01558406837284565,0.0002964977757073939
3382,0.01557452604174614,0.0002959089179057628
3383,0.015564984641969204,0.0002940674312412739
3384,0.015555462799966335,0.00029095596983097494
3385,0.015545962378382683,0.0002868352457880974
3386,0.015536440536379814,0.00028253524214960635
3387,0.015526918694376945,0.0002790770959109068
3388,0.015517419204115868,0.00027701593353413045
3389,0.015507914125919342,0.0002761920331977308
3390,0.015498422086238861,0.0002761053910944611
3391,0.01548895612359047,0.0002763618540484458
3392,0.015479465946555138,0.0002769171551335603
3393,0.01547001488506794,0.00027782240067608654
3394,0.015460522845387459,0.000278983439784497
3395,0.015451071783900261,0.00028013481642119586
3396,0.01544164214283228,0.00028099643532186747
3397,0.015432196669280529,0.0002815043553709984
3398,0.015422768890857697,0.00028177452622912824
3399,0.015413334593176842,0.0002819777582772076
3400,0.015403913334012032,0.0002821722882799804
3401,0.015394470654428005,0.0002823101822286844
3402,0.015385068021714687,0.00028233928605914116
3403,0.015375666320323944,0.0002822843671310693
3404,0.015366267412900925,0.0002822504029609263
3405,0.015356860123574734,0.00028234010096639395
3406,0.015347514301538467,0.0002825964184012264
3407,0.015338122844696045,0.00028301228303462267
3408,0.01532875094562769,0.0002835768391378224
3409,0.015319375321269035,0.00028433691477403045
3410,0.015310026705265045,0.0002853941114153713
3411,0.01530066691339016,0.00028687811573036015
3412,0.015291320160031319,0.0002889305760618299
3413,0.01528199017047882,0.00029169992194510996
3414,0.015272645279765129,0.0002954200026579201
3415,0.015263339504599571,0.0003004075260832906
3416,0.015253989025950432,0.0003072007675655186
3417,0.015244686976075172,0.00031644865521229804
3418,0.015235403552651405,0.00032921135425567627
3419,0.015226075425744057,0.00034667784348130226
3420,0.015216782689094543,0.0003709644079208374
3421,0.01520751416683197,0.00040424821781925857
3422,0.015198225155472755,0.00045062837307341397
3423,0.015188966877758503,0.0005135805695317686
3424,0.015179691836237907,0.0006000074790790677
3425,0.015170401893556118,0.000712952169124037
3426,0.01516118086874485,0.0008601548033766448
3427,0.01515190489590168,0.0010342288296669722
3428,0.01514268945902586,0.0012317011132836342
3429,0.015133440494537354,0.001409060088917613
3430,0.01512419618666172,0.0015334305353462696
3431,0.01511499285697937,0.0015228382544592023
3432,0.015105776488780975,0.0013620051322504878
3433,0.01509656198322773,0.0010489413980394602
3434,0.015087367966771126,0.0006913107354193926
3435,0.015078147873282433,0.00040420348523184657
3436,0.015068983659148216,0.00027921696892008185
3437,0.01505979523062706,0.00032322079641744494
3438,0.015050604939460754,0.00047045748215168715
3439,0.015041446313261986,0.0006251620361581445
3440,0.015032261610031128,0.0007026760140433908
3441,0.015023104846477509,0.000672142137773335
3442,0.015013975091278553,0.0005511373747140169
3443,0.015004823915660381,0.00040633187745697796
3444,0.014995669946074486,0.0003028342907782644
3445,0.014986539259552956,0.0002765798126347363
3446,0.01497739739716053,0.00031876363209448755
3447,0.01496830116957426,0.0003898308495990932
3448,0.014959191903471947,0.00044552519102580845
3449,0.01495009008795023,0.00045684282667934895
3450,0.01494096964597702,0.0004232320352457464
3451,0.014931862242519855,0.00036385736893862486
3452,0.01492280513048172,0.00030813185730949044
3453,0.014913714490830898,0.0002775638713501394
3454,0.014904636889696121,0.00027833308558911085
3455,0.014895550906658173,0.00030149269150570035
3456,0.014886502176523209,0.00033039547270163894
3457,0.014877421781420708,0.0003498057194519788
3458,0.014868387021124363,0.0003514838172122836
3459,0.014859351329505444,0.0003368383040651679
3460,0.014850281178951263,0.0003132807614747435
3461,0.014841265976428986,0.0002907335583586246
3462,0.014832254499197006,0.00027654218138195574
3463,0.014823218807578087,0.00027343170950189233
3464,0.014814205467700958,0.0002794784668367356
3465,0.014805200509727001,0.0002899434184655547
3466,0.014796210452914238,0.00029965562862344086
3467,0.014787200838327408,0.0003048724611289799
3468,0.014778228476643562,0.000304296932881698
3469,0.014769239351153374,0.00029872212326154113
3470,0.014760274440050125,0.00029048306168988347
3471,0.014751292765140533,0.0002821769448928535
3472,0.014742342755198479,0.00027590541867539287
3473,0.014733374118804932,0.00027273278101347387
3474,0.014724411070346832,0.00027263653464615345
3475,0.014715476892888546,0.000274790043476969
3476,0.014706558547914028,0.00027800153475254774
3477,0.014697613194584846,0.0002810984442476183
3478,0.014688678085803986,0.00028323516016826034
3479,0.014679783955216408,0.00028400076553225517
3480,0.014670850709080696,0.0002833911858033389
3481,0.014661935158073902,0.00028171384474262595
3482,0.014653036370873451,0.00027942247106693685
3483,0.014644136652350426,0.0002769887214526534
3484,0.014635264873504639,0.00027480869903229177
3485,0.014626367017626762,0.00027313033933751285
3486,0.01461751013994217,0.00027206572121940553
3487,0.014608635567128658,0.00027159464661963284
3488,0.014599787071347237,0.0002716192393563688
3489,0.014590910635888577,0.00027199488249607384
3490,0.014582082629203796,0.0002725704980548471
3491,0.014573216438293457,0.00027321965899318457
3492,0.014564380049705505,0.00027383820270188153
3493,0.014555576257407665,0.00027436556410975754
3494,0.014546760357916355,0.0002747629478108138
3495,0.014537949115037918,0.0002750306739471853
3496,0.0145291518419981,0.0002751737192738801
3497,0.014520380645990372,0.0002752211003098637
3498,0.014511619694530964,0.0002751959254965186
3499,0.014502900652587414,0.00027512689121067524
3500,0.01449423748999834,0.0002750378043856472
3501,0.014485618099570274,0.00027495744870975614
3502,0.014477135613560677,0.0002748973201960325
3503,0.014468804001808167,0.00027488183695822954
3504,0.014460727572441101,0.0002749216218944639
3505,0.014453087002038956,0.00027504225727170706
3506,0.014446109533309937,0.00027525745099410415
3507,0.014440272003412247,0.00027560009039007127
3508,0.014436228200793266,0.0002760998031590134
3509,0.01443527266383171,0.00027680915081873536
3510,0.014439461752772331,0.00027778930962085724
3511,0.014452291652560234,0.00027913751546293497
3512,0.01447970885783434,0.0002809812722261995
3513,0.014531975612044334,0.00028350314823910594
3514,0.014626232907176018,0.00028696973458863795
3515,0.014791559427976608,0.0002917456440627575
3516,0.015073941089212894,0.0002984007587656379
3517,0.015545692294836044,0.00030767638236284256
3518,0.01629810407757759,0.00032078000367619097
3519,0.017423871904611588,0.00033922650618478656
3520,0.01889105513691902,0.00036559326690621674
3521,0.020366676151752472,0.00040287236333824694
3522,0.021077964454889297,0.0004563515249174088
3523,0.020093031227588654,0.0005312452558428049
3524,0.01777230016887188,0.0006371329072862864
3525,0.015476089902222157,0.0007796115824021399
3526,0.014553634449839592,0.0009702204260975122
3527,0.015253734774887562,0.0011998250847682357
3528,0.017488721758127213,0.0014622127637267113
3529,0.02161388099193573,0.0016907177632674575
3530,0.028276529163122177,0.0018306914716959
3531,0.034376587718725204,0.001761909225024283
3532,0.0289596039801836,0.0014772758586332202
3533,0.019380588084459305,0.0010177018120884895
3534,0.018296625465154648,0.0005722891073673964
3535,0.023377273231744766,0.0003083175979554653
3536,0.0240907222032547,0.0002985781757161021
3537,0.018733296543359756,0.0004776592832058668
3538,0.015417840331792831,0.0006987941451370716
3539,0.015993081033229828,0.0008241440518759191
3540,0.020477566868066788,0.0007798124570399523
3541,0.029372399672865868,0.0006062089232727885
3542,0.035843148827552795,0.00040473887929692864
3543,0.029122555628418922,0.00028549812850542367
3544,0.017141325399279594,0.00029005721444264054
3545,0.025128692388534546,0.0003815860254690051
3546,0.029228877276182175,0.00048181851161643863
3547,0.01774483174085617,0.0005223125335760415
3548,0.017602674663066864,0.0004845733055844903
3549,0.02792636677622795,0.000396079383790493
3550,0.044846802949905396,0.0003116983571089804
3551,0.05216744914650917,0.00027264285017736256
3552,0.0266259778290987,0.0002872734039556235
3553,0.025185536593198776,0.0003327236045151949
3554,0.04362073540687561,0.000374234514310956
3555,0.031017307192087173,0.00038699424476362765
3556,0.024337656795978546,0.0003659981593955308
3557,0.03180759772658348,0.0003263000398874283
3558,0.02057701349258423,0.0002892928314395249
3559,0.019565757364034653,0.00027127520297653973
3560,0.027939533814787865,0.00027556862914934754
3561,0.04531228169798851,0.00029390514828264713
3562,0.07170901447534561,0.0003131553530693054
3563,0.03637351468205452,0.00032256494159810245
3564,0.04124584421515465,0.00031852436950430274
3565,0.09305308759212494,0.0003041749878320843
3566,0.06624250113964081,0.00028700687107630074
3567,0.029304727911949158,0.00027412339113652706
3568,0.06852111965417862,0.00026939695817418396
3569,0.04851589351892471,0.0002724826626945287
3570,0.016418203711509705,0.0002799485810101032
3571,0.039410192519426346,0.00028740891139023006
3572,0.032052699476480484,0.00029146220185793936
3573,0.018019776791334152,0.00029082264518365264
3574,0.035518139600753784,0.00028622159152291715
3575,0.022045673802495003,0.0002797556226141751
3576,0.02567974105477333,0.0002737290633376688
3577,0.023834146559238434,0.00026982591953128576
3578,0.01713857613503933,0.0002686754451133311
3579,0.024409089237451553,0.0002698764146771282
3580,0.018776098266243935,0.00027238528127782047
3581,0.017700377851724625,0.0002750112034846097
3582,0.023460838943719864,0.00027680170023813844
3583,0.02310607023537159,0.0002772857842501253
3584,0.018221259117126465,0.00027646939270198345
3585,0.016066014766693115,0.00027472880901768804
3586,0.018733713775873184,0.00027259584749117494
3587,0.017124541103839874,0.00027059909189119935
3588,0.0177286509424448,0.00026910167071036994
3589,0.017238624393939972,0.0002682821941561997
3590,0.016101393848657608,0.00026812130818143487
3591,0.015990614891052246,0.00026846470427699387
3592,0.01594632677733898,0.00026909771258942783
3593,0.01505238376557827,0.0002697962918318808
3594,0.01661313697695732,0.0002703928912524134
3595,0.016448013484477997,0.0002707736857701093
3596,0.0142910685390234,0.0002709021791815758
3597,0.015347572043538094,0.0002707852690946311
3598,0.015163902193307877,0.0002704803191591054
3599,0.014453764073550701,0.00027004771982319653
3600,0.015176951885223389,0.0002695589209906757
3601,0.014743314124643803,0.00026906729908660054
3602,0.01436250377446413,0.00026861930382438004
3603,0.01464550569653511,0.00026823714142665267
3604,0.014393757097423077,0.0002679350145626813
3605,0.014190658926963806,0.00026770884869620204
3606,0.014491641893982887,0.00026755465660244226
3607,0.014471404254436493,0.0002674607967492193
3608,0.01392875611782074,0.00026741373585537076
3609,0.014131715521216393,0.0002674013958312571
3610,0.014243687503039837,0.00026741332840174437
3611,0.013903540559113026,0.0002674439165275544
3612,0.014136326499283314,0.00026748463278636336
3613,0.014058529399335384,0.0002675363211892545
3614,0.013821590691804886,0.0002675953437574208
3615,0.013968600891530514,0.0002676644653547555
3616,0.013904055580496788,0.0002677452575881034
3617,0.013839403167366982,0.0002678473829291761
3618,0.01391620747745037,0.000267974246526137
3619,0.013888545334339142,0.00026814217562787235
3620,0.013775797560811043,0.0002683617640286684
3621,0.013765344396233559,0.0002686594962142408
3622,0.013817107304930687,0.0002690595865715295
3623,0.013736896216869354,0.0002696092997211963
3624,0.013758155517280102,0.000270364573225379
3625,0.013787569478154182,0.00027141795726493
3626,0.01367853581905365,0.0002728918625507504
3627,0.013700045645236969,0.00027498012059368193
3628,0.013715194538235664,0.00027795875212177634
3629,0.013663966208696365,0.0002822428068611771
3630,0.013680855743587017,0.00028846904751844704
3631,0.013676134869456291,0.00029756221920251846
3632,0.013643082231283188,0.0003110101097263396
3633,0.013628990389406681,0.00033090199576690793
3634,0.0136377839371562,0.00036073412047699094
3635,0.013624568469822407,0.00040511839324608445
3636,0.013604484498500824,0.0004720104916486889
3637,0.013613710179924965,0.0005706065567210317
3638,0.013593098148703575,0.0007169279269874096
3639,0.013574820011854172,0.000923211919143796
3640,0.01358596421778202,0.0012102352920919657
3641,0.013572311028838158,0.001564275473356247
3642,0.013557525351643562,0.0019669178873300552
3643,0.013558788225054741,0.00228427373804152
3644,0.013546470552682877,0.0023977532982826233
3645,0.013534236699342728,0.0021117571741342545
3646,0.013532017357647419,0.0014985253801569343
3647,0.013527058996260166,0.0007823931518942118
3648,0.01351659744977951,0.0003322393458802253
3649,0.013508753851056099,0.00031833723187446594
3650,0.013504725880920887,0.0006275231717154384
3651,0.013493487611413002,0.0009715608903206885
3652,0.013487068936228752,0.0010806762147694826
3653,0.013485091738402843,0.0008928062161430717
3654,0.013474497944116592,0.0005506214802153409
3655,0.013467259705066681,0.00030641371267847717
3656,0.013462473638355732,0.0002967504260595888
3657,0.013454025611281395,0.0004631489282473922
3658,0.013447405770421028,0.0006304573616944253
3659,0.013442162424325943,0.0006545247160829604
3660,0.01343538612127304,0.0005293581634759903
3661,0.013427609577775002,0.00036059925332665443
3662,0.013421467505395412,0.0002724671212490648
3663,0.013415643014013767,0.00030447891913354397
3664,0.013408180326223373,0.00039966817712411284
3665,0.013402059674263,0.00046689185546711087
3666,0.01339639164507389,0.00045303054503165185
3667,0.0133888628333807,0.0003765833389479667
3668,0.013382473960518837,0.0002978256961796433
3669,0.01337675005197525,0.00026845288812182844
3670,0.01336988527327776,0.00029464365798048675
3671,0.013363545760512352,0.0003424272872507572
3672,0.013357412070035934,0.0003702233952935785
3673,0.013350943103432655,0.00035857813782058656
3674,0.013344364240765572,0.00031975648016668856
3675,0.013338187709450722,0.00028184984694235027
3676,0.013332136906683445,0.0002672033733688295
3677,0.013325545936822891,0.0002784388489089906
3678,0.013319240882992744,0.0003010872460436076
3679,0.013313163071870804,0.00031662563560530543
3680,0.013306668028235435,0.00031483033671975136
3681,0.013300416991114616,0.00029866068507544696
3682,0.013294362463057041,0.0002792279701679945
3683,0.013288017362356186,0.00026756527950055897
3684,0.013281695544719696,0.00026789476396515965
3685,0.013275522738695145,0.0002766942488960922
3686,0.013269316405057907,0.0002864245034288615
3687,0.013263070024549961,0.00029065238777548075
3688,0.013256845995783806,0.00028741874848492444
3689,0.013250716030597687,0.00027924272581003606
3690,0.013244453817605972,0.00027086870977655053
3691,0.013238219544291496,0.000266196730080992
3692,0.013232134282588959,0.0002664400381036103
3693,0.013225927948951721,0.00027010904159396887
3694,0.01321971882134676,0.00027435427182354033
3695,0.013213599100708961,0.0002766717807389796
3696,0.013207430019974709,0.00027604002389125526
3697,0.013201255351305008,0.00027306878473609686
3698,0.013195106759667397,0.0002693373244255781
3699,0.013188984245061874,0.00026644940953701735
3700,0.013182837516069412,0.0002653216361068189
3701,0.013176686130464077,0.00026592204812914133
3702,0.013170581310987473,0.0002675081486813724
3703,0.013164453208446503,0.00026910388260148466
3704,0.013158321380615234,0.00026994527433998883
3705,0.013152232393622398,0.00026974634965881705
3706,0.01314611453562975,0.0002686901716515422
3707,0.013139994814991951,0.000267255149083212
3708,0.013133913278579712,0.00026596177485771477
3709,0.01312781497836113,0.00026517477817833424
3710,0.013121724128723145,0.0002650044043548405
3711,0.013115637935698032,0.0002653279807418585
3712,0.013109579682350159,0.00026589701883494854
3713,0.013103483244776726,0.0002664314233697951
3714,0.01309739425778389,0.000266737537458539
3715,0.013091353699564934,0.00026672633248381317
3716,0.013085296377539635,0.0002664406783878803
3717,0.013079226948320866,0.0002659799065440893
3718,0.013073178008198738,0.0002654834243003279
3719,0.013067109510302544,0.00026506304857321084
3720,0.01306106150150299,0.0002647897053975612
3721,0.01305505819618702,0.0002646786451805383
3722,0.013048984110355377,0.0002647087094374001
3723,0.013042956590652466,0.0002648263762239367
3724,0.013036921620368958,0.0002649777743499726
3725,0.01303091086447239,0.00026511031319387257
3726,0.013024893589317799,0.0002651941031217575
3727,0.013018845580518246,0.00026521540712565184
3728,0.013012845069169998,0.00026517800870351493
3729,0.013006865046918392,0.00026509500457905233
3730,0.013000831939280033,0.00026499194791540504
3731,0.012994837015867233,0.0002648856898304075
3732,0.012988828122615814,0.0002648051013238728
3733,0.012982839718461037,0.00026475911727175117
3734,0.012976842932403088,0.0002647743676789105
3735,0.012970848008990288,0.0002648561494424939
3736,0.012964858673512936,0.0002650418900884688
3737,0.012958868406713009,0.00026534037897363305
3738,0.012952909804880619,0.00026582798454910517
3739,0.012946918606758118,0.00026654842076823115
3740,0.0129409683868289,0.000267655064817518
3741,0.012935004197061062,0.0002692954440135509
3742,0.012929044663906097,0.0002717965980991721
3743,0.012923073954880238,0.0002755642926786095
3744,0.012917103245854378,0.0002812911698129028
3745,0.012911149300634861,0.00029001152142882347
3746,0.01290521863847971,0.00030308793066069484
3747,0.012899263761937618,0.0003228671266697347
3748,0.012893330305814743,0.00035130936885252595
3749,0.012887377291917801,0.00039240351179614663
3750,0.012881429865956306,0.0004450647975318134
3751,0.012875525280833244,0.0005106471362523735
3752,0.012869580648839474,0.0005702628986909986
3753,0.012863630428910255,0.0006115695578046143
3754,0.01285770907998085,0.0005937372334301472
3755,0.012851797975599766,0.0005203343462198973
3756,0.012845877557992935,0.0004053250886499882
3757,0.012839965522289276,0.0003102996852248907
3758,0.012834038585424423,0.00027725734980776906
3759,0.012828154489398003,0.00030970873194746673
3760,0.012822229415178299,0.00037267719744704664
3761,0.012816314585506916,0.0004181985277682543
3762,0.012810430489480495,0.0004204725846648216
3763,0.012804528698325157,0.00038179027615115047
3764,0.012798646464943886,0.0003398480184841901
3765,0.012792760506272316,0.0003288869047537446
3766,0.012786859646439552,0.0003597049799282104
3767,0.012780977413058281,0.0004157713847234845
3768,0.012775098904967308,0.0004686986794695258
3769,0.012769224122166634,0.0005082155694253743
3770,0.012763338163495064,0.0005384288961067796
3771,0.012757464312016964,0.0005888223531655967
3772,0.012751586735248566,0.000674982147756964
3773,0.012745712883770466,0.0008038959931582212
3774,0.012739872559905052,0.0009559798636473715
3775,0.012734012678265572,0.0011070040054619312
3776,0.012728152796626091,0.001228722627274692
3777,0.01272228080779314,0.0013013817369937897
3778,0.012716434895992279,0.0012942393077537417
3779,0.012710601091384888,0.0012031218502670527
3780,0.01270473562180996,0.0010068193078041077
3781,0.012698911130428314,0.0007559405639767647
3782,0.012693063355982304,0.0005011746543459594
3783,0.012687219306826591,0.0003243499668315053
3784,0.012681391090154648,0.0002661083126440644
3785,0.01267554983496666,0.0003187149704899639
3786,0.012669728137552738,0.00043173335143364966
3787,0.012663891538977623,0.0005395376938395202
3788,0.012658079154789448,0.0005968331242911518
3789,0.012652241624891758,0.0005814632750116289
3790,0.012646433897316456,0.0005122902221046388
3791,0.012640604749321938,0.0004180674732197076
3792,0.012634794227778912,0.000334271666361019
3793,0.012628981843590736,0.0002835274499375373
3794,0.01262320764362812,0.00027319593937136233
3795,0.012617376632988453,0.00029647708288393915
3796,0.012611583806574345,0.00033701531356200576
3797,0.012605775147676468,0.0003755048383027315
3798,0.012599962763488293,0.0003955457650590688
3799,0.012594173662364483,0.00039032017230056226
3800,0.012588395737111568,0.00036328830174170434
3801,0.012582601979374886,0.0003262698883190751
3802,0.012576820328831673,0.00029261611052788794
3803,0.012571025639772415,0.0002716874296311289
3804,0.012565253302454948,0.00026593313668854535
3805,0.012559480965137482,0.00027215771842747927
3806,0.012553705833852291,0.00028468162054196
3807,0.012547937221825123,0.000298018247121945
3808,0.012542150914669037,0.00030822589178569615
3809,0.012536382302641869,0.0003129620454274118
3810,0.012530636042356491,0.0003116020525339991
3811,0.012524861842393875,0.00030460962443612516
3812,0.012519115582108498,0.00029411062132567167
3813,0.012513367459177971,0.00028267025481909513
3814,0.012507602572441101,0.00027295490144751966
3815,0.01250184141099453,0.00026661105221137404
3816,0.012496113777160645,0.0002640055026859045
3817,0.012490391731262207,0.00026445594266988337
3818,0.012484597973525524,0.0002668365486897528
3819,0.012478861026465893,0.000270067248493433
3820,0.012473149225115776,0.00027342321118339896
3821,0.012467386201024055,0.0002764271339401603
3822,0.01246165856719017,0.00027874732040800154
3823,0.01245594210922718,0.00028013071278110147
3824,0.012450198642909527,0.0002804237883538008
3825,0.012444484047591686,0.0002796909539029002
3826,0.01243875827640295,0.0002781747607514262
3827,0.012433033436536789,0.00027624311042018235
3828,0.0124273132532835,0.0002742108190432191
3829,0.0124216228723526,0.000272281002253294
3830,0.012415916658937931,0.00027052903897129
3831,0.012410185299813747,0.00026895423070527613
3832,0.012404472567141056,0.0002675639989320189
3833,0.012398775666952133,0.0002663668419700116
3834,0.012393062002956867,0.00026540906401351094
3835,0.012387358583509922,0.00026468897704035044
3836,0.012381678447127342,0.0002641864703036845
3837,0.012375980615615845,0.0002638384758029133
3838,0.012370286509394646,0.0002635820710565895
3839,0.012364605441689491,0.000263376219663769
3840,0.012358925305306911,0.0002631997049320489
3841,0.012353222817182541,0.00026306346990168095
3842,0.012347541749477386,0.0002629710943438113
3843,0.012341856956481934,0.000262920162640512
3844,0.012336197309195995,0.0002628982183523476
3845,0.012330517172813416,0.00026287997025065124
3846,0.012324844487011433,0.00026285837520845234
3847,0.012319184839725494,0.0002628249058034271
3848,0.01231350563466549,0.00026279137819074094
3849,0.01230782363563776,0.0002627640205901116
3850,0.01230219379067421,0.00026274920674040914
3851,0.012296515516936779,0.00026274588890373707
3852,0.012290874496102333,0.00026274879928678274
3853,0.012285202741622925,0.0002627538633532822
3854,0.0122795719653368,0.0002627586363814771
3855,0.01227391604334116,0.0002627734502311796
3856,0.012268264777958393,0.00026280240854248405
3857,0.012262620031833649,0.0002628627698868513
3858,0.012256975285708904,0.0002629706868901849
3859,0.012251347303390503,0.0002631479292176664
3860,0.01224570069462061,0.0002634362317621708
3861,0.012240080162882805,0.0002638880396261811
3862,0.012234420515596867,0.0002646165667101741
3863,0.012228801846504211,0.0002657878794707358
3864,0.012223176658153534,0.0002677009324543178
3865,0.012217555195093155,0.0002708366373553872
3866,0.01221192441880703,0.00027602104819379747
3867,0.012206299230456352,0.0002846578136086464
3868,0.012200684286653996,0.00029912483296357095
3869,0.012195074930787086,0.00032359748729504645
3870,0.012189451605081558,0.0003649783320724964
3871,0.012183843180537224,0.0004356795107014477
3872,0.01217823289334774,0.000555022619664669
3873,0.01217264961451292,0.0007577270152978599
3874,0.012167033739387989,0.0010885510127991438
3875,0.012161443009972572,0.001620355760678649
3876,0.012155836448073387,0.0023809862323105335
3877,0.01215023547410965,0.0033637392334640026
3878,0.012144654989242554,0.004196864552795887
3879,0.012139055877923965,0.004409566055983305
3880,0.012133465148508549,0.0033703981898725033
3881,0.012127876281738281,0.001627363613806665
3882,0.012122300453484058,0.0003887563361786306
3883,0.01211671531200409,0.0005178677383810282
3884,0.012111159041523933,0.0015036569675430655
3885,0.012105559930205345,0.0020915314089506865
3886,0.012099982239305973,0.0016380426241084933
3887,0.012094417586922646,0.0006674198084510863
3888,0.012088855728507042,0.00028184521943330765
3889,0.012083286419510841,0.0007247851463034749
3890,0.012077736668288708,0.001237953663803637
3891,0.01207214780151844,0.0011285776272416115
3892,0.012066589668393135,0.0005647412035614252
3893,0.012061042711138725,0.0002762132789939642
3894,0.012055489234626293,0.0005166942719370127
3895,0.012049932964146137,0.000836266961414367
3896,0.012044385075569153,0.0007790811359882355
3897,0.012038848362863064,0.0004435425216797739
3898,0.012033296748995781,0.0002736184105742723
3899,0.012027752585709095,0.0004205839359201491
3900,0.012022197246551514,0.000610480026807636
3901,0.012016674503684044,0.0005726608214899898
3902,0.012011131271719933,0.00037197445635683835
3903,0.012005609460175037,0.00027065142057836056
3904,0.012000074610114098,0.000357751123374328
3905,0.011994563043117523,0.0004723143938463181
3906,0.011989021673798561,0.00045332536683417857
3907,0.011983493342995644,0.0003347486781422049
3908,0.011977970600128174,0.0002681253827176988
3909,0.01197244692593813,0.00031352703808806837
3910,0.011966935358941555,0.0003849688800983131
3911,0.011961419135332108,0.00038361025508493185
3912,0.01195590291172266,0.0003164524969179183
3913,0.011950401589274406,0.000267812138190493
3914,0.011944884434342384,0.00028465944342315197
3915,0.011939398013055325,0.0003290747117716819
3916,0.011933889240026474,0.00033969469950534403
3917,0.011928383260965347,0.0003060817252844572
3918,0.011922895908355713,0.0002703881182242185
3919,0.01191739272326231,0.00026933971093967557
3920,0.011911910027265549,0.0002940570702776313
3921,0.011906394734978676,0.0003093905106652528
3922,0.011900939978659153,0.00029765444924123585
3923,0.011895451694726944,0.00027421372942626476
3924,0.011889917775988579,0.000264355621766299
3925,0.011884461157023907,0.00027401524130254984
3926,0.011878990568220615,0.00028744753217324615
3927,0.011873509734869003,0.0002882766129914671
3928,0.011868045665323734,0.00027657891041599214
3929,0.011862548999488354,0.0002655754506122321
3930,0.011857094243168831,0.0002652548428159207
3931,0.011851634830236435,0.00027284573297947645
3932,0.011846194043755531,0.0002783200761768967
3933,0.011840695515275002,0.000275766768027097
3934,0.011835232377052307,0.00026850649737752974
3935,0.011829797178506851,0.00026388553669676185
3936,0.011824317276477814,0.00026526409783400595
3937,0.01181887648999691,0.0002696620358619839
3938,0.011813418939709663,0.0002718044852372259
3939,0.011807974427938461,0.00026967714074999094
3940,0.011802515015006065,0.000265707349171862
3941,0.01179707795381546,0.00026357470778748393
3942,0.011791640892624855,0.0002645992790348828
3943,0.011786187998950481,0.0002669581153895706
3944,0.011780758388340473,0.000268027710262686
3945,0.01177532784640789,0.0002668761881068349
3946,0.011769892647862434,0.00026474741753190756
3947,0.011764474213123322,0.0002635227865539491
3948,0.011759035289287567,0.00026393396547064185
3949,0.011753616854548454,0.0002651709073688835
3950,0.0117481779307127,0.00026589373010210693
3951,0.011742748320102692,0.0002654746640473604
3952,0.011737342923879623,0.00026438251370564103
3953,0.011731928214430809,0.00026356062153354287
3954,0.011726516298949718,0.00026354435249231756
3955,0.011721075512468815,0.00026412089937366545
3956,0.011715695261955261,0.000264645874267444
3957,0.011710278689861298,0.0002646513166837394
3958,0.0117048854008317,0.000264182745013386
3959,0.01169947162270546,0.0002636440622154623
3960,0.011694077402353287,0.00026342409546487033
3961,0.011688672006130219,0.00026358646573498845
3962,0.01168326660990715,0.00026390206767246127
3963,0.011677892878651619,0.0002640763996168971
3964,0.011672498658299446,0.0002639786107465625
3965,0.011667104437947273,0.00026370861451141536
3966,0.011661703698337078,0.00026346894446760416
3967,0.011656343005597591,0.00026340538170188665
3968,0.011650954373180866,0.00026350910775363445
3969,0.011645573191344738,0.00026365884696133435
3970,0.011640183627605438,0.0002637301222421229
3971,0.011634811758995056,0.00026367351529188454
3972,0.011629432439804077,0.00026354126748628914
3973,0.011624055914580822,0.00026342301862314343
3974,0.01161868404597044,0.0002633834956213832
3975,0.011613335460424423,0.00026342293131165206
3976,0.011607976630330086,0.00026349356630817056
3977,0.011602615006268024,0.0002635373966768384
3978,0.011597245000302792,0.00026352686109021306
3979,0.01159189734607935,0.0002634717966429889
3980,0.011586524546146393,0.00026340738986618817
3981,0.011581173166632652,0.00026336850714869797
3982,0.011575802229344845,0.0002633677504491061
3983,0.011570477858185768,0.00026339388568885624
3984,0.011565128341317177,0.0002634224365465343
3985,0.011559783481061459,0.0002634342818055302
3986,0.011554453521966934,0.00026342133060097694
3987,0.011549093760550022,0.0002633929834701121
3988,0.011543774977326393,0.0002633639087434858
3989,0.011538444086909294,0.0002633458352647722
3990,0.011533092707395554,0.00026334283757023513
3991,0.011527777649462223,0.0002633515396155417
3992,0.011522448621690273,0.0002633635886013508
3993,0.01151712704449892,0.0002633690892253071
3994,0.011511780321598053,0.00026336550945416093
3995,0.011506450362503529,0.0002633549738675356
3996,0.011501147411763668,0.0002633409749250859
3997,0.011495836079120636,0.0002633290714584291
3998,0.011490507051348686,0.00026332156267017126
3999,0.011485207825899124,0.00026332063134759665
4000,0.011479891836643219,0.00026332351262681186
4001,0.011474593542516232,0.000263326452113688
4002,0.0114692822098732,0.00026332761626690626
4003,0.011463972739875317,0.00026332592824473977
4004,0.011458676308393478,0.00026332095148973167
4005,0.011453354731202126,0.0002633138501551002
4006,0.011448072269558907,0.00026330724358558655
4007,0.011442768387496471,0.00026330226683057845
4008,0.011437488719820976,0.00026329830870963633
4009,0.011432195082306862,0.00026329641696065664
4010,0.011426909826695919,0.0002632958930917084
4011,0.011421620845794678,0.0002632950199767947
4012,0.011416321620345116,0.0002632936812005937
4013,0.011411026120185852,0.0002632916148286313
4014,0.01140578929334879,0.00026328841340728104
4015,0.011400500312447548,0.0002632852119859308
4016,0.011395234614610672,0.0002632811083458364
4017,0.011389944702386856,0.0002632768009789288
4018,0.011384689249098301,0.0002632732212077826
4019,0.011379409581422806,0.00026326923398301005
4020,0.011374144814908504,0.0002632668474689126
4021,0.0113688874989748,0.0002632642863318324
4022,0.011363610625267029,0.00026326230727136135
4023,0.011358377523720264,0.00026325962971895933
4024,0.011353084817528725,0.00026325692306272686
4025,0.011347852647304535,0.0002632542164064944
4026,0.011342576704919338,0.00026325194630771875
4027,0.011337335221469402,0.0002632492978591472
4028,0.011332093738019466,0.000263245397945866
4029,0.011326841078698635,0.00026324254577048123
4030,0.01132160983979702,0.00026323902420699596
4031,0.011316347867250443,0.00026323573547415435
4032,0.0113111212849617,0.0002632326213642955
4033,0.011305877938866615,0.00026322901248931885
4034,0.011300639249384403,0.00026322572375647724
4035,0.011295415461063385,0.0002632226678542793
4036,0.011290171183645725,0.0002632196992635727
4037,0.011284946464002132,0.00026321643963456154
4038,0.011279724538326263,0.00026321300538256764
4039,0.011274481192231178,0.00026320957113057375
4040,0.011269254609942436,0.00026320660253986716
4041,0.011264038272202015,0.0002632034884300083
4042,0.011258820071816444,0.0002631999959703535
4043,0.011253628879785538,0.00026319760945625603
4044,0.011248406022787094,0.00026319402968510985
4045,0.011243194341659546,0.0002631911775097251
4046,0.011237973347306252,0.00026318771415390074
4047,0.011232767254114151,0.00026318433810956776
4048,0.011227549985051155,0.0002631808165460825
4049,0.011222368106245995,0.0002631777315400541
4050,0.011217151768505573,0.0002631748793646693
4051,0.011211962439119816,0.0002631706593092531
4052,0.01120676752179861,0.0002631685056257993
4053,0.011201574467122555,0.00026316483854316175
4054,0.011196384206414223,0.0002631614916026592
4055,0.011191174387931824,0.0002631589013617486
4056,0.011185985058546066,0.0002631561947055161
4057,0.011180805042386055,0.0002631539246067405
4058,0.01117563433945179,0.0002631510142236948
4059,0.011170444078743458,0.00026314955903217196
4060,0.01116527896374464,0.00026314883143641055
4061,0.011160096153616905,0.0002631495299283415
4062,0.011154930107295513,0.0002631518873386085
4063,0.011149749159812927,0.00026315852301195264
4064,0.011144546791911125,0.00026317042647860944
4065,0.011139380745589733,0.0002631908864714205
4066,0.01113424077630043,0.00026322249323129654
4067,0.011129072867333889,0.00026327866362407804
4068,0.011123888194561005,0.0002633674012031406
4069,0.01111873984336853,0.00026351716951467097
4070,0.011113572865724564,0.00026375812012702227
4071,0.011108431965112686,0.000264163565589115
4072,0.011103279888629913,0.00026483062538318336
4073,0.011098116636276245,0.00026595982490107417
4074,0.011092952452600002,0.0002678598393686116
4075,0.011087819002568722,0.00027111219242215157
4076,0.01108267530798912,0.0002766907273326069
4077,0.01107752975076437,0.00028635773924179375
4078,0.011072385124862194,0.00030326060368679464
4079,0.01106726098805666,0.0003328361199237406
4080,0.011062121018767357,0.0003853147500194609
4081,0.011056985706090927,0.00047728640493005514
4082,0.011051843874156475,0.0006411988870240748
4083,0.01104672346264124,0.0009220695355907083
4084,0.011041604913771152,0.0014082146808505058
4085,0.011036459356546402,0.002163388766348362
4086,0.011031347326934338,0.003293530782684684
4087,0.011026214808225632,0.004499651957303286
4088,0.011021114885807037,0.005379045382142067
4089,0.01101598609238863,0.004740223288536072
4090,0.011010861024260521,0.002787433797493577
4091,0.01100575178861618,0.0007762259338051081
4092,0.01100064069032669,0.000434592628153041
4093,0.010995527729392052,0.0015977940056473017
4094,0.01099040824919939,0.002515396336093545
4095,0.01098532136529684,0.0020518021192401648
4096,0.010980227030813694,0.0007657326059415936
4097,0.010975117795169353,0.0003208890266250819
4098,0.010970011353492737,0.0010038074105978012
4099,0.010964926332235336,0.001570693333633244
4100,0.010959837585687637,0.0011920843971893191
4101,0.010954726487398148,0.00043607631232589483
4102,0.010949648916721344,0.000364211096893996
4103,0.010944553650915623,0.0008733668946661055
4104,0.010939467698335648,0.0010505921673029661
4105,0.010934414342045784,0.0006513123516924679
4106,0.010929309763014317,0.0002899168466683477
4107,0.010924207046627998,0.00043693510815501213
4108,0.01091915275901556,0.0007412845152430236
4109,0.010914064943790436,0.0006857909029349685
4110,0.010908986441791058,0.00038578661042265594
4111,0.010903947986662388,0.0002829928125720471
4112,0.010898870415985584,0.00045959220733493567
4113,0.01089381705969572,0.0005828182911500335
4114,0.010888786055147648,0.00045679789036512375
4115,0.010883728973567486,0.0002904609136749059
4116,0.010878704488277435,0.0003083892515860498
4117,0.010873719118535519,0.00043171225115656853
4118,0.010868759825825691,0.0004501304356381297
4119,0.01086385641247034,0.00034083216451108456
4120,0.010859035886824131,0.0002705685910768807
4121,0.01085437461733818,0.00031823970493860543
4122,0.010849881917238235,0.00038339622551575303
4123,0.010845791548490524,0.00036285549867898226
4124,0.010842246934771538,0.00029178819386288524
4125,0.01083964854478836,0.0002708320680540055
4126,0.010838611982762814,0.0003121155023109168
4127,0.010840124450623989,0.000340682192472741
4128,0.010846007615327835,0.0003147143288515508
4129,0.010859156958758831,0.00027423392748460174
4130,0.01088470034301281,0.00027223804499953985
4131,0.010931100696325302,0.00029997507226653397
4132,0.011013206094503403,0.00031093708821572363
4133,0.011154592968523502,0.00029054528567939997
4134,0.011396070010960102,0.0002685091458261013
4135,0.011794909834861755,0.00027154863346368074
4136,0.01244005374610424,0.0002885754802264273
4137,0.013396255671977997,0.00029256963171064854
4138,0.01469381619244814,0.0002789350983221084
4139,0.015984969213604927,0.00026676023844629526
4140,0.016736645251512527,0.0002698325552046299
4141,0.01581551507115364,0.0002799762587528676
4142,0.01370001770555973,0.00028175307670608163
4143,0.011523383669555187,0.0002733905566856265
4144,0.010871265083551407,0.00026624550810083747
4145,0.011899424716830254,0.0002680652542039752
4146,0.014270042069256306,0.00027408820460550487
4147,0.018491262570023537,0.0002753865846898407
4148,0.025409534573554993,0.00027061390574090183
4149,0.03239956870675087,0.00026616378454491496
4150,0.025775669142603874,0.0002668304950930178
4151,0.015818951651453972,0.00027038538246415555
4152,0.01570945233106613,0.00027163358754478395
4153,0.022074133157730103,0.0002691511472221464
4154,0.02144746109843254,0.00026627274928614497
4155,0.013379168696701527,0.0002661478938534856
4156,0.011389650404453278,0.00026814438751898706
4157,0.016954919323325157,0.00026932364562526345
4158,0.029892534017562866,0.0002682589984033257
4159,0.052362725138664246,0.0002664362546056509
4160,0.04735000431537628,0.0002659010933712125
4161,0.024565955623984337,0.0002668771194294095
4162,0.03768186271190643,0.00026785809313878417
4163,0.060317520052194595,0.00026761944172903895
4164,0.04860486090183258,0.0002665785141289234
4165,0.020945679396390915,0.00026593884103931487
4166,0.02956685610115528,0.0002662575279828161
4167,0.11112717539072037,0.00026693870313465595
4168,0.45672327280044556,0.00026710162637755275
4169,0.8388479948043823,0.00026663552853278816
4170,0.10841406881809235,0.0002661020844243467
4171,0.7780941724777222,0.0002660568570718169
4172,0.2469279021024704,0.0002664217900019139
4173,0.8568429946899414,0.00026670072111301124
4174,0.3461434841156006,0.0002666092768777162
4175,0.7458663582801819,0.0002662791812326759
4176,0.33243516087532043,0.0002660932077560574
4177,0.5394282341003418,0.00026619728305377066
4178,0.32204389572143555,0.0002664184430614114
4179,0.21011793613433838,0.00026651256484910846
4180,0.31695079803466797,0.0002663953637238592
4181,0.10912517458200455,0.00026623025769367814
4182,0.15831369161605835,0.00026618357514962554
4183,0.1283917874097824,0.00026628244086168706
4184,0.08176648616790771,0.0002664084022399038
4185,0.1276804804801941,0.00026643351884558797
4186,0.09547164291143417,0.0002663657069206238
4187,0.15470266342163086,0.0002662867191247642
4188,0.11721023917198181,0.0002662845072336495
4189,0.12141026556491852,0.0002663531922735274
4190,0.1549140214920044,0.00026642001466825604
4191,0.12207745015621185,0.0002664384664967656
4192,0.10362906008958817,0.00026640380383469164
4193,0.11405295133590698,0.00026637225528247654
4194,0.08387665450572968,0.00026637825067155063
4195,0.06408915668725967,0.0002664209750946611
4196,0.051800355315208435,0.00026646762853488326
4197,0.038199491798877716,0.0002664838684722781
4198,0.03608870878815651,0.0002664771454874426
4199,0.031126510351896286,0.0002664657076820731
4200,0.042014963924884796,0.0002664726343937218
4201,0.046749554574489594,0.00026650121435523033
4202,0.0465078130364418,0.0002665333158802241
4203,0.05232161283493042,0.0002665550564415753
4204,0.048207879066467285,0.0002665616921149194
4205,0.04544315114617348,0.0002665647480171174
4206,0.03710555285215378,0.00026657155831344426
4207,0.03268764913082123,0.000266591232502833
4208,0.029413849115371704,0.00026661623269319534
4209,0.022881709039211273,0.0002666384680196643
4210,0.022488299757242203,0.0002666540094651282
4211,0.02368401177227497,0.0002666628861334175
4212,0.022792156785726547,0.0002666735672391951
4213,0.023612922057509422,0.0002666882937774062
4214,0.022571615874767303,0.0002667076769284904
4215,0.02561930939555168,0.00026672950480133295
4216,0.022510111331939697,0.0002667466760613024
4217,0.022305455058813095,0.00026676160632632673
4218,0.020843084901571274,0.00026677403366193175
4219,0.019842173904180527,0.00026678788708522916
4220,0.01750028133392334,0.00026680444716475904
4221,0.01664036139845848,0.000266822287812829
4222,0.016596339643001556,0.0002668414090294391
4223,0.015497302636504173,0.00026685709599405527
4224,0.015176353976130486,0.0002668725501280278
4225,0.01549861766397953,0.0002668869274202734
4226,0.015549521893262863,0.0002669022651389241
4227,0.015673227608203888,0.00026691894163377583
4228,0.015422642230987549,0.0002669358509592712
4229,0.015476197935640812,0.0002669530804269016
4230,0.01512535847723484,0.0002669695531949401
4231,0.014401739463210106,0.0002669855020940304
4232,0.014128359034657478,0.00026700040325522423
4233,0.013667155988514423,0.00026701585738919675
4234,0.013247771188616753,0.00026703247567638755
4235,0.012852189131081104,0.000267048308160156
4236,0.012842913158237934,0.00026706536300480366
4237,0.01282360590994358,0.00026708125369623303
4238,0.012670444324612617,0.0002670971443876624
4239,0.012800856493413448,0.00026711280224844813
4240,0.012863443233072758,0.00026712872204370797
4241,0.012724095955491066,0.0002671442343853414
4242,0.012583760544657707,0.0002671605034265667
4243,0.01244424469769001,0.00026717677246779203
4244,0.012276304885745049,0.0002671926631592214
4245,0.01200299896299839,0.0002672088157851249
4246,0.011981953866779804,0.0002672248228918761
4247,0.011915446259081364,0.0002672407717909664
4248,0.011879922822117805,0.00026725593488663435
4249,0.011900557205080986,0.0002672718255780637
4250,0.011913778260350227,0.00026728774537332356
4251,0.01189931109547615,0.00026730424724519253
4252,0.011807207018136978,0.00026732016704045236
4253,0.011767245829105377,0.0002673359995242208
4254,0.0117024015635252,0.0002673523558769375
4255,0.01160557009279728,0.0002673692360986024
4256,0.011569932103157043,0.00026738535962067544
4257,0.011540531180799007,0.0002674020652193576
4258,0.011520018801093102,0.0002674204297363758
4259,0.01149289682507515,0.0002674385905265808
4260,0.011483573354780674,0.0002674590505193919
4261,0.01147221028804779,0.00026748140226118267
4262,0.011423444375395775,0.00026750811957754195
4263,0.011404473334550858,0.0002675390860531479
4264,0.011374312452971935,0.0002675802679732442
4265,0.011342387646436691,0.00026763329515233636
4266,0.011311530135571957,0.00026771074044518173
4267,0.011289856396615505,0.00026782206259667873
4268,0.011270919814705849,0.00026799505576491356
4269,0.011242000386118889,0.00026826118119060993
4270,0.01123090274631977,0.0002686906373128295
4271,0.01121564768254757,0.0002693824062589556
4272,0.01119677722454071,0.00027053174562752247
4273,0.011179964058101177,0.00027243763906881213
4274,0.011163434945046902,0.0002756610920187086
4275,0.011146297678351402,0.0002811289159581065
4276,0.011124897748231888,0.0002904983703047037
4277,0.011110581457614899,0.0003066723293159157
4278,0.01109560951590538,0.00033461482962593436
4279,0.011078529991209507,0.0003833579830825329
4280,0.01106623187661171,0.0004672317882068455
4281,0.01105370931327343,0.000612490635830909
4282,0.011041983962059021,0.0008534122607670724
4283,0.011028245091438293,0.0012475375551730394
4284,0.011017532087862492,0.0018222876824438572
4285,0.011004840023815632,0.0025919326581060886
4286,0.010991123504936695,0.003349998500198126
4287,0.01097945123910904,0.003809993853792548
4288,0.010967487469315529,0.0035640515852719545
4289,0.010955876670777798,0.002544034505262971
4290,0.010944465175271034,0.001292165368795395
4291,0.01093448419123888,0.0005070710903964937
4292,0.010924038477241993,0.0005908483290113509
4293,0.010913393460214138,0.0012225840473547578
4294,0.010903995484113693,0.001700931927189231
4295,0.010893960483372211,0.0015430047642439604
4296,0.010884017683565617,0.0008557486580684781
4297,0.010874159634113312,0.00034545152448117733
4298,0.01086478028446436,0.0004437461029738188
4299,0.010855214670300484,0.0008943646680563688
4300,0.010845822282135487,0.0011033499613404274
4301,0.010837229900062084,0.000809076358564198
4302,0.010828345082700253,0.0003903814940713346
4303,0.010819792747497559,0.0002961413993034512
4304,0.010811368003487587,0.0005337900947779417
4305,0.010803144425153732,0.0007403749041259289
4306,0.010794800706207752,0.0006587736424989998
4307,0.010786627419292927,0.00042019184911623597
4308,0.010778707452118397,0.00029331407858990133
4309,0.010770673863589764,0.00036636978620663285
4310,0.010762845166027546,0.0004967472632415593
4311,0.010755222290754318,0.0005195088451728225
4312,0.010747695341706276,0.00042522299918346107
4313,0.010740258730947971,0.0003209878923371434
4314,0.010732983238995075,0.0002990103675983846
4315,0.01072588749229908,0.0003529230016283691
4316,0.010718706995248795,0.00040750671178102493
4317,0.010711737908422947,0.000402204692363739
4318,0.010704787448048592,0.0003429069183766842
4319,0.010697929188609123,0.00028802224551327527
4320,0.010691126808524132,0.0002855796192307025
4321,0.010684441775083542,0.0003258080978412181
4322,0.010677870362997055,0.00035678374115377665
4323,0.010671340860426426,0.00034298619721084833
4324,0.01066497340798378,0.00030042987782508135
4325,0.010658655315637589,0.00027298566419631243
4326,0.010652396827936172,0.00028190913144499063
4327,0.010646200738847256,0.0003080935566686094
4328,0.010640070773661137,0.00031977210892364383
4329,0.010634005069732666,0.00030683871591463685
4330,0.010628009214997292,0.0002850540622603148
4331,0.010622100904583931,0.00027403124840930104
4332,0.010616246610879898,0.0002785501128528267
4333,0.01061046589165926,0.00028924844809807837
4334,0.01060473918914795,0.0002950156922452152
4335,0.010599082335829735,0.0002916877856478095
4336,0.010593494400382042,0.00028267718153074384
4337,0.010587967000901699,0.0002747572725638747
4338,0.010582486167550087,0.0002730055421125144
4339,0.01057705469429493,0.0002774755412247032
4340,0.010571690276265144,0.00028321094578132033
4341,0.010566366836428642,0.0002845961425919086
4342,0.010561089962720871,0.00028034677961841226
4343,0.01055588573217392,0.0002742838114500046
4344,0.01055074855685234,0.0002713595749810338
4345,0.010545617900788784,0.00027299110661260784
4346,0.01054055243730545,0.0002765068202279508
4347,0.010535531677305698,0.00027841643895953894
4348,0.010530569590628147,0.00027742309612222016
4349,0.010525648482143879,0.0002748349797911942
4350,0.010520756244659424,0.00027265094104222953
4351,0.01051592268049717,0.0002719494223129004
4352,0.010511130094528198,0.00027263787342235446
4353,0.010506399907171726,0.0002738935290835798
4354,0.010501681827008724,0.0002748155384324491
4355,0.010496986098587513,0.00027477293042466044
4356,0.010492386296391487,0.00027376521029509604
4357,0.010487785562872887,0.0002724712830968201
4358,0.010483232326805592,0.0002717406605370343
4359,0.010478723794221878,0.00027195934671908617
4360,0.010474232956767082,0.00027276319451630116
4361,0.010469790548086166,0.0002734281006269157
4362,0.010465389117598534,0.0002735085436142981
4363,0.010461012832820415,0.0002730671258177608
4364,0.010456675663590431,0.0002724932273849845
4365,0.010452352464199066,0.00027212180430069566
4366,0.010448098182678223,0.00027205320657230914
4367,0.01044384203851223,0.00027223254437558353
4368,0.010439639911055565,0.0002725158992689103
4369,0.010435461066663265,0.0002727634273469448
4370,0.010431310161948204,0.0002728549879975617
4371,0.010427179746329784,0.00027273755404166877
4372,0.010423103347420692,0.0002725005033425987
4373,0.010419047437608242,0.00027228667750023305
4374,0.010415001772344112,0.0002722257049754262
4375,0.010411003604531288,0.00027232471620664
4376,0.010407011955976486,0.00027249485719949007
4377,0.010403066873550415,0.00027264002710580826
4378,0.010399134829640388,0.0002727039682213217
4379,0.010395236313343048,0.0002727000683080405
4380,0.010391369462013245,0.0002726535021793097
4381,0.010387515649199486,0.0002725956146605313
4382,0.0103836664929986,0.0002725528320297599
4383,0.010379865765571594,0.00027254605083726346
4384,0.010376100428402424,0.0002725883387029171
4385,0.01037234254181385,0.00027266910183243454
4386,0.01036861538887024,0.00027275734464637935
4387,0.010364891961216927,0.0002728247200138867
4388,0.010361186228692532,0.00027285594842396677
4389,0.010357535444200039,0.00027286214753985405
4390,0.01035388559103012,0.0002728596155066043
4391,0.010350266471505165,0.0002728582185227424
4392,0.010346639901399612,0.00027286889962852
4393,0.01034305989742279,0.0002728865365497768
4394,0.010339479893445969,0.00027291852165944874
4395,0.0103359529748559,0.00027296142070554197
4396,0.010332435369491577,0.0002730117703322321
4397,0.010328907519578934,0.00027306220727041364
4398,0.010325416922569275,0.00027310437872074544
4399,0.010321948677301407,0.0002731399144977331
4400,0.010318489745259285,0.00027316666091792285
4401,0.010315058752894402,0.00027319142827764153
4402,0.010311620309948921,0.00027321631205268204
4403,0.010308226570487022,0.00027323997346684337
4404,0.010304844006896019,0.0002732656430453062
4405,0.010301445610821247,0.00027329346630722284
4406,0.010298101231455803,0.00027332600438967347
4407,0.010294771753251553,0.00027336040511727333
4408,0.0102914497256279,0.000273397978162393
4409,0.010288134217262268,0.00027343607507646084
4410,0.010284828953444958,0.0002734738227445632
4411,0.010281549766659737,0.00027351139578968287
4412,0.010278280824422836,0.0002735469024628401
4413,0.010275043547153473,0.00027358336956240237
4414,0.010271798819303513,0.0002736192545853555
4415,0.010268567129969597,0.000273653247859329
4416,0.010265369899570942,0.00027368668816052377
4417,0.010262140072882175,0.0002737191680353135
4418,0.010258975438773632,0.0002737515897024423
4419,0.010255805216729641,0.00027378476806916296
4420,0.010252654552459717,0.0002738172188401222
4421,0.01024950947612524,0.00027385057182982564
4422,0.010246380232274532,0.0002738824114203453
4423,0.010243237018585205,0.0002739159681368619
4424,0.010240144096314907,0.00027394897188059986
4425,0.010237044654786587,0.0002739823248703033
4426,0.010233938694000244,0.00027401631814427674
4427,0.010230887681245804,0.00027404972934164107
4428,0.01022781990468502,0.00027408445021137595
4429,0.010224753990769386,0.0002741184725891799
4430,0.010221710428595543,0.000274152698693797
4431,0.010218683630228043,0.000274186983006075
4432,0.010215671733021736,0.00027422321727499366
4433,0.010212662629783154,0.0002742588403634727
4434,0.010209644213318825,0.00027429600595496595
4435,0.010206677950918674,0.0002743340446613729
4436,0.010203690268099308,0.00027437275275588036
4437,0.01020069234073162,0.0002744148368947208
4438,0.010197723284363747,0.00027446032618172467
4439,0.010194797068834305,0.0002745104138739407
4440,0.010191857814788818,0.0002745689998846501
4441,0.010188909247517586,0.0002746382378973067
4442,0.01018599048256874,0.0002747257240116596
4443,0.010183067992329597,0.00027483803569339216
4444,0.010180158540606499,0.00027499531279318035
4445,0.010177260264754295,0.00027521600713953376
4446,0.010174366645514965,0.00027554435655474663
4447,0.010171492584049702,0.00027603417402133346
4448,0.010168609209358692,0.0002767955302260816
4449,0.010165728628635406,0.00027799041708931327
4450,0.01016287598758936,0.00027990201488137245
4451,0.010160001926124096,0.0002829946461133659
4452,0.010157164186239243,0.00028806913178414106
4453,0.010154340416193008,0.00029647196060977876
4454,0.010151519440114498,0.0003105037612840533
4455,0.010148687288165092,0.0003341811243444681
4456,0.010145852342247963,0.0003741900436580181
4457,0.010143052786588669,0.00044255974353291094
4458,0.01014026254415512,0.0005582426092587411
4459,0.01013747975230217,0.0007554875337518752
4460,0.010134676471352577,0.001080106827430427
4461,0.010131895542144775,0.0016086746472865343
4462,0.010129109025001526,0.002384212100878358
4463,0.010126365348696709,0.0034294077195227146
4464,0.010123595595359802,0.0044147055596113205
4465,0.010120835155248642,0.004864869173616171
4466,0.010118093341588974,0.003985447809100151
4467,0.010115331038832664,0.0021416270174086094
4468,0.010112601332366467,0.0005597138660959899
4469,0.01010986976325512,0.0004347829963080585
4470,0.010107148438692093,0.0014542960561811924
4471,0.010104438289999962,0.00224418961443007
4472,0.010101702064275742,0.0019003305351361632
4473,0.010098988190293312,0.0008301314665004611
4474,0.010096300393342972,0.00029571473714895546
4475,0.010093586519360542,0.0007204501889646053
4476,0.01009089034050703,0.0013230933109298348
4477,0.010088209994137287,0.0012642800575122237
4478,0.010085522197186947,0.0006489407969638705
4479,0.010082848370075226,0.00029480762896128
4480,0.010080169886350632,0.0005392729653976858
4481,0.010077496990561485,0.0009044280159287155
4482,0.010074839927256107,0.0008602413581684232
4483,0.010072186589241028,0.0004900527419522405
4484,0.010069519281387329,0.00029106036527082324
4485,0.010066880844533443,0.0004476719768717885
4486,0.010064210742712021,0.0006616676109842956
4487,0.010061590932309628,0.0006258882349357009
4488,0.010058954358100891,0.00040415130206383765
4489,0.01005631498992443,0.0002883316483348608
4490,0.010053692385554314,0.0003820600686594844
4491,0.010051054880023003,0.000509927049279213
4492,0.01004844531416893,0.0004919974016956985
4493,0.010045820847153664,0.00036174076376482844
4494,0.010043211281299591,0.00028607671265490353
4495,0.01004062220454216,0.00033375044586136937
4496,0.01003800705075264,0.00041273818351328373
4497,0.01003541424870491,0.0004137276846449822
4498,0.010032796300947666,0.00034106778912246227
4499,0.010030223056674004,0.0002859566011466086
4500,0.010027621872723103,0.00030177581356838346
4501,0.010025053285062313,0.00035002396907657385
4502,0.010022461414337158,0.00036388702574186027
4503,0.010019871406257153,0.0003290025342721492
4504,0.010017314925789833,0.00028916148585267365
4505,0.01001474168151617,0.00028538689366541803
4506,0.010012177750468254,0.00031099014449864626
4507,0.010009603574872017,0.0003291154862381518
4508,0.010007044300436974,0.0003186413669027388
4509,0.010004484094679356,0.0002936032833531499
4510,0.010001929476857185,0.0002810466685332358
4511,0.00999938789755106,0.00028953602304682136
4512,0.009996822103857994,0.0003042028984054923
4513,0.009994284249842167,0.0003069978847634047
4514,0.009991752915084362,0.00029583193827420473
4515,0.009989188984036446,0.00028345364262349904
4516,0.009986653923988342,0.00028127810219302773
4517,0.009984138421714306,0.00028837184072472155
4518,0.009981606155633926,0.00029496534261852503
4519,0.009979072958230972,0.0002938410034403205
4520,0.009976541623473167,0.0002868688607122749
4521,0.00997401773929596,0.0002811517915688455
4522,0.009971498511731625,0.00028122233925387263
4523,0.009968981146812439,0.00028530677082017064
4524,0.009966450743377209,0.00028833115356974304
4525,0.009963950142264366,0.00028733827639371157
4526,0.009961450472474098,0.00028365670004859567
4527,0.009958924725651741,0.00028080662013962865
4528,0.009956416673958302,0.00028084582299925387
4529,0.009953922592103481,0.00028288859175518155
4530,0.009951431304216385,0.0002845306880772114
4531,0.00994893442839384,0.00028424806077964604
4532,0.009946426376700401,0.0002825127448886633
4533,0.0099439462646842,0.0002809218131005764
4534,0.009941453114151955,0.00028063508216291666
4535,0.009938969276845455,0.0002814905601553619
4536,0.009936465881764889,0.00028246428701095283
4537,0.009933985769748688,0.0002826678392011672
4538,0.009931497275829315,0.0002820304362103343
4539,0.009929013438522816,0.0002811711165122688
4540,0.009926524013280869,0.0002807335404213518
4541,0.009924068115651608,0.0002809258585330099
4542,0.009921591728925705,0.00028142076916992664
4543,0.00991909671574831,0.00028176812338642776
4544,0.009916635230183601,0.0002817243221215904
4545,0.009914164431393147,0.00028138220659457147
4546,0.00991171132773161,0.0002810452424455434
4547,0.009909247979521751,0.0002809248981066048
4548,0.009906779043376446,0.00028106686659157276
4549,0.009904298931360245,0.00028131064027547836
4550,0.0099018644541502,0.00028148182900622487
4551,0.009899409487843513,0.00028148945420980453
4552,0.009896941483020782,0.0002813625324051827
4553,0.009894492104649544,0.0002812309539876878
4554,0.009892035275697708,0.00028117478359490633
4555,0.009889580309391022,0.0002812388993334025
4556,0.009887135587632656,0.0002813666651491076
4557,0.009884688071906567,0.000281488144537434
4558,0.009882246144115925,0.0002815531042870134
4559,0.00987979955971241,0.00028154347091913223
4560,0.009877351112663746,0.0002815048210322857
4561,0.009874920360744,0.0002814731851685792
4562,0.009872480295598507,0.00028149079298600554
4563,0.009870041161775589,0.00028155450127087533
4564,0.009867611341178417,0.0002816435298882425
4565,0.009865179657936096,0.00028172650490887463
4566,0.009862725622951984,0.0002817731292452663
4567,0.00986029114574194,0.0002817916392814368
4568,0.009857865050435066,0.0002817893400788307
4569,0.009855442680418491,0.0002817974891513586
4570,0.009852999821305275,0.0002818252833094448
4571,0.009850587695837021,0.0002818788925651461
4572,0.00984816811978817,0.00028194766491651535
4573,0.009845728054642677,0.000282013468677178
4574,0.009843297302722931,0.00028206902788951993
4575,0.009840897284448147,0.00028210299205966294
4576,0.009838462807238102,0.0002821293892338872
4577,0.009836064651608467,0.0002821514499373734
4578,0.00983362551778555,0.00028218410443514585
4579,0.009831215254962444,0.00028222714900039136
4580,0.009828807786107063,0.0002822797396220267
4581,0.00982639193534851,0.0002823359100148082
4582,0.009823962114751339,0.00028238940285518765
4583,0.009821563959121704,0.0002824387338478118
4584,0.009819145314395428,0.00028247942100279033
4585,0.009816735982894897,0.000282519671600312
4586,0.009814323857426643,0.0002825555857270956
4587,0.009811928495764732,0.0002825956034939736
4588,0.009809526614844799,0.00028263917192816734
4589,0.00980711542069912,0.00028268503956496716
4590,0.009804686531424522,0.00028273422503843904
4591,0.009802308864891529,0.00028278204263187945
4592,0.009799892082810402,0.00028283073334023356
4593,0.009797491133213043,0.0002828767173923552
4594,0.009795100428164005,0.00028292142087593675
4595,0.009792700409889221,0.00028296635719016194
4596,0.00979029294103384,0.00028301129350438714
4597,0.009787890128791332,0.0002830541634466499
4598,0.009785506874322891,0.00028309959452599287
4599,0.009783105924725533,0.0002831431047525257
4600,0.009780727326869965,0.0002831885649356991
4601,0.009778318926692009,0.0002832339669112116
4602,0.009775906801223755,0.0002832803875207901
4603,0.009773529134690762,0.0002833255857694894
4604,0.009771142154932022,0.0002833721518982202
4605,0.009768751449882984,0.00028341897996142507
4606,0.009766357950866222,0.0002834649640135467
4607,0.00976397655904293,0.00028351135551929474
4608,0.00976156909018755,0.00028355757240206003
4609,0.00975920632481575,0.0002836025960277766
4610,0.009756814688444138,0.0002836476487573236
4611,0.009754421189427376,0.0002836925850715488
4612,0.009752048179507256,0.0002837377251125872
4613,0.00974966213107109,0.0002837827196344733
4614,0.009747269563376904,0.00028382803429849446
4615,0.009744889102876186,0.00028387297061271966
4616,0.009742523543536663,0.0002839170047082007
4617,0.009740138426423073,0.0002839628723450005
4618,0.009737737476825714,0.0002840077504515648
4619,0.00973537191748619,0.0002840535016730428
4620,0.009732997976243496,0.00028409797232598066
4621,0.009730621241033077,0.00028414398548193276
4622,0.00972823891788721,0.00028418918373063207
4623,0.009725863113999367,0.0002842338872142136
4624,0.009723500348627567,0.0002842790854629129
4625,0.009721111506223679,0.00028432486578822136
4626,0.009718737564980984,0.00028437026776373386
4627,0.009716345928609371,0.00028441529138945043
4628,0.00971398875117302,0.0002844602568075061
4629,0.009711617603898048,0.000284505047602579
4630,0.009709250181913376,0.00028455135179683566
4631,0.009706889279186726,0.0002845962007995695
4632,0.00970451720058918,0.0002846421266440302
4633,0.009702131152153015,0.0002846872084774077
4634,0.009699761867523193,0.00028473359998315573
4635,0.009697395376861095,0.0002847790310624987
4636,0.009695026092231274,0.00028482513152994215
4637,0.009692640043795109,0.0002848722506314516
4638,0.009690279141068459,0.0002849201555363834
4639,0.009687921032309532,0.000284969195490703
4640,0.009685545228421688,0.0002850195742212236
4641,0.009683197364211082,0.0002850730379577726
4642,0.00968082807958126,0.0002851320314221084
4643,0.009678463451564312,0.0002851972240023315
4644,0.009676100686192513,0.0002852778125088662
4645,0.009673725813627243,0.0002853748737834394
4646,0.009671341627836227,0.00028550694696605206
4647,0.009669005870819092,0.00028568945708684623
4648,0.009666655212640762,0.0002859634696505964
4649,0.009664283134043217,0.00028638297226279974
4650,0.009661921299993992,0.0002870564057957381
4651,0.009659565053880215,0.0002881486725527793
4652,0.009657206013798714,0.00028998326160945
4653,0.009654831141233444,0.00029308104421943426
4654,0.009652486070990562,0.00029841327341273427
4655,0.009650129824876785,0.00030766252893954515
4656,0.009647777304053307,0.00032385566737502813
4657,0.00964539684355259,0.0003525196807458997
4658,0.009643033146858215,0.0004032163124065846
4659,0.009640688076615334,0.000494150910526514
4660,0.009638328105211258,0.000654541130643338
4661,0.009635981172323227,0.0009410678176209331
4662,0.009633625857532024,0.0014263044577091932
4663,0.009631268680095673,0.002242259681224823
4664,0.009628900326788425,0.0034135128371417522
4665,0.009626572020351887,0.004919653758406639
4666,0.009624202735722065,0.0059242844581604
4667,0.009621847420930862,0.005668018013238907
4668,0.009619509801268578,0.0034200516529381275
4669,0.009617157280445099,0.0009861899306997657
4670,0.00961480475962162,0.0003851481305900961
4671,0.009612461552023888,0.001682292902842164
4672,0.009610094130039215,0.002881384687498212
4673,0.009607735089957714,0.0023022631648927927
4674,0.009605400264263153,0.0008277413435280323
4675,0.009603049606084824,0.0003548035747371614
4676,0.009600706398487091,0.0011912838090211153
4677,0.009598350152373314,0.0018183564534410834
4678,0.009596001356840134,0.0012449824716895819
4679,0.009593628346920013,0.0004163345438428223
4680,0.009591296315193176,0.00047418836038559675
4681,0.009588953107595444,0.001077520428225398
4682,0.009586594998836517,0.001167316921055317
4683,0.009584268555045128,0.0006236117333173752
4684,0.009581895545125008,0.0003089193778578192
4685,0.009579546749591827,0.0005843302351422608
4686,0.009577222168445587,0.0008784595993347466
4687,0.00957486405968666,0.0007127356948330998
4688,0.009572533890604973,0.00036795646883547306
4689,0.009570170193910599,0.0003453758545219898
4690,0.009567811153829098,0.0005829461733810604
4691,0.009565485641360283,0.0006535708671435714
4692,0.009563136845827103,0.000460632611066103
4693,0.009560794569551945,0.000303837179671973
4694,0.009558450430631638,0.00037818882265128195
4695,0.009556101635098457,0.0005150947836227715
4696,0.0095537593588233,0.0004899691557511687
4697,0.009551413357257843,0.0003528773959260434
4698,0.009549063630402088,0.0002993801608681679
4699,0.009546716697514057,0.0003738186205737293
4700,0.009544411674141884,0.0004384333733469248
4701,0.009542045183479786,0.0003953005652874708
4702,0.009539704769849777,0.00031365733593702316
4703,0.009537365287542343,0.00030076850089244545
4704,0.009535033255815506,0.0003527003282215446
4705,0.009532688185572624,0.00038193032378330827
4706,0.009530333802103996,0.00034766370663419366
4707,0.009528007358312607,0.00030094030080363154
4708,0.009525679983198643,0.0002988493361044675
4709,0.009523323737084866,0.00033094119862653315
4710,0.00952097587287426,0.00034600752405822277
4711,0.0095186373218894,0.0003243724349886179
4712,0.009516319260001183,0.00029695325065404177
4713,0.009513985365629196,0.00029586453456431627
4714,0.00951163750141859,0.0003148557443637401
4715,0.009509306401014328,0.00032456181361339986
4716,0.00950695388019085,0.00031277237576432526
4717,0.009504612535238266,0.0002959761768579483
4718,0.00950226467102766,0.00029344044742174447
4719,0.009499941021203995,0.0003039830771740526
4720,0.00949760340154171,0.0003113701241090894
4721,0.009495258331298828,0.0003063498006667942
4722,0.009492929093539715,0.0002960320853162557
4723,0.009490594267845154,0.00029225210892036557
4724,0.009488247334957123,0.00029723538318648934
4725,0.009485913440585136,0.00030293461168184876
4726,0.009483572095632553,0.0003021862357854843
4727,0.009481240063905716,0.0002964666346088052
4728,0.009478893131017685,0.00029247364727780223
4729,0.009476556442677975,0.00029378285398706794
4730,0.009474235586822033,0.0002975533716380596
4731,0.009471893310546875,0.0002989337081089616
4732,0.009469566866755486,0.0002965904714073986
4733,0.00946724507957697,0.00029342802008613944
4734,0.009464899078011513,0.0002926672750618309
4735,0.009462556801736355,0.00029441871447488666
4736,0.009460227563977242,0.00029623397858813405
4737,0.009457897394895554,0.00029608095064759254
4738,0.009455543011426926,0.00029436105978675187
4739,0.009453242644667625,0.00029297260334715247
4740,0.009450885467231274,0.00029312906553968787
4741,0.009448552504181862,0.00029429650749079883
4742,0.009446220472455025,0.0002950591442640871
4743,0.009443899616599083,0.00029470387380570173
4744,0.009441572241485119,0.00029372787685133517
4745,0.009439230896532536,0.0002931451308541
4746,0.009436911903321743,0.00029340124456211925
4747,0.009434571489691734,0.0002940748818218708
4748,0.009432243183255196,0.0002944591687992215
4749,0.009429896250367165,0.000294242228846997
4750,0.009427564218640327,0.00029374673613347113
4751,0.009425241500139236,0.00029347091913223267
4752,0.009422900155186653,0.00029363168869167566
4753,0.009420577436685562,0.00029401894425973296
4754,0.009418243542313576,0.0002942616119980812
4755,0.009415903128683567,0.00029420614009723067
4756,0.0094135832041502,0.0002939722908195108
4757,0.009411230683326721,0.00029382671345956624
4758,0.009408925659954548,0.0002939004625659436
4759,0.009406577795743942,0.0002941212151199579
4760,0.009404249489307404,0.00029431350412778556
4761,0.009401924908161163,0.0002943557337857783
4762,0.009399594739079475,0.00029428210109472275
4763,0.009397250600159168,0.00029420104692690074
4764,0.009394927881658077,0.0002942178398370743
4765,0.009392586536705494,0.00029433349845930934
4766,0.009390261024236679,0.00029447406996041536
4767,0.009387957863509655,0.0002945692976936698
4768,0.009385611861944199,0.0002945872547570616
4769,0.009383301250636578,0.0002945704327430576
4770,0.009380968287587166,0.00029457185883075
4771,0.009378647431731224,0.00029462703969329596
4772,0.009376285597682,0.0002947219763882458
4773,0.009373977780342102,0.00029482058016583323
4774,0.009371637366712093,0.00029489072039723396
4775,0.009369326755404472,0.0002949258196167648
4776,0.009366990998387337,0.0002949488698504865
4777,0.009364664554595947,0.00029498018557205796
4778,0.009362333454191685,0.0002950359776150435
4779,0.00936001818627119,0.00029511129832826555
4780,0.009357672184705734,0.0002951911592390388
4781,0.009355350397527218,0.0002952605427708477
4782,0.009353043511509895,0.00029531234758906066
4783,0.00935069564729929,0.0002953567309305072
4784,0.009348364546895027,0.000295399222522974
4785,0.009346026927232742,0.00029545207507908344
4786,0.009343724697828293,0.00029551511397585273
4787,0.009341396391391754,0.00029558324604295194
4788,0.009339080192148685,0.00029565123259089887
4789,0.009336743503808975,0.0002957124088425189
4790,0.009334400296211243,0.0002957684628199786
4791,0.009332082234323025,0.00029582070419564843
4792,0.009329752996563911,0.0002958743425551802
4793,0.009327429346740246,0.0002959319099318236
4794,0.009325112216174603,0.0002959932025987655
4795,0.009322784841060638,0.00029605766758322716
4796,0.0093204565346241,0.00029612082289531827
4797,0.009318126365542412,0.0002961831050924957
4798,0.009315824136137962,0.0002962412836495787
4799,0.009313483722507954,0.0002962991129606962
4800,0.009311157278716564,0.0002963562437798828
4801,0.009308827109634876,0.0002964154409710318
4802,0.00930648110806942,0.000296475482173264
4803,0.009304174222052097,0.0002965359890367836
4804,0.009301845915615559,0.00029659841675311327
4805,0.009299525991082191,0.0002966597967315465
4806,0.009297212585806847,0.0002967216132674366
4807,0.009294873103499413,0.00029678139253519475
4808,0.009292559698224068,0.0002968403568957001
4809,0.009290236979722977,0.00029689923394471407
4810,0.00928791519254446,0.00029695965349674225
4811,0.0092855803668499,0.00029701858875341713
4812,0.009283246472477913,0.00029707897920161486
4813,0.009280935861170292,0.0002971397479996085
4814,0.009278607554733753,0.00029719993472099304
4815,0.00927627645432949,0.0002972613729070872
4816,0.009273956529796124,0.00029732193797826767
4817,0.009271644055843353,0.0002973820664919913
4818,0.00926932692527771,0.0002974426024593413
4819,0.009266991168260574,0.0002975034876726568
4820,0.009264666587114334,0.0002975640236400068
4821,0.00926235318183899,0.0002976263640448451
4822,0.009260022081434727,0.0002976893447339535
4823,0.009257681667804718,0.00029775669099763036
4824,0.00925537571310997,0.00029782543424516916
4825,0.009253054857254028,0.00029790482949465513
4826,0.00925074890255928,0.0002979892597068101
4827,0.009248417802155018,0.0002980995923280716
4828,0.009246081113815308,0.000298234197543934
4829,0.009243748150765896,0.00029843408265151083
4830,0.00924145057797432,0.0002987190382555127
4831,0.009239123202860355,0.0002991867659147829
4832,0.009236800484359264,0.0002999313874170184
4833,0.009234456345438957,0.00030122188036330044
4834,0.009232137352228165,0.00030340964440256357
4835,0.009229829534888268,0.00030727393459528685
4836,0.009227486327290535,0.0003140492190141231
4837,0.009225184097886086,0.00032602669671177864
4838,0.009222853928804398,0.0003472372773103416
4839,0.009220530278980732,0.00038378365570679307
4840,0.009218204766511917,0.0004467054386623204
4841,0.0092158829793334,0.0005447918665595353
4842,0.00921357236802578,0.0006910961819812655
4843,0.009211250580847263,0.0008496983209624887
4844,0.00920892134308815,0.0009724853443913162
4845,0.009206609800457954,0.0009139131288975477
4846,0.009204287081956863,0.000697362411301583
4847,0.00920197181403637,0.00045639206655323505
4848,0.009199652820825577,0.0004037536564283073
4849,0.009197313338518143,0.0005465115536935627
4850,0.009195005521178246,0.0007011223933659494
4851,0.009192679077386856,0.0007090830476954579
4852,0.009190361946821213,0.0005682229530066252
4853,0.009188042022287846,0.0004652008356060833
4854,0.00918571837246418,0.0005035650683566928
4855,0.009183397516608238,0.0006039151921868324
4856,0.009181083180010319,0.0006263005780056119
4857,0.00917876698076725,0.0005382141680456698
4858,0.009176434017717838,0.0004578242951538414
4859,0.0091741057112813,0.0004679786798078567
4860,0.00917179137468338,0.0005183030152693391
4861,0.009169468656182289,0.0005171231459826231
4862,0.009167138487100601,0.00045016591320745647
4863,0.00916483998298645,0.0003978908061981201
4864,0.00916251540184021,0.0004040712374262512
4865,0.009160196408629417,0.00042849633609876037
4866,0.009157862514257431,0.00041607822640798986
4867,0.009155550971627235,0.00037158647319301963
4868,0.00915321335196495,0.00034566802787594497
4869,0.009150907397270203,0.00035596825182437897
4870,0.009148593991994858,0.0003699762746691704
4871,0.00914626196026802,0.00035880666109733284
4872,0.009143947623670101,0.00033396415528841317
4873,0.00914161466062069,0.00032538085361011326
4874,0.009139304980635643,0.00033667520619928837
4875,0.009136996231973171,0.0003454502148088068
4876,0.00913466326892376,0.0003383898874744773
4877,0.009132354520261288,0.0003268723958171904
4878,0.009130037389695644,0.0003275875933468342
4879,0.009127717465162277,0.0003392439102753997
4880,0.009125388227403164,0.00034802244044840336
4881,0.0091230608522892,0.00034904060885310173
4882,0.009120730683207512,0.0003513260744512081
4883,0.009118426591157913,0.0003648754209280014
4884,0.009116117842495441,0.00038844801019877195
4885,0.009113801643252373,0.00041588989552110434
4886,0.009111481718719006,0.0004479960771277547
4887,0.00910915993154049,0.0004949239082634449
4888,0.009106844663619995,0.0005659566377289593
4889,0.00910450890660286,0.0006686240085400641
4890,0.009102191776037216,0.0008016746724024415
4891,0.009099884890019894,0.0009802418062463403
4892,0.0090975696220994,0.001199840335175395
4893,0.009095248766243458,0.0014716176083311439
4894,0.009092932567000389,0.001740198116749525
4895,0.009090615436434746,0.0019682059064507484
4896,0.00908829178661108,0.0020268757361918688
4897,0.009085987694561481,0.0018825529841706157
4898,0.009083655662834644,0.0014832227025181055
4899,0.009081339463591576,0.0009777495870366693
4900,0.009079006500542164,0.0005324588855728507
4901,0.009076710790395737,0.0003201684448868036
4902,0.009074375033378601,0.00037390587385743856
4903,0.009072067216038704,0.0005939170951023698
4904,0.00906975008547306,0.0008205227786675096
4905,0.00906740128993988,0.0009119698661379516
4906,0.009065095335245132,0.0008341356297023594
4907,0.009062795899808407,0.0006327984156087041
4908,0.009060466662049294,0.00042897567618638277
4909,0.009058159776031971,0.0003191853465978056
4910,0.009055831469595432,0.0003344283904880285
4911,0.009053515270352364,0.0004327678179834038
4912,0.009051184169948101,0.0005368978017941117
4913,0.009048869833350182,0.0005842613172717392
4914,0.009046558290719986,0.0005513939540833235
4915,0.009044252336025238,0.00046548928366973996
4916,0.009041926823556423,0.00037329402402974665
4917,0.00903963390737772,0.0003178040497004986
4918,0.009037300944328308,0.00031425204360857606
4919,0.009034983813762665,0.00034997984766960144
4920,0.009032660163939,0.00039712790749035776
4921,0.009030348621308804,0.00042853099876083434
4922,0.009028032422065735,0.00043078509042970836
4923,0.009025698527693748,0.00040510069811716676
4924,0.009023388847708702,0.00036627284134738147
4925,0.009021060541272163,0.00033097690902650356
4926,0.009018752723932266,0.0003114576102234423
4927,0.009016438387334347,0.00031074293656274676
4928,0.009014125913381577,0.00032390549313277006
4929,0.009011808782815933,0.0003420330467633903
4930,0.00900949165225029,0.00035652919905260205
4931,0.009007173590362072,0.0003622068907134235
4932,0.009004855528473854,0.00035786759690381587
4933,0.009002536535263062,0.0003462660242803395
4934,0.00900021381676197,0.0003318165836390108
4935,0.008997905068099499,0.00031909087556414306
4936,0.008995598182082176,0.00031106852111406624
4937,0.00899326242506504,0.00030863258871249855
4938,0.008990949019789696,0.0003109276876784861
4939,0.008988652378320694,0.0003160589258186519
4940,0.008986332453787327,0.0003218732599634677
4941,0.008984014391899109,0.0003265852574259043
4942,0.008981692604720592,0.0003290875756647438
4943,0.008979379199445248,0.000329069938743487
4944,0.008977067656815052,0.0003269141016062349
4945,0.008974743075668812,0.00032339146127924323
4946,0.008972421288490295,0.000319358630804345
4947,0.008970108814537525,0.0003155605518259108
4948,0.008967800997197628,0.0003124985087197274
4949,0.008965492248535156,0.0003104544884990901
4950,0.008963160216808319,0.00030946050537750125
4951,0.008960846811532974,0.0003093951381742954
4952,0.008958524093031883,0.00031001452589407563
4953,0.008956211619079113,0.0003110600227955729
4954,0.008953897282481194,0.00031231585307978094
4955,0.008951593190431595,0.00031360069988295436
4956,0.008949264883995056,0.0003148149116896093
4957,0.008946944028139114,0.00031586841214448214
4958,0.00894463062286377,0.00031675712671130896
4959,0.00894232653081417,0.0003174720040988177
4960,0.0089400140568614,0.00031807104824110866
4961,0.008937684819102287,0.00031858289730735123
4962,0.008935384452342987,0.0003190769348293543
4963,0.00893307663500309,0.0003195823519490659
4964,0.008930737152695656,0.00032016984187066555
4965,0.00892842747271061,0.0003208791895303875
4966,0.008926116861402988,0.00032179345726035535
4967,0.008923793211579323,0.0003229713183827698
4968,0.008921472355723381,0.0003245183324906975
4969,0.008919148705899715,0.00032654317328706384
4970,0.008916852995753288,0.0003292221517767757
4971,0.008914532139897346,0.0003327851591166109
4972,0.008912221528589725,0.00033754337346181273
4973,0.008909903466701508,0.00034396120463497937
4974,0.008907586336135864,0.00035262227174825966
4975,0.008905278518795967,0.00036450373590923846
4976,0.00890296883881092,0.0003807166067417711
4977,0.008900666609406471,0.00040328921750187874
4978,0.008898335509002209,0.000434301036875695
4979,0.008896014653146267,0.00047792919212952256
4980,0.008893699385225773,0.0005377160850912333
4981,0.008891387842595577,0.000621678598690778
4982,0.008889064192771912,0.0007340852753259242
4983,0.00888675358146429,0.0008877099025994539
4984,0.008884443901479244,0.0010798482690006495
4985,0.008882139809429646,0.0013212638441473246
4986,0.008879829198122025,0.0015739521477371454
4987,0.008877499029040337,0.0018220731290057302
4988,0.008875181898474693,0.0019535990431904793
4989,0.008872870355844498,0.0019312186632305384
4990,0.008870572783052921,0.0016578265931457281
4991,0.008868253789842129,0.0012229282874614
4992,0.00886592362076044,0.00074294168734923
4993,0.00886361300945282,0.00041038705967366695
4994,0.008861290290951729,0.00032196356914937496
4995,0.008858999237418175,0.00045163737377151847
4996,0.008856674656271935,0.0006767777958884835
4997,0.008854346349835396,0.0008495601359754801
4998,0.00885203666985035,0.0008825667900964618
4999,0.008849723264575005,0.0007589412853121758
5000,0.008847424760460854,0.0005614102119579911
5001,0.008845338597893715,0.0003554265422280878
5002,0.008843231946229935,0.0003515482821967453
5003,0.008841166272759438,0.0004962531384080648
5004,0.008839095942676067,0.0004993865150026977
5005,0.008837015368044376,0.0003653150633908808
5006,0.008834914304316044,0.0003256911877542734
5007,0.008832831867039204,0.00041408900870010257
5008,0.008830735459923744,0.0004488169797696173
5009,0.008828684687614441,0.0003713236947078258
5010,0.008826576173305511,0.00031874951673671603
5011,0.008824490010738373,0.0003620138159021735
5012,0.008822420611977577,0.0004049877461511642
5013,0.008820343762636185,0.00037168676499277353
5014,0.008818259462714195,0.0003226996341254562
5015,0.008816177025437355,0.000332707742927596
5016,0.00881409551948309,0.0003694433835335076
5017,0.008812008425593376,0.0003654264146462083
5018,0.008809898048639297,0.00033029928454197943
5019,0.008807836100459099,0.00032027126871980727
5020,0.00880573783069849,0.0003425093018449843
5021,0.00880365539342165,0.00035379567998461425
5022,0.008801587857306004,0.00033617575536482036
5023,0.008799503557384014,0.00031919736647978425
5024,0.008797412738204002,0.0003259413060732186
5025,0.008795326575636864,0.00033981588785536587
5026,0.008793244138360023,0.0003370757622178644
5027,0.00879118125885725,0.0003232985036447644
5028,0.008789093233644962,0.00031936363666318357
5029,0.008786991238594055,0.000327875284710899
5030,0.008784908801317215,0.00033300771610811353
5031,0.008782843127846718,0.0003269983862992376
5032,0.008780737407505512,0.00031971040880307555
5033,0.008778655901551247,0.00032100899261422455
5034,0.008776587434113026,0.00032675921102054417
5035,0.008774494752287865,0.0003274460614193231
5036,0.008772408589720726,0.00032255687983706594
5037,0.008770311251282692,0.000319545972160995
5038,0.00876823253929615,0.00032185876625590026
5039,0.008766170591115952,0.0003249880683142692
5040,0.008764052763581276,0.00032424263190478086
5041,0.008761974051594734,0.00032112933695316315
5042,0.008759863674640656,0.00032012429437600076
5043,0.008757817558944225,0.00032201746944338083
5044,0.008755717426538467,0.0003236033080611378
5045,0.008753634057939053,0.00032275053672492504
5046,0.00875154323875904,0.00032096257200464606
5047,0.008749458938837051,0.0003207185654900968
5048,0.008747374638915062,0.0003220157523173839
5049,0.008745292201638222,0.00032287678914144635
5050,0.008743226528167725,0.00032230294891633093
5051,0.008741115219891071,0.0003213175805285573
5052,0.008739045821130276,0.0003212916199117899
5053,0.00873695407062769,0.00032212684163823724
5054,0.008734876289963722,0.0003226714034099132
5055,0.008732782676815987,0.0003223805397283286
5056,0.008730689063668251,0.00032183874282054603
5057,0.00872860848903656,0.00032184249721467495
5058,0.00872651394456625,0.0003223712556064129
5059,0.008724430575966835,0.00032277475111186504
5060,0.008722342550754547,0.0003226975677534938
5061,0.008720261976122856,0.00032241729786619544
5062,0.008718189783394337,0.000322413572575897
5063,0.008716092444956303,0.00032274334807880223
5064,0.008713992312550545,0.0003230650327168405
5065,0.008711911737918854,0.00032312385155819356
5066,0.008709833025932312,0.0003230103466194123
5067,0.008707740344107151,0.0003230022266507149
5068,0.008705656975507736,0.0003232047602068633
5069,0.008703566156327724,0.0003234662872273475
5070,0.008701475337147713,0.00032360461773350835
5071,0.008699370548129082,0.0003236070042476058
5072,0.008697295561432838,0.0003236201882828027
5073,0.008695223368704319,0.0003237479832023382
5074,0.008693140000104904,0.0003239508660044521
5075,0.008691046386957169,0.0003241197264287621
5076,0.00868896022439003,0.000324198801536113
5077,0.008686861954629421,0.0003242457751184702
5078,0.008684794418513775,0.0003243339597247541
5079,0.00868268869817257,0.00032448535785079
5080,0.0086806146427989,0.0003246509877499193
5081,0.008678513579070568,0.00032477531931363046
5082,0.008676431141793728,0.0003248622524552047
5083,0.00867433287203312,0.00032494537299498916
5084,0.0086722606793046,0.0003250613226555288
5085,0.00867015402764082,0.00032520509557798505
5086,0.0086680818349123,0.00032534432830289006
5087,0.00866598729044199,0.0003254604816902429
5088,0.008663914166390896,0.0003255554474890232
5089,0.008661812171339989,0.00032565783476457
5090,0.008659712970256805,0.0003257768403273076
5091,0.008657647296786308,0.0003259090008214116
5092,0.008655551820993423,0.00032603804720565677
5093,0.008653445169329643,0.0003261525125708431
5094,0.00865136831998825,0.000326259876601398
5095,0.008649266324937344,0.0003263685794081539
5096,0.008647180162370205,0.00032648839987814426
5097,0.00864509865641594,0.00032661360455676913
5098,0.008643020875751972,0.0003267378779128194
5099,0.008640926331281662,0.00032685670885257423
5100,0.00863883551210165,0.00032696768175810575
5101,0.008636737242341042,0.00032708109938539565
5102,0.008634665980935097,0.00032719888258725405
5103,0.008632563054561615,0.000327320653013885
5104,0.008630468510091305,0.0003274436458013952
5105,0.008628378622233868,0.0003275612252764404
5106,0.008626306429505348,0.00032767734955996275
5107,0.008624204434454441,0.0003277914074715227
5108,0.008622115477919579,0.000327907910104841
5109,0.008620034903287888,0.00032802659552544355
5110,0.008617935702204704,0.0003281465033069253
5111,0.008615865372121334,0.00032826681854203343
5112,0.008613763377070427,0.0003283838741481304
5113,0.008611666038632393,0.00032849988201633096
5114,0.008609571494162083,0.0003286170831415802
5115,0.008607500232756138,0.0003287342260591686
5116,0.008605403825640678,0.0003288526786491275
5117,0.008603304624557495,0.00032897188793867826
5118,0.008601229637861252,0.0003290897293481976
5119,0.008599132299423218,0.00032920707599259913
5120,0.008597025647759438,0.0003293236659374088
5121,0.008594942279160023,0.000329440925270319
5122,0.008592849597334862,0.0003295580972917378
5123,0.008590765297412872,0.000329676695400849
5124,0.008588690310716629,0.0003297937801107764
5125,0.00858657993376255,0.00032991223270073533
5126,0.00858449935913086,0.0003300287644378841
5127,0.008582397364079952,0.00033014605287462473
5128,0.008580301888287067,0.00033026322489604354
5129,0.008578216657042503,0.00033038019319064915
5130,0.008576106280088425,0.0003304972196929157
5131,0.008574060164391994,0.00033061543945223093
5132,0.008571935817599297,0.0003307318256702274
5133,0.00856985617429018,0.0003308491432107985
5134,0.008567770943045616,0.0003309655876364559
5135,0.00856566708534956,0.0003310817701276392
5136,0.008563576266169548,0.00033119937870651484
5137,0.00856148824095726,0.0003313159104436636
5138,0.008559397421777248,0.00033143203472718596
5139,0.008557301945984364,0.00033154923585243523
5140,0.00855520460754633,0.00033166527282446623
5141,0.008553116582334042,0.00033178215380758047
5142,0.008551008999347687,0.00033189900568686426
5143,0.008548926562070847,0.00033201457699760795
5144,0.00854684691876173,0.0003321304975543171
5145,0.008544756099581718,0.0003322474949527532
5146,0.00854265596717596,0.00033236367744393647
5147,0.008540566079318523,0.0003324792196508497
5148,0.008538475260138512,0.00033259621704928577
5149,0.00853639841079712,0.00033271178836002946
5150,0.008534291759133339,0.000332828116370365
5151,0.008532194420695305,0.00033294386230409145
5152,0.008530095219612122,0.0003330594045110047
5153,0.008528018370270729,0.0003331756452098489
5154,0.008525912649929523,0.0003332916530780494
5155,0.008523844182491302,0.00033340707886964083
5156,0.008521748706698418,0.0003335226501803845
5157,0.008519662544131279,0.000333638017764315
5158,0.008517565205693245,0.0003337536472827196
5159,0.008515450172126293,0.0003338694223202765
5160,0.008513351902365685,0.00033398426603525877
5161,0.008511272259056568,0.0003340996045153588
5162,0.008509192615747452,0.00033421520492993295
5163,0.00850708782672882,0.0003343315329402685
5164,0.008504982106387615,0.00033444559085182846
5165,0.008502895943820477,0.0003345606673974544
5166,0.008500802330672741,0.0003346755402162671
5167,0.008498706854879856,0.00033479102421551943
5168,0.008496614173054695,0.00033490645000711083
5169,0.008494528010487556,0.0003350206825416535
5170,0.008492440916597843,0.0003351357881911099
5171,0.008490326814353466,0.00033525083563290536
5172,0.008488250896334648,0.00033536506816744804
5173,0.008486146107316017,0.00033547988277859986
5174,0.008484067395329475,0.0003355948720127344
5175,0.008481968194246292,0.0003357089008204639
5176,0.008479863405227661,0.00033582435571588576
5177,0.008477775380015373,0.000335938559146598
5178,0.008475679904222488,0.0003360521513968706
5179,0.008473580703139305,0.0003361667040735483
5180,0.008471493609249592,0.0003362818679306656
5181,0.00846940465271473,0.00033639700268395245
5182,0.008467293344438076,0.0003365107113495469
5183,0.008465202525258064,0.00033662313944660127
5184,0.008463113568723202,0.0003367386234458536
5185,0.008461015298962593,0.0003368521574884653
5186,0.008458946831524372,0.0003369669720996171
5187,0.008456828072667122,0.0003370804770383984
5188,0.008454729802906513,0.00033719404018484056
5189,0.008452646434307098,0.0003373072831891477
5190,0.008450554683804512,0.00033742160303518176
5191,0.008448468521237373,0.0003375360101927072
5192,0.008446352556347847,0.00033764890395104885
5193,0.008444269187748432,0.0003377622924745083
5194,0.008442167192697525,0.00033787614665925503
5195,0.00844007357954979,0.00033799008815549314
5196,0.00843797530978918,0.0003381021961104125
5197,0.008435877040028572,0.00033821677789092064
5198,0.008433799259364605,0.0003383300791028887
5199,0.008431676775217056,0.0003384437004569918
5200,0.008429592475295067,0.000338556565111503
5201,0.008427483960986137,0.0003386694588698447
5202,0.008425412699580193,0.00033878328395076096
5203,0.00842331349849701,0.0003388969344086945
5204,0.008421201258897781,0.0003390094789210707
5205,0.008419115096330643,0.00033912324579432607
5206,0.008417013101279736,0.00033923628507182
5207,0.00841493345797062,0.0003393512452021241
5208,0.00841282494366169,0.00033946509938687086
5209,0.008410745300352573,0.0003395802923478186
5210,0.008408643305301666,0.0003396968822926283
5211,0.008406552486121655,0.00033981737215071917
5212,0.008404435589909554,0.00033994278055615723
5213,0.008402355946600437,0.000340076454449445
5214,0.008400259539484978,0.0003402231668587774
5215,0.008398167788982391,0.00034039761521853507
5216,0.008396068587899208,0.0003406124305911362
5217,0.008393979631364346,0.00034090783447027206
5218,0.008391870185732841,0.0003413351660128683
5219,0.008389774709939957,0.00034201753442175686
5220,0.008387677371501923,0.0003431346849538386
5221,0.00838559865951538,0.00034507710370235145
5222,0.008383491076529026,0.00034850131487473845
5223,0.008381394669413567,0.00035471373121254146
5224,0.008379286155104637,0.00036609533708542585
5225,0.008377205580472946,0.0003872087108902633
5226,0.008375111036002636,0.0004268106131348759
5227,0.008373009040951729,0.0005010146414861083
5228,0.008370907045900822,0.0006417328841052949
5229,0.00836881436407566,0.0009026919724419713
5230,0.008366712369024754,0.0013889600522816181
5231,0.008364615961909294,0.0022263736464083195
5232,0.008362527005374432,0.0036067599430680275
5233,0.008360431529581547,0.005328748375177383
5234,0.008358328603208065,0.006840475834906101
5235,0.008356235921382904,0.006269417703151703
5236,0.008354129269719124,0.003547550179064274
5237,0.008352037519216537,0.000764198019169271
5238,0.008349927142262459,0.0007824762142263353
5239,0.008347839117050171,0.002716432325541973
5240,0.008345769718289375,0.00328356446698308
5241,0.008343657478690147,0.001680363668128848
5242,0.008341542445123196,0.00039923752774484456
5243,0.008339454419910908,0.0011833859607577324
5244,0.008337358012795448,0.002204302931204438
5245,0.008335256949067116,0.0015414514346048236
5246,0.008333141915500164,0.0004684710002038628
5247,0.008331061340868473,0.0007199126994237304
5248,0.008328966796398163,0.0014841686934232712
5249,0.008326869457960129,0.001243686187081039
5250,0.008324779570102692,0.0004847781383432448
5251,0.008322680369019508,0.0005368797574192286
5252,0.00832056999206543,0.0010724463500082493
5253,0.008318481966853142,0.0009920314187183976
5254,0.00831638090312481,0.00048369733849540353
5255,0.008314285427331924,0.00043361575808376074
5256,0.008312198333442211,0.0007856135489419103
5257,0.008310089819133282,0.0008171137887984514
5258,0.008307998068630695,0.00048618228174746037
5259,0.008305879309773445,0.0003814177471213043
5260,0.008303795009851456,0.0005991664947941899
5261,0.008301690220832825,0.0006821445422247052
5262,0.008299587294459343,0.0004903675289824605
5263,0.008297492749989033,0.0003630916471593082
5264,0.008295416831970215,0.00047300546430051327
5265,0.008293293416500092,0.0005768569535575807
5266,0.008291198872029781,0.0004888303810730577
5267,0.008289115503430367,0.0003683321992866695
5268,0.008286990225315094,0.0003958165762014687
5269,0.008284898474812508,0.00048583419993519783
5270,0.008282817900180817,0.00047392939450219274
5271,0.008280697278678417,0.0003857352421618998
5272,0.008278604596853256,0.00036076988908462226
5273,0.008276509121060371,0.00041567214066162705
5274,0.008274417370557785,0.0004436936869751662
5275,0.008272312581539154,0.00040039594750851393
5276,0.008270211517810822,0.0003568201791495085
5277,0.008268127217888832,0.00037143993540667
5278,0.008266004733741283,0.0004062766092829406
5279,0.008263920433819294,0.00040155925671570003
5280,0.008261828683316708,0.00036733789602294564
5281,0.008259719237685204,0.00035478200879879296
5282,0.008257618173956871,0.0003743530542124063
5283,0.00825551152229309,0.0003889840154442936
5284,0.008253400214016438,0.0003761000407394022
5285,0.008251329883933067,0.0003566951781976968
5286,0.008249225094914436,0.00035705091431736946
5287,0.008247124031186104,0.00037094418075866997
5288,0.008245021104812622,0.00037489060196094215
5289,0.008242917247116566,0.00036382238613441586
5290,0.008240818977355957,0.00035427932743914425
5291,0.008238722570240498,0.0003576691960915923
5292,0.008236616849899292,0.00036590281524695456
5293,0.008234543725848198,0.00036617429577745497
5294,0.008232412859797478,0.0003588449617382139
5295,0.008230344392359257,0.0003542348276823759
5296,0.008228236809372902,0.0003572158166207373
5297,0.008226108737289906,0.0003619539784267545
5298,0.008224034681916237,0.00036158532020635903
5299,0.008221936412155628,0.00035717085120268166
5300,0.008219822309911251,0.00035467438283376396
5301,0.008217733353376389,0.00035657070111483335
5302,0.00821563322097063,0.00035942497197538614
5303,0.008213541470468044,0.00035934100742451847
5304,0.008211417123675346,0.0003568365937098861
5305,0.008209321647882462,0.00035526067949831486
5306,0.008207231760025024,0.0003562386555131525
5307,0.008205119520425797,0.0003580334596335888
5308,0.008203035220503807,0.00035830470733344555
5309,0.008200929500162601,0.0003570039989426732
5310,0.008198837749660015,0.00035590468905866146
5311,0.008196728304028511,0.00035624238080345094
5312,0.008194626308977604,0.0003573574358597398
5313,0.00819254107773304,0.0003578505420591682
5314,0.008190429769456387,0.00035733170807361603
5315,0.008188324049115181,0.0003566114464774728
5316,0.008186215534806252,0.00035660070716403425
5317,0.008184116333723068,0.00035723549081012607
5318,0.008182020857930183,0.0003577711177058518
5319,0.008179919794201851,0.00035773272975347936
5320,0.00817782711237669,0.0003573474823497236
5321,0.008175721392035484,0.00035719212610274553
5322,0.008173618465662003,0.00035747827496379614
5323,0.008171509020030499,0.0003579173644538969
5324,0.008169413544237614,0.0003581327327992767
5325,0.008167308755218983,0.000358040735591203
5326,0.008165212348103523,0.0003579143376555294
5327,0.008163124322891235,0.0003579900658223778
5328,0.008161021396517754,0.000358270452124998
5329,0.008158903568983078,0.0003585512167774141
5330,0.008156822994351387,0.0003586615202948451
5331,0.008154718205332756,0.0003586472594179213
5332,0.008152609691023827,0.00035865019890479743
5333,0.008150513283908367,0.000358782330295071
5334,0.00814840942621231,0.00035900186048820615
5335,0.008146312087774277,0.0003591981658246368
5336,0.008144224993884563,0.00035930724698118865
5337,0.008142118342220783,0.0003593518049456179
5338,0.008140002377331257,0.0003594215668272227
5339,0.008137889206409454,0.0003595561138354242
5340,0.008135803043842316,0.00035973580088466406
5341,0.008133703842759132,0.00035990795004181564
5342,0.008131599053740501,0.0003600271884351969
5343,0.008129511959850788,0.0003601194475777447
5344,0.008127415552735329,0.00036021365667693317
5345,0.008125299587845802,0.0003603440127335489
5346,0.008123202249407768,0.00036050306516699493
5347,0.008121101185679436,0.0003606592945288867
5348,0.008119001053273678,0.0003607960243243724
5349,0.008116904646158218,0.00036090827779844403
5350,0.008114801719784737,0.0003610210551414639
5351,0.008112690411508083,0.0003611455613281578
5352,0.00811058934777975,0.0003612886357586831
5353,0.008108492940664291,0.0003614380257204175
5354,0.008106380701065063,0.00036157717113383114
5355,0.008104279637336731,0.00036170717794448137
5356,0.00810217298567295,0.0003618277551140636
5357,0.008100074715912342,0.0003619542403612286
5358,0.008097976446151733,0.0003620880888774991
5359,0.008095890283584595,0.000362228398444131
5360,0.008093787357211113,0.00036237144377082586
5361,0.008091678842902184,0.00036250759148970246
5362,0.008089570328593254,0.00036263978108763695
5363,0.008087459951639175,0.0003627697587944567
5364,0.00808536633849144,0.00036290037678554654
5365,0.008083255961537361,0.0003630368737503886
5366,0.008081164211034775,0.0003631750005297363
5367,0.008079051040112972,0.00036331548471935093
5368,0.008076955564320087,0.00036345241824164987
5369,0.008074848912656307,0.00036358856596052647
5370,0.008072749711573124,0.00036372189060784876
5371,0.008070656098425388,0.00036385664134286344
5372,0.008068544790148735,0.00036399284726940095
5373,0.008066436275839806,0.00036412940244190395
5374,0.008064349181950092,0.0003642679948825389
5375,0.008062239736318588,0.00036440527765080333
5376,0.008060159161686897,0.0003645427350420505
5377,0.008058037608861923,0.0003646784753073007
5378,0.00805592816323042,0.0003648140700533986
5379,0.00805383175611496,0.00036494911182671785
5380,0.00805174931883812,0.00036508572520688176
5381,0.008049637079238892,0.00036522262962535024
5382,0.008047536015510559,0.0003653595922514796
5383,0.008045438677072525,0.00036549687501974404
5384,0.008043321780860424,0.0003656350600067526
5385,0.008041230030357838,0.00036577178980223835
5386,0.008039126172661781,0.0003659084904938936
5387,0.008037008345127106,0.00036604420165531337
5388,0.008034911938011646,0.00036618125159293413
5389,0.008032816462218761,0.0003663183015305549
5390,0.008030703291296959,0.00036645596264861524
5391,0.008028613403439522,0.0003665925469249487
5392,0.008026503026485443,0.0003667300916276872
5393,0.008024395443499088,0.00036686958628706634
5394,0.008022310212254524,0.00036700526834465563
5395,0.008020203560590744,0.00036714260932058096
5396,0.008018093183636665,0.0003672792518045753
5397,0.008015989325940609,0.00036741638905368745
5398,0.008013887330889702,0.00036755335167981684
5399,0.008011778816580772,0.0003676922060549259
5400,0.008009684272110462,0.0003678288485389203
5401,0.008007579483091831,0.00036796595668420196
5402,0.008005477488040924,0.00036810323945246637
5403,0.00800336990505457,0.0003682405804283917
5404,0.008001280948519707,0.00036837803781963885
5405,0.0079991789534688,0.000368515815353021
5406,0.007997054606676102,0.0003686530399136245
5407,0.00799496565014124,0.00036879084655083716
5408,0.007992861792445183,0.0003689273144118488
5409,0.00799076072871685,0.00036906637251377106
5410,0.007988659664988518,0.00036920327693223953
5411,0.00798655953258276,0.00036934128729626536
5412,0.007984448224306107,0.00036947819171473384
5413,0.00798234436661005,0.00036961495061405003
5414,0.007980238646268845,0.00036975243710912764
5415,0.007978136651217937,0.0003698894288390875
5416,0.007976021617650986,0.0003700275847222656
5417,0.0079739298671484,0.0003701643436215818
5418,0.007971837185323238,0.00037030200473964214
5419,0.00796972494572401,0.0003704394621308893
5420,0.007967629469931126,0.0003705768031068146
5421,0.007965510711073875,0.0003707139694597572
5422,0.007963406853377819,0.000370852358173579
5423,0.007961315102875233,0.00037098894244991243
5424,0.007959211245179176,0.0003711271856445819
5425,0.007957108318805695,0.00037126397364772856
5426,0.007955019362270832,0.0003714014310389757
5427,0.007952905260026455,0.0003715391212608665
5428,0.00795079953968525,0.0003716760838869959
5429,0.007948704063892365,0.00037181415245868266
5430,0.007946590892970562,0.0003719502128660679
5431,0.007944481447339058,0.00037208767025731504
5432,0.007942399010062218,0.0003722262044902891
5433,0.007940288633108139,0.00037236325442790985
5434,0.00793819036334753,0.00037250027526170015
5435,0.007936067879199982,0.00037263723788782954
5436,0.007933962158858776,0.0003727746370714158
5437,0.007931862957775593,0.00037291174521669745
5438,0.007929757237434387,0.0003730489988811314
5439,0.007927666418254375,0.00037318587419576943
5440,0.007925566285848618,0.0003733231860678643
5441,0.007923467084765434,0.00037346090539358556
5442,0.007921361364424229,0.0003735968784894794
5443,0.007919248193502426,0.0003737343358807266
5444,0.007917139679193497,0.0003738719969987869
5445,0.007915046066045761,0.00037400901783257723
5446,0.007912947796285152,0.0003741465334314853
5447,0.007910827174782753,0.00037428311770781875
5448,0.007908714935183525,0.000374419498257339
5449,0.007906615734100342,0.00037455756682902575
5450,0.00790452491492033,0.0003746943548321724
5451,0.007902422919869423,0.0003748302406165749
5452,0.007900305092334747,0.0003749683382920921
5453,0.007898208685219288,0.0003751057374756783
5454,0.007896116934716702,0.00037524287472479045
5455,0.007894007489085197,0.0003753818164113909
5456,0.00789189524948597,0.0003755187790375203
5457,0.007889791391789913,0.00037565891398116946
5458,0.007887693122029305,0.0003757995436899364
5459,0.007885593920946121,0.00037594433524645865
5460,0.00788349099457264,0.0003760953259188682
5461,0.007881386205554008,0.00037625874392688274
5462,0.007879285141825676,0.0003764405264519155
5463,0.007877171039581299,0.00037666442221961915
5464,0.007875071838498116,0.0003769563918467611
5465,0.007872961461544037,0.0003773889329750091
5466,0.007870856672525406,0.0003780700790230185
5467,0.007868777960538864,0.000379252596758306
5468,0.007866649888455868,0.0003813648654613644
5469,0.007864556275308132,0.0003853321832139045
5470,0.007862448692321777,0.00039286771789193153
5471,0.007860340178012848,0.000407494546379894
5472,0.007858248427510262,0.00043618117342703044
5473,0.007856130599975586,0.0004926958354189992
5474,0.007854042574763298,0.0006054199766367674
5475,0.007851927541196346,0.0008269648533314466
5476,0.007849829271435738,0.0012666684342548251
5477,0.007847735658288002,0.0020868091378360987
5478,0.007845618762075901,0.0035795129369944334
5479,0.007843519560992718,0.00574136758223176
5480,0.007841424085199833,0.008199546486139297
5481,0.007839297875761986,0.008406700566411018
5482,0.007837217301130295,0.005385628901422024
5483,0.007835103198885918,0.0012265818659216166
5484,0.007832993753254414,0.0008665595087222755
5485,0.007830897346138954,0.003542262827977538
5486,0.007828797213733196,0.004076436161994934
5487,0.007826689630746841,0.0016297375550493598
5488,0.007824582047760487,0.0005201477906666696
5489,0.007822467014193535,0.002174804685637355
5490,0.00782037153840065,0.0027648929972201586
5491,0.007818259298801422,0.0010781519813463092
5492,0.007816164754331112,0.0005808531423099339
5493,0.007814073003828526,0.0017922642873600125
5494,0.007811946794390678,0.0017845476977527142
5495,0.007809854112565517,0.0006378608522936702
5496,0.007807754911482334,0.0006857044063508511
5497,0.007805653847754002,0.0014673484256491065
5498,0.007803555577993393,0.0011699078604578972
5499,0.007801439613103867,0.00046410440700128675
5500,0.007799327373504639,0.0007345510530285537
5501,0.007797223515808582,0.0011752542341127992
5502,0.007795127108693123,0.0007948970887809992
5503,0.00779304001480341,0.00041945226257666945
5504,0.007790936157107353,0.0007072961307130754
5505,0.0077888248488307,0.0009145471849478781
5506,0.007786714471876621,0.0006066891946829855
5507,0.007784624584019184,0.0004160497337579727
5508,0.007782497443258762,0.0006411855574697256
5509,0.0077804080210626125,0.0007455300656147301
5510,0.007778300903737545,0.0005204463377594948
5511,0.00777619332075119,0.0004125626292079687
5512,0.007774093188345432,0.000567819457501173
5513,0.007771993055939674,0.0006288818549364805
5514,0.007769879885017872,0.0004810075042769313
5515,0.007767771370708942,0.0004046075337100774
5516,0.007765666581690311,0.0005027216393500566
5517,0.007763565517961979,0.0005538425175473094
5518,0.007761470042169094,0.00046185750397853553
5519,0.00775936059653759,0.0003987140371464193
5520,0.007757250219583511,0.00045416399370878935
5521,0.007755165919661522,0.0005000140517950058
5522,0.007753037381917238,0.00045049627078697085
5523,0.007750935852527618,0.00039712549187242985
5524,0.007748838514089584,0.00042145210318267345
5525,0.007746737450361252,0.00046109448885545135
5526,0.007744641043245792,0.0004409645334817469
5527,0.007742530666291714,0.00039951817598193884
5528,0.007740435656160116,0.00040323322173208
5529,0.0077383327297866344,0.00043283376726321876
5530,0.0077362083829939365,0.0004314680409152061
5531,0.007734116166830063,0.00040342440479435027
5532,0.007732020691037178,0.0003953070845454931
5533,0.007729924283921719,0.0004133166221436113
5534,0.007727807853370905,0.00042133600800298154
5535,0.007725707720965147,0.0004063091764692217
5536,0.007723601069301367,0.0003939274756703526
5537,0.007721501402556896,0.00040103658102452755
5538,0.007719395682215691,0.0004113763861823827
5539,0.0077172983437776566,0.0004070705035701394
5540,0.007715181447565556,0.00039616686990484595
5541,0.007713082246482372,0.0003952442784793675
5542,0.007710979785770178,0.0004028251860290766
5543,0.007708882912993431,0.00040515579166822135
5544,0.007706779055297375,0.00039904832374304533
5545,0.007704662159085274,0.0003944029740523547
5546,0.007702558301389217,0.00039715308230370283
5547,0.007700446993112564,0.00040147436084225774
5548,0.007698347792029381,0.0004004553775303066
5549,0.007696256041526794,0.00039625688805244863
5550,0.007694146130234003,0.0003951458493247628
5551,0.007692049257457256,0.00039788344292901456
5552,0.007689940743148327,0.0003997604362666607
5553,0.0076878368854522705,0.00039818178629502654
5554,0.007685721851885319,0.0003958923916798085
5555,0.0076836273074150085,0.0003960747562814504
5556,0.007681524381041527,0.00039796397322788835
5557,0.007679423317313194,0.0003986789670307189
5558,0.0076773157343268394,0.00039747124537825584
5559,0.007675217464566231,0.0003963564522564411
5560,0.007673115469515324,0.0003968293603975326
5561,0.007671014405786991,0.00039802692481316626
5562,0.007668899837881327,0.00039833836490288377
5563,0.0076667978428304195,0.000397601630538702
5564,0.007664695847779512,0.0003970749385189265
5565,0.007662597112357616,0.0003974938881583512
5566,0.007660502567887306,0.0003982588241342455
5567,0.007658389396965504,0.00039847628795541823
5568,0.007656274363398552,0.0003980968031100929
5569,0.00765418354421854,0.0003978597233071923
5570,0.007652095053344965,0.00039817308424972
5571,0.007649957202374935,0.00039869913598522544
5572,0.007647888734936714,0.00039892265340313315
5573,0.007645765319466591,0.00039877870585769415
5574,0.007643669843673706,0.0003986795782111585
5575,0.007641551550477743,0.0003988907556049526
5576,0.007639451418071985,0.0003992663696408272
5577,0.007637353613972664,0.0003994994331151247
5578,0.0076352632604539394,0.0003995040606241673
5579,0.007633133791387081,0.0003994879371020943
5580,0.0076310476288199425,0.00039963668677955866
5581,0.007628950290381908,0.0003999137843493372
5582,0.007626821286976337,0.000400154065573588
5583,0.00762473838403821,0.0004002578789368272
5584,0.007622625213116407,0.00040030875243246555
5585,0.007620535790920258,0.00040042714681476355
5586,0.00761842355132103,0.0004006414383184165
5587,0.007616321090608835,0.00040087272645905614
5588,0.007614210247993469,0.0004010366683360189
5589,0.007612111046910286,0.0004011462442576885
5590,0.007610010914504528,0.00040126265957951546
5591,0.007607896812260151,0.0004014340811409056
5592,0.007605805993080139,0.0004016411548946053
5593,0.007603714242577553,0.0004018300969619304
5594,0.007601598743349314,0.000401983386836946
5595,0.007599487900733948,0.0004021133354399353
5596,0.007597391493618488,0.0004022650537081063
5597,0.007595298811793327,0.0004024448280688375
5598,0.007593192160129547,0.00040263350820168853
5599,0.007591089233756065,0.00040281045949086547
5600,0.007588977459818125,0.0004029639530926943
5601,0.007586896885186434,0.00040311331395059824
5602,0.007584766484797001,0.00040327428723685443
5603,0.007582688704133034,0.00040345251909457147
5604,0.007580568082630634,0.0004036337195429951
5605,0.007578461896628141,0.00040380607242695987
5606,0.0075763557106256485,0.0004039682389702648
5607,0.007574267219752073,0.0004041288048028946
5608,0.007572160102427006,0.00040429492946714163
5609,0.007570055313408375,0.0004044717934448272
5610,0.007567963562905788,0.00040464778430759907
5611,0.00756585318595171,0.0004048227856401354
5612,0.007563752122223377,0.0004049907438457012
5613,0.007561651058495045,0.00040515922592021525
5614,0.007559563498944044,0.0004053272132296115
5615,0.007557438686490059,0.0004054997698403895
5616,0.0075553348287940025,0.0004056763427797705
5617,0.007553230971097946,0.00040585084934718907
5618,0.00755115645006299,0.0004060239007230848
5619,0.007549040950834751,0.00040619319770485163
5620,0.007546910550445318,0.0004063643282279372
5621,0.00754484161734581,0.00040653691394254565
5622,0.007542730309069157,0.0004067106929142028
5623,0.007540618069469929,0.00040688508306629956
5624,0.007538528647273779,0.00040705883293412626
5625,0.007536421529948711,0.0004072323499713093
5626,0.007534298114478588,0.0004074040334671736
5627,0.007532224059104919,0.00040757577517069876
5628,0.007530109025537968,0.00040775141678750515
5629,0.007528003305196762,0.00040792315849103034
5630,0.007525906898081303,0.0004080992075614631
5631,0.007523814216256142,0.00040827409247867763
5632,0.0075217001140117645,0.00040844929753802717
5633,0.007519598584622145,0.0004086219996679574
5634,0.007517493795603514,0.00040879586595110595
5635,0.007515382952988148,0.00040897072176449
5636,0.007513298653066158,0.00040914490818977356
5637,0.007511205971240997,0.0004093200550414622
5638,0.0075090909376740456,0.0004094948526471853
5639,0.007506980560719967,0.000409669621149078
5640,0.007504877634346485,0.00040984441875480115
5641,0.007502785883843899,0.0004100191290490329
5642,0.007500689011067152,0.0004101940430700779
5643,0.0074985739775002,0.0004103676474187523
5644,0.007496481761336327,0.0004105439584236592
5645,0.007494388613849878,0.0004107199492864311
5646,0.007492277771234512,0.00041089393198490143
5647,0.007490168325603008,0.00041106948629021645
5648,0.0074880728498101234,0.0004112452152185142
5649,0.007485965732485056,0.000411420565797016
5650,0.007483858615159988,0.00041159530519507825
5651,0.007481764070689678,0.0004117709177080542
5652,0.007479670457541943,0.00041194551158696413
5653,0.007477554492652416,0.00041212086216546595
5654,0.0074754576198756695,0.0004122978716623038
5655,0.00747336121276021,0.00041247435729019344
5656,0.0074712433852255344,0.0004126497369725257
5657,0.007469153963029385,0.0004128250293433666
5658,0.007467047311365604,0.00041300302837044
5659,0.007464959751814604,0.0004131796886213124
5660,0.0074628316797316074,0.0004133542242925614
5661,0.0074607571586966515,0.0004135328927077353
5662,0.007458619773387909,0.0004137099895160645
5663,0.007456552237272263,0.00041389145189896226
5664,0.00745445117354393,0.00041407247772440314
5665,0.007452346384525299,0.00041426002280786633
5666,0.007450239732861519,0.0004144485283177346
5667,0.007448148913681507,0.000414654758060351
5668,0.007446040399372578,0.00041486858390271664
5669,0.00744394026696682,0.0004151234170421958
5670,0.007441841997206211,0.0004154126509092748
5671,0.007439742796123028,0.0004158034280408174
5672,0.00743763567879796,0.0004163165285717696
5673,0.00743554113432765,0.0004171082400716841
5674,0.0074334340170025826,0.000418298615841195
5675,0.007431331090629101,0.00042029618634842336
5676,0.007429227698594332,0.00042358189239166677
5677,0.007427128963172436,0.00042927596950903535
5678,0.0074250353500247,0.00043903381447307765
5679,0.007422906346619129,0.00045586476335301995
5680,0.007420827634632587,0.00048470249748788774
5681,0.007418714463710785,0.0005315992748364806
5682,0.007416621316224337,0.0006057654973119497
5683,0.007414516061544418,0.0007030965061858296
5684,0.00741240568459034,0.0008122053695842624
5685,0.007410326041281223,0.00085929170018062
5686,0.007408210542052984,0.000800791778601706
5687,0.007406122051179409,0.0006216805777512491
5688,0.007404010742902756,0.0004585196729749441
5689,0.0074019357562065125,0.00042648427188396454
5690,0.0073998128063976765,0.0005163887399248779
5691,0.007397723384201527,0.0006112977280281484
5692,0.007395620923489332,0.0006015145336277783
5693,0.007393519859761,0.0005050972104072571
5694,0.007391412742435932,0.0004272250225767493
5695,0.0073893191292881966,0.0004423838108778
5696,0.007387208752334118,0.000508052995428443
5697,0.0073851170018315315,0.0005318705225363374
5698,0.007383028976619244,0.00048790837172418833
5699,0.007380915805697441,0.0004328763752710074
5700,0.007378820329904556,0.00042985155596397817
5701,0.007376732304692268,0.000467905803816393
5702,0.007374619133770466,0.0004890488344244659
5703,0.007372506428509951,0.00046750871115364134
5704,0.007370420731604099,0.0004342809843365103
5705,0.0073683117516338825,0.0004305075854063034
5706,0.00736621767282486,0.00045387368299998343
5707,0.0073641212657094,0.00046984138316474855
5708,0.007362009957432747,0.00046084399218671024
5709,0.007359917275607586,0.0004445556551218033
5710,0.007357821334153414,0.0004467679827939719
5711,0.007355727721005678,0.0004682336875703186
5712,0.007353619672358036,0.0004898924962617457
5713,0.007351514417678118,0.0005024494603276253
5714,0.007349413353949785,0.000518220302183181
5715,0.007347311824560165,0.0005578766576945782
5716,0.007345222868025303,0.0006286035641096532
5717,0.0073431190103292465,0.0007303389138542116
5718,0.007341022603213787,0.0008681864128448069
5719,0.007338913157582283,0.0010701464489102364
5720,0.007336825132369995,0.0013553367462009192
5721,0.00733471754938364,0.0017554439837113023
5722,0.007332627661526203,0.0022003864869475365
5723,0.00733052846044302,0.002660041907802224
5724,0.007328416220843792,0.0028641116805374622
5725,0.007326314225792885,0.002728231716901064
5726,0.007324224803596735,0.0020717582665383816
5727,0.007322123274207115,0.0012157876044511795
5728,0.007320022210478783,0.0005722242058254778
5729,0.0073179155588150024,0.0004729692009277642
5730,0.007315824273973703,0.0008315803133882582
5731,0.0073137362487614155,0.0012480254517868161
5732,0.007311636582016945,0.001360115478746593
5733,0.007309533655643463,0.0010718837147578597
5734,0.007307424675673246,0.0006611996213905513
5735,0.0073053366504609585,0.0004496492329053581
5736,0.007303240709006786,0.000547416100744158
5737,0.007301128003746271,0.000787438708357513
5738,0.007299041375517845,0.0009181681089103222
5739,0.007296948228031397,0.0008370078867301345
5740,0.007294842507690191,0.0006246702396310866
5741,0.007292739115655422,0.0004653742944356054
5742,0.007290641777217388,0.00046068005030974746
5743,0.007288556545972824,0.0005719711189158261
5744,0.007286452688276768,0.0006806899327784777
5745,0.0072843413800001144,0.0006923493929207325
5746,0.0072822608053684235,0.0006093503325246274
5747,0.007280162535607815,0.0004996891948394477
5748,0.007278063800185919,0.00044128618901595473
5749,0.0072759888134896755,0.0004584940616041422
5750,0.007273852825164795,0.0005187030765227973
5751,0.007271762005984783,0.000568634772207588
5752,0.007269655354321003,0.0005730910925194621
5753,0.007267575711011887,0.0005354291060939431
5754,0.007265477906912565,0.000482592498883605
5755,0.007263389881700277,0.0004458953917492181
5756,0.0072612883523106575,0.0004403608909342438
5757,0.00725917425006628,0.0004606798756867647
5758,0.007257071323692799,0.0004887572140432894
5759,0.00725498516112566,0.0005062423879280686
5760,0.007252896204590797,0.0005045285215601325
5761,0.007250785827636719,0.0004864037618972361
5762,0.007248700596392155,0.0004627971211448312
5763,0.007246600463986397,0.00044477498158812523
5764,0.007244500331580639,0.0004383855266496539
5765,0.007242399733513594,0.00044314563274383545
5766,0.007240320090204477,0.00045393689651973546
5767,0.007238220423460007,0.0004643893917091191
5768,0.007236107252538204,0.0004697525000665337
5769,0.007234017830342054,0.0004683129664044827
5770,0.007231921423226595,0.000461404153611511
5771,0.007229811046272516,0.0004522763192653656
5772,0.007227729074656963,0.00044443225488066673
5773,0.007225624285638332,0.0004400781763251871
5774,0.0072235180996358395,0.00043974167783744633
5775,0.007221411447972059,0.0004424639337230474
5776,0.007219328545033932,0.00044653433724306524
5777,0.007217251695692539,0.00045034990762360394
5778,0.007215131539851427,0.00045268700341694057
5779,0.007213039323687553,0.00045311078429222107
5780,0.0072109512984752655,0.0004517459310591221
5781,0.007208851166069508,0.0004492719017434865
5782,0.007206757087260485,0.00044644082663580775
5783,0.007204665802419186,0.00044399499893188477
5784,0.007202566135674715,0.00044230592902749777
5785,0.007200481835752726,0.0004415536532178521
5786,0.0071983737871050835,0.0004416380252223462
5787,0.007196264807134867,0.000442371005192399
5788,0.007194168865680695,0.00044350489042699337
5789,0.007192074321210384,0.0004447540268301964
5790,0.007189996540546417,0.0004459441115614027
5791,0.007187888026237488,0.0004468978149816394
5792,0.007185791153460741,0.00044761691242456436
5793,0.007183694280683994,0.00044805524521507323
5794,0.007181597873568535,0.0004483039665501565
5795,0.007179493084549904,0.0004483623197302222
5796,0.00717740785330534,0.00044832221465185285
5797,0.0071753100492060184,0.00044819919276051223
5798,0.007173239719122648,0.00044808685197494924
5799,0.007171125151216984,0.00044797436567023396
5800,0.00716902781277895,0.0004479347262531519
5801,0.0071669332683086395,0.0004479296621866524
5802,0.007164846174418926,0.00044801150215789676
5803,0.007162741385400295,0.00044815073488280177
5804,0.007160643115639687,0.00044840184273198247
5805,0.007158564869314432,0.00044873461592942476
5806,0.007156474515795708,0.0004492067964747548
5807,0.007154345978051424,0.0004498041234910488
5808,0.007152280770242214,0.00045061748824082315
5809,0.0071501885540783405,0.00045166834024712443
5810,0.0071480730548501015,0.00045310630230233073
5811,0.007145992945879698,0.0004550186567939818
5812,0.007143886759877205,0.000457675545476377
5813,0.0071417889557778835,0.0004613414639607072
5814,0.00713969673961401,0.000466558791231364
5815,0.007137610577046871,0.0004740208969451487
5816,0.007135511375963688,0.000484870484797284
5817,0.0071334149688482285,0.0005008689477108419
5818,0.007131321355700493,0.0005245435750111938
5819,0.007129223085939884,0.0005602691089734435
5820,0.007127142045646906,0.0006135862786322832
5821,0.007125036790966988,0.0006951012765057385
5822,0.007122956681996584,0.0008156326366588473
5823,0.007120856083929539,0.0009983828058466315
5824,0.007118755951523781,0.0012556342408061028
5825,0.007116672117263079,0.0016230703331530094
5826,0.0071145822294056416,0.0020671042148023844
5827,0.007112476043403149,0.002582444343715906
5828,0.007110390346497297,0.002939534140750766
5829,0.007108302321285009,0.00302052590996027
5830,0.007106201723217964,0.0025224529672414064
5831,0.007104096002876759,0.0016650650650262833
5832,0.007102019619196653,0.0008139501442201436
5833,0.007099922746419907,0.00046824337914586067
5834,0.007097835186868906,0.0007109958678483963
5835,0.0070957220159471035,0.0011906331637874246
5836,0.007093639113008976,0.0014493042835965753
5837,0.007091564126312733,0.0012468822533264756
5838,0.0070894630625844,0.0008052600314840674
5839,0.007087365724146366,0.0004975161282345653
5840,0.007085265591740608,0.0005368736456148326
5841,0.007083178963512182,0.0007930294959805906
5842,0.007081101648509502,0.0009720170055516064
5843,0.007078996393829584,0.000914710049983114
5844,0.0070768967270851135,0.0006853078375570476
5845,0.007074814289808273,0.0004985163686797023
5846,0.007072723004966974,0.0004857952590100467
5847,0.007070635911077261,0.0006092664552852511
5848,0.007068519480526447,0.0007301734876818955
5849,0.007066435646265745,0.000738829025067389
5850,0.007064363919198513,0.0006419078563340008
5851,0.007062240969389677,0.0005217104335315526
5852,0.007060167379677296,0.0004654843651223928
5853,0.007058067247271538,0.0004943151725456119
5854,0.007055980619043112,0.0005646015051752329
5855,0.007053890265524387,0.0006145757506601512
5856,0.007051798049360514,0.0006087311776354909
5857,0.007049700245261192,0.0005583473830483854
5858,0.007047628052532673,0.0004992358153685927
5859,0.00704552698880434,0.0004663239815272391
5860,0.007043431047350168,0.00047087494749575853
5861,0.007041357923299074,0.0005000988603569567
5862,0.007039257325232029,0.0005304511869326234
5863,0.00703715393319726,0.0005430542514659464
5864,0.007035077549517155,0.000533245038241148
5865,0.007032977417111397,0.0005083704018034041
5866,0.007030889391899109,0.00048229971434921026
5867,0.00702881533652544,0.0004663212166633457
5868,0.007026706822216511,0.00046466791536659
5869,0.007024616003036499,0.00047421344788745046
5870,0.007022525649517775,0.0004877134633716196
5871,0.007020441349595785,0.0004978580982424319
5872,0.007018344476819038,0.0005004147533327341
5873,0.0070162490010261536,0.0004952564486302435
5874,0.007014161441475153,0.0004853281716350466
5875,0.007012082263827324,0.00047486554831266403
5876,0.007009992841631174,0.0004674486699514091
5877,0.007007906213402748,0.0004647164896596223
5878,0.007005797699093819,0.0004663783765863627
5879,0.007003718055784702,0.0004707426705863327
5880,0.007001625373959541,0.00047562518739141524
5881,0.006999543402343988,0.00047928374260663986
5882,0.0069974432699382305,0.0004807002260349691
5883,0.006995358504354954,0.0004798576410394162
5884,0.00699326116591692,0.00047728681238368154
5885,0.006991180591285229,0.0004739707801491022
5886,0.006989088375121355,0.00047075332258827984
5887,0.006986996624618769,0.00046835426473990083
5888,0.00698491558432579,0.00046704718261025846
5889,0.006982813589274883,0.0004668596084229648
5890,0.006980740465223789,0.0004675639793276787
5891,0.006978650111705065,0.0004688140470534563
5892,0.0069765616208314896,0.0004703052109107375
5893,0.006974458694458008,0.0004717301344498992
5894,0.006972373463213444,0.000472958548925817
5895,0.006970299407839775,0.00047384461504407227
5896,0.0069682057946920395,0.0004744318430311978
5897,0.006966107524931431,0.0004746976774185896
5898,0.006964013446122408,0.00047476222971454263
5899,0.006961936131119728,0.00047464543604291975
5900,0.006959857419133186,0.0004744748293887824
5901,0.006957751698791981,0.00047425299999304116
5902,0.006955656222999096,0.0004740779986605048
5903,0.0069535886868834496,0.00047392427222803235
5904,0.006951493211090565,0.00047386661753989756
5905,0.006949413567781448,0.0004738643183372915
5906,0.006947323214262724,0.0004739771247841418
5907,0.006945230532437563,0.00047416664892807603
5908,0.006943155080080032,0.0004744898760691285
5909,0.006941058672964573,0.0004749167419504374
5910,0.006938977167010307,0.00047552125761285424
5911,0.006936873309314251,0.0004763000179082155
5912,0.0069347950629889965,0.0004773670225404203
5913,0.006932709366083145,0.00047877008910290897
5914,0.006930625066161156,0.0004807033983524889
5915,0.006928524933755398,0.0004833336570300162
5916,0.006926442962139845,0.00048704168875701725
5917,0.0069243512116372585,0.0004922666121274233
5918,0.006922272965312004,0.0004998024087399244
5919,0.006920174695551395,0.0005107774049974978
5920,0.006918096449226141,0.0005269453977234662
5921,0.0069160060957074165,0.000551157514564693
5922,0.006913917139172554,0.0005873329937458038
5923,0.006911828648298979,0.0006426061736419797
5924,0.0069097536616027355,0.0007253302610479295
5925,0.006907659582793713,0.0008523882715962827
5926,0.006905583664774895,0.0010378865990787745
5927,0.0069034951739013195,0.0013149833539500833
5928,0.0069014206528663635,0.001685148454271257
5929,0.006899301894009113,0.002178818453103304
5930,0.006897234357893467,0.002678053453564644
5931,0.006895150989294052,0.00310960179194808
5932,0.006893066223710775,0.0031050594989210367
5933,0.006890963297337294,0.0026212481316179037
5934,0.00688890228047967,0.0016633985796943307
5935,0.006886814720928669,0.0008018367225304246
5936,0.006884708534926176,0.0004974373150616884
5937,0.006882645655423403,0.0008064784342423081
5938,0.006880555301904678,0.001315614557825029
5939,0.006878466811031103,0.0015047573251649737
5940,0.0068763867020606995,0.001234265509992838
5941,0.006874304264783859,0.0007547268178313971
5942,0.006872212048619986,0.000504793191794306
5943,0.006870120298117399,0.0006297143409028649
5944,0.006868046708405018,0.0009109842940233648
5945,0.006865971256047487,0.001039042486809194
5946,0.006863879039883614,0.0008931972552090883
5947,0.006861778907477856,0.0006396432872861624
5948,0.0068597043864429,0.0005012643523514271
5949,0.006857618223875761,0.0005607525818049908
5950,0.006855542305856943,0.0007130512385629117
5951,0.006853459868580103,0.0007967623532749712
5952,0.006851371843367815,0.0007462094072252512
5953,0.006849293597042561,0.0006133769638836384
5954,0.00684719905257225,0.0005107491742819548
5955,0.006845121271908283,0.0005019998061470687
5956,0.006843051873147488,0.0005675468128174543
5957,0.006840958259999752,0.00063887401483953
5958,0.006838866509497166,0.0006581253837794065
5959,0.006836770102381706,0.0006182836950756609
5960,0.006834710016846657,0.0005514486692845821
5961,0.006832622457295656,0.0005022425320930779
5962,0.006830545142292976,0.0004938705824315548
5963,0.00682845339179039,0.0005199994193390012
5964,0.006826380267739296,0.0005560180870816112
5965,0.006824279669672251,0.0005773896700702608
5966,0.006822196301072836,0.0005736855091527104
5967,0.006820125505328178,0.000549333926755935
5968,0.006818037014454603,0.000519147259183228
5969,0.006815960630774498,0.0004972892347723246
5970,0.006813881918787956,0.0004910334246233106
5971,0.006811799481511116,0.0004990134621039033
5972,0.006809706334024668,0.0005138725973665714
5973,0.006807628087699413,0.0005269684479571879
5974,0.006805566139519215,0.0005323899677023292
5975,0.006803477648645639,0.0005287715466693044
5976,0.0068014031276106834,0.0005186031339690089
5977,0.006799297407269478,0.0005064867436885834
5978,0.006797240115702152,0.0004968364955857396
5979,0.006795160006731749,0.0004921435611322522
5980,0.00679308595135808,0.0004926960682496428
5981,0.006790997926145792,0.0004969505243934691
5982,0.006788941565901041,0.0005024707643315196
5983,0.0067868903279304504,0.0005071512423455715
5984,0.006784827448427677,0.0005095424712635577
5985,0.006782785523682833,0.0005093654035590589
5986,0.006780765485018492,0.0005070313927717507
5987,0.0067787799052894115,0.0005035395151935518
5988,0.006776849273592234,0.0004998369258828461
5989,0.006774998269975185,0.0004967888235114515
5990,0.006773266009986401,0.0004948205314576626
5991,0.006771743297576904,0.0004940780345350504
5992,0.0067705330438911915,0.0004944126703776419
5993,0.006769835948944092,0.0004955082549713552
5994,0.006769982166588306,0.0004970465088263154
5995,0.006771491840481758,0.0004986667772755027
5996,0.006775218062102795,0.0005001723766326904
5997,0.006782645359635353,0.0005013732006773353
5998,0.0067961132153868675,0.0005022619152441621
5999,0.006819779984652996,0.0005028058658353984
6000,0.006860097870230675,0.0005031161126680672
6001,0.0069285426288843155,0.0005032102344557643
6002,0.007042089477181435,0.0005032247281633317
6003,0.007230957970023155,0.0005031627370044589
6004,0.007532164454460144,0.0005031388136558235
6005,0.008007586002349854,0.0005031339824199677
6006,0.008685950189828873,0.0005032435292378068
6007,0.009593342430889606,0.0005034302594140172
6008,0.01049962267279625,0.000503784918691963
6009,0.011124086566269398,0.0005042750271968544
6010,0.01082147378474474,0.000505013216752559
6011,0.009624604135751724,0.0005059917457401752
6012,0.007958350703120232,0.0005073655629530549
6013,0.006880463100969791,0.0005091914208605886
6014,0.006904139183461666,0.000511723046656698
6015,0.00772099057212472,0.0005151663790456951
6016,0.008568869903683662,0.0005199868464842439
6017,0.008783631026744843,0.0005267498199827969
6018,0.00832415372133255,0.0005364028038457036
6019,0.007486550137400627,0.0005503469728864729
6020,0.00685155438259244,0.0005705961375497282
6021,0.006740379612892866,0.000600585131905973
6022,0.007081101648509502,0.0006446053739637136
6023,0.007501790300011635,0.000710870313923806
6024,0.00762430764734745,0.0008077219827100635
6025,0.007387721445411444,0.0009534004493616521
6026,0.0069844359531998634,0.0011588300112634897
6027,0.0067254770547151566,0.0014555893139913678
6028,0.006747069302946329,0.001828976790420711
6029,0.006955341435968876,0.002295323647558689
6030,0.007145420648157597,0.0027027297765016556
6031,0.007162177003920078,0.0029717558063566685
6032,0.007015193812549114,0.0027800772804766893
6033,0.006815907545387745,0.002179346513003111
6034,0.006696273572742939,0.001301721902564168
6035,0.006704946979880333,0.0006572118145413697
6036,0.006798966787755489,0.0005530801136046648
6037,0.006889640353620052,0.0009070051601156592
6038,0.006904271896928549,0.0013218400999903679
6039,0.0068387421779334545,0.001403254922479391
6040,0.006741680670529604,0.001115699065849185
6041,0.006678140722215176,0.0007106224074959755
6042,0.006676241289824247,0.0005289195687510073
6043,0.0067181214690208435,0.0006531259859912097
6044,0.006762959994375706,0.0008918079547584057
6045,0.006776348687708378,0.001000874792225659
6046,0.006751457694917917,0.0008862095419317484
6047,0.006705527659505606,0.000672098423819989
6048,0.006667183246463537,0.0005343915545381606
6049,0.0066541400738060474,0.0005562736187130213
6050,0.006665268912911415,0.0006770005566067994
6051,0.006685962434858084,0.0007732984377071261
6052,0.006699324119836092,0.0007700750138610601
6053,0.006696293596178293,0.0006775771034881473
6054,0.006678467150777578,0.00057218101574108
6055,0.006656613666564226,0.0005211156094446778
6056,0.006641790736466646,0.0005417615757323802
6057,0.006638881750404835,0.0006016477709636092
6058,0.006644877139478922,0.0006515980930998921
6059,0.006652870215475559,0.0006608063704334199
6060,0.0066565233282744884,0.0006278087967075408
6061,0.006652945652604103,0.0005765966488979757
6062,0.006643666885793209,0.0005345674580894411
6063,0.006632963661104441,0.0005187522619962692
6064,0.006625116337090731,0.0005294264992699027
6065,0.006622033193707466,0.0005544903106056154
6066,0.006622865796089172,0.0005785062094219029
6067,0.006625126115977764,0.0005901689874008298
6068,0.006626209244132042,0.0005862954421900213
6069,0.006624574773013592,0.0005701904301531613
6070,0.0066202557645738125,0.0005494902725331485
6071,0.0066146934404969215,0.000531574769411236
6072,0.0066095688380301,0.0005212008836679161
6073,0.0066060712561011314,0.0005196083802729845
6074,0.0066043115220963955,0.0005248772795312107
6075,0.006603763904422522,0.0005335463210940361
6076,0.006603453308343887,0.0005420264787971973
6077,0.00660250848159194,0.0005476827500388026
6078,0.006600519176572561,0.0005493327043950558
6079,0.006597595755010843,0.0005471514305099845
6080,0.006594227161258459,0.0005422649555839598
6081,0.006591001991182566,0.000536163046490401
6082,0.006588249001652002,0.0005303265061229467
6083,0.006586133036762476,0.0005256898584775627
6084,0.006584566552191973,0.000522846938110888
6085,0.006583192385733128,0.0005217251018621027
6086,0.006581740453839302,0.0005221122410148382
6087,0.006579997483640909,0.000523512891959399
6088,0.006577912252396345,0.0005254894495010376
6089,0.006575552746653557,0.00052766123553738
6090,0.006573083810508251,0.0005297372117638588
6091,0.0065706344321370125,0.0005316016031429172
6092,0.006568354554474354,0.0005331509746611118
6093,0.006566299125552177,0.0005344618111848831
6094,0.006564409472048283,0.0005355226458050311
6095,0.0065626055002212524,0.0005364950047805905
6096,0.0065608276054263115,0.0005373826716095209
6097,0.0065590087324380875,0.0005383685929700732
6098,0.006557076703757048,0.0005394516047090292
6099,0.0065550412982702255,0.0005408339784480631
6100,0.006552933715283871,0.0005425368435680866
6101,0.006550773046910763,0.0005448175361379981
6102,0.006548658013343811,0.0005477801314555109
6103,0.006546563934534788,0.0005517965764738619
6104,0.006544527597725391,0.0005571855581365526
6105,0.0065425364300608635,0.0005645471974276006
6106,0.006540593691170216,0.0005746984388679266
6107,0.006538675166666508,0.0005887348670512438
6108,0.006536751985549927,0.0006085510831326246
6109,0.006534808315336704,0.0006362003041431308
6110,0.006532867439091206,0.0006759510142728686
6111,0.006530893500894308,0.0007315101101994514
6112,0.006528894882649183,0.0008120633428916335
6113,0.006526879966259003,0.000922786071896553
6114,0.006524865515530109,0.00108108832500875
6115,0.006522843614220619,0.0012861016439273953
6116,0.006520826835185289,0.0015607397072017193
6117,0.006518813781440258,0.0018623843789100647
6118,0.006516818422824144,0.002190807368606329
6119,0.0065148333087563515,0.002389023080468178
6120,0.006512836553156376,0.002418133430182934
6121,0.006510877516120672,0.002097613411024213
6122,0.006508905440568924,0.0015580252511426806
6123,0.006506945937871933,0.0009572874987497926
6124,0.006504975259304047,0.0005935585359111428
6125,0.006503019481897354,0.0005899499519728124
6126,0.006501041818410158,0.000846749753691256
6127,0.006499052979052067,0.0011243254411965609
6128,0.006497085094451904,0.001201173639856279
6129,0.00649512792006135,0.0010461166966706514
6130,0.006493127904832363,0.0007727663614787161
6131,0.006491154432296753,0.0005791657022200525
6132,0.00648917444050312,0.0005660831229761243
6133,0.006487206555902958,0.0006928713992238045
6134,0.006485214456915855,0.0008347764960490167
6135,0.006483234465122223,0.000881351123098284
6136,0.006481256801635027,0.0008137434488162398
6137,0.006479284260421991,0.0006837546243332326
6138,0.006477294489741325,0.000577469530981034
6139,0.006475298665463924,0.0005461210384964943
6140,0.006473352201282978,0.0005867845611646771
6141,0.006471374537795782,0.0006573834689334035
6142,0.006469388958066702,0.0007096247281879187
6143,0.006467429455369711,0.0007179120439104736
6144,0.00646545086055994,0.0006819793488830328
6145,0.00646348437294364,0.0006255340995267034
6146,0.006461525335907936,0.0005744434893131256
6147,0.006459577940404415,0.0005471594631671906
6148,0.006457620300352573,0.0005476884543895721
6149,0.006455673836171627,0.0005684508942067623
6150,0.006453760899603367,0.0005965747986920178
6151,0.006451831199228764,0.0006201812066137791
6152,0.006449953652918339,0.0006323818815872073
6153,0.006448072846978903,0.000630880706012249
6154,0.006446251645684242,0.0006186871905811131
6155,0.00644451379776001,0.000599999912083149
6156,0.006442849524319172,0.0005801880033686757
6157,0.006441315170377493,0.0005632004467770457
6158,0.006439981982111931,0.0005514189833775163
6159,0.006438917480409145,0.0005456237704493105
6160,0.006438271142542362,0.0005451798788271844
6161,0.0064382292330265045,0.0005487455055117607
6162,0.006439098156988621,0.0005548032349906862
6163,0.0064413296058773994,0.0005618269788101315
6164,0.006445657461881638,0.0005687972297891974
6165,0.0064531173557043076,0.0005749093252234161
6166,0.006465545389801264,0.0005798469064757228
6167,0.00648532947525382,0.0005835056654177606
6168,0.00651706475764513,0.0005860012024641037
6169,0.006566375959664583,0.0005876076174899936
6170,0.006644595414400101,0.0005885741556994617
6171,0.006764313206076622,0.0005892622866667807
6172,0.0069528063759207726,0.0005899092648178339
6173,0.007232482545077801,0.0005908439634367824
6174,0.007660986855626106,0.0005922560812905431
6175,0.008246758952736855,0.0005944771110080183
6176,0.009065341204404831,0.0005977003602311015
6177,0.009950708597898483,0.0006023799069225788
6178,0.010853441432118416,0.000608808477409184
6179,0.01112667191773653,0.0006177645409479737
6180,0.01067365799099207,0.0006297684158198535
6181,0.009180307388305664,0.0006463216850534081
6182,0.007540879305452108,0.0006683904211968184
6183,0.006541944108903408,0.0006988985114730895
6184,0.0066014183685183525,0.0007394154090434313
6185,0.007448680233210325,0.0007954690954647958
6186,0.008582426235079765,0.0008688271045684814
6187,0.00978588405996561,0.0009689685539342463
6188,0.010791987180709839,0.001094337087124586
6189,0.011569840833544731,0.0012572788400575519
6190,0.01106119155883789,0.0014396273763850331
6191,0.009366124868392944,0.0016461883205920458
6192,0.007266569882631302,0.0018137944862246513
6193,0.006715688388794661,0.0019248935859650373
6194,0.0076551781967282295,0.001876074238680303
6195,0.008583635091781616,0.0016766502521932125
6196,0.008800733834505081,0.0013203835114836693
6197,0.008183802478015423,0.0009395547094754875
6198,0.007257254794239998,0.0006585962837561965
6199,0.006569321732968092,0.0005689506651833653
6200,0.006457039155066013,0.0006591626442968845
6201,0.00669601047411561,0.0008344257366843522
6202,0.006978591904044151,0.0009806128218770027
6203,0.007255039177834988,0.0010116222547367215
6204,0.00744011253118515,0.00092840357683599
6205,0.007340897340327501,0.0007765816408209503
6206,0.006901462562382221,0.000641248538158834
6207,0.006505743134766817,0.0005777048645541072
6208,0.006428881548345089,0.0005966330645605922
6209,0.006577428430318832,0.0006671959417872131
6210,0.0067515987902879715,0.000742531381547451
6211,0.006883200258016586,0.0007854499272070825
6212,0.006950629875063896,0.0007802834734320641
6213,0.006873651407659054,0.0007357757422141731
6214,0.006693856790661812,0.0006727321306243539
6215,0.006525638047605753,0.0006150961271487176
6216,0.006429290398955345,0.0005790685536339879
6217,0.0063706450164318085,0.0005698416498489678
6218,0.0063452646136283875,0.0005829608999192715
6219,0.006383342668414116,0.0006091491668485105
6220,0.006455377209931612,0.0006384222069755197
6221,0.00648899981752038,0.0006630069692619145
6222,0.006462479010224342,0.000679323507938534
6223,0.006419172044843435,0.000685549748595804
6224,0.006382565014064312,0.0006838866393081844
6225,0.006346446927636862,0.0006756475195288658
6226,0.006316440179944038,0.0006645433604717255
6227,0.006314445286989212,0.0006521694012917578
6228,0.006337457802146673,0.0006411863723769784
6229,0.006359023042023182,0.0006324676214717329
6230,0.006367666181176901,0.0006272071041166782
6231,0.006371750496327877,0.000625550514087081
6232,0.006373159121721983,0.0006276997737586498
6233,0.0063608442433178425,0.0006331331678666174
6234,0.006336098536849022,0.0006414449890144169
6235,0.006313358899205923,0.0006509420927613974
6236,0.00630134716629982,0.0006606251117773354
6237,0.006295234430581331,0.0006672132876701653
6238,0.00629156781360507,0.0006699016084894538
6239,0.006293917074799538,0.0006661252700723708
6240,0.0063024600967764854,0.0006581986090168357
6241,0.0063101062551140785,0.000648392247967422
6242,0.0063119325786828995,0.0006425449391826987
6243,0.006310406606644392,0.0006453489186242223
6244,0.006308058742433786,0.000661077385302633
6245,0.006303257774561644,0.0006913882098160684
6246,0.006294470280408859,0.0007383988122455776
6247,0.006284648086875677,0.0008028321317397058
6248,0.006277167238295078,0.0008903926354832947
6249,0.006271700840443373,0.0010048947297036648
6250,0.006266693584620953,0.0011609364300966263
6251,0.0062628742307424545,0.0013590968446806073
6252,0.006261691451072693,0.0016203753184527159
6253,0.006262313108891249,0.0019044310320168734
6254,0.006262773647904396,0.002213462255895138
6255,0.006262553855776787,0.0023932119365781546
6256,0.006262489594519138,0.002419606549665332
6257,0.006262497045099735,0.0021085755433887243
6258,0.006261635571718216,0.0015984748024493456
6259,0.006259564775973558,0.001020542811602354
6260,0.006257121451199055,0.0006621554493904114
6261,0.006254685111343861,0.0006414591334760189
6262,0.006251923274248838,0.0008728468674235046
6263,0.006248512305319309,0.0011359803611412644
6264,0.006244956515729427,0.0012198524782434106
6265,0.006241761613637209,0.001091283280402422
6266,0.006238849367946386,0.0008406476699747145
6267,0.006235916167497635,0.0006506737554445863
6268,0.006233076564967632,0.0006191853317432106
6269,0.006230541504919529,0.00072167266625911
6270,0.0062282755970954895,0.000852523255161941
6271,0.006226063705980778,0.0009091933025047183
6272,0.006223782896995544,0.0008653318509459496
6273,0.0062216492369771,0.0007534396136179566
6274,0.006219690199941397,0.0006479080766439438
6275,0.006217786110937595,0.0005996549152769148
6276,0.006215824279934168,0.0006183990044519305
6277,0.006213863380253315,0.0006768325110897422
6278,0.00621196860447526,0.0007341486634686589
6279,0.006210123188793659,0.0007610742468386889
6280,0.006208252627402544,0.0007463851943612099
6281,0.006206347607076168,0.0007030533161014318
6282,0.006204472854733467,0.0006504599587060511
6283,0.006202633026987314,0.0006093680276535451
6284,0.006200823001563549,0.000590772891882807
6285,0.006198949180543423,0.0005949106998741627
6286,0.006197093054652214,0.0006143250502645969
6287,0.006195279769599438,0.000639023375697434
6288,0.006193490233272314,0.000660518417134881
6289,0.006191713735461235,0.0006739053642377257
6290,0.006189956795424223,0.0006787022575736046
6291,0.006188221275806427,0.0006758810486644506
6292,0.006186595186591148,0.0006684355321340263
6293,0.006185055244714022,0.0006580837070941925
6294,0.006183636374771595,0.0006466669728979468
6295,0.006182400044053793,0.0006349483737722039
6296,0.006181470584124327,0.0006237534107640386
6297,0.006180985365062952,0.0006137260352261364
6298,0.006181180477142334,0.0006055141566321254
6299,0.006182368379086256,0.0005995376268401742
6300,0.006185111589729786,0.0005958275287412107
6301,0.006190248765051365,0.0005940961418673396
6302,0.006199002265930176,0.000593703705817461
6303,0.006213528104126453,0.0005941340932622552
6304,0.006236738059669733,0.0005948637262918055
6305,0.006274119019508362,0.000595786958001554
6306,0.006332484073936939,0.0005968862678855658
6307,0.0064259483478963375,0.0005983708542771637
6308,0.006569301709532738,0.0006004451424814761
6309,0.0067971739917993546,0.0006032504024915397
6310,0.007132906001061201,0.0006070495001040399
6311,0.0076469858177006245,0.0006120015750639141
6312,0.00832296535372734,0.0006186781101860106
6313,0.00923297181725502,0.0006277848151512444
6314,0.010071955621242523,0.0006407214095816016
6315,0.010744508355855942,0.0006595727754756808
6316,0.010460195131599903,0.0006873981328681111
6317,0.009407118894159794,0.0007295625982806087
6318,0.007724825758486986,0.0007926751859486103
6319,0.006495597772300243,0.000889913528226316
6320,0.006244505289942026,0.0010342197492718697
6321,0.006889308802783489,0.0012548610102385283
6322,0.008116219192743301,0.00156525825150311
6323,0.009733269922435284,0.002009852323681116
6324,0.0120403952896595,0.0025346132460981607
6325,0.014506649225950241,0.0031249062158167362
6326,0.016272341832518578,0.00345830456353724
6327,0.01346367783844471,0.0033980817534029484
6328,0.008815658278763294,0.0026253166142851114
6329,0.00698873121291399,0.0015550408279523253
6330,0.009579435922205448,0.0007543798419646919
6331,0.01184004358947277,0.0007097311317920685
6332,0.010392686352133751,0.0012320949463173747
6333,0.007963968440890312,0.0016667169984430075
6334,0.0064279441721737385,0.001568780280649662
6335,0.006551817059516907,0.0010455697774887085
6336,0.008129802532494068,0.0006648330017924309
6337,0.0104086734354496,0.0007423129281960428
6338,0.012622608803212643,0.001069469260983169
6339,0.01275106705725193,0.001226512249559164
6340,0.010339288040995598,0.0010423230705782771
6341,0.0070028845220804214,0.0007477716426365077
6342,0.007247451692819595,0.0006357624079100788
6343,0.009632498025894165,0.0007622424745932221
6344,0.009508373215794563,0.0009389084298163652
6345,0.007511782925575972,0.0009683481184765697
6346,0.006155084818601608,0.0008384828688576818
6347,0.006773850880563259,0.0006802406860515475
6348,0.008592124097049236,0.000626387307420373
6349,0.01063467189669609,0.0006911236559972167
6350,0.012240718118846416,0.0007892645662650466
6351,0.011683511547744274,0.0008307491661980748
6352,0.009000818245112896,0.0007875558803789318
6353,0.0065408688969910145,0.0007026046514511108
6354,0.007401776034384966,0.0006363733555190265
6355,0.009237576276063919,0.0006239123176783323
6356,0.008441952057182789,0.0006580203189514577
6357,0.006664024665951729,0.0007057854090817273
6358,0.0062533188611269,0.0007354790577664971
6359,0.007470590528100729,0.0007325735641643405
6360,0.00904055405408144,0.0007038007024675608
6361,0.009839613921940327,0.0006656397599726915
6362,0.009555935859680176,0.000635380856692791
6363,0.008018343709409237,0.0006223538657650352
6364,0.00649165129289031,0.0006264234543778002
6365,0.006312997546046972,0.0006413009250536561
6366,0.0072660427540540695,0.0006585784140042961
6367,0.007669043727219105,0.0006715217023156583
6368,0.00689596775919199,0.0006765752914361656
6369,0.006160395685583353,0.0006736736977472901
6370,0.006298914551734924,0.0006647180998697877
6371,0.00695447763428092,0.0006528592202812433
6372,0.007418870460242033,0.0006410866626538336
6373,0.007300895638763905,0.000631493516266346
6374,0.00678930664435029,0.0006254739128053188
6375,0.0062431516125798225,0.0006230805884115398
6376,0.006069363560527563,0.0006239843205548823
6377,0.006288732402026653,0.000627208617515862
6378,0.006562831345945597,0.0006316905491985381
6379,0.006559302099049091,0.0006365074659697711
6380,0.006297406740486622,0.0006407736800611019
6381,0.006076274439692497,0.0006441374425776303
6382,0.006092824507504702,0.0006462476449087262
6383,0.00626111775636673,0.0006472872919403017
6384,0.006380816455930471,0.0006473068497143686
6385,0.006336933001875877,0.0006467599305324256
6386,0.006190011277794838,0.0006458249990828335
6387,0.006060355808585882,0.000644921965431422
6388,0.006034635007381439,0.0006441301084123552
6389,0.006100638769567013,0.0006436982657760382
6390,0.006177510600537062,0.000643604900687933
6391,0.006191114895045757,0.0006439937860704958
6392,0.006129168905317783,0.0006448394851759076
6393,0.006049828603863716,0.0006463046884164214
6394,0.006015679333359003,0.0006484666955657303
6395,0.006040812470018864,0.0006516337161883712
6396,0.006084888242185116,0.0006560989422723651
6397,0.0061014993116259575,0.0006624511443078518
6398,0.006077856756746769,0.0006714265327900648
6399,0.006035742349922657,0.0006841723225079477
6400,0.006005840841680765,0.0007025126833468676
6401,0.006003808230161667,0.0007287641055881977
6402,0.006021721288561821,0.0007673490908928216
6403,0.00604006415233016,0.0008229038212448359
6404,0.006041720509529114,0.0009058595751412213
6405,0.00602584658190608,0.0010240797419101
6406,0.0060036261565983295,0.001199857098981738
6407,0.005990175995975733,0.0014381706714630127
6408,0.005990755744278431,0.0017745067598298192
6409,0.005999884568154812,0.002166722435504198
6410,0.006006860174238682,0.002626250497996807
6411,0.006005202420055866,0.0029385173693299294
6412,0.0059957848861813545,0.0030382222030311823
6413,0.0059845601208508015,0.0026221848092973232
6414,0.005977179855108261,0.001877838745713234
6415,0.005975842941552401,0.001068535028025508
6416,0.0059784650802612305,0.0006726233987137675
6417,0.005981183610856533,0.0008264622301794589
6418,0.005980668589472771,0.0012498435098677874
6419,0.005976411513984203,0.001507387263700366
6420,0.005970260128378868,0.0013492179568856955
6421,0.005965051706880331,0.0009628237457945943
6422,0.0059624286368489265,0.0006913758115842938
6423,0.005962193012237549,0.0007330888183787465
6424,0.0059627871960401535,0.000963950646109879
6425,0.005962474271655083,0.0011143188457936049
6426,0.005960484966635704,0.0010483474470674992
6427,0.005957119166851044,0.000839943066239357
6428,0.005953394342213869,0.0006818724796175957
6429,0.0059503186494112015,0.0006814173539169133
6430,0.005948388017714024,0.0007958076894283295
6431,0.0059473467990756035,0.0009031846420839429
6432,0.005946602672338486,0.0009133010753430426
6433,0.00594547251239419,0.0008314922451972961
6434,0.00594368577003479,0.0007232758798636496
6435,0.005941315554082394,0.0006601621280424297
6436,0.005938712507486343,0.0006673781899735332
6437,0.0059363506734371185,0.0007217487436719239
6438,0.005934370215982199,0.0007793838158249855
6439,0.005932855419814587,0.0008054947247728705
6440,0.005931546445935965,0.0007918460760265589
6441,0.005930197425186634,0.0007495844620279968
6442,0.005928599275648594,0.000701587472576648
6443,0.005926698446273804,0.000666407635435462
6444,0.005924637895077467,0.0006530638784170151
6445,0.005922564771026373,0.0006602669600397348
6446,0.005920629948377609,0.0006803399883210659
6447,0.005918844603002071,0.0007039316697046161
6448,0.0059172045439481735,0.000723513076081872
6449,0.005915615241974592,0.0007350522209890187
6450,0.005914055742323399,0.0007371657993644476
6451,0.005912384949624538,0.0007315537659451365
6452,0.005910612642765045,0.0007202849956229329
6453,0.005908791907131672,0.0007064415840432048
6454,0.005906945560127497,0.0006922543398104608
6455,0.0059051234275102615,0.0006795772351324558
6456,0.005903355777263641,0.0006694791372865438
6457,0.00590160908177495,0.0006622659275308251
6458,0.005899928510189056,0.0006579649052582681
6459,0.005898249335587025,0.0006560724577866495
6460,0.005896574817597866,0.0006561490590684116
6461,0.005894873291254044,0.000657625263556838
6462,0.005893149878829718,0.0006600909400731325
6463,0.005891402252018452,0.0006632478325627744
6464,0.005889641586691141,0.0006668849382549524
6465,0.005887896288186312,0.0006710253073833883
6466,0.005886137951165438,0.0006756960065104067
6467,0.005884398706257343,0.0006811915664002299
6468,0.005882696248590946,0.0006877977284602821
6469,0.005880982149392366,0.0006961079780012369
6470,0.0058792829513549805,0.0007068549166433513
6471,0.005877559073269367,0.000721090123988688
6472,0.005875862203538418,0.0007405283977277577
6473,0.005874145310372114,0.0007670967024751008
6474,0.005872431676834822,0.0008047258015722036
6475,0.005870718043297529,0.0008568188641220331
6476,0.005868974141776562,0.000931973394472152
6477,0.005867241881787777,0.00103504688013345
6478,0.005865543149411678,0.001183127984404564
6479,0.0058638001792132854,0.0013764965115115047
6480,0.005862084217369556,0.0016408002702519298
6481,0.005860346369445324,0.0019402181496843696
6482,0.005858649034053087,0.002286168048158288
6483,0.005856934003531933,0.0025296441745013
6484,0.0058552115224301815,0.0026377809699624777
6485,0.005853499285876751,0.002389347180724144
6486,0.005851792637258768,0.0018851704662665725
6487,0.0058500757440924644,0.0012366859009489417
6488,0.005848370026797056,0.0007859748438932002
6489,0.005846654064953327,0.0007171290344558656
6490,0.005844945553690195,0.0009647553670220077
6491,0.005843224003911018,0.0012624467490240932
6492,0.005841493606567383,0.0013449836988002062
6493,0.005839782766997814,0.0011686128564178944
6494,0.00583807285875082,0.0008781772339716554
6495,0.005836358293890953,0.0007021429482847452
6496,0.005834637209773064,0.0007345229387283325
6497,0.005832910072058439,0.0008939624531194568
6498,0.005831202957779169,0.0010239110561087728
6499,0.005829491652548313,0.001019862713292241
6500,0.005827782675623894,0.0009028132189996541
6501,0.005826071836054325,0.000762974435929209
6502,0.005824344232678413,0.0006907974602654576
6503,0.005822624079883099,0.0007112515741027892
6504,0.005820929538458586,0.0007869066321291029
6505,0.005819210782647133,0.0008582220179960132
6506,0.00581749714910984,0.0008818572387099266
6507,0.005815781652927399,0.0008533400250598788
6508,0.0058140624314546585,0.000791891769040376
6509,0.005812359973788261,0.0007301855948753655
6510,0.005810655187815428,0.0006913906545378268
6511,0.005808941088616848,0.0006837151013314724
6512,0.0058072153478860855,0.0007016104063950479
6513,0.005805516615509987,0.0007327316561713815
6514,0.005803800653666258,0.0007646193262189627
6515,0.005802087485790253,0.0007884475635364652
6516,0.005800383165478706,0.000801103888079524
6517,0.005798675119876862,0.0008018272928893566
6518,0.005796969868242741,0.0007940491195768118
6519,0.0057952627539634705,0.0007800609455443919
6520,0.00579355051741004,0.0007637625094503164
6521,0.005791845265775919,0.0007470410782843828
6522,0.005790174938738346,0.0007318913703784347
6523,0.005788472946733236,0.000719051284249872
6524,0.005786797031760216,0.0007088195998221636
6525,0.005785138346254826,0.0007011526613496244
6526,0.0057834903709590435,0.0006955836433917284
6527,0.005781896412372589,0.0006918504368513823
6528,0.005780342034995556,0.0006893871468491852
6529,0.005778856575489044,0.0006879778229631484
6530,0.0057775164023041725,0.0006872084923088551
6531,0.005776362493634224,0.0006869639037176967
6532,0.005775508936494589,0.0006869863136671484
6533,0.005775114055722952,0.0006872597150504589
6534,0.0057754721492528915,0.0006876541301608086
6535,0.00577697716653347,0.0006882068701088428
6536,0.005780365318059921,0.0006888614734634757
6537,0.0057867299765348434,0.0006896965205669403
6538,0.00579805439338088,0.0006907287170179188
6539,0.005817235913127661,0.0006921031745150685
6540,0.005849695298820734,0.0006939573213458061
6541,0.005903037264943123,0.0006966047221794724
6542,0.0059923105873167515,0.0007004943327046931
6543,0.006136239971965551,0.0007064162055030465
6544,0.006374564487487078,0.000715675123501569
6545,0.006743172183632851,0.0007305033504962921
6546,0.007329774089157581,0.0007547010900452733
6547,0.008134530857205391,0.0007949459832161665
6548,0.009241780266165733,0.0008622865425422788
6549,0.010252338834106922,0.0009771238546818495
6550,0.01097206212580204,0.0011699243914335966
6551,0.010340845212340355,0.0014991521602496505
6552,0.008769949898123741,0.002026998670771718
6553,0.006812548264861107,0.002872797893360257
6554,0.00587388826534152,0.003988892771303654
6555,0.006289222743362188,0.005319727119058371
6556,0.007608206011354923,0.005934556480497122
6557,0.0096036521717906,0.005333238281309605
6558,0.012252599000930786,0.0030639474280178547
6559,0.015950771048665047,0.0011544658336788416
6560,0.017813321202993393,0.001233844319358468
6561,0.015672987326979637,0.002567904070019722
6562,0.008578246459364891,0.0028385876212269068
6563,0.0071192095056176186,0.0015700964722782373
6564,0.011510821059346199,0.0007912548608146608
6565,0.01264062151312828,0.0014822976663708687
6566,0.010005067102611065,0.002117097144946456
6567,0.006644225679337978,0.0015482293674722314
6568,0.005955222994089127,0.0008411026792600751
6569,0.007703646086156368,0.001100707333534956
6570,0.011044435203075409,0.0016032981220632792
6571,0.015041623264551163,0.0013676511589437723
6572,0.01601298153400421,0.0008657495491206646
6573,0.012197235599160194,0.0009222694206982851
6574,0.006892173085361719,0.0012796708615496755
6575,0.008605203591287136,0.001248429762199521
6576,0.012371025048196316,0.0008897053776308894
6577,0.009650547057390213,0.0007812674157321453
6578,0.006339533254504204,0.0010075017344206572
6579,0.0065930504351854324,0.0011390254367142916
6580,0.01020169910043478,0.0009759340318851173
6581,0.014214850962162018,0.0007696005050092936
6582,0.01635611057281494,0.0007839010213501751
6583,0.01452820748090744,0.0009367990423925221
6584,0.00813338067382574,0.000991946435533464
6585,0.006871000863611698,0.0008917752420529723
6586,0.010678808204829693,0.0007703540613874793
6587,0.009930909611284733,0.0007525722612626851
6588,0.006432101596146822,0.0008199586300179362
6589,0.00677821971476078,0.0008760393830016255
6590,0.009690824896097183,0.0008671379764564335
6591,0.011451993137598038,0.0008132095681503415
6592,0.010755314491689205,0.000764506752602756
6593,0.008506438694894314,0.0007484110537916422
6594,0.006246605422347784,0.00076156051363796
6595,0.006095041520893574,0.0007866796804592013
6596,0.007451602257788181,0.0008056969381868839
6597,0.007467141840606928,0.0008059209794737399
6598,0.006226330064237118,0.0007845298387110233
6599,0.005940301343798637,0.0007529474096372724
6600,0.006791874300688505,0.0007306388579308987
6601,0.007201917935162783,0.0007302361773326993
6602,0.0065746912732720375,0.0007477884646505117
6603,0.0058607724495232105,0.0007671757484786212
6604,0.005776208825409412,0.0007737684063613415
6605,0.006247393786907196,0.0007657733513042331
6606,0.006601762492209673,0.0007513482705689967
6607,0.006407461129128933,0.0007398576708510518
6608,0.005906165111809969,0.0007344300975091755
6609,0.00568659882992506,0.0007333797984756529
6610,0.005910962354391813,0.0007347976788878441
6611,0.00617073941975832,0.0007380228489637375
6612,0.006070766597986221,0.0007430091500282288
6613,0.0057829273864626884,0.0007475459133274853
6614,0.0056649683974683285,0.00074890221003443
6615,0.00580750172957778,0.0007458567852154374
6616,0.005969985853880644,0.0007401490584015846
6617,0.005955232307314873,0.0007348635699599981
6618,0.00579488929361105,0.0007321827579289675
6619,0.005666226148605347,0.0007319285068660975
6620,0.005672943312674761,0.0007329556392505765
6621,0.00576811283826828,0.0007341591408476233
6622,0.005815538577735424,0.0007355380803346634
6623,0.005762514658272266,0.000737345835659653
6624,0.005671388935297728,0.0007392905536107719
6625,0.005643833428621292,0.0007408604142256081
6626,0.005686623044312,0.0007412325358018279
6627,0.005728910211473703,0.0007407081429846585
6628,0.0057147485204041,0.0007396364817395806
6629,0.005664108321070671,0.0007388314115814865
6630,0.005629639606922865,0.0007383305346593261
6631,0.005638007074594498,0.0007380401366390288
6632,0.005667084828019142,0.0007377032889053226
6633,0.005681220442056656,0.0007373407715931535
6634,0.005663571413606405,0.0007371681276708841
6635,0.0056327274069190025,0.0007373514235951006
6636,0.005616294220089912,0.0007378373993560672
6637,0.0056242370046675205,0.000738463771995157
6638,0.005639435723423958,0.0007390243699774146
6639,0.005641456227749586,0.0007395371212624013
6640,0.005627237260341644,0.000740078161470592
6641,0.005611056461930275,0.0007407359080389142
6642,0.00560580100864172,0.0007415870204567909
6643,0.005611840635538101,0.0007424906943924725
6644,0.005618850700557232,0.0007435239967890084
6645,0.0056181857362389565,0.0007445926312357187
6646,0.005609326995909214,0.0007459722110070288
6647,0.00559950852766633,0.0007477004546672106
6648,0.005595341324806213,0.000750148668885231
6649,0.005597453564405441,0.0007534599862992764
6650,0.005600575357675552,0.0007582497200928628
6651,0.005599725991487503,0.0007651368505321443
6652,0.005594452377408743,0.0007755957776680589
6653,0.00558850634843111,0.0007916256436146796
6654,0.00558543810620904,0.0008168128551915288
6655,0.005585663020610809,0.0008570506470277905
6656,0.00558662973344326,0.0009212485165335238
6657,0.005585798993706703,0.0010267260950058699
6658,0.005582653917372227,0.0011944903526455164
6659,0.005578721407800913,0.0014718369347974658
6660,0.0055758338421583176,0.0018921621376648545
6661,0.00557464687153697,0.002553034108132124
6662,0.00557432696223259,0.0033916800748556852
6663,0.005573553498834372,0.004437175579369068
6664,0.005571629852056503,0.005032230634242296
6665,0.005568967666476965,0.004910500254482031
6666,0.0055663930252194405,0.0033800355158746243
6667,0.005564591847360134,0.0015681731747463346
6668,0.005563479848206043,0.0008073176722973585
6669,0.005562497302889824,0.0015146348159760237
6670,0.005561124533414841,0.002414218382909894
6671,0.005559203680604696,0.0021390928886830807
6672,0.005557036958634853,0.0011861410457640886
6673,0.005555032752454281,0.00088499765843153
6674,0.005553425755351782,0.001443422632291913
6675,0.005552131682634354,0.001770236762240529
6676,0.005550856702029705,0.001318897819146514
6677,0.005549332592636347,0.0008732839487493038
6678,0.0055475677363574505,0.0010486035607755184
6679,0.005545674357563257,0.0013952122535556555
6680,0.005543913226574659,0.0013022166676819324
6681,0.005542329978197813,0.000941047037485987
6682,0.005540923215448856,0.0008639238076284528
6683,0.005539492703974247,0.0010902684880420566
6684,0.005537934135645628,0.0012015474494546652
6685,0.005536271724849939,0.0010364633053541183
6686,0.005534544587135315,0.0008431472815573215
6687,0.00553287984803319,0.0008587992051616311
6688,0.0055312784388661385,0.0009995196014642715
6689,0.00552976131439209,0.001048168633133173
6690,0.0055282581597566605,0.0009532420081086457
6691,0.005526747554540634,0.0008368616108782589
6692,0.005525161046534777,0.0008155483519658446
6693,0.005523516330868006,0.0008781744400039315
6694,0.005521876737475395,0.0009380822302773595
6695,0.005520283244550228,0.0009380680276080966
6696,0.00551870372146368,0.0008845997508615255
6697,0.005517172627151012,0.0008240079041570425
6698,0.005515622440725565,0.0007950289291329682
6699,0.005514077376574278,0.0008081624982878566
6700,0.005512491334229708,0.0008467357838526368
6701,0.005510884802788496,0.0008800800424069166
6702,0.005509286653250456,0.0008850942831486464
6703,0.005507711321115494,0.0008591340738348663
6704,0.005506143905222416,0.000820936169475317
6705,0.005504590459167957,0.0007928878185339272
6706,0.0055030472576618195,0.0007851578411646187
6707,0.005501458887010813,0.0007934147724881768
6708,0.005499901250004768,0.0008076453232206404
6709,0.005498331971466541,0.0008205357589758933
6710,0.005496748723089695,0.0008299668552353978
6711,0.005495178047567606,0.0008344929665327072
6712,0.005493605975061655,0.0008322884095832705
6713,0.005492042284458876,0.0008230363018810749
6714,0.005490486044436693,0.0008098006946966052
6715,0.005488917231559753,0.0007976769702509046
6716,0.005487355869263411,0.0007902838988229632
6717,0.005485786125063896,0.00078767811646685
6718,0.005484229885041714,0.000788144301623106
6719,0.005482644308358431,0.0007900383207015693
6720,0.0054810792207717896,0.0007932063890621066
6721,0.0054795206524431705,0.0007976822089403868
6722,0.005477963946759701,0.0008025836432352662
6723,0.005476388148963451,0.0008067407179623842
6724,0.005474827252328396,0.0008090478368103504
6725,0.005473273806273937,0.0008099613478407264
6726,0.0054717157036066055,0.0008100721170194447
6727,0.005470135249197483,0.0008101262501440942
6728,0.005468565970659256,0.0008099239785224199
6729,0.00546699482947588,0.000809334684163332
6730,0.005465437192469835,0.0008083190768957138
6731,0.005463881883770227,0.0008073927601799369
6732,0.00546233169734478,0.000806858588475734
6733,0.005460760090500116,0.0008069620816968381
6734,0.005459207110106945,0.0008073300123214722
6735,0.005457638762891293,0.0008080304833129048
6736,0.005456072278320789,0.0008089352049864829
6737,0.005454514175653458,0.0008105603628791869
6738,0.0054529388435184956,0.0008130029309540987
6739,0.005451378412544727,0.0008166453335434198
6740,0.005449826829135418,0.000821576570160687
6741,0.0054482766427099705,0.0008284013601951301
6742,0.00544669758528471,0.0008379144128412008
6743,0.005445136688649654,0.0008515735971741378
6744,0.005443562287837267,0.0008714327123016119
6745,0.00544200511649251,0.0009002559818327427
6746,0.005440453067421913,0.000943085178732872
6747,0.005438889842480421,0.001005598925985396
6748,0.0054373228922486305,0.0011005009291693568
6749,0.005435762461274862,0.0012378887040540576
6750,0.005434196908026934,0.0014460579259321094
6751,0.005432643461972475,0.0017314580036327243
6752,0.005431090481579304,0.002140104304999113
6753,0.005429520271718502,0.0026116985827684402
6754,0.005427960306406021,0.0031561602372676134
6755,0.005426404997706413,0.003467838279902935
6756,0.0054248315282166,0.0034611644223332405
6757,0.005423272028565407,0.0027871637139469385
6758,0.005421726033091545,0.0018043642630800605
6759,0.005420156288892031,0.000999861629679799
6760,0.005418609827756882,0.0008868746226653457
6761,0.005417021457105875,0.0013474643928930163
6762,0.005415491294115782,0.0017606774345040321
6763,0.0054139187559485435,0.001677295076660812
6764,0.005412355065345764,0.0011965716257691383
6765,0.005410805344581604,0.0008719525067135692
6766,0.0054092383943498135,0.000980141805484891
6767,0.005407664924860001,0.001277904026210308
6768,0.00540611706674099,0.001370744314044714
6769,0.00540456548333168,0.001159181585535407
6770,0.005403005052357912,0.0009123203344643116
6771,0.005401455331593752,0.0008747472311370075
6772,0.005399875342845917,0.001023988239467144
6773,0.005398327484726906,0.0011557587422430515
6774,0.005396760068833828,0.0011275152210146189
6775,0.005395201966166496,0.0009875136893242598
6776,0.005393643397837877,0.0008687841473147273
6777,0.005392094142735004,0.0008577938424423337
6778,0.005390528589487076,0.0009322207770310342
6779,0.005388960242271423,0.001011128188110888
6780,0.005387414246797562,0.0010335128754377365
6781,0.005385853350162506,0.000989312888123095
6782,0.005384297110140324,0.0009156098822131753
6783,0.00538274459540844,0.000855197780765593
6784,0.00538118788972497,0.0008342859800904989
6785,0.005379643756896257,0.0008534395601600409
6786,0.005378086119890213,0.0008947743335738778
6787,0.005376539658755064,0.0009359324467368424
6788,0.005374976899474859,0.0009610668057575822
6789,0.0053734444081783295,0.0009667192352935672
6790,0.005371903069317341,0.0009559061145409942
6791,0.005370383616536856,0.0009372624335810542
6792,0.0053688595071434975,0.0009156689629890025
6793,0.005367375910282135,0.0008947115275077522
6794,0.005365905351936817,0.000875452533364296
6795,0.005364503711462021,0.0008591908263042569
6796,0.005363140255212784,0.0008471361943520606
6797,0.005361864808946848,0.0008397024939768016
6798,0.005360744893550873,0.0008362823282368481
6799,0.005359828006476164,0.0008351514698006213
6800,0.005359265487641096,0.0008351732394658029
6801,0.005359217058867216,0.0008357036858797073
6802,0.005359940230846405,0.0008371338481083512
6803,0.005361886229366064,0.0008398541831411421
6804,0.00536577682942152,0.0008439002558588982
6805,0.0053727710619568825,0.0008493541972711682
6806,0.005384558346122503,0.0008561477297917008
6807,0.005404284223914146,0.0008653742261230946
6808,0.005436321254819632,0.0008784647798165679
6809,0.005488922819495201,0.0008980899583548307
6810,0.005572773516178131,0.00092788424808532
6811,0.00570957874879241,0.0009729862795211375
6812,0.005922191776335239,0.0010429576504975557
6813,0.006261539179831743,0.0011492816265672445
6814,0.00675303116440773,0.0013170287711545825
6815,0.0074768513441085815,0.0015655646566301584
6816,0.008325641974806786,0.0019483487121760845
6817,0.009269353933632374,0.0024565227795392275
6818,0.009674607776105404,0.003144046990200877
6819,0.009402256458997726,0.0037694128695875406
6820,0.008000925183296204,0.004221579525619745
6821,0.006429709959775209,0.0038693901151418686
6822,0.00548515422269702,0.002840181812644005
6823,0.00558222783729434,0.0015060948207974434
6824,0.0065088397823274136,0.0008883633418008685
6825,0.008048919960856438,0.0012915687402710319
6826,0.010512510314583778,0.001971169840544462
6827,0.013856757432222366,0.002018250059336424
6828,0.017420021817088127,0.001376676489599049
6829,0.015650233253836632,0.0009205337846651673
6830,0.01012722123414278,0.001131088356487453
6831,0.006368965841829777,0.0015405997401103377
6832,0.009427609853446484,0.0015186110977083445
6833,0.01322360523045063,0.0011189846554771066
6834,0.011475457809865475,0.0009111468098126352
6835,0.008061530068516731,0.0010957836639136076
6836,0.005784980952739716,0.0013234420912340283
6837,0.005636753514409065,0.001268589636310935
6838,0.0072056944482028484,0.0010223434073850513
6839,0.009481940418481827,0.000900054001249373
6840,0.011343481950461864,0.0010006676893681288
6841,0.010385679081082344,0.001148271607235074
6842,0.007498796563595533,0.0011584156891331077
6843,0.005738362204283476,0.0010309761855751276
6844,0.007216908968985081,0.000909299764316529
6845,0.008897061459720135,0.0008962416904978454
6846,0.007981126196682453,0.0009728223085403442
6847,0.0061998870223760605,0.0010501466458663344
6848,0.005374206230044365,0.0010618362575769424
6849,0.005892571061849594,0.0010098746279254556
6850,0.007294351235032082,0.0009368192404508591
6851,0.008807118982076645,0.0008879218366928399
6852,0.00978611409664154,0.0008815329056233168
6853,0.008869905956089497,0.0009088943479582667
6854,0.00675388565286994,0.0009492825483903289
6855,0.005573585629463196,0.0009837045799940825
6856,0.00660538487136364,0.0010021015768870711
6857,0.0077414195984601974,0.0010014951694756746
6858,0.007150045596063137,0.0009867502376437187
6859,0.0058948807418346405,0.0009632552973926067
6860,0.005325275007635355,0.0009380960837006569
6861,0.005718638654798269,0.0009158209431916475
6862,0.006688425317406654,0.0008988197660073638
6863,0.007599730044603348,0.0008875557687133551
6864,0.008012363687157631,0.0008810252766124904
6865,0.007319950498640537,0.0008781239157542586
6866,0.00607084296643734,0.0008780500502325594
6867,0.005406792275607586,0.0008801783551461995
6868,0.005927473306655884,0.0008843351970426738
6869,0.006606267299503088,0.0008900872780941427
6870,0.0064514512196183205,0.0008974178927019238
6871,0.005778220482170582,0.00090632657520473
6872,0.005325015168637037,0.0009175051236525178
6873,0.005385711323469877,0.0009320485987700522
6874,0.005817887373268604,0.000951773370616138
6875,0.006260983180254698,0.0009794288780540228
6876,0.006470036692917347,0.0010182574624195695
6877,0.006239204201847315,0.0010745918843895197
6878,0.005743739195168018,0.0011539662955328822
6879,0.005344041623175144,0.0012709432048723102
6880,0.005366530269384384,0.0014318573521450162
6881,0.005649853963404894,0.001664693234488368
6882,0.0058133648708462715,0.0019576121121644974
6883,0.0056990343146026134,0.002341699553653598
6884,0.005451244302093983,0.002709470223635435
6885,0.00527914147824049,0.003040036652237177
6886,0.005276186391711235,0.0030435172375291586
6887,0.005393475294113159,0.0027154646813869476
6888,0.005533313844352961,0.0019852283876389265
6889,0.005593826062977314,0.0012627633986994624
6890,0.005539489444345236,0.0009248066926375031
6891,0.0053992969915270805,0.001099293353036046
6892,0.0052746376022696495,0.001490485854446888
6893,0.005243017338216305,0.001654929481446743
6894,0.005300063174217939,0.0014512360794469714
6895,0.005373976193368435,0.0010937463957816362
6896,0.005396849475800991,0.0009373467182740569
6897,0.005360414274036884,0.0010687533067539334
6898,0.005293114576488733,0.0012762341648340225
6899,0.0052383821457624435,0.0013226181035861373
6900,0.005218277685344219,0.0011708361562341452
6901,0.005234341137111187,0.000989942578598857
6902,0.005265827290713787,0.0009358117822557688
6903,0.0052886889316141605,0.001018678885884583
6904,0.0052858805283904076,0.001130186370573938
6905,0.005260034464299679,0.001165064168162644
6906,0.005227530375123024,0.0011069243773818016
6907,0.005207592621445656,0.0010086079128086567
6908,0.005206914618611336,0.0009393285727128386
6909,0.0052202725782990456,0.0009301115060225129
6910,0.005234722048044205,0.0009680045768618584
6911,0.005240965634584427,0.0010200260439887643
6912,0.0052352771162986755,0.0010580074740573764
6913,0.005221539177000523,0.001070797210559249
6914,0.005205824505537748,0.0010588860604912043
6915,0.005194562021642923,0.0010321276495233178
6916,0.0051908306777477264,0.000998515053652227
6917,0.005193560849875212,0.0009660087525844574
6918,0.00519883818924427,0.0009399491245858371
6919,0.005202039610594511,0.000922935432754457
6920,0.005200822837650776,0.0009159278124570847
6921,0.005195358768105507,0.0009171794517897069
6922,0.00518827885389328,0.0009239326464012265
6923,0.005182055756449699,0.000934072129894048
6924,0.005178534425795078,0.0009462432935833931
6925,0.005177635233849287,0.0009619284537620842
6926,0.005178444087505341,0.0009837278630584478
6927,0.005179345607757568,0.0010162366088479757
6928,0.005179286003112793,0.0010661054402589798
6929,0.005177690647542477,0.001141420449130237
6930,0.005174849182367325,0.0012588254176080227
6931,0.005171394906938076,0.0014346742536872625
6932,0.005168068688362837,0.0017102122073993087
6933,0.005165365524590015,0.002101112389937043
6934,0.005163549445569515,0.002676262054592371
6935,0.005162520799785852,0.003334886860102415
6936,0.005161960609257221,0.004061166662722826
6937,0.005161378998309374,0.004312981851398945
6938,0.00516043696552515,0.0039498633705079556
6939,0.0051589724607765675,0.002678601536899805
6940,0.005156963597983122,0.001392162637785077
6941,0.00515472237020731,0.0009935075649991632
6942,0.005152477417141199,0.0015827290480956435
6943,0.005150466226041317,0.0021899715065956116
6944,0.005148729309439659,0.0019438897725194693
6945,0.005147288553416729,0.0012433066731318831
6946,0.005146028473973274,0.0010192589834332466
6947,0.005144841503351927,0.0014242290053516626
6948,0.005143618211150169,0.0017151786014437675
6949,0.0051423413679003716,0.0014393831370398402
6950,0.005140908993780613,0.0010477362666279078
6951,0.005139384418725967,0.0010674305958673358
6952,0.005137724801898003,0.001354384352453053
6953,0.005136032588779926,0.0014314040308818221
6954,0.0051343487575650215,0.0011996859684586525
6955,0.00513271801173687,0.0009995452128350735
6956,0.00513114407658577,0.0010574654443189502
6957,0.005129646975547075,0.0012294824700802565
6958,0.005128168500959873,0.0012685732217505574
6959,0.00512674730271101,0.0011353896697983146
6960,0.005125352647155523,0.00099757662974298
6961,0.005123963113874197,0.000988853513263166
6962,0.005122549831867218,0.001082253293134272
6963,0.005121133290231228,0.00116123934276402
6964,0.005119691602885723,0.0011507372837513685
6965,0.005118221044540405,0.0010723277227953076
6966,0.005116723012179136,0.0009931104723364115
6967,0.005115237087011337,0.0009639036143198609
6968,0.005113731604069471,0.0009890140499919653
6969,0.005112241022288799,0.001039691735059023
6970,0.005110749509185553,0.001083057257346809
6971,0.005109247751533985,0.0011000060476362705
6972,0.0051077441312372684,0.0010901656933128834
6973,0.0051062703132629395,0.0010616595391184092
6974,0.00510479835793376,0.0010272824438288808
6975,0.005103333853185177,0.0009963547345250845
6976,0.005101865157485008,0.0009740489767864347
6977,0.005100398324429989,0.0009622490033507347
6978,0.005098933354020119,0.0009596922900527716
6979,0.005097473971545696,0.0009644097881391644
6980,0.005096036940813065,0.0009743508417159319
6981,0.0050945645198225975,0.0009876576950773597
6982,0.005093115381896496,0.001003931974992156
6983,0.005091662984341383,0.001023107091896236
6984,0.00509021058678627,0.0010463809594511986
6985,0.005088746082037687,0.0010758545249700546
6986,0.005087313707917929,0.0011137977708131075
6987,0.005085851065814495,0.0011654567206278443
6988,0.005084389820694923,0.0012338128872215748
6989,0.005082951858639717,0.0013297974364832044
6990,0.005081512965261936,0.0014549348270520568
6991,0.005080070346593857,0.0016286340542137623
6992,0.0050786398351192474,0.0018374045612290502
6993,0.005077210254967213,0.0021035142708569765
6994,0.005075789988040924,0.0023534526117146015
6995,0.005074401386082172,0.00258567463606596
6996,0.0050730109214782715,0.002619876293465495
6997,0.005071647930890322,0.0024579372256994247
6998,0.005070323124527931,0.002004948677495122
6999,0.005069056525826454,0.0014733020216226578
7000,0.005067869555205107,0.0010812184773385525
7001,0.005066755227744579,0.001013732748106122
7002,0.0050658127292990685,0.0012191419955343008
7003,0.005065104458481073,0.0014581397408619523
7004,0.005064696539193392,0.0015157409943640232
7005,0.005064827390015125,0.0013469858095049858
7006,0.005065673962235451,0.0011200262233614922
7007,0.005067653488367796,0.0010136361233890057
7008,0.005071292631328106,0.0010773821268230677
7009,0.005077619105577469,0.0012114609126001596
7010,0.005087923724204302,0.0012815489899367094
7011,0.005104594863951206,0.0012380455154925585
7012,0.005130798555910587,0.0011252789990976453
7013,0.005172561854124069,0.001031980151310563
7014,0.005237278528511524,0.0010103536769747734
7015,0.005339747294783592,0.0010529232677072287
7016,0.005495190620422363,0.0011162505252286792
7017,0.0057371994480490685,0.001158608589321375
7018,0.006084203254431486,0.0011632596142590046
7019,0.006592312827706337,0.0011353573063388467
7020,0.007214969489723444,0.001093833358027041
7021,0.007963044568896294,0.0010542880045250058
7022,0.008487885817885399,0.001025636331178248
7023,0.00866794865578413,0.0010103648528456688
7024,0.007993912324309349,0.0010062396759167314
7025,0.006863764487206936,0.00101157883182168
7026,0.005688493140041828,0.0010249142069369555
7027,0.005110643338412046,0.0010456549935042858
7028,0.005251643247902393,0.001073927734978497
7029,0.005953138694167137,0.0011104021687060595
7030,0.007189030759036541,0.0011570836650207639
7031,0.009143242612481117,0.0012208132538944483
7032,0.012192793190479279,0.0013089915737509727
7033,0.014782224781811237,0.0014435055200010538
7034,0.014766816981136799,0.001637871260754764
7035,0.009258588775992393,0.0019403184996917844
7036,0.00581549946218729,0.0023480618838220835
7037,0.007894027978181839,0.0029248634818941355
7038,0.010838747955858707,0.0035112565383315086
7039,0.011700034141540527,0.004056292586028576
7040,0.010155205614864826,0.004010842647403479
7041,0.00801671389490366,0.0033381867688149214
7042,0.006142366677522659,0.002081197453662753
7043,0.00517541728913784,0.0011641397140920162
7044,0.005475595593452454,0.0012054000981152058
7045,0.00630359910428524,0.0018600153271108866
7046,0.006877978332340717,0.0021714044269174337
7047,0.00653041061013937,0.0017174413660541177
7048,0.005771084688603878,0.0011514148209244013
7049,0.005134887062013149,0.0011655658017843962
7050,0.005124770104885101,0.001573386718519032
7051,0.005535505246371031,0.0017030620947480202
7052,0.006057916209101677,0.0013815294951200485
7053,0.006371103692799807,0.0010938214836642146
7054,0.006340605206787586,0.0011816589394584298
7055,0.006017134990543127,0.001422631787136197
7056,0.0055220103822648525,0.001447938964702189
7057,0.005141708999872208,0.0012370562180876732
7058,0.005037964321672916,0.0010747916530817747
7059,0.005209912080317736,0.0011253198608756065
7060,0.0054598841816186905,0.0012738502118736506
7061,0.005629989318549633,0.0013263486325740814
7062,0.0056359414011240005,0.001231875503435731
7063,0.005512106232345104,0.0011019933735951781
7064,0.005314253736287355,0.0010533754248172045
7065,0.005134912207722664,0.0011036631185561419
7066,0.005022998433560133,0.0011862097308039665
7067,0.005012410692870617,0.0012289788573980331
7068,0.005072302184998989,0.0012095463462173939
7069,0.00515798619017005,0.0011491493787616491
7070,0.0052160946652293205,0.0010875181760638952
7071,0.005220629274845123,0.0010520759969949722
7072,0.005174566060304642,0.00104911916423589
7073,0.005100543610751629,0.0010710111819207668
7074,0.005031904671341181,0.0011051364708691835
7075,0.004987423308193684,0.0011410012375563383
7076,0.0049804262816905975,0.0011726280208677053
7077,0.004999116063117981,0.0011989850318059325
7078,0.005032581742852926,0.0012194025330245495
7079,0.005059577990323305,0.001237988704815507
7080,0.005072516854852438,0.0012549248058348894
7081,0.005065052770078182,0.0012763985432684422
7082,0.005043270997703075,0.0013016556622460485
7083,0.00501348776742816,0.0013380463933572173
7084,0.0049854423850774765,0.0013822547625750303
7085,0.004966197535395622,0.0014427967835217714
7086,0.004958493635058403,0.0015108182560652494
7087,0.004962196573615074,0.0015959527809172869
7088,0.0049715833738446236,0.0016774913528934121
7089,0.004982415586709976,0.0017640786245465279
7090,0.004988901782780886,0.0018152202246710658
7091,0.004990069195628166,0.0018381464760750532
7092,0.004984889179468155,0.0017832941375672817
7093,0.0049757882952690125,0.001672973157837987
7094,0.00496427109465003,0.0014969378244131804
7095,0.00495318416506052,0.0013112382730469108
7096,0.004944209009408951,0.0011573112569749355
7097,0.004938670899719,0.0010769227519631386
7098,0.004936751443892717,0.0010785820195451379
7099,0.0049374159425497055,0.0011381226358935237
7100,0.004939675331115723,0.0012147706001996994
7101,0.0049419403076171875,0.0012702362146228552
7102,0.004943534731864929,0.0012867464683949947
7103,0.004943603649735451,0.0012615704908967018
7104,0.004942187108099461,0.0012123665073886514
7105,0.0049392287619411945,0.0011562565341591835
7106,0.004935279488563538,0.0011096983216702938
7107,0.004930696915835142,0.0010813677217811346
7108,0.004926107823848724,0.0010719835991039872
7109,0.004921879153698683,0.001078944536857307
7110,0.004918207414448261,0.0010975818149745464
7111,0.004915273282676935,0.0011236972641199827
7112,0.004912995733320713,0.0011552234645932913
7113,0.004911383613944054,0.0011916483053937554
7114,0.004910224582999945,0.0012343637645244598
7115,0.0049094404093921185,0.0012890961952507496
7116,0.004908775445073843,0.0013608246808871627
7117,0.0049081225879490376,0.001466545625589788
7118,0.004907430149614811,0.0016151356976479292
7119,0.004906649235635996,0.0018451254582032561
7120,0.004905727691948414,0.0021583791822195053
7121,0.004904662724584341,0.002618251834064722
7122,0.004903469234704971,0.003134710481390357
7123,0.004902143031358719,0.003716283943504095
7124,0.004900732543319464,0.003949932288378477
7125,0.004899281542748213,0.003724951297044754
7126,0.0048977830447256565,0.0027547364588826895
7127,0.004896301776170731,0.0016448060050606728
7128,0.004894845187664032,0.0011287311790511012
7129,0.004893411882221699,0.0014788983389735222
7130,0.004892062861472368,0.0020702003967016935
7131,0.004890806507319212,0.0020934143103659153
7132,0.004889640491455793,0.001563665340654552
7133,0.004888646770268679,0.0011630360968410969
7134,0.004887860268354416,0.0013200638350099325
7135,0.004887379705905914,0.0016789194196462631
7136,0.004887267481535673,0.001693157129921019
7137,0.004887742921710014,0.0013773133978247643
7138,0.004889039322733879,0.0011585081228986382
7139,0.004891540855169296,0.0012649203417822719
7140,0.004895839374512434,0.0014792479341849685
7141,0.004902825225144625,0.001499874982982874
7142,0.0049139028415083885,0.0013211885234341025
7143,0.0049311378970742226,0.0011573645751923323
7144,0.004958015866577625,0.0011636917479336262
7145,0.004999484401196241,0.0012873017694801092
7146,0.005064085125923157,0.0013772170059382915
7147,0.005162931513041258,0.001353363273665309
7148,0.005316593684256077,0.001249520806595683
7149,0.005547301843762398,0.0011555171804502606
7150,0.005899548530578613,0.0011291089467704296
7151,0.006398352328687906,0.0011674966663122177
7152,0.0071109882555902,0.001231966889463365
7153,0.00796508602797985,0.0012841310817748308
7154,0.008949510753154755,0.0013059000484645367
7155,0.009571779519319534,0.0012963640037924051
7156,0.009642827324569225,0.0012681022053584456
7157,0.008518370799720287,0.001231703907251358
7158,0.006855228915810585,0.0011968485778197646
7159,0.005390852689743042,0.001168189337477088
7160,0.004986229352653027,0.001146853668615222
7161,0.005611462518572807,0.0011329713743180037
7162,0.006800434086471796,0.0011246801586821675
7163,0.008375990204513073,0.0011208048090338707
7164,0.010396522469818592,0.0011196713894605637
7165,0.013207281939685345,0.001120132626965642
7166,0.01445356197655201,0.0011215423000976443
7167,0.01264558732509613,0.0011233064578846097
7168,0.007814779877662659,0.0011259422171860933
7169,0.007008684799075127,0.0011296767042949796
7170,0.009958529844880104,0.0011362825753167272
7171,0.011033334769308567,0.0011475575156509876
7172,0.010201123543083668,0.0011680233292281628
7173,0.008676483295857906,0.0012047626078128815
7174,0.007392797153443098,0.00127171422354877
7175,0.006378361023962498,0.001395916915498674
7176,0.00556824030354619,0.0016220841789618134
7177,0.005552999209612608,0.0020471191965043545
7178,0.006063247099518776,0.0027823192067444324
7179,0.006661723367869854,0.004083302337676287
7180,0.006499676499515772,0.005850150715559721
7181,0.005760953761637211,0.007988604716956615
7182,0.0049999793991446495,0.008306972682476044
7183,0.004958554171025753,0.006001211702823639
7184,0.005461790598928928,0.0021851714700460434
7185,0.006011676974594593,0.0015169107355177402
7186,0.006107652559876442,0.0038123035337775946
7187,0.005848863162100315,0.004115700721740723
7188,0.00552828423678875,0.0019995332695543766
7189,0.005291355308145285,0.0016521693905815482
7190,0.00511936517432332,0.0030888961628079414
7191,0.004990927875041962,0.0028092891443520784
7192,0.00500424113124609,0.0014672649558633566
7193,0.0051749711856245995,0.0018876991234719753
7194,0.005385734140872955,0.002735213842242956
7195,0.005438709165900946,0.0019840344320982695
7196,0.005296699702739716,0.0013396524591371417
7197,0.005073808133602142,0.0019614920020103455
7198,0.004934403114020824,0.0021946909837424755
7199,0.004886468406766653,0.0015344793209806085
7200,0.004890422336757183,0.0013821832835674286
7201,0.004893612116575241,0.0018570529064163566
7202,0.004929344169795513,0.0018114245031028986
7203,0.004991049878299236,0.0013457725290209055
7204,0.005042015574872494,0.0013717529363930225
7205,0.005022405181080103,0.0016912014689296484
7206,0.004943191073834896,0.0016012295382097363
7207,0.004859700333327055,0.001290363259613514
7208,0.0048178029246628284,0.0012982580810785294
7209,0.004815691150724888,0.0015206102980300784
7210,0.0048231580294668674,0.0015292019816115499
7211,0.004832313396036625,0.001320767099969089
7212,0.004847433418035507,0.0012212491128593683
7213,0.004875085316598415,0.0013303455198183656
7214,0.0048934598453342915,0.0014470479218289256
7215,0.004889518488198519,0.0014118532417342067
7216,0.00485965795814991,0.0012806946178898215
7217,0.004826557356864214,0.0012033150997012854
7218,0.00480235181748867,0.0012374031357467175
7219,0.0047902911901474,0.0013220631517469883
7220,0.004782634787261486,0.0013706162571907043
7221,0.0047788675874471664,0.001348639721982181
7222,0.004782259929925203,0.0012838599504902959
7223,0.004793673753738403,0.0012228266568854451
7224,0.004807133227586746,0.0011962968856096268
7225,0.004814148414880037,0.001207906287163496
7226,0.0048131439834833145,0.0012424379820004106
7227,0.004806415177881718,0.0012799755204468966
7228,0.004798919893801212,0.0013061383506283164
7229,0.004790137056261301,0.001314763561822474
7230,0.004780135583132505,0.0013058041222393513
7231,0.004768857732415199,0.0012850280618295074
7232,0.004760022275149822,0.0012591039994731545
7233,0.004755382891744375,0.00123445107601583
7234,0.004754777066409588,0.0012154685100540519
7235,0.004755543544888496,0.001203339546918869
7236,0.004756173584610224,0.0011982475407421589
7237,0.004756774753332138,0.0011987637262791395
7238,0.004758009687066078,0.001203569583594799
7239,0.0047599440440535545,0.001211313414387405
7240,0.00476109841838479,0.0012202480575069785
7241,0.0047608730383217335,0.0012295645428821445
7242,0.004759232513606548,0.001238106982782483
7243,0.004757273476570845,0.0012461119331419468
7244,0.004755331203341484,0.001253365771844983
7245,0.004753509536385536,0.0012603937648236752
7246,0.0047511025331914425,0.0012672314187511802
7247,0.0047483425587415695,0.0012742518447339535
7248,0.004745481535792351,0.0012817622628062963
7249,0.004743020981550217,0.0012902362504974008
7250,0.0047409310936927795,0.001300283707678318
7251,0.004738940857350826,0.0013122151140123606
7252,0.004736871924251318,0.0013269336195662618
7253,0.004734762944281101,0.0013444372452795506
7254,0.004732907749712467,0.0013664166908711195
7255,0.004731387831270695,0.0013923421502113342
7256,0.004730075132101774,0.0014251560205593705
7257,0.004728810396045446,0.0014629550278186798
7258,0.004727563820779324,0.0015102718025445938
7259,0.004726456943899393,0.0015620060730725527
7260,0.004725632723420858,0.0016243935097008944
7261,0.0047251759096980095,0.0016855315770953894
7262,0.004725032020360231,0.0017522748094052076
7263,0.004725245758891106,0.0018013170920312405
7264,0.004725929815322161,0.0018390525365248322
7265,0.004727385006844997,0.0018331176834180951
7266,0.004729826003313065,0.001793866278603673
7267,0.004733705427497625,0.0017009808216243982
7268,0.0047393240965902805,0.0015803478891029954
7269,0.004747593775391579,0.001445540925487876
7270,0.004759332165122032,0.001330849016085267
7271,0.004776396322995424,0.0012584126088768244
7272,0.0048005408607423306,0.0012372126802802086
7273,0.0048355041071772575,0.0012599506881088018
7274,0.004884452559053898,0.0013088264968246222
7275,0.004954996984452009,0.0013637214433401823
7276,0.005051745101809502,0.0014098652172833681
7277,0.005188769195228815,0.0014412188902497292
7278,0.005367813166230917,0.0014556171372532845
7279,0.005609397776424885,0.0014590672217309475
7280,0.00589152704924345,0.001454021199606359
7281,0.006227482110261917,0.0014481529360637069
7282,0.006518217269331217,0.0014429634902626276
7283,0.006747378967702389,0.0014442233368754387
7284,0.0067285215482115746,0.0014523837016895413
7285,0.006499035283923149,0.0014733393909409642
7286,0.006006681360304356,0.0015083553735166788
7287,0.005466765258461237,0.0015680460492148995
7288,0.005009973421692848,0.0016563218086957932
7289,0.004752162843942642,0.001796145224943757
7290,0.004689455032348633,0.0019916791934520006
7291,0.004777626600116491,0.0022870823740959167
7292,0.00498952716588974,0.0026544351130723953
7293,0.005342282820492983,0.0031365358736366034
7294,0.0058982037007808685,0.0035384942311793566
7295,0.006637927610427141,0.0037955441512167454
7296,0.007475190795958042,0.003505064407363534
7297,0.00788694154471159,0.0027540845330804586
7298,0.007638950832188129,0.001811319263651967
7299,0.00650504045188427,0.0013186591677367687
7300,0.005313063506036997,0.001524411840364337
7301,0.00472884438931942,0.002023233100771904
7302,0.004961051512509584,0.0022007504012435675
7303,0.005821374244987965,0.0018666917458176613
7304,0.007233059033751488,0.001445794478058815
7305,0.009520597755908966,0.0013760316651314497
7306,0.012478726916015148,0.0016231449553743005
7307,0.014891770668327808,0.0018108203075826168
7308,0.012143408879637718,0.0017079411773011088
7309,0.007337058428674936,0.0014680669410154223
7310,0.005650865845382214,0.0013580512022599578
7311,0.008441033773124218,0.001449132920242846
7312,0.011364714242517948,0.001587076112627983
7313,0.011120504699647427,0.0016072087455540895
7314,0.009455481544137001,0.001504419487901032
7315,0.007118849083781242,0.0013859199825674295
7316,0.005308684892952442,0.0013462223578244448
7317,0.0047989110462367535,0.0013883793726563454
7318,0.0055893827229738235,0.001454647514037788
7319,0.00650363601744175,0.00149158772546798
7320,0.006420845165848732,0.001486554741859436
7321,0.00561039661988616,0.0014557534595951438
7322,0.004848974756896496,0.001417027786374092
7323,0.004733352921903133,0.0013786107301712036
7324,0.0051874564960598946,0.001344354823231697
7325,0.005791164003312588,0.0013190442696213722
7326,0.006185205653309822,0.0013096281327307224
7327,0.006104734726250172,0.001320032519288361
7328,0.005624955985695124,0.0013468899996951222
7329,0.005006905645132065,0.0013861642219126225
7330,0.004678721074014902,0.0014405135298147798
7331,0.00478888675570488,0.0015287649584934115
7332,0.005138311069458723,0.0016950301360338926
7333,0.005436889827251434,0.0020106718875467777
7334,0.005510179325938225,0.002637956291437149
7335,0.005371101200580597,0.003755229525268078
7336,0.0050918664783239365,0.0058211577124893665
7337,0.004815984982997179,0.008459501899778843
7338,0.004657120443880558,0.011075980961322784
7339,0.004664524924010038,0.009504732675850391
7340,0.004791435319930315,0.004352609161287546
7341,0.004939279519021511,0.0015007758047431707
7342,0.0050262827426195145,0.00412064278498292
7343,0.005008688196539879,0.005802013445645571
7344,0.0049073901027441025,0.0031767506152391434
7345,0.004769941326230764,0.002086491324007511
7346,0.0046624233946204185,0.0038791580591350794
7347,0.0046224575489759445,0.0036000472027808428
7348,0.004648216068744659,0.0021381021942943335
7349,0.004709603264927864,0.0027109100483357906
7350,0.004769893363118172,0.0030659171752631664
7351,0.0048050954937934875,0.002192860934883356
7352,0.0048018149100244045,0.0022907822858542204
7353,0.004765667021274567,0.002522709546610713
7354,0.004709454718977213,0.002001457381993532
7355,0.004654464311897755,0.0021555547136813402
7356,0.004616912920027971,0.002209259197115898
7357,0.004605032503604889,0.0017006243579089642
7358,0.004616177640855312,0.001995574217289686
7359,0.004639662802219391,0.002051361370831728
7360,0.00466334680095315,0.0015181377530097961
7361,0.004677696619182825,0.0017946314765140414
7362,0.004679678939282894,0.0018860537093132734
7363,0.004669503308832645,0.0014892574399709702
7364,0.004651409573853016,0.0016738821286708117
7365,0.004629642702639103,0.0016870992258191109
7366,0.00460954662412405,0.0014952756464481354
7367,0.004595158621668816,0.001655145431868732
7368,0.004588787909597158,0.0015462411101907492
7369,0.004590085707604885,0.001452400698326528
7370,0.004596475511789322,0.0016127440612763166
7371,0.004604483023285866,0.0015080409357324243
7372,0.004611089825630188,0.0014639950823038816
7373,0.004614845849573612,0.0015249550342559814
7374,0.004615075886249542,0.0014294020365923643
7375,0.004612003453075886,0.0014732663985341787
7376,0.004605856724083424,0.0015123351477086544
7377,0.004597810562700033,0.0014333012513816357
7378,0.004589268937706947,0.0014680750900879502
7379,0.004581768997013569,0.001449911273084581
7380,0.004576070234179497,0.0014014816842973232
7381,0.004572466015815735,0.0014469840098172426
7382,0.004570711404085159,0.001428242539986968
7383,0.004570454359054565,0.0014209675136953592
7384,0.0045711323618888855,0.0014611375518143177
7385,0.004572214558720589,0.0014411380980163813
7386,0.004573244601488113,0.0014519540127366781
7387,0.004573889076709747,0.0014777826145291328
7388,0.004574004095047712,0.0014640603912994266
7389,0.004573489539325237,0.0014883389230817556
7390,0.0045723686926066875,0.0015097910072654486
7391,0.004570670425891876,0.0015161717310547829
7392,0.004568587057292461,0.0015590991824865341
7393,0.0045662689954042435,0.0015950450906530023
7394,0.004563900642096996,0.0016380904708057642
7395,0.00456151133403182,0.001710264477878809
7396,0.004559176973998547,0.0017803171649575233
7397,0.004556951113045216,0.001858081785030663
7398,0.004554825369268656,0.001953086000867188
7399,0.00455286493524909,0.002010619267821312
7400,0.004551016725599766,0.0020542237907648087
7401,0.004549290519207716,0.0020364164374768734
7402,0.004547633230686188,0.001954929903149605
7403,0.00454609002918005,0.001817248878069222
7404,0.004544614348560572,0.001658464316278696
7405,0.00454320851713419,0.0015155855799093843
7406,0.004541851580142975,0.0014426056295633316
7407,0.004540535621345043,0.0014420920051634312
7408,0.004539294168353081,0.0014956311788409948
7409,0.004538064356893301,0.0015700079966336489
7410,0.004536891356110573,0.001620167400687933
7411,0.004535775166004896,0.0016318322159349918
7412,0.004534738603979349,0.001607826678082347
7413,0.00453377328813076,0.0015591384144499898
7414,0.004532906226813793,0.0015082278987392783
7415,0.004532200284302235,0.0014699238818138838
7416,0.0045316992327570915,0.0014474487397819757
7417,0.004531443119049072,0.0014439618680626154
7418,0.004531600512564182,0.0014548427425324917
7419,0.004532315768301487,0.001473891781643033
7420,0.00453380960971117,0.0015012192307040095
7421,0.004536467604339123,0.0015367791056632996
7422,0.004540860652923584,0.0015832226490601897
7423,0.004547681659460068,0.0016514036105945706
7424,0.004558194428682327,0.001757800579071045
7425,0.004573935642838478,0.0019250172190368176
7426,0.004597780294716358,0.0022126806434243917
7427,0.0046330224722623825,0.002663944847881794
7428,0.00468627642840147,0.0034263974521309137
7429,0.004764061886817217,0.004435216076672077
7430,0.004880909342318773,0.005749552510678768
7431,0.005046915728598833,0.006372265517711639
7432,0.005289378575980663,0.0057475995272397995
7433,0.005608301609754562,0.0034556325990706682
7434,0.006034987047314644,0.0016566081903874874
7435,0.006490667350590229,0.0020906266290694475
7436,0.006957139819860458,0.0034208407159894705
7437,0.0071614584885537624,0.0033062826842069626
7438,0.007070670835673809,0.0020122581627219915
7439,0.006474641151726246,0.001679837005212903
7440,0.0056867776438593864,0.0025332034565508366
7441,0.004953798837959766,0.002853199141100049
7442,0.004561227280646563,0.002099662786349654
7443,0.004540739580988884,0.0016084195813164115
7444,0.004819957073777914,0.0020459196530282497
7445,0.005377114750444889,0.002436247654259205
7446,0.006298304535448551,0.00208311271853745
7447,0.007773627061396837,0.0016293590888381004
7448,0.00946186576038599,0.0017533634090796113
7449,0.010633847676217556,0.002096055541187525
7450,0.009267567656934261,0.002030609641224146
7451,0.006599267013370991,0.0016844519414007664
7452,0.00481528602540493,0.0016079770866781473
7453,0.00552754569798708,0.0018329767044633627
7454,0.007807317189872265,0.0019353891257196665
7455,0.010416398756206036,0.0017640934092923999
7456,0.013589969836175442,0.0015908393543213606
7457,0.015702717006206512,0.0016378500731661916
7458,0.014536522328853607,0.001782811712473631
7459,0.007807782851159573,0.0017992544453591108
7460,0.005653827916830778,0.0016773532843217254
7461,0.009558006189763546,0.0015823969151824713
7462,0.010907148011028767,0.0016095043392851949
7463,0.0087824035435915,0.0016957034822553396
7464,0.005873630754649639,0.0017305531073361635
7465,0.004617652855813503,0.0016810239758342505
7466,0.005566919222474098,0.0016049491241574287
7467,0.007477340288460255,0.0015682934317737818
7468,0.009567586705088615,0.0015872512012720108
7469,0.00915924645960331,0.001634471002034843
7470,0.006730044260621071,0.0016720234416425228
7471,0.004834811203181744,0.0016825668280944228
7472,0.0060951486229896545,0.0016680984990671277
7473,0.007754999212920666,0.0016420944593846798
7474,0.007188030518591404,0.0016143370885401964
7475,0.00548433605581522,0.0015930079389363527
7476,0.004593204241245985,0.001578179420903325
7477,0.004868591204285622,0.001569672953337431
7478,0.005978525150567293,0.0015651818830519915
7479,0.007052944973111153,0.0015639381017535925
7480,0.007334338501095772,0.001564353471621871
7481,0.0063687898218631744,0.0015674260212108493
7482,0.004992218688130379,0.0015736755449324846
7483,0.004693257622420788,0.001587246311828494
7484,0.005465362221002579,0.0016165428096428514
7485,0.006136939860880375,0.0016838170122355223
7486,0.00583492498844862,0.0018424049485474825
7487,0.00509932404384017,0.0022174722980707884
7488,0.004556069616228342,0.0031384816393256187
7489,0.00455890316516161,0.00519079202786088
7490,0.004929329268634319,0.009813634678721428
7491,0.005328514613211155,0.01623307541012764
7492,0.005447360686957836,0.021005891263484955
7493,0.0051690200343728065,0.011647716164588928
7494,0.004741899203509092,0.0019472043495625257
7495,0.0044980100356042385,0.007780886255204678
7496,0.004613606259226799,0.012464611791074276
7497,0.004861386027187109,0.005337343085557222
7498,0.0049789464101195335,0.0029688822105526924
7499,0.004879441577941179,0.00826074369251728
7500,0.0046743107959628105,0.006349146831780672
7501,0.004505879245698452,0.002239574445411563
7502,0.004457399249076843,0.005622558295726776
7503,0.004520539194345474,0.00569326663389802
7504,0.00462303776293993,0.0021414379589259624
7505,0.004681180231273174,0.004376498516649008
7506,0.004647489637136459,0.004867191892117262
7507,0.0045516397804021835,0.0021677035838365555
7508,0.004462729673832655,0.0036136601120233536
7509,0.004441560711711645,0.004108943976461887
7510,0.004479558207094669,0.0022425695788115263
7511,0.004535111598670483,0.0030388515442609787
7512,0.004562297835946083,0.00356632424518466
7513,0.004549465142190456,0.0022388792131096125
7514,0.004507475532591343,0.0026641124859452248
7515,0.004460419528186321,0.0032003456726670265
7516,0.004430168308317661,0.0021715315524488688
7517,0.004424267448484898,0.002450436819344759
7518,0.004438638221472502,0.002904536435380578
7519,0.004455697722733021,0.002143283374607563
7520,0.004463215358555317,0.002299546729773283
7521,0.004455192014575005,0.0026712436228990555
7522,0.004438570700585842,0.0021581288892775774
7523,0.004421694204211235,0.00216517667286098
7524,0.004411670845001936,0.00250683119520545
7525,0.004410522058606148,0.0021732791792601347
7526,0.004415355622768402,0.0020758379250764847
7527,0.004422084894031286,0.002373757306486368
7528,0.004425373859703541,0.0021813579369336367
7529,0.004423514474183321,0.0020336448214948177
7530,0.004416458774358034,0.00224518496543169
7531,0.004407799802720547,0.002187949838116765
7532,0.004400590434670448,0.0020229776855558157
7533,0.004397078417241573,0.002138062845915556
7534,0.004397171549499035,0.0021812375634908676
7535,0.004399246536195278,0.0020327595993876457
7536,0.004401414655148983,0.0020637691486626863
7537,0.004401931539177895,0.0021478028502315283
7538,0.004400357138365507,0.0020564955193549395
7539,0.004396735690534115,0.0020238631404936314
7540,0.0043923016637563705,0.002097842749208212
7541,0.004388040397316217,0.0020770470146089792
7542,0.004385044798254967,0.002013993915170431
7543,0.004383713938295841,0.002050253562629223
7544,0.0043836371041834354,0.0020772505085915327
7545,0.004384138621389866,0.0020256605930626392
7546,0.004384223837405443,0.0020199615973979235
7547,0.004383523482829332,0.002056136028841138
7548,0.004381890874356031,0.002041097730398178
7549,0.004379638936370611,0.002012130105867982
7550,0.004377139266580343,0.0020292687695473433
7551,0.0043748109601438046,0.002044159919023514
7552,0.004372887779027224,0.0020207646302878857
7553,0.004371501039713621,0.002013667020946741
7554,0.004370573908090591,0.0020322096534073353
7555,0.004369904287159443,0.0020305539947003126
7556,0.0043692742474377155,0.002014735946431756
7557,0.004368450492620468,0.00201753294095397
7558,0.004367372021079063,0.002028822433203459
7559,0.0043660425581038,0.002022504573687911
7560,0.004364555701613426,0.002012860029935837
7561,0.004362957086414099,0.002018160652369261
7562,0.0043614450842142105,0.002023058943450451
7563,0.004359988961368799,0.0020164637826383114
7564,0.0043586380779743195,0.002010325202718377
7565,0.004357397556304932,0.00201316736638546
7566,0.004356252495199442,0.002014423720538616
7567,0.004355146083980799,0.002007334027439356
7568,0.004354091826826334,0.0020007393322885036
7569,0.004353017080575228,0.001999025233089924
7570,0.004351900890469551,0.001995772123336792
7571,0.004350775852799416,0.001986389746889472
7572,0.004349608439952135,0.001975429244339466
7573,0.004348419606685638,0.0019671046175062656
7574,0.004347208887338638,0.001957828179001808
7575,0.004345969762653112,0.001944344025105238
7576,0.00434472318738699,0.0019294291269034147
7577,0.004343473352491856,0.0019168825820088387
7578,0.004342218860983849,0.0019063225481659174
7579,0.0043410141952335835,0.001895720837637782
7580,0.004339801147580147,0.001885638223029673
7581,0.004338597878813744,0.0018789467867463827
7582,0.004337412305176258,0.0018754283664748073
7583,0.004336230456829071,0.001872709603048861
7584,0.00433506490662694,0.0018703232053667307
7585,0.004333905875682831,0.0018692233134061098
7586,0.004332751035690308,0.00186973309610039
7587,0.004331585485488176,0.0018706207629293203
7588,0.004330421332269907,0.0018710815347731113
7589,0.004329272545874119,0.001871654181741178
7590,0.004328122362494469,0.0018730738665908575
7591,0.004326957277953625,0.0018749921582639217
7592,0.00432581314817071,0.0018765758723020554
7593,0.004324647132307291,0.001877947710454464
7594,0.0043235099874436855,0.0018794792704284191
7595,0.004322347231209278,0.0018813227070495486
7596,0.004321197047829628,0.0018831533379852772
7597,0.004320049658417702,0.0018845696467906237
7598,0.0043189129792153835,0.001885716337710619
7599,0.00431778933852911,0.0018867480102926493
7600,0.004316676873713732,0.0018878176342695951
7601,0.004315557889640331,0.0018887886544689536
7602,0.004314469639211893,0.0018893623491749167
7603,0.00431340467184782,0.0018896316178143024
7604,0.004312381613999605,0.0018895845860242844
7605,0.004311381373554468,0.00188938167411834
7606,0.004310490097850561,0.0018890369683504105
7607,0.0043096477165818214,0.0018884927267208695
7608,0.0043089622631669044,0.0018878141418099403
7609,0.004308459814637899,0.001886909012682736
7610,0.004308238625526428,0.0018860052805393934
7611,0.004308379255235195,0.001885056495666504
7612,0.004309114068746567,0.0018842683639377356
7613,0.004310663789510727,0.0018836490344256163
7614,0.0043134670704603195,0.001883351942524314
7615,0.004318104591220617,0.0018833715002983809
7616,0.004325555637478828,0.0018837719690054655
7617,0.0043371208012104034,0.0018845705781131983
7618,0.004355125594884157,0.0018857293762266636
7619,0.004382477141916752,0.0018872427754104137
7620,0.0044247983023524284,0.0018890418577939272
7621,0.00448840344324708,0.0018911533989012241
7622,0.004586357623338699,0.00189354014582932
7623,0.004730565473437309,0.001896627014502883
7624,0.004948520101606846,0.0019011287949979305
7625,0.0052509428933262825,0.0019104806706309319
7626,0.005678579676896334,0.0019338822457939386
7627,0.0061831120401620865,0.0020036916248500347
7628,0.006764895282685757,0.002222933806478977
7629,0.0071542090736329556,0.0029253242537379265
7630,0.007274867035448551,0.005255726631730795
7631,0.006776070222258568,0.012104397639632225
7632,0.005947049707174301,0.031025823205709457
7633,0.005041216500103474,0.04737326130270958
7634,0.004505820106714964,0.028773237019777298
7635,0.004446822684258223,0.0027446614112704992
7636,0.004785654600709677,0.025488685816526413
7637,0.005477060563862324,0.02432538941502571
7638,0.00663314713165164,0.003715240629389882
7639,0.00848385039716959,0.020530084148049355
7640,0.010507814586162567,0.01423060055822134
7641,0.011532844975590706,0.005472683347761631
7642,0.009062130935490131,0.01715463399887085
7643,0.005758540704846382,0.01022897008806467
7644,0.004744726233184338,0.004559426102787256
7645,0.006544311065226793,0.014107106253504753
7646,0.009415628388524055,0.005575822666287422
7647,0.012286086566746235,0.006291030440479517
7648,0.015296556986868382,0.009768236428499222
7649,0.015120964497327805,0.003984296694397926
7650,0.010859273374080658,0.006786137819290161
7651,0.005504314322024584,0.006609852891415358
7652,0.0076363543048501015,0.003415630664676428
7653,0.012018008157610893,0.007126569747924805
7654,0.010356969200074673,0.003142476547509432
7655,0.006634843070060015,0.0054616741836071014
7656,0.004586438648402691,0.004182400647550821
7657,0.005090750753879547,0.003635264001786709
7658,0.007529071532189846,0.004909734707325697
7659,0.009471656754612923,0.0027892114594578743
7660,0.009340638294816017,0.004561315290629864
7661,0.00625021755695343,0.00317379180341959
7662,0.0046603260561823845,0.003449474461376667
7663,0.006264279130846262,0.003841984551399946
7664,0.007538666017353535,0.0027771033346652985
7665,0.006900145672261715,0.0037141256034374237
7666,0.005157256964594126,0.0030322433449327946
7667,0.0043248506262898445,0.0029839901253581047
7668,0.00475960923358798,0.003463050350546837
7669,0.005886629223823547,0.0026118108071386814
7670,0.006729264743626118,0.003285496961325407
7671,0.006423297803848982,0.002869497984647751
7672,0.005257586948573589,0.0027955248951911926
7673,0.004385503940284252,0.0030892088543623686
7674,0.004713850095868111,0.0026766271330416203
7675,0.005486672278493643,0.002871609292924404
7676,0.005633772816509008,0.002894476754590869
7677,0.00507914274930954,0.0026083863340318203
7678,0.004478686489164829,0.002915679244324565
7679,0.0042676497250795364,0.0026669474318623543
7680,0.004521175287663937,0.0026900458615273237
7681,0.004898449406027794,0.0027991393581032753
7682,0.00507550872862339,0.002601742511615157
7683,0.004899455234408379,0.002699769102036953
7684,0.0045260717160999775,0.0027027996256947517
7685,0.004287354648113251,0.0025666202418506145
7686,0.004335671663284302,0.002689302433282137
7687,0.004556590691208839,0.0026063183322548866
7688,0.004672657698392868,0.002565843053162098
7689,0.004600211977958679,0.0026383462827652693
7690,0.004409789573401213,0.0025477460585534573
7691,0.004266008734703064,0.002552122576162219
7692,0.004244697280228138,0.0025818953290581703
7693,0.004324758425354958,0.002506864722818136
7694,0.004424831364303827,0.0025321287102997303
7695,0.004454740323126316,0.0025300541892647743
7696,0.004399376921355724,0.0024784777779132128
7697,0.004294895566999912,0.002509178128093481
7698,0.004227427765727043,0.002485439646989107
7699,0.004231631755828857,0.0024618548341095448
7700,0.004286083392798901,0.0024827809538692236
7701,0.0043327780440449715,0.0024580461904406548
7702,0.004334247205406427,0.0024503925815224648
7703,0.004295889288187027,0.002464776858687401
7704,0.004244031384587288,0.00244028284214437
7705,0.0042119016870856285,0.002447605598717928
7706,0.004209345206618309,0.002449788386002183
7707,0.004230351187288761,0.00243591982871294
7708,0.004251608159393072,0.0024452535435557365
7709,0.004256533458828926,0.0024447753094136715
7710,0.0042417580261826515,0.002436126582324505
7711,0.004218308255076408,0.0024468661285936832
7712,0.004201656207442284,0.002441964577883482
7713,0.004198087379336357,0.0024413540959358215
7714,0.0042063225992023945,0.0024483150336891413
7715,0.004216811619699001,0.0024449173361063004
7716,0.004222521558403969,0.0024464416783303022
7717,0.004219221416860819,0.0024522843305021524
7718,0.00420907698571682,0.0024488025810569525
7719,0.004197468515485525,0.002452847082167864
7720,0.0041896081529557705,0.0024561493191868067
7721,0.004188225604593754,0.0024550866801291704
7722,0.004191351123154163,0.0024585535284131765
7723,0.004195723216980696,0.002461047610267997
7724,0.004197424277663231,0.0024604029022157192
7725,0.0041954005137085915,0.002464449033141136
7726,0.004190361592918634,0.0024660818744450808
7727,0.004184572491794825,0.0024667466059327126
7728,0.0041802674531936646,0.002470145234838128
7729,0.004178286995738745,0.0024720821529626846
7730,0.004178506787866354,0.002473016269505024
7731,0.004179461859166622,0.0024764856789261103
7732,0.004179991781711578,0.002478458685800433
7733,0.00417920108884573,0.0024802410043776035
7734,0.004177164286375046,0.002483374672010541
7735,0.004174353554844856,0.0024856538511812687
7736,0.004171527922153473,0.0024876934476196766
7737,0.004169384948909283,0.002491068560630083
7738,0.004168103449046612,0.002493597101420164
7739,0.004167588427662849,0.002496037632226944
7740,0.00416735140606761,0.002499341731891036
7741,0.00416692066937685,0.002502222079783678
7742,0.004165980499237776,0.0025047874078154564
7743,0.004164569079875946,0.0025081078056246042
7744,0.004162842873483896,0.0025112167932093143
7745,0.004161048214882612,0.002514086663722992
7746,0.004159437958151102,0.0025173884350806475
7747,0.00415809266269207,0.002520680893212557
7748,0.00415700301527977,0.002523756120353937
7749,0.004156132228672504,0.002527151256799698
7750,0.0041553182527422905,0.0025306185707449913
7751,0.004154451657086611,0.002533881925046444
7752,0.004153440706431866,0.0025373506359755993
7753,0.004152287263423204,0.002540901768952608
7754,0.004150982014834881,0.0025442480109632015
7755,0.004149646032601595,0.0025476953014731407
7756,0.004148316103965044,0.002551292534917593
7757,0.004147064406424761,0.0025547551922500134
7758,0.004145922139286995,0.002558191306889057
7759,0.004144818987697363,0.002561768051236868
7760,0.0041437833569943905,0.002565301489084959
7761,0.004142764024436474,0.00256878649815917
7762,0.00414174422621727,0.002572371158748865
7763,0.004140695556998253,0.002575988182798028
7764,0.004139615222811699,0.002579579595476389
7765,0.004138477146625519,0.0025831814855337143
7766,0.004137322772294283,0.002586838323622942
7767,0.00413617305457592,0.0025904846843332052
7768,0.004135011229664087,0.002594155725091696
7769,0.004133847076445818,0.0025978777557611465
7770,0.004132701084017754,0.002601614221930504
7771,0.004131607711315155,0.0026053362525999546
7772,0.004130517598241568,0.0026091060135513544
7773,0.004129426088184118,0.0026129125617444515
7774,0.004128346219658852,0.0026167016476392746
7775,0.004127282649278641,0.0026205284520983696
7776,0.004126202315092087,0.0026243850588798523
7777,0.004125108011066914,0.0026282265316694975
7778,0.004124022088944912,0.002632083371281624
7779,0.00412293616682291,0.0026359776966273785
7780,0.004121813457459211,0.0026399060152471066
7781,0.0041207014583051205,0.0026438261847943068
7782,0.0041196029633283615,0.002647752407938242
7783,0.004118501208722591,0.0026517133228480816
7784,0.004117399454116821,0.00265569263137877
7785,0.0041162846609950066,0.002659670077264309
7786,0.004115196876227856,0.0026636673137545586
7787,0.00411408394575119,0.0026676845736801624
7788,0.004113009199500084,0.0026717104483395815
7789,0.004111924208700657,0.0026757358573377132
7790,0.004110847599804401,0.0026797710452228785
7791,0.0041097961366176605,0.0026838420890271664
7792,0.004108766093850136,0.0026879224460572004
7793,0.004107777960598469,0.0026920016389340162
7794,0.004106858279556036,0.0026960992254316807
7795,0.004106000065803528,0.0027002128772437572
7796,0.004105318337678909,0.0027043307200074196
7797,0.004104885738343,0.002708463929593563
7798,0.004104842897504568,0.0027126185595989227
7799,0.004105462692677975,0.0027167692314833403
7800,0.004107142798602581,0.002720942022278905
7801,0.004110615234822035,0.002725111786276102
7802,0.0041170883923769,0.0027292994782328606
7803,0.004128488712012768,0.0027335109189152718
7804,0.004148384090512991,0.0027377228252589703
7805,0.004182338714599609,0.0027419528923928738
7806,0.004240321461111307,0.0027461922727525234
7807,0.00433780811727047,0.0027504414319992065
7808,0.0045021274127066135,0.0027547013014554977
7809,0.004770820029079914,0.0027589756064116955
7810,0.005206146277487278,0.002763273660093546
7811,0.005859296303242445,0.0027675628662109375
7812,0.006788754835724831,0.002771873027086258
7813,0.00786096602678299,0.0027761966921389103
7814,0.008871861733496189,0.0027805306017398834
7815,0.009196481667459011,0.002784866839647293
7816,0.008730188012123108,0.0027892375364899635
7817,0.007395631168037653,0.002793594729155302
7818,0.006103490479290485,0.0027979707811027765
7819,0.005308420397341251,0.0028023580089211464
7820,0.0052380748093128204,0.0028067552484571934
7821,0.005463573150336742,0.002811160869896412
7822,0.005627271253615618,0.0028155753389000893
7823,0.006101429928094149,0.002820005640387535
7824,0.007553529925644398,0.002824451308697462
7825,0.010182964615523815,0.0028288979083299637
7826,0.012091292068362236,0.0028333538211882114
7827,0.011194449849426746,0.0028378269635140896
7828,0.006791801657527685,0.002842303831130266
7829,0.004524191841483116,0.002846801420673728
7830,0.006437573116272688,0.002851297613233328
7831,0.009233065880835056,0.0028558066114783287
7832,0.01099053118377924,0.0028603277169167995
7833,0.011319812387228012,0.0028648623265326023
7834,0.010138744488358498,0.002869406482204795
7835,0.007191977929323912,0.0028739525005221367
7836,0.005024618469178677,0.002878525760024786
7837,0.005738439504057169,0.0028830869123339653
7838,0.007222067564725876,0.002887666691094637
7839,0.007480286993086338,0.0028922699857503176
7840,0.006277028005570173,0.0028968830592930317
7841,0.005042095202952623,0.002901489846408367
7842,0.0043964870274066925,0.0029061264358460903
7843,0.004460092168301344,0.0029107541777193546
7844,0.005241895094513893,0.002915404736995697
7845,0.0058954437263309956,0.002920057624578476
7846,0.005860025063157082,0.0029247389174997807
7847,0.0049437303096055984,0.0029294160194694996
7848,0.004214135929942131,0.0029341033659875393
7849,0.0042588962242007256,0.002938804915174842
7850,0.004870900884270668,0.0029435213655233383
7851,0.005334875546395779,0.0029482399113476276
7852,0.0053674909286201,0.0029529710300266743
7853,0.005118674132972956,0.002957708667963743
7854,0.004730957094579935,0.002962467260658741
7855,0.004380101803690195,0.0029672281816601753
7856,0.004139689728617668,0.0029720114544034004
7857,0.004180528223514557,0.002976797055453062
7858,0.0043979124166071415,0.0029815915040671825
7859,0.004623447544872761,0.0029863910749554634
7860,0.004654310643672943,0.002991215791553259
7861,0.004494394175708294,0.0029960419051349163
7862,0.004269039258360863,0.0030008861795067787
7863,0.004111880902200937,0.003005723701789975
7864,0.004082598257809877,0.003010595217347145
7865,0.004132401198148727,0.0030154618434607983
7866,0.0042151790112257,0.003020345699042082
7867,0.004274504724889994,0.0030252388678491116
7868,0.004293505568057299,0.003030136227607727
7869,0.004248233512043953,0.0030350489541888237
7870,0.004161049611866474,0.0030399695970118046
7871,0.004075649194419384,0.0030449056066572666
7872,0.004038604907691479,0.0030498546548187733
7873,0.00405214074999094,0.0030548148788511753
7874,0.004084986634552479,0.00305977463722229
7875,0.004112332593649626,0.003064752323552966
7876,0.004120995290577412,0.0030697425827383995
7877,0.004116468131542206,0.00307473074644804
7878,0.004094850271940231,0.003079742658883333
7879,0.004064678214490414,0.003084761556237936
7880,0.004035629332065582,0.0030897909309715033
7881,0.004022617358714342,0.003094824030995369
7882,0.004026307724416256,0.0030998815782368183
7883,0.004037082195281982,0.0031049451790750027
7884,0.0040460797026753426,0.0031100092455744743
7885,0.004048648755997419,0.0031150924041867256
7886,0.004047447815537453,0.003120189066976309
7887,0.004041402600705624,0.0031252920161932707
7888,0.004032430239021778,0.0031303875148296356
7889,0.004021532833576202,0.003135513048619032
7890,0.004013727884739637,0.0031406476628035307
7891,0.004011007957160473,0.0031457971781492233
7892,0.004012281075119972,0.003150943899527192
7893,0.004014880862087011,0.0031561097130179405
7894,0.004016277380287647,0.0031612864695489407
7895,0.004016935359686613,0.0031664655543863773
7896,0.00401640310883522,0.0031716651283204556
7897,0.0040149567648768425,0.0031768674962222576
7898,0.004011605400592089,0.003182067070156336
7899,0.004007395822554827,0.003187290858477354
7900,0.004003600217401981,0.0031925314106047153
7901,0.004001075867563486,0.003197764977812767
7902,0.003999704960733652,0.0032030236907303333
7903,0.003998604137450457,0.0032082833349704742
7904,0.003997887950390577,0.0032135588116943836
7905,0.003997436258941889,0.00321884173899889
7906,0.003997433930635452,0.0032241642475128174
7907,0.003997207619249821,0.003229491412639618
7908,0.003996455110609531,0.0032349235843867064
7909,0.003995179198682308,0.003240418154746294
7910,0.003993661142885685,0.0032462740782648325
7911,0.00399223156273365,0.0032525635324418545
7912,0.003990713506937027,0.0032603219151496887
7913,0.003989136777818203,0.0032707196660339832
7914,0.003987470641732216,0.0032881852239370346
7915,0.003986011259257793,0.003320833668112755
7916,0.00398478377610445,0.0033913771621882915
7917,0.003983750939369202,0.0035508396103978157
7918,0.00398276699706912,0.003923606127500534
7919,0.003981754649430513,0.004819223657250404
7920,0.003980838228017092,0.006847674027085304
7921,0.0039799828082323074,0.011426166631281376
7922,0.003979171626269817,0.01890295371413231
7923,0.003978312481194735,0.027073301374912262
7924,0.003977371379733086,0.02470920979976654
7925,0.003976400010287762,0.011694983579218388
7926,0.003975425846874714,0.0037816637195646763
7927,0.003974474500864744,0.008520273491740227
7928,0.00397347379475832,0.015625040978193283
7929,0.003972449339926243,0.01246481854468584
7930,0.003971404395997524,0.0044170874170959
7931,0.0039703818038105965,0.006107723340392113
7932,0.003969395067542791,0.011689248494803905
7933,0.003968407399952412,0.010187622159719467
7934,0.003967410884797573,0.004277242347598076
7935,0.003966411110013723,0.005353465210646391
7936,0.003965447656810284,0.009174411185085773
7937,0.0039645107463002205,0.006963857915252447
7938,0.0039636059664189816,0.0037435078993439674
7939,0.0039627221412956715,0.005893427412956953
7940,0.0039619081653654575,0.006692009046673775
7941,0.00396112073212862,0.0040742699056863785
7942,0.003960414789617062,0.004735699854791164
7943,0.003959827125072479,0.006102456245571375
7944,0.0039593614637851715,0.00435732863843441
7945,0.003959060646593571,0.004166582599282265
7946,0.003959004767239094,0.00545517960563302
7947,0.003959278576076031,0.0044609252363443375
7948,0.003960030153393745,0.0039278483018279076
7949,0.0039614359848201275,0.0048943026922643185
7950,0.003963773604482412,0.004467378370463848
7951,0.0039673917926847935,0.003824121318757534
7952,0.003972905687987804,0.00452227471396327
7953,0.003981110639870167,0.004427189007401466
7954,0.003993308171629906,0.0038443729281425476
7955,0.004011060576885939,0.00421772338449955
7956,0.004037346690893173,0.004397463519126177
7957,0.0040752780623734,0.003904149401932955
7958,0.004131408873945475,0.004012672696262598
7959,0.004211407154798508,0.00429494259878993
7960,0.004328511655330658,0.003979579079896212
7961,0.00448964536190033,0.003902795724570751
7962,0.004717354662716389,0.004154291469603777
7963,0.0050047640688717365,0.0040258076041936874
7964,0.005372519604861736,0.0038675162941217422
7965,0.0057409172877669334,0.00405457429587841
7966,0.006089246366173029,0.004036439582705498
7967,0.006199182476848364,0.0038825212977826595
7968,0.006066596135497093,0.003981000743806362
7969,0.005564496852457523,0.004034216515719891
7970,0.004940771963447332,0.003912573680281639
7971,0.004365649074316025,0.0039405012503266335
7972,0.004027063027024269,0.0040175109170377254
7973,0.003938041627407074,0.003942728508263826
7974,0.004044428933411837,0.003923848271369934
7975,0.004311427474021912,0.00399301340803504
7976,0.004765274003148079,0.003969498910009861
7977,0.00548181589692831,0.003926411271095276
7978,0.006372199393808842,0.003974086605012417
7979,0.007214742712676525,0.0039842696860432625
7980,0.007242445833981037,0.0039455038495361805
7981,0.0064083305187523365,0.003964678850024939
7982,0.004974289797246456,0.003992506768554449
7983,0.004059080965816975,0.003969424404203892
7984,0.004107451997697353,0.0039665368385612965
7985,0.004967299290001392,0.003995437175035477
7986,0.006572200916707516,0.003991224803030491
7987,0.00918074045330286,0.003980109468102455
7988,0.013027648441493511,0.003998111933469772
7989,0.014777470380067825,0.004008535295724869
7990,0.012162962928414345,0.003998542670160532
7991,0.005824636202305555,0.0040052542462944984
7992,0.005724669899791479,0.004021081142127514
7993,0.01085374504327774,0.004019484855234623
7994,0.013561778701841831,0.0040184310637414455
7995,0.013547541573643684,0.004031165037304163
7996,0.010379941202700138,0.004038393031805754
7997,0.0060654934495687485,0.004036427475512028
7998,0.004667304456233978,0.004043431952595711
7999,0.0066912248730659485,0.004054121673107147
8000,0.008537299931049347,0.004038004204630852
8001,0.00668895011767745,0.004006644245237112
8002,0.004732684697955847,0.003983122296631336
8003,0.004171447828412056,0.003965926356613636
8004,0.005194739438593388,0.003929631318897009
8005,0.006903618574142456,0.00390848470851779
8006,0.007555749267339706,0.003894266439601779
8007,0.006857212632894516,0.00387319247238338
8008,0.0047656758688390255,0.0038496600463986397
8009,0.004278047941625118,0.0038325556088238955
8010,0.005400872323662043,0.003812274429947138
8011,0.006255210377275944,0.0037962051574140787
8012,0.005993269849568605,0.0037735095247626305
8013,0.004977991338819265,0.003751106094568968
8014,0.004162797704339027,0.0037350556813180447
8015,0.003926982171833515,0.003715302562341094
8016,0.004332696553319693,0.00369923934340477
8017,0.004790536593645811,0.0036834697239100933
8018,0.0048722634091973305,0.0036653499118983746
8019,0.0044890050776302814,0.003648249199613929
8020,0.004051308613270521,0.003634699620306492
8021,0.003923892509192228,0.0036214254796504974
8022,0.004132498055696487,0.003608799073845148
8023,0.004420169163495302,0.003594024106860161
8024,0.004525471478700638,0.0035792726557701826
8025,0.0044092945754528046,0.0035683922469615936
8026,0.004146832041442394,0.0035549281165003777
8027,0.003951234742999077,0.0035422754008322954
8028,0.00390907097607851,0.0035298035945743322
8029,0.0040239132940769196,0.0035173920914530754
8030,0.004158238880336285,0.0035064690746366978
8031,0.004211475141346455,0.003494005184620619
8032,0.0041510541923344135,0.003482203697785735
8033,0.00401743920519948,0.0034708804450929165
8034,0.003912392072379589,0.003459752071648836
8035,0.0038797310553491116,0.003449063515290618
8036,0.003930064383894205,0.003438544925302267
8037,0.003992476500570774,0.003428081516176462
8038,0.004024547059088945,0.003417732659727335
8039,0.004003644455224276,0.0034077796153724194
8040,0.003950859420001507,0.0033977895509451628
8041,0.003899873234331608,0.0033882553689181805
8042,0.003870903979986906,0.003378485795110464
8043,0.0038772537373006344,0.0033688279800117016
8044,0.0038999442476779222,0.003359635593369603
8045,0.00392376072704792,0.0033503216691315174
8046,0.0039268010295927525,0.003341368166729808
8047,0.003910907544195652,0.0033322530798614025
8048,0.003885660320520401,0.0033232509158551693
8049,0.0038659702986478806,0.0033145914785563946
8050,0.0038609690964221954,0.003305884776636958
8051,0.0038665279280394316,0.0032973922789096832
8052,0.0038783354684710503,0.003288907464593649
8053,0.003885991871356964,0.0032805385999381542
8054,0.003887321799993515,0.0032723750919103622
8055,0.003879980882629752,0.0032642344012856483
8056,0.0038682580925524235,0.0032561360858380795
8057,0.003857521340250969,0.00324813649058342
8058,0.003851634217426181,0.003240264020860195
8059,0.0038524188566952944,0.003232494695112109
8060,0.003856356255710125,0.003224797546863556
8061,0.003861107164993882,0.0032171104103326797
8062,0.0038629742339253426,0.003209521993994713
8063,0.003861753735691309,0.0032020416110754013
8064,0.00385745195671916,0.003194614313542843
8065,0.0038516544736921787,0.0031872503459453583
8066,0.0038464446552097797,0.0031799389980733395
8067,0.0038428185507655144,0.0031727137975394726
8068,0.0038418276235461235,0.003165573813021183
8069,0.0038424076046794653,0.003158467821776867
8070,0.0038438159972429276,0.0031514542642980814
8071,0.0038446420803666115,0.0031444954220205545
8072,0.0038443407975137234,0.0031376094557344913
8073,0.00384282018058002,0.003130784723907709
8074,0.0038403430953621864,0.003123996313661337
8075,0.0038375817239284515,0.00311730126850307
8076,0.0038348855450749397,0.0031106199603527784
8077,0.0038329227827489376,0.003104032948613167
8078,0.003831694135442376,0.0030974959954619408
8079,0.0038311639800667763,0.003090998623520136
8080,0.0038309150841087103,0.0030845636501908302
8081,0.003830656409263611,0.0030781649984419346
8082,0.003830227069556713,0.0030718352645635605
8083,0.0038293879479169846,0.003065550234168768
8084,0.003828248009085655,0.0030593203846365213
8085,0.003826755564659834,0.003053112421184778
8086,0.0038252000231295824,0.003046987811103463
8087,0.0038236561231315136,0.0030408892780542374
8088,0.0038222623988986015,0.0030348505824804306
8089,0.003821075428277254,0.003028842154890299
8090,0.003820047713816166,0.0030228975228965282
8091,0.0038191862404346466,0.0030169885139912367
8092,0.003818401601165533,0.0030111228115856647
8093,0.0038176500238478184,0.0030052969232201576
8094,0.0038168886676430702,0.002999510383233428
8095,0.0038160420954227448,0.002993776462972164
8096,0.0038151200860738754,0.0029880832880735397
8097,0.0038141203112900257,0.0029824143275618553
8098,0.0038130711764097214,0.0029768021777272224
8099,0.0038119754754006863,0.0029712263494729996
8100,0.0038108942098915577,0.002965694759041071
8101,0.0038097654469311237,0.002960178069770336
8102,0.0038086813874542713,0.0029547251760959625
8103,0.0038076378405094147,0.002949298592284322
8104,0.00380660779774189,0.002943909727036953
8105,0.0038056131452322006,0.0029385476373136044
8106,0.003804638981819153,0.002933228388428688
8107,0.0038036867044866085,0.0029279575683176517
8108,0.003802749328315258,0.002922705141827464
8109,0.003801824524998665,0.0029174976516515017
8110,0.003800905542448163,0.002912321127951145
8111,0.003799954429268837,0.002907176036387682
8112,0.0037990533746778965,0.002902060281485319
8113,0.0037981057539582253,0.0028969724662601948
8114,0.0037971739657223225,0.0028919242322444916
8115,0.003796227974817157,0.0028869183734059334
8116,0.0037952878046780825,0.0028819392900913954
8117,0.003794347867369652,0.0028769802302122116
8118,0.0037934035062789917,0.0028720470145344734
8119,0.0037924661301076412,0.002867151517421007
8120,0.0037915268912911415,0.0028622918762266636
8121,0.0037906167563050985,0.002857462503015995
8122,0.0037896898575127125,0.0028526615351438522
8123,0.0037887762300670147,0.00284788035787642
8124,0.003787854453548789,0.00284314202144742
8125,0.003786962479352951,0.002838420681655407
8126,0.0037860784213989973,0.00283372332341969
8127,0.003785228356719017,0.0028290587943047285
8128,0.0037844073958694935,0.0028244315180927515
8129,0.0037836595438420773,0.0028198061045259237
8130,0.003782951505854726,0.002815237734466791
8131,0.0037823361344635487,0.002810669830068946
8132,0.003781834850087762,0.0028061452321708202
8133,0.0037814867682754993,0.002801625058054924
8134,0.003781361971050501,0.0027971582021564245
8135,0.0037815668620169163,0.0027926908805966377
8136,0.0037822138983756304,0.002788265934213996
8137,0.003783533815294504,0.0027838631067425013
8138,0.003785782726481557,0.002779478207230568
8139,0.0037894307170063257,0.002775111934170127
8140,0.003795077558606863,0.002770782448351383
8141,0.0038037761114537716,0.0027664718218147755
8142,0.003816799260675907,0.002762183081358671
8143,0.0038365544751286507,0.0027579141315072775
8144,0.0038658983539789915,0.0027536666020751
8145,0.003910267259925604,0.002749447012320161
8146,0.003975645639002323,0.0027452418580651283
8147,0.0040740277618169785,0.002741061383858323
8148,0.004215372260659933,0.002736915135756135
8149,0.004423052072525024,0.002732784254476428
8150,0.004702272824943066,0.0027286638505756855
8151,0.005081939976662397,0.0027245720848441124
8152,0.0055088140070438385,0.0027205022051930428
8153,0.005969418212771416,0.0027164556086063385
8154,0.006237296387553215,0.0027124087791889906
8155,0.006258917972445488,0.0027083968743681908
8156,0.005801496095955372,0.0027044236194342375
8157,0.005106519907712936,0.0027004415169358253
8158,0.004371380899101496,0.002696495968848467
8159,0.0039026744198054075,0.0026925550773739815
8160,0.0037653790786862373,0.002688650507479906
8161,0.0039029335603117943,0.002684751758351922
8162,0.004266468808054924,0.002680864417925477
8163,0.0048975832760334015,0.0026770110707730055
8164,0.005916866473853588,0.0026731742545962334
8165,0.007158752530813217,0.002669348381459713
8166,0.0081841591745615,0.002665531123057008
8167,0.00769576383754611,0.0026617508847266436
8168,0.006041017360985279,0.0026579834520816803
8169,0.00426473980769515,0.0026542306877672672
8170,0.003922268748283386,0.0026504984125494957
8171,0.005057338159531355,0.002646779175847769
8172,0.007227498572319746,0.0026430815923959017
8173,0.010835262015461922,0.002639389131218195
8174,0.015490459278225899,0.002635737881064415
8175,0.018254520371556282,0.0026320829056203365
8176,0.011109452694654465,0.0026284363120794296
8177,0.005370106548070908,0.0026248181238770485
8178,0.007996227592229843,0.0026212194934487343
8179,0.01157345063984394,0.0026176385581493378
8180,0.011924062855541706,0.0026140580885112286
8181,0.010161349549889565,0.0026105036959052086
8182,0.007082883268594742,0.002606964437291026
8183,0.005086353048682213,0.002603436354547739
8184,0.004030033014714718,0.0025999173521995544
8185,0.005042501725256443,0.002596430480480194
8186,0.0057771652936935425,0.0025929466355592012
8187,0.005368068814277649,0.002589463023468852
8188,0.004334982484579086,0.0025860127061605453
8189,0.0038615348748862743,0.0025825812481343746
8190,0.004492264240980148,0.0025791600346565247
8191,0.005240483209490776,0.002575750695541501
8192,0.00598483020439744,0.0025723592843860388
8193,0.0057147485204041,0.00256896810606122
8194,0.00488448329269886,0.002565608825534582
8195,0.0039719827473163605,0.0025622472167015076
8196,0.003986336290836334,0.0025589049328118563
8197,0.004629411734640598,0.0025555817410349846
8198,0.005067766178399324,0.0025522687938064337
8199,0.0050088451243937016,0.002548962365835905
8200,0.004481062293052673,0.0025456768926233053
8201,0.004023899789899588,0.002542393282055855
8202,0.003748806659132242,0.0025391215458512306
8203,0.003873841604217887,0.0025358814746141434
8204,0.004089870490133762,0.002532640937715769
8205,0.004252702463418245,0.0025294055230915546
8206,0.0042123557068407536,0.0025262024719268084
8207,0.004017839208245277,0.0025230085011571646
8208,0.0038423677906394005,0.0025198152288794518
8209,0.003732826095074415,0.0025166512932628393
8210,0.0037838167045265436,0.00251346779987216
8211,0.0038689863868057728,0.0025103120133280754
8212,0.003960423171520233,0.002507180906832218
8213,0.003956762608140707,0.0025040502659976482
8214,0.0038800970651209354,0.0025009214878082275
8215,0.003785441629588604,0.0024978264700621367
8216,0.0037185470573604107,0.002494724467396736
8217,0.0037262048572301865,0.002491643652319908
8218,0.0037591655272990465,0.0024885637685656548
8219,0.003811171744018793,0.002485505538061261
8220,0.0038287683855742216,0.0024824580177664757
8221,0.003816543146967888,0.0024794258642941713
8222,0.0037761148996651173,0.0024763818364590406
8223,0.003730267519131303,0.0024733622558414936
8224,0.0037080359179526567,0.00247036200016737
8225,0.003706603776663542,0.0024673654697835445
8226,0.003730844473466277,0.0024643780197948217
8227,0.0037516900338232517,0.0024614122230559587
8228,0.003765788394957781,0.0024584627244621515
8229,0.0037609387654811144,0.0024555185809731483
8230,0.0037428936921060085,0.0024526165798306465
8231,0.0037215151824057102,0.0024497450795024633
8232,0.0037014493718743324,0.0024469266645610332
8233,0.0036948123015463352,0.002444207901135087
8234,0.0036962581798434258,0.00244161463342607
8235,0.003707085968926549,0.002439285861328244
8236,0.0037168003618717194,0.0024373841006308794
8237,0.003721793182194233,0.002436284674331546
8238,0.0037202630192041397,0.0024366124998778105
8239,0.0037120329216122627,0.00243955384939909
8240,0.003702577669173479,0.0024473026860505342
8241,0.003692156635224819,0.0024639437906444073
8242,0.003685834351927042,0.002497278153896332
8243,0.003683032002300024,0.0025618572253733873
8244,0.003684601280838251,0.002685777610167861
8245,0.0036883121356368065,0.0029211428482085466
8246,0.0036913249641656876,0.0033675029408186674
8247,0.0036931594368070364,0.004199805669486523
8248,0.003691932884976268,0.0057243462651968
8249,0.0036893461365252733,0.00836686696857214
8250,0.003685012925416231,0.012487911619246006
8251,0.0036804485134780407,0.017844656482338905
8252,0.0036764442920684814,0.02149338088929653
8253,0.0036735720932483673,0.019919564947485924
8254,0.0036725341342389584,0.011351210996508598
8255,0.0036723711527884007,0.0034107030369341373
8256,0.003673010505735874,0.0037920670583844185
8257,0.00367341423407197,0.009524086490273476
8258,0.003673558123409748,0.011424597352743149
8259,0.0036731313448399305,0.006507568061351776
8260,0.0036719078198075294,0.0024871756322681904
8261,0.0036702193319797516,0.004712635185569525
8262,0.003668071236461401,0.007816100493073463
8263,0.003666041186079383,0.006178790703415871
8264,0.003664124058559537,0.002768118167296052
8265,0.003662522416561842,0.003447740338742733
8266,0.0036612858530133963,0.005881842691451311
8267,0.0036602867767214775,0.005108480341732502
8268,0.0036596343852579594,0.0027616717852652073
8269,0.003659023204818368,0.0030540272127836943
8270,0.003658475587144494,0.004698942415416241
8271,0.003657872788608074,0.004066102206707001
8272,0.003657194785773754,0.002579613123089075
8273,0.0036564175970852375,0.002943621715530753
8274,0.003655517939478159,0.003936996683478355
8275,0.0036545349285006523,0.003371003782376647
8276,0.003653444815427065,0.00245074275881052
8277,0.0036523574963212013,0.002845318289473653
8278,0.0036512459628283978,0.0033936735708266497
8279,0.003650118364021182,0.002941077807918191
8280,0.0036490214988589287,0.0024221264757215977
8281,0.0036479178816080093,0.002722012810409069
8282,0.003646870842203498,0.003052205080166459
8283,0.0036458512768149376,0.00270490488037467
8284,0.003644864074885845,0.0023861704394221306
8285,0.0036438796669244766,0.0026239340659230947
8286,0.0036429096944630146,0.0028076020535081625
8287,0.0036419853568077087,0.002574093407019973
8288,0.003641054965555668,0.002371505368500948
8289,0.0036401478573679924,0.0025194636546075344
8290,0.0036392344627529383,0.002653332892805338
8291,0.0036383341066539288,0.0024839425459504128
8292,0.003637434681877494,0.0023518770467489958
8293,0.003636534558609128,0.002443665638566017
8294,0.0036356488708406687,0.0025298064574599266
8295,0.0036347531713545322,0.002442959463223815
8296,0.0036338658537715673,0.002332882024347782
8297,0.0036329866852611303,0.0023820013739168644
8298,0.0036320919170975685,0.0024498924612998962
8299,0.0036312302108854055,0.002402073936536908
8300,0.0036303855013102293,0.002327544381842017
8301,0.0036295338068157434,0.0023342331405729055
8302,0.0036287005059421062,0.0023891706950962543
8303,0.003627920988947153,0.002375683281570673
8304,0.003627174533903599,0.0023180777207016945
8305,0.003626489080488682,0.0023084788117557764
8306,0.003625859972089529,0.0023396422620862722
8307,0.0036253868602216244,0.0023476812057197094
8308,0.0036250620614737272,0.002312642987817526
8309,0.0036249873228371143,0.0022899904288351536
8310,0.003625266719609499,0.0023055709898471832
8311,0.0036260676570236683,0.002318871906027198
8312,0.003627643920481205,0.0023043109104037285
8313,0.0036303424276411533,0.0022817119024693966
8314,0.003634780179709196,0.0022802227176725864
8315,0.003641751827672124,0.0022928817197680473
8316,0.0036526815965771675,0.002291118260473013
8317,0.0036694006994366646,0.002275716280564666
8318,0.0036952767986804247,0.002266243100166321
8319,0.0037346412427723408,0.0022701327688992023
8320,0.0037955816369503736,0.0022750745993107557
8321,0.0038871364668011665,0.002268042415380478
8322,0.004027545917779207,0.0022576358169317245
8323,0.004231293685734272,0.002254537772387266
8324,0.004531537648290396,0.002257418120279908
8325,0.004926141817122698,0.002257423708215356
8326,0.005439715925604105,0.00225058407522738
8327,0.005943736527115107,0.0022442550398409367
8328,0.006370866671204567,0.0022430261597037315
8329,0.006361349485814571,0.0022439220920205116
8330,0.005939495749771595,0.0022419339511543512
8331,0.00506750401109457,0.002236547414213419
8332,0.004229220561683178,0.0022323676384985447
8333,0.003714790567755699,0.0022313292138278484
8334,0.003629883984103799,0.0022308742627501488
8335,0.0038918263744562864,0.00222841277718544
8336,0.004463378340005875,0.0022242781706154346
8337,0.005468085873872042,0.0022210844326764345
8338,0.006968794856220484,0.002219768241047859
8339,0.008718683384358883,0.0022185565903782845
8340,0.009028465487062931,0.002216153312474489
8341,0.007492094300687313,0.0022128415293991566
8342,0.004747418221086264,0.0022101104259490967
8343,0.003806544002145529,0.0022084901574999094
8344,0.005266863387078047,0.0022069276310503483
8345,0.00809388980269432,0.0022046915255486965
8346,0.012473500333726406,0.002201911062002182
8347,0.01760169118642807,0.002199392532929778
8348,0.0194987989962101,0.002197542693465948
8349,0.010036958381533623,0.0021958062425255775
8350,0.005395618267357349,0.002193717984482646
8351,0.010697961784899235,0.0021912697702646255
8352,0.013020558282732964,0.0021888939663767815
8353,0.010380574502050877,0.00218691467307508
8354,0.007548267021775246,0.0021850692573934793
8355,0.004201711155474186,0.002183075761422515
8356,0.00449293153360486,0.0021808543242514133
8357,0.0049852775409817696,0.0021785912103950977
8358,0.006314267870038748,0.002176540205255151
8359,0.005589224398136139,0.0021746305283159018
8360,0.004264123737812042,0.0021726833656430244
8361,0.004089087713509798,0.0021706148982048035
8362,0.004695356823503971,0.002168460050597787
8363,0.005905278958380222,0.0021663818042725325
8364,0.005774821154773235,0.0021644255612045527
8365,0.005433180369436741,0.0021624979563057423
8366,0.004232815932482481,0.002160522621124983
8367,0.003836022224277258,0.0021584650967270136
8368,0.004033889155834913,0.0021564222406595945
8369,0.004593588877469301,0.002154444344341755
8370,0.004867110401391983,0.002152509056031704
8371,0.004507419653236866,0.002150571206584573
8372,0.004093154799193144,0.002148596104234457
8373,0.0036304164677858353,0.002146595623344183
8374,0.003735868725925684,0.002144617261365056
8375,0.003929020371288061,0.0021426754537969828
8376,0.004196270368993282,0.00214076554402709
8377,0.004144424572587013,0.0021388453897088766
8378,0.003922447562217712,0.0021368900779634714
8379,0.003703866619616747,0.0021349461749196053
8380,0.0035817865282297134,0.002133011817932129
8381,0.0036884713917970657,0.002131097251549363
8382,0.003785185981541872,0.0021292020101100206
8383,0.0039031626656651497,0.002127293962985277
8384,0.003846747102215886,0.002125378465279937
8385,0.003750068135559559,0.002123465994372964
8386,0.0036249724216759205,0.0021215607412159443
8387,0.003574368776753545,0.00211967620998621
8388,0.003617169801145792,0.002117790747433901
8389,0.0036768950521945953,0.0021159176249057055
8390,0.003748734248802066,0.002114027738571167
8391,0.0037351183127611876,0.0021121480967849493
8392,0.0036991070955991745,0.002110273577272892
8393,0.003622249234467745,0.0021084004547446966
8394,0.003575590904802084,0.0021065445616841316
8395,0.0035640420392155647,0.0021046900656074286
8396,0.00358433835208416,0.0021028402261435986
8397,0.003622540272772312,0.002100982703268528
8398,0.00363520672544837,0.002099141012877226
8399,0.0036356686614453793,0.002097290474921465
8400,0.0036049974150955677,0.002095454838126898
8401,0.003578266128897667,0.002093610353767872
8402,0.0035539884120225906,0.0020917810034006834
8403,0.0035488298162817955,0.002089953748509288
8404,0.003557660849764943,0.0020881283562630415
8405,0.0035676839761435986,0.0020863073877990246
8406,0.003578042145818472,0.0020844931714236736
8407,0.0035744307097047567,0.002082675229758024
8408,0.00356865581125021,0.002080867998301983
8409,0.003555119037628174,0.00207906449213624
8410,0.003545701038092375,0.002077263779938221
8411,0.0035399338230490685,0.002075464464724064
8412,0.0035391757264733315,0.0020736586302518845
8413,0.0035434900783002377,0.00207187095656991
8414,0.0035459366627037525,0.002070087008178234
8415,0.0035488686989992857,0.0020682932808995247
8416,0.0035466738045215607,0.0020665088668465614
8417,0.0035437759943306446,0.0020647335331887007
8418,0.0035387075040489435,0.0020629577338695526
8419,0.0035341959446668625,0.0020611800719052553
8420,0.003531502326950431,0.0020594224333763123
8421,0.003529782174155116,0.0020576470997184515
8422,0.003530520712956786,0.0020558873657137156
8423,0.0035307074431329966,0.002054132055491209
8424,0.003531582420691848,0.0020523653365671635
8425,0.0035311165265738964,0.002050612587481737
8426,0.003530049230903387,0.0020488689187914133
8427,0.0035283039323985577,0.0020471203606575727
8428,0.0035258939024060965,0.002045378088951111
8429,0.0035240252036601305,0.0020436374470591545
8430,0.0035220463760197163,0.0020419012289494276
8431,0.003521067090332508,0.0020401596557348967
8432,0.003520186059176922,0.002038433216512203
8433,0.0035197725519537926,0.0020367049146443605
8434,0.0035194247029721737,0.002034983364865184
8435,0.0035188961774110794,0.0020332559943199158
8436,0.0035183592699468136,0.0020315346773713827
8437,0.003517325734719634,0.002029823139309883
8438,0.00351629126816988,0.0020280955359339714
8439,0.00351498881354928,0.0020263991318643093
8440,0.003513763193041086,0.002024688059464097
8441,0.003512565279379487,0.002022978849709034
8442,0.0035114185884594917,0.0020212798845022917
8443,0.0035104670096188784,0.0020195769611746073
8444,0.003509541042149067,0.002017885446548462
8445,0.0035087857395410538,0.0020161878783255816
8446,0.00350802019238472,0.002014499856159091
8447,0.0035072811879217625,0.002012802055105567
8448,0.0035065398551523685,0.0020111240446567535
8449,0.0035057265777140856,0.0020094369538128376
8450,0.0035049126017838717,0.002007754985243082
8451,0.0035040085203945637,0.0020060851238667965
8452,0.0035031242296099663,0.0020044040866196156
8453,0.0035021724179387093,0.002002726774662733
8454,0.0035012406297028065,0.0020010618027299643
8455,0.0035002990625798702,0.001999395666643977
8456,0.0034993505105376244,0.001997731626033783
8457,0.003498439211398363,0.001996065489947796
8458,0.003497535362839699,0.0019944156520068645
8459,0.0034966468811035156,0.001992756500840187
8460,0.0034957495518028736,0.0019911082927137613
8461,0.0034948710817843676,0.0019894535653293133
8462,0.003494016360491514,0.0019878032617270947
8463,0.0034931336995214224,0.0019861639011651278
8464,0.003492288291454315,0.001984525006264448
8465,0.003491451032459736,0.001982878427952528
8466,0.0034905995707958937,0.0019812369719147682
8467,0.0034897602163255215,0.001979607157409191
8468,0.0034889006055891514,0.0019779582507908344
8469,0.0034880477469414473,0.0019763358868658543
8470,0.0034872046671807766,0.0019747039768844843
8471,0.0034863599576056004,0.001973082311451435
8472,0.003485510591417551,0.0019714548252522945
8473,0.003484682645648718,0.0019698324613273144
8474,0.003483818843960762,0.0019682119600474834
8475,0.0034830006770789623,0.001966598443686962
8476,0.003482160856947303,0.001964979339390993
8477,0.003481348045170307,0.0019633693154901266
8478,0.00348054151982069,0.001961761387065053
8479,0.0034797287080436945,0.001960150897502899
8480,0.0034789578057825565,0.0019585518166422844
8481,0.003478200174868107,0.0019569480791687965
8482,0.0034774979576468468,0.0019553436432033777
8483,0.003476821817457676,0.0019537461921572685
8484,0.0034762134309858084,0.0019521510694175959
8485,0.0034756804816424847,0.0019505596719682217
8486,0.0034752865321934223,0.0019489689730107784
8487,0.0034750639460980892,0.0019473808351904154
8488,0.003475121222436428,0.0019457839662209153
8489,0.0034755319356918335,0.0019442127086222172
8490,0.0034765026066452265,0.0019426264334470034
8491,0.0034782541915774345,0.0019410401582717896
8492,0.003481222316622734,0.001939469831995666
8493,0.0034858989529311657,0.0019378867000341415
8494,0.003493312746286392,0.0019363104365766048
8495,0.0035046362318098545,0.0019347530324012041
8496,0.003522078972309828,0.0019331832882016897
8497,0.0035484572872519493,0.0019316114485263824
8498,0.0035889125429093838,0.0019300524145364761
8499,0.0036496752873063087,0.0019284896552562714
8500,0.003742625005543232,0.0019269220065325499
8501,0.0038792681880295277,0.0019253646023571491
8502,0.004083370789885521,0.0019238136010244489
8503,0.004365564789623022,0.0019222500268369913
8504,0.00475693866610527,0.0019207112491130829
8505,0.005214031785726547,0.0019191547762602568
8506,0.005720129236578941,0.001917603425681591
8507,0.006041776388883591,0.0019160544034093618
8508,0.0060974955558776855,0.0019145195838063955
8509,0.005625354126095772,0.0019129787106066942
8510,0.004878781735897064,0.0019114380702376366
8511,0.004093463066965342,0.0019099157070741057
8512,0.003613657783716917,0.0019083924125880003
8513,0.0035098702646791935,0.00190686562564224
8514,0.0037180036306381226,0.001905360841192305
8515,0.004201157949864864,0.0019038611790165305
8516,0.005029217805713415,0.0019023837521672249
8517,0.006345292553305626,0.0019009322859346867
8518,0.007784858345985413,0.0018995229620486498
8519,0.008680349215865135,0.0018981865141540766
8520,0.007513749413192272,0.001896953210234642
8521,0.0054775383323431015,0.0018958952277898788
8522,0.004277271684259176,0.001895104069262743
8523,0.00497191958129406,0.001894750283099711
8524,0.0070763640105724335,0.0018951077945530415
8525,0.010476690717041492,0.0018966468051075935
8526,0.01566436141729355,0.0019001568434759974
8527,0.01860268972814083,0.0019069351255893707
8528,0.015290927141904831,0.0019192062318325043
8529,0.006068362854421139,0.001940817222930491
8530,0.006981086917221546,0.001978308893740177
8531,0.014871524646878242,0.002043026266619563
8532,0.016738366335630417,0.002154378918930888
8533,0.013610504567623138,0.002345798071473837
8534,0.006804424803704023,0.0026731975376605988
8535,0.0042320722714066505,0.003229968249797821
8536,0.007486585061997175,0.004154830705374479
8537,0.008019572123885155,0.005650211591273546
8538,0.005350174847990274,0.007868770509958267
8539,0.003586988430470228,0.010861790738999844
8540,0.005443929694592953,0.013734305277466774
8541,0.00837058387696743,0.015169942751526833
8542,0.010908709838986397,0.012762918137013912
8543,0.010096138343214989,0.007360020186752081
8544,0.005701213609427214,0.0026961169205605984
8545,0.00492258882150054,0.002309586387127638
8546,0.0077191623859107494,0.00530802458524704
8547,0.006935585290193558,0.0076193492859601974
8548,0.0044609615579247475,0.006434829905629158
8549,0.004057560581713915,0.0032210086937993765
8550,0.005418163724243641,0.00192177202552557
8551,0.008760235272347927,0.003428783267736435
8552,0.01116519421339035,0.005011630244553089
8553,0.010513558983802795,0.0043899500742554665
8554,0.0053703924641013145,0.002471386454999447
8555,0.0055358801037073135,0.0019798981957137585
8556,0.008923906832933426,0.0031038729939609766
8557,0.006443667225539684,0.003801360260695219
8558,0.004226263612508774,0.003016438102349639
8559,0.004397270269691944,0.001985306851565838
8560,0.007497208192944527,0.002138487994670868
8561,0.010832986794412136,0.002908579772338271
8562,0.011114160530269146,0.0029584099538624287
8563,0.007136835716664791,0.002280713291838765
8564,0.004466612357646227,0.0018858627881854773
8565,0.008111719973385334,0.0022227130830287933
8566,0.008270319551229477,0.0026122559793293476
8567,0.004160898271948099,0.0024082278832793236
8568,0.004508174955844879,0.001966103445738554
8569,0.008246124722063541,0.0019111954607069492
8570,0.011131783947348595,0.002195835579186678
8571,0.009966136887669563,0.0023127365857362747
8572,0.0052698636427521706,0.002097279764711857
8573,0.00480273412540555,0.0018675918690860271
8574,0.007627520710229874,0.0019268272444605827
8575,0.005856382194906473,0.00210891873575747
8576,0.0036908681504428387,0.002106279833242297
8577,0.005132392048835754,0.001945914700627327
8578,0.0077058603055775166,0.0018442402360960841
8579,0.008495723828673363,0.0019097013864666224
8580,0.0064515722915530205,0.0020097920205444098
8581,0.004075490403920412,0.0019842840265482664
8582,0.004384436644613743,0.001879881601780653
8583,0.005846924148499966,0.0018319983500987291
8584,0.004764205310493708,0.0018780292011797428
8585,0.003527817316353321,0.0019323982996866107
8586,0.004521770402789116,0.001914268359541893
8587,0.005601771175861359,0.0018496804405003786
8588,0.0052810367196798325,0.0018201997736468911
8589,0.003984202165156603,0.001847722101956606
8590,0.0035400495398789644,0.0018789172172546387
8591,0.00406680116429925,0.0018717742059379816
8592,0.004440018907189369,0.0018336804350838065
8593,0.003807881847023964,0.001810302259400487
8594,0.003483679611235857,0.0018226795364171267
8595,0.0038631893694400787,0.001842350815422833
8596,0.004169989377260208,0.0018427514005452394
8597,0.003893427085131407,0.0018222657963633537
8598,0.0034843652974814177,0.0018033147789537907
8599,0.0034981057979166508,0.001804381376132369
8600,0.0037481943145394325,0.0018161025363951921
8601,0.0037921404000371695,0.001820732606574893
8602,0.0035349158570170403,0.0018117019208148122
8603,0.0034316880628466606,0.0017982532735913992
8604,0.0035578692331910133,0.0017927654553204775
8605,0.00367784034460783,0.001797098433598876
8606,0.0035743904300034046,0.0018022967269644141
8607,0.0034326883032917976,0.0018003429286181927
8608,0.003429130185395479,0.001792815513908863
8609,0.003527177032083273,0.0017857981147244573
8610,0.0035445219837129116,0.0017845194088295102
8611,0.0034525329247117043,0.0017872146563604474
8612,0.0034004012122750282,0.0017883055843412876
8613,0.0034403991885483265,0.0017856238409876823
8614,0.0034928140230476856,0.0017804624512791634
8615,0.0034642512910068035,0.0017766038654372096
8616,0.0034073968417942524,0.0017759306356310844
8617,0.0033904118463397026,0.0017767476383596659
8618,0.003426746465265751,0.0017765595111995935
8619,0.00344286160543561,0.0017742407508194447
8620,0.003416212275624275,0.0017708400264382362
8621,0.0033847626764327288,0.0017681897152215242
8622,0.0033904334995895624,0.001767206471413374
8623,0.0034127903636544943,0.0017670110100880265
8624,0.0034132301807403564,0.0017663327744230628
8625,0.0033921608701348305,0.001764624030329287
8626,0.0033762711100280285,0.0017621786100789905
8627,0.0033833091147243977,0.001760072773322463
8628,0.003394545055925846,0.0017587561160326004
8629,0.0033924849703907967,0.0017579726409167051
8630,0.003377877874299884,0.001757133984938264
8631,0.003371584927663207,0.0017557607498019934
8632,0.003376882988959551,0.0017539269756525755
8633,0.0033830367028713226,0.001752115203998983
8634,0.0033789959270507097,0.0017506253207102418
8635,0.0033701108768582344,0.0017495164647698402
8636,0.0033664689399302006,0.0017484989948570728
8637,0.0033697315957397223,0.0017473140032961965
8638,0.0033729474525898695,0.001745845889672637
8639,0.003369804471731186,0.0017442746320739388
8640,0.0033643317874521017,0.0017427572747692466
8641,0.003361939452588558,0.0017414395697414875
8642,0.003364055883139372,0.0017402723897248507
8643,0.003365312470123172,0.001739119179546833
8644,0.0033632463309913874,0.001737844431772828
8645,0.0033594295382499695,0.0017364537343382835
8646,0.003357699140906334,0.0017350346315652132
8647,0.0033584563061594963,0.0017336332239210606
8648,0.0033590607345104218,0.001732356147840619
8649,0.0033576670102775097,0.0017311368137598038
8650,0.003355053486302495,0.0017299081664532423
8651,0.0033536239061504602,0.0017286476213485003
8652,0.003353632055222988,0.0017273370176553726
8653,0.003353836014866829,0.0017259843880310655
8654,0.003352744271978736,0.0017246530624106526
8655,0.003350967075675726,0.001723370747640729
8656,0.003349602920934558,0.0017221050802618265
8657,0.003349218051880598,0.0017208762001246214
8658,0.003349034581333399,0.0017196207772940397
8659,0.003348234575241804,0.001718347193673253
8660,0.0033469037152826786,0.0017170505598187447
8661,0.003345714183524251,0.0017157553229480982
8662,0.003345077158883214,0.0017144707962870598
8663,0.0033446396701037884,0.0017132054781541228
8664,0.003343968652188778,0.0017119592521339655
8665,0.003342930693179369,0.0017107052262872458
8666,0.0033418689854443073,0.0017094723880290985
8667,0.0033410638570785522,0.0017082038102671504
8668,0.0033404664136469364,0.0017069349996745586
8669,0.0033398326486349106,0.0017056642100214958
8670,0.0033389811869710684,0.0017043955158442259
8671,0.003338037058711052,0.0017031414899975061
8672,0.0033371765166521072,0.0017019013175740838
8673,0.0033364586997777224,0.0017006555572152138
8674,0.003335782792419195,0.001699413638561964
8675,0.0033350426238030195,0.0016981612425297499
8676,0.003334187436848879,0.0016969208372756839
8677,0.0033333213068544865,0.0016956620384007692
8678,0.0033325431868433952,0.0016944187227636576
8679,0.00333182280883193,0.0016931670252233744
8680,0.003331113141030073,0.0016919246409088373
8681,0.0033303264062851667,0.0016906741075217724
8682,0.0033295108005404472,0.0016894538421183825
8683,0.0033287026453763247,0.0016882061026990414
8684,0.0033279485069215298,0.0016869757091626525
8685,0.0033272060099989176,0.001685739727690816
8686,0.003326459089294076,0.001684495247900486
8687,0.0033256777096539736,0.001683253445662558
8688,0.003324881661683321,0.001682022586464882
8689,0.0033241058699786663,0.0016807985957711935
8690,0.0033233482390642166,0.0016795676201581955
8691,0.0033226031810045242,0.0016783312894403934
8692,0.00332183251157403,0.0016771020600572228
8693,0.003321064170449972,0.0016758766723796725
8694,0.0033202888444066048,0.0016746454639360309
8695,0.003319523995742202,0.0016734201926738024
8696,0.0033187726512551308,0.0016721989959478378
8697,0.0033180038444697857,0.0016709738411009312
8698,0.003317242953926325,0.0016697465907782316
8699,0.003316483460366726,0.0016685293521732092
8700,0.0033157076686620712,0.0016673030331730843
8701,0.00331494165584445,0.0016660843975842
8702,0.003314186818897724,0.0016648676246404648
8703,0.0033134231343865395,0.0016636615619063377
8704,0.0033126743510365486,0.0016624229028820992
8705,0.003311912529170513,0.001661219634115696
8706,0.003311129519715905,0.0016599909868091345
8707,0.0033103623427450657,0.0016587732825428247
8708,0.003309598658233881,0.0016575739718973637
8709,0.003308849409222603,0.0016563429962843657
8710,0.003308080369606614,0.0016551327425986528
8711,0.0033073213417083025,0.0016539250500500202
8712,0.0033065543975681067,0.001652720384299755
8713,0.0033058009576052427,0.0016515133902430534
8714,0.0033050316851586103,0.0016502953367307782
8715,0.003304270561784506,0.0016490849666297436
8716,0.003303515026345849,0.0016478740144520998
8717,0.0033027613535523415,0.0016466695815324783
8718,0.0033019916154444218,0.0016454667784273624
8719,0.0033012256026268005,0.0016442688647657633
8720,0.0033004768192768097,0.001643056864850223
8721,0.003299716394394636,0.0016418511513620615
8722,0.0032989538740366697,0.0016406478825956583
8723,0.0032981866970658302,0.001639456721022725
8724,0.0032974197529256344,0.0016382485628128052
8725,0.0032966628205031157,0.0016370534431189299
8726,0.0032958907540887594,0.0016358518041670322
8727,0.0032951529137790203,0.0016346469055861235
8728,0.0032943887636065483,0.0016334567917510867
8729,0.003293624147772789,0.001632248517125845
8730,0.003292858600616455,0.001631073304452002
8731,0.0032921070232987404,0.0016298640985041857
8732,0.0032913440372794867,0.0016286687459796667
8733,0.003290572203695774,0.0016274829395115376
8734,0.003289812942966819,0.001626279205083847
8735,0.0032890511211007833,0.0016250961925834417
8736,0.0032882995437830687,0.0016239038668572903
8737,0.003287541912868619,0.0016227245796471834
8738,0.00328679196536541,0.0016215334180742502
8739,0.0032860166393220425,0.0016203472623601556
8740,0.003285258077085018,0.0016191627364605665
8741,0.003284506034106016,0.001617993344552815
8742,0.0032837416511029005,0.0016168083529919386
8743,0.0032829870469868183,0.0016156395431607962
8744,0.003282218473032117,0.0016144791152328253
8745,0.003281467827036977,0.0016133311437442899
8746,0.003280683420598507,0.0016122001688927412
8747,0.003279936034232378,0.0016110932920128107
8748,0.0032791735138744116,0.0016100147040560842
8749,0.0032784114591777325,0.0016089994460344315
8750,0.0032776473090052605,0.001608056714758277
8751,0.003276886884123087,0.0016072572907432914
8752,0.003276125295087695,0.001606649486348033
8753,0.0032753690611571074,0.0016063852235674858
8754,0.0032746067736297846,0.0016066342359408736
8755,0.0032738386653363705,0.0016076888423413038
8756,0.003273092908784747,0.0016100936336442828
8757,0.00327232014387846,0.0016146914567798376
8758,0.0032715676352381706,0.001622907817363739
8759,0.0032708104699850082,0.0016370218945667148
8760,0.0032700495794415474,0.0016611807513982058
8761,0.0032692966051399708,0.0017017221543937922
8762,0.003268535016104579,0.0017707734368741512
8763,0.0032677710987627506,0.0018858287949115038
8764,0.003267002757638693,0.0020824861712753773
8765,0.0032662467565387487,0.0024056164547801018
8766,0.003265493083745241,0.002953506074845791
8767,0.0032647233456373215,0.0038132553454488516
8768,0.003263968974351883,0.005193348042666912
8769,0.003263215534389019,0.007094033528119326
8770,0.0032624374143779278,0.00957589503377676
8771,0.0032616981770843267,0.011870615184307098
8772,0.00326091842725873,0.012797774747014046
8773,0.0032601612620055676,0.010832029394805431
8774,0.0032594031654298306,0.00663645239546895
8775,0.0032586443703621626,0.0026467638090252876
8776,0.0032578844111412764,0.0017221563030034304
8777,0.003257117234170437,0.0037183472886681557
8778,0.003256341675296426,0.005932996980845928
8779,0.00325560150668025,0.005937357433140278
8780,0.003254834795370698,0.0036811870522797108
8781,0.003254084847867489,0.0017858457285910845
8782,0.0032533304765820503,0.0020314145367592573
8783,0.0032525439746677876,0.0035307807847857475
8784,0.0032517951913177967,0.004167528823018074
8785,0.0032510270830243826,0.0031238356605172157
8786,0.0032502722460776567,0.0018530691741034389
8787,0.003249512054026127,0.0017347896937280893
8788,0.0032487523276358843,0.0025758249685168266
8789,0.003247994463890791,0.003064950928092003
8790,0.0032472219318151474,0.0025032085832208395
8791,0.003246464068070054,0.0017403560923412442
8792,0.0032457164488732815,0.0016862864140421152
8793,0.0032449422869831324,0.0021925424225628376
8794,0.0032441846560686827,0.002455123933032155
8795,0.0032434251625090837,0.0021144943311810493
8796,0.003242663573473692,0.0016641588881611824
8797,0.0032419019844383,0.0016433473210781813
8798,0.0032411236315965652,0.0019519546767696738
8799,0.003240380436182022,0.0021056311670690775
8800,0.003239610232412815,0.0019092101138085127
8801,0.003238857723772526,0.0016415545251220465
8802,0.0032380949705839157,0.001598752336576581
8803,0.003237335477024317,0.0017678712029010057
8804,0.003236565738916397,0.0018866579048335552
8805,0.0032358025200664997,0.0017941100522875786
8806,0.00323504232801497,0.001626688870601356
8807,0.003234290983527899,0.0015724466647952795
8808,0.0032335277646780014,0.001653186627663672
8809,0.003232771996408701,0.0017388550331816077
8810,0.003232005052268505,0.0017171641811728477
8811,0.003231255803257227,0.0016195225762203336
8812,0.0032304981723427773,0.0015592152485623956
8813,0.003229747759178281,0.0015857488615438342
8814,0.0032289931550621986,0.0016430887626484036
8815,0.0032282695174217224,0.0016573842149227858
8816,0.0032275367993861437,0.0016155773773789406
8817,0.003226816188544035,0.0015625974629074335
8818,0.0032261372543871403,0.0015498741995543242
8819,0.0032254867255687714,0.001577193383127451
8820,0.0032248888164758682,0.0016033347928896546
8821,0.0032243835739791393,0.0015991567634046078
8822,0.0032240303698927164,0.0015701672527939081
8823,0.0032238878775388002,0.0015442108269780874
8824,0.003224071813747287,0.0015421212883666158
8825,0.003224811051040888,0.0015581860207021236
8826,0.0032264061737805605,0.0015702062519267201
8827,0.003229405963793397,0.0015652240253984928
8828,0.003234610427170992,0.0015487158671021461
8829,0.0032434465829283,0.001534594688564539
8830,0.0032581875566393137,0.0015327287837862968
8831,0.003282449673861265,0.0015404821606352925
8832,0.0033224604558199644,0.0015469068894162774
8833,0.003387579694390297,0.0015449989587068558
8834,0.003493842203170061,0.001536314026452601
8835,0.0036630965769290924,0.0015274188481271267
8836,0.003930623643100262,0.0015240106731653214
8837,0.004329079296439886,0.0015264364192262292
8838,0.004898666404187679,0.0015300597297027707
8839,0.005597625859081745,0.001530469860881567
8840,0.006341950036585331,0.0015268342103809118
8841,0.006815695203840733,0.0015213139122352004
8842,0.006859981454908848,0.0015171775594353676
8843,0.006293100770562887,0.0015161605551838875
8844,0.005508501548320055,0.00151724717579782
8845,0.004720008932054043,0.0015181954950094223
8846,0.004257442895323038,0.001517418073490262
8847,0.004080819897353649,0.0015147862723097205
8848,0.004022525157779455,0.0015114910202100873
8849,0.003977665677666664,0.001509030000306666
8850,0.004129825625568628,0.0015079871518537402
8851,0.0048345779068768024,0.001507870852947235
8852,0.006111887749284506,0.0015078050782904029
8853,0.007432680577039719,0.0015070168301463127
8854,0.007406620774418116,0.0015053306706249714
8855,0.005852783098816872,0.0015032164519652724
8856,0.003842807374894619,0.0015013262163847685
8857,0.0033930346835404634,0.001499983947724104
8858,0.004655658733099699,0.0014992024516686797
8859,0.006727404426783323,0.0014986384194344282
8860,0.009449824690818787,0.0014978982508182526
8861,0.012204466387629509,0.001496788114309311
8862,0.012838085182011127,0.0014953558566048741
8863,0.007555311545729637,0.001493817544542253
8864,0.004344338551163673,0.0014924013521522284
8865,0.006859727669507265,0.001491229166276753
8866,0.009190427139401436,0.0014902872499078512
8867,0.009412707760930061,0.0014894170453771949
8868,0.008559930138289928,0.0014885165728628635
8869,0.006528420839458704,0.0014874630142003298
8870,0.00480751134455204,0.001486274879425764
8871,0.0035560489632189274,0.0014850182924419641
8872,0.004310260992497206,0.0014837738126516342
8873,0.004968678578734398,0.0014826123369857669
8874,0.005030352622270584,0.0014815328177064657
8875,0.004166548606008291,0.001480519538745284
8876,0.0034930501133203506,0.0014795406023040414
8877,0.0034290621988475323,0.0014785289531573653
8878,0.0037789519410580397,0.0014774708542972803
8879,0.004463205114006996,0.0014763843500986695
8880,0.00456425454467535,0.0014752557035535574
8881,0.004217988345772028,0.0014741156483069062
8882,0.00347731402143836,0.0014730035327374935
8883,0.0032887037377804518,0.001471922965720296
8884,0.003565543796867132,0.0014708716189488769
8885,0.004060175269842148,0.0014698313316330314
8886,0.004299278371036053,0.0014688028022646904
8887,0.004213488660752773,0.0014677642611786723
8888,0.003928215242922306,0.0014667072100564837
8889,0.003524669911712408,0.0014656527200713754
8890,0.0033109327778220177,0.00146458949893713
8891,0.0032715294510126114,0.0014635107945650816
8892,0.003480847692117095,0.0014624299947172403
8893,0.0036509050987660885,0.0014613636303693056
8894,0.0037489845417439938,0.001460302504710853
8895,0.00366023788228631,0.001459243125282228
8896,0.0034741414710879326,0.0014581925934180617
8897,0.003293721005320549,0.0014571521896868944
8898,0.003192909061908722,0.0014561079442501068
8899,0.0032347259111702442,0.0014550667256116867
8900,0.0033095197286456823,0.0014540191041305661
8901,0.0033871415071189404,0.0014529824256896973
8902,0.0033911527134478092,0.0014519225805997849
8903,0.0033608265221118927,0.0014508768217638135
8904,0.0032917652279138565,0.001449823146685958
8905,0.003221917198970914,0.0014487759908661246
8906,0.003179310355335474,0.0014477311633527279
8907,0.0031750299967825413,0.0014466829597949982
8908,0.0032081131357699633,0.0014456398785114288
8909,0.0032338984310626984,0.001444589113816619
8910,0.0032487218268215656,0.0014435530174523592
8911,0.0032347054220736027,0.0014425067929551005
8912,0.0032143068965524435,0.0014414723264053464
8913,0.0031878885347396135,0.0014404263347387314
8914,0.0031700790859758854,0.0014393797609955072
8915,0.0031639100052416325,0.0014383422676473856
8916,0.0031660613603889942,0.0014373029116541147
8917,0.003176394384354353,0.0014362660003826022
8918,0.0031822132878005505,0.001435228274203837
8919,0.0031862533651292324,0.0014341960195451975
8920,0.0031809937208890915,0.0014331588754430413
8921,0.003173402976244688,0.0014321282505989075
8922,0.003163768444210291,0.0014310944825410843
8923,0.003156903898343444,0.0014300565235316753
8924,0.0031543609220534563,0.0014290143735706806
8925,0.003154214471578598,0.0014279915485531092
8926,0.0031571551226079464,0.0014269553357735276
8927,0.003158573992550373,0.001425926573574543
8928,0.003160067368298769,0.0014248971128836274
8929,0.003159058978781104,0.0014238673029467463
8930,0.003157359082251787,0.0014228376094251871
8931,0.0031543190125375986,0.0014218146679922938
8932,0.0031506801024079323,0.0014207962667569518
8933,0.0031479517929255962,0.0014197800774127245
8934,0.003145928494632244,0.0014187796041369438
8935,0.003145634662359953,0.0014177784323692322
8936,0.0031452886760234833,0.0014167906483635306
8937,0.003145500086247921,0.0014158447738736868
8938,0.0031453801784664392,0.0014149313792586327
8939,0.003145286813378334,0.001414083642885089
8940,0.0031448593363165855,0.0014133381191641092
8941,0.0031437864527106285,0.0014127702452242374
8942,0.0031425654888153076,0.0014124567387625575
8943,0.003140924731269479,0.0014126108726486564
8944,0.003139595966786146,0.001413505058735609
8945,0.0031382739543914795,0.0014156867982819676
8946,0.0031372737139463425,0.0014200254809111357
8947,0.003136446699500084,0.0014280269388109446
8948,0.0031357244588434696,0.001442465465515852
8949,0.0031352487858384848,0.0014676930150017142
8950,0.0031347020994871855,0.0015125139616429806
8951,0.0031342904549092054,0.0015896214172244072
8952,0.0031336916144937277,0.0017266561044380069
8953,0.003133104182779789,0.0019569341093301773
8954,0.003132390324026346,0.00236079515889287
8955,0.003131571225821972,0.002992405788972974
8956,0.003130740951746702,0.004022770561277866
8957,0.003129874588921666,0.005363501142710447
8958,0.0031290396582335234,0.0071114664897322655
8959,0.003128139302134514,0.008722365833818913
8960,0.0031273039057850838,0.009545375593006611
8961,0.0031264745630323887,0.008925477974116802
8962,0.0031257031951099634,0.006531795021146536
8963,0.003124960232526064,0.0035659661516547203
8964,0.003124210052192211,0.0018000109121203423
8965,0.0031234906055033207,0.001661013811826706
8966,0.0031227755825966597,0.0028575286269187927
8967,0.0031220917589962482,0.004240122623741627
8968,0.0031213988550007343,0.004246287513524294
8969,0.0031207262072712183,0.0031385093461722136
8970,0.0031200421508401632,0.0019370440859347582
8971,0.0031193613540381193,0.001538383774459362
8972,0.003118685446679592,0.002004440873861313
8973,0.0031179897487163544,0.002754377434030175
8974,0.0031173238530755043,0.0028433429542928934
8975,0.0031166342087090015,0.002156921662390232
8976,0.003115967148914933,0.0015852870419621468
8977,0.003115299856290221,0.001530615147203207
8978,0.003114622086286545,0.0017512984341010451
8979,0.0031139804050326347,0.0021370435133576393
8980,0.0031133312731981277,0.0023501780815422535
8981,0.0031126919202506542,0.0021387385204434395
8982,0.003112092148512602,0.0017244729679077864
8983,0.003111520316451788,0.001508702989667654
8984,0.0031109682749956846,0.0014748831745237112
8985,0.0031105009838938713,0.0016231890767812729
8986,0.003110092133283615,0.0018198041943833232
8987,0.0031098010949790478,0.001756967161782086
8988,0.003109660465270281,0.0015353476628661156
8989,0.0031097109895199537,0.0014338965993374586
8990,0.003110055346041918,0.0014437403297051787
8991,0.003110777121037245,0.0015208072727546096
8992,0.0031121098436415195,0.0016288899350911379
8993,0.0031142509542405605,0.0016288059996441007
8994,0.003117627464234829,0.0015185705851763487
8995,0.0031227206345647573,0.0014365212991833687
8996,0.0031304778531193733,0.0013925440143793821
8997,0.003142039757221937,0.0013976851478219032
8998,0.0031593781895935535,0.0014612041413784027
8999,0.003184949979186058,0.0014992106007412076
9000,0.0032233325764536858,0.0014796366449445486
9001,0.0032795467413961887,0.0014405137626454234
9002,0.00336357019841671,0.0013947885017842054
9003,0.0034841406159102917,0.0013670593034476042
9004,0.0036608234513550997,0.0013840870233252645
9005,0.003900101874023676,0.0014112342614680529
9006,0.004227437544614077,0.0014222617028281093
9007,0.0046064844354987144,0.0014220720622688532
9008,0.005030614789575338,0.0014020060189068317
9009,0.005322495009750128,0.0013739855494350195
9010,0.0054268138483166695,0.0013619291130453348
9011,0.0051163374446332455,0.001362238428555429
9012,0.00455540232360363,0.0013681561686098576
9013,0.003873306792229414,0.0013804287882521749
9014,0.0033664186485111713,0.0013862651539966464
9015,0.0031266973819583654,0.001380279427394271
9016,0.00312605663202703,0.001371776103042066
9017,0.0033006835728883743,0.0013613259652629495
9018,0.003643875941634178,0.0013513476587831974
9019,0.004211201798170805,0.0013490045676007867
9020,0.004966874606907368,0.0013514366000890732
9021,0.005749127361923456,0.00135399482678622
9022,0.005963830277323723,0.0013574776239693165
9023,0.005469085648655891,0.0013587971916422248
9024,0.0043211570009589195,0.001355514395982027
9025,0.00338288233615458,0.001351265236735344
9026,0.0031030322425067425,0.0013467979151755571
9027,0.0034811110235750675,0.0013419650495052338
9028,0.004425562918186188,0.0013393675908446312
9029,0.0061122700572013855,0.0013389234663918614
9030,0.008852140046656132,0.0013388129882514477
9031,0.01116147916764021,0.001339472597464919
9032,0.01081233099102974,0.001340397633612156
9033,0.005925660487264395,0.0013399709714576602
9034,0.0035694788675755262,0.0013388844672590494
9035,0.006174623966217041,0.0013374420814216137
9036,0.010236749425530434,0.0013351538218557835
9037,0.014513235539197922,0.0013327701017260551
9038,0.016885200515389442,0.0013308650813996792
9039,0.013767980970442295,0.001329034916125238
9040,0.005778561811894178,0.001327546313405037
9041,0.006602223962545395,0.001326678553596139
9042,0.01319081149995327,0.0013259297702461481
9043,0.011793413199484348,0.0013252570061013103
9044,0.006890915799885988,0.0013248368632048368
9045,0.00406255479902029,0.0013243077555671334
9046,0.004275452345609665,0.0013235926162451506
9047,0.007515070494264364,0.0013229257892817259
9048,0.007044150028377771,0.0013220971450209618
9049,0.005315876565873623,0.0013210956240072846
9050,0.00332487840205431,0.0013201137771829963
9051,0.005038492847234011,0.0013190964236855507
9052,0.006158411502838135,0.0013179557863622904
9053,0.006273940205574036,0.0013168691657483578
9054,0.00470908684656024,0.0013158258516341448
9055,0.0035137543454766273,0.0013147317804396152
9056,0.003409812692552805,0.0013136675115674734
9057,0.004026270471513271,0.0013126806588843465
9058,0.004477379377931356,0.001311673317104578
9059,0.003882795572280884,0.0013107017148286104
9060,0.0034385358449071646,0.0013097861083224416
9061,0.003141718450933695,0.0013088859850540757
9062,0.003648200770840049,0.0013080144999548793
9063,0.003917431924492121,0.0013072268338873982
9064,0.004096552263945341,0.0013064753729850054
9065,0.003716557752341032,0.0013057957403361797
9066,0.003330005332827568,0.001305248006246984
9067,0.003187765832990408,0.0013048328692093492
9068,0.00335295544937253,0.0013046289095655084
9069,0.0036221789196133614,0.0013047540560364723
9070,0.003628201549872756,0.001305328798480332
9071,0.0035223292652517557,0.001306579215452075
9072,0.003233004827052355,0.0013088361592963338
9073,0.0031298217363655567,0.0013126636622473598
9074,0.0031182514503598213,0.0013187858276069164
9075,0.003273831680417061,0.0013286350294947624
9076,0.0033332554157823324,0.0013439110480248928
9077,0.0032937508076429367,0.0013682732824236155
9078,0.003170369192957878,0.0014056310756132007
9079,0.003073860425502062,0.0014653593534603715
9080,0.0030870651826262474,0.0015553152188658714
9081,0.0031366811599582434,0.0016981748631224036
9082,0.0032132379710674286,0.0019029940012842417
9083,0.00319947162643075,0.002214452251791954
9084,0.0031598268542438745,0.002607467584311962
9085,0.0030837191734462976,0.00312973209656775
9086,0.003060656599700451,0.0036162827163934708
9087,0.003072358202189207,0.004055159166455269
9088,0.003108710516244173,0.004186848644167185
9089,0.0031331046484410763,0.003975061699748039
9090,0.003122280817478895,0.0034071258269250393
9091,0.0030995733104646206,0.0026230928488075733
9092,0.0030634459108114243,0.0018806604202836752
9093,0.0030524665489792824,0.0014176813419908285
9094,0.0030499515123665333,0.0012989133829250932
9095,0.0030670962296426296,0.0014711051480844617
9096,0.0030765850096940994,0.0018271298613399267
9097,0.0030789400916546583,0.0022379648871719837
9098,0.003068455494940281,0.0026580309495329857
9099,0.003051913110539317,0.002916120458394289
9100,0.003041677176952362,0.003011135384440422
9101,0.0030369190499186516,0.0027272109873592854
9102,0.003044400829821825,0.0022177244536578655
9103,0.003049463266506791,0.0016718774568289518
9104,0.0030536421108990908,0.0013435049913823605
9105,0.003048926591873169,0.0013366419589146972
9106,0.0030426415614783764,0.0015668567502871156
9107,0.0030361530371010303,0.0018353629857301712
9108,0.003032418666407466,0.0019648349843919277
9109,0.0030327830463647842,0.0019240598194301128
9110,0.003033706219866872,0.0017481754766777158
9111,0.003036367241293192,0.001542883925139904
9112,0.003036065027117729,0.0013697908725589514
9113,0.0030352305620908737,0.001284461934119463
9114,0.003031875239685178,0.0012843572767451406
9115,0.0030288565903902054,0.0013440168695524335
9116,0.003026385325938463,0.0014361678622663021
9117,0.0030252246651798487,0.0015233211452141404
9118,0.0030256318859755993,0.0015813071513548493
9119,0.003025960875675082,0.0015882567968219519
9120,0.0030265306122601032,0.0015519943553954363
9121,0.003025592537596822,0.0014720000326633453
9122,0.0030243515502661467,0.0013839076273143291
9123,0.0030223438516259193,0.001310671796090901
9124,0.003020789474248886,0.0012695128098130226
9125,0.0030196867883205414,0.0012659614440053701
9126,0.0030189985409379005,0.001291855936869979
9127,0.003018762916326523,0.0013293756637722254
9128,0.003018356394022703,0.0013648639433085918
9129,0.0030180984176695347,0.0013935135211795568
9130,0.0030173850245773792,0.0014080379623919725
9131,0.0030166027136147022,0.0014118010876700282
9132,0.00301551865413785,0.0014040172100067139
9133,0.0030144467018544674,0.0013902292121201754
9134,0.0030134732369333506,0.0013688101898878813
9135,0.0030126459896564484,0.0013457003515213728
9136,0.003012072527781129,0.001321298535913229
9137,0.003011514665558934,0.0012985729845240712
9138,0.003011067397892475,0.0012787742307409644
9139,0.0030104557517915964,0.0012637842446565628
9140,0.0030098308343440294,0.001253168797120452
9141,0.003009074367582798,0.0012469643261283636
9142,0.0030082694720476866,0.0012448674533516169
9143,0.003007484134286642,0.0012455155374482274
9144,0.0030066766776144505,0.0012480844743549824
9145,0.0030059521086513996,0.0012524699559435248
9146,0.003005214035511017,0.0012583767529577017
9147,0.003004557453095913,0.001265746308490634
9148,0.0030039255507290363,0.001275623799301684
9149,0.0030033020302653313,0.001288686995394528
9150,0.003002685494720936,0.001306799240410328
9151,0.0030020500998944044,0.0013311112998053432
9152,0.003001370932906866,0.0013657028321176767
9153,0.0030006770975887775,0.0014107435708865523
9154,0.0029999923426657915,0.0014733831631019711
9155,0.002999261487275362,0.0015504384646192193
9156,0.0029985634610056877,0.0016524306265637279
9157,0.002997856354340911,0.0017650657100602984
9158,0.0029971557669341564,0.0019012055126950145
9159,0.002996469847857952,0.002022574422881007
9160,0.002995783928781748,0.0021420647390186787
9161,0.0029951303731650114,0.00219784677028656
9162,0.002994461916387081,0.002206812845543027
9163,0.002993796020746231,0.002122204750776291
9164,0.00299315364100039,0.001980696339160204
9165,0.002992494497448206,0.0017860285006463528
9166,0.0029918106738477945,0.0015902157174423337
9167,0.002991149201989174,0.0014184952015057206
9168,0.00299048307351768,0.001299333875067532
9169,0.0029898141510784626,0.0012372509809210896
9170,0.0029891454614698887,0.0012267365818843246
9171,0.002988466527312994,0.0012556023430079222
9172,0.0029877834022045135,0.0013133129104971886
9173,0.0029871235601603985,0.001397725660353899
9174,0.0029864476528018713,0.0015114357229322195
9175,0.0029857619665563107,0.0016762587474659085
9176,0.002985099796205759,0.001895054941996932
9177,0.002984418999403715,0.0022081921342760324
9178,0.002983739133924246,0.0025464389473199844
9179,0.0029830755665898323,0.0029142361599951982
9180,0.0029823966324329376,0.003088091965764761
9181,0.002981740515679121,0.0030559482984244823
9182,0.0029810620471835136,0.002733555855229497
9183,0.0029803821817040443,0.0022288926411420107
9184,0.002979719080030918,0.0017121469136327505
9185,0.002979040378704667,0.0013478794135153294
9186,0.0029783700592815876,0.0012281701201573014
9187,0.0029777060262858868,0.001320954062975943
9188,0.002977037336677313,0.0015346802538260818
9189,0.0029763553757220507,0.0017895224737003446
9190,0.0029756934382021427,0.00205434113740921
9191,0.002975027309730649,0.002255847444757819
9192,0.0029743583872914314,0.002428856212645769
9193,0.0029736848082393408,0.0024533497635275126
9194,0.0029730182141065598,0.0023525748401880264
9195,0.002972338581457734,0.002055617282167077
9196,0.0029716796707361937,0.0016875528963282704
9197,0.0029710065573453903,0.0013745345640927553
9198,0.002970343455672264,0.0012282920069992542
9199,0.0029696617275476456,0.0012655534083023667
9200,0.0029689990915358067,0.0014180990401655436
9201,0.0029683278407901525,0.0015850819181650877
9202,0.002967672422528267,0.0016832011751830578
9203,0.0029670014046132565,0.0016989740543067455
9204,0.002966327127069235,0.0016336191911250353
9205,0.0029656551778316498,0.0015366764273494482
9206,0.0029649995267391205,0.0014235212001949549
9207,0.0029643201269209385,0.0013273281510919333
9208,0.0029636663384735584,0.0012550381943583488
9209,0.0029629922937601805,0.001212119241245091
9210,0.0029623345471918583,0.0011973325163125992
9211,0.002961684251204133,0.0012056715786457062
9212,0.0029610448982566595,0.001228825538419187
9213,0.0029603950679302216,0.0012586837401613593
9214,0.002959786681458354,0.0012895241379737854
9215,0.0029592106584459543,0.0013145707780495286
9216,0.0029586900491267443,0.0013333649840205908
9217,0.0029582511633634567,0.0013424271019175649
9218,0.0029579773545265198,0.0013455050066113472
9219,0.002957938238978386,0.0013400532770901918
9220,0.002958322409540415,0.0013313221279531717
9221,0.0029593640938401222,0.0013173563638702035
9222,0.0029615939129143953,0.0013025617226958275
9223,0.0029657897539436817,0.0012854498345404863
9224,0.0029733306728303432,0.00126946484670043
9225,0.002986664418131113,0.0012536162976175547
9226,0.0030098287388682365,0.0012397798709571362
9227,0.003050261875614524,0.001227575121447444
9228,0.0031197313219308853,0.001217857119627297
9229,0.0032403774093836546,0.0012099645100533962
9230,0.0034436811693012714,0.0012042380403727293
9231,0.003788479370996356,0.001200131606310606
9232,0.004331341944634914,0.0011975880479440093
9233,0.005166626535356045,0.0011964088771492243
9234,0.006202707998454571,0.0011968595208600163
9235,0.007299392484128475,0.00119900016579777
9236,0.007586685009300709,0.0012036089319735765
9237,0.0068673025816679,0.0012114655692130327
9238,0.004994662012904882,0.0012245941907167435
9239,0.003458085237070918,0.0012450006324797869
9240,0.0030667143873870373,0.0012778487289324403
9241,0.0038307730574160814,0.0013274757657200098
9242,0.005671785678714514,0.0014063192065805197
9243,0.009111822582781315,0.0015210171695798635
9244,0.014576808549463749,0.0016981817316263914
9245,0.016246655955910683,0.0019344855099916458
9246,0.012249618768692017,0.0022698354441672564
9247,0.005283039063215256,0.0026334882713854313
9248,0.006764991208910942,0.0030435738153755665
9249,0.014617061242461205,0.003298521973192692
9250,0.022563809528946877,0.0033858336973935366
9251,0.03066743165254593,0.0031728341709822416
9252,0.018921826034784317,0.002715560607612133
9253,0.009933632798492908,0.002132382011041045
9254,0.01665482483804226,0.0015990004176273942
9255,0.015354972332715988,0.001263991231098771
9256,0.005272037349641323,0.001177569734863937
9257,0.007164805196225643,0.0012915878323838115
9258,0.021654285490512848,0.0015309442533180118
9259,0.06376131623983383,0.0018429409246891737
9260,0.11324066668748856,0.002162621822208166
9261,0.07433128356933594,0.002515664091333747
9262,0.05596035718917847,0.0027603188063949347
9263,0.08002635091543198,0.0028995503671467304
9264,0.09076225757598877,0.0026978966780006886
9265,0.06381724774837494,0.0022584230173379183
9266,0.011271605268120766,0.0017174168024212122
9267,0.03142289072275162,0.0013108716811984777
9268,0.06424964964389801,0.0011823914246633649
9269,0.057448066771030426,0.0013187278527766466
9270,0.05194950848817825,0.0015756350476294756
9271,0.030431926250457764,0.0017765614902600646
9272,0.028545968234539032,0.0018433198565617204
9273,0.022457493469119072,0.0017706389771774411
9274,0.017464138567447662,0.0016314138192683458
9275,0.023620320484042168,0.0014491004403680563
9276,0.023116715252399445,0.0012976487632840872
9277,0.030794106423854828,0.001199559192173183
9278,0.020011480897665024,0.0011563171865418553
9279,0.01928969845175743,0.0011630371445789933
9280,0.010322581976652145,0.0012091336539015174
9281,0.00783504731953144,0.0012701001251116395
9282,0.014978813007473946,0.001324809854850173
9283,0.013913174159824848,0.0013682801509276032
9284,0.01641671173274517,0.0013855549041181803
9285,0.010718164965510368,0.0013790831435471773
9286,0.009898457676172256,0.0013471728889271617
9287,0.008712945505976677,0.0013046864187344909
9288,0.005264323204755783,0.0012534470297396183
9289,0.007502554450184107,0.0012062144232913852
9290,0.006290223449468613,0.0011708064703270793
9291,0.008452417328953743,0.0011491579934954643
9292,0.00811154767870903,0.0011397618800401688
9293,0.006064807064831257,0.0011421376839280128
9294,0.00545257143676281,0.0011528871254995465
9295,0.00380235374905169,0.0011678379960358143
9296,0.004771326668560505,0.0011864929692819715
9297,0.0049852533265948296,0.0012082416797056794
9298,0.005495118908584118,0.0012336218496784568
9299,0.005408556200563908,0.001262581441551447
9300,0.004379989113658667,0.0013000316685065627
9301,0.004154901951551437,0.0013426383957266808
9302,0.0036994924303144217,0.00139650609344244
9303,0.003761001629754901,0.0014530045446008444
9304,0.003913800697773695,0.001518887816928327
9305,0.004099033307284117,0.0015737090725451708
9306,0.004051707684993744,0.0016241664998233318
9307,0.0039825476706027985,0.0016422650078311563
9308,0.0034006431233137846,0.0016401842003688216
9309,0.0034027392975986004,0.00159589818213135
9310,0.003236892633140087,0.001530634006485343
9311,0.0034663337282836437,0.0014410107396543026
9312,0.0035593784414231777,0.0013497758191078901
9313,0.0034965560771524906,0.0012646595714613795
9314,0.003460205625742674,0.0011988290352746844
9315,0.0031546391546726227,0.001153686549514532
9316,0.0032148505561053753,0.001129006501287222
9317,0.003095894819125533,0.0011210100492462516
9318,0.003214876167476177,0.0011256077559664845
9319,0.003232796210795641,0.0011400342918932438
9320,0.0031821979209780693,0.0011640917509794235
9321,0.0031849839724600315,0.0012015558313578367
9322,0.0030802844557911158,0.0012588613899424672
9323,0.0030821028631180525,0.001352168619632721
9324,0.003040756331756711,0.0014956321101635695
9325,0.0030653502326458693,0.001728258328512311
9326,0.003075103973969817,0.0020478996448218822
9327,0.003075889777392149,0.002502986928448081
9328,0.0030603138729929924,0.0029539940878748894
9329,0.003018478862941265,0.0033788676373660564
9330,0.0029996270313858986,0.003484487533569336
9331,0.0029968293383717537,0.003267983440309763
9332,0.0030071772634983063,0.0027460819110274315
9333,0.003011005697771907,0.0020600713323801756
9334,0.003011916298419237,0.0014683634508401155
9335,0.0029848956037312746,0.001160857849754393
9336,0.0029799598269164562,0.0011719318572431803
9337,0.0029634572565555573,0.0013929603155702353
9338,0.002965895924717188,0.0017107980092987418
9339,0.002970659639686346,0.0020442232489585876
9340,0.002966935746371746,0.0023830169811844826
9341,0.0029707718640565872,0.0025857537984848022
9342,0.0029549282044172287,0.0026981327682733536
9343,0.0029534068889915943,0.002521243877708912
9344,0.002942219842225313,0.0021374193020164967
9345,0.002944102045148611,0.0016361069865524769
9346,0.002947126515209675,0.0012488254578784108
9347,0.0029445758555084467,0.0011306593660265207
9348,0.0029461130034178495,0.0012681621592491865
9349,0.002936755772680044,0.001512220362201333
9350,0.002935333177447319,0.0016925523523241282
9351,0.0029317867010831833,0.0017302782507613301
9352,0.002932072151452303,0.0016215144423767924
9353,0.002932474948465824,0.0014518252573907375
9354,0.0029304802883416414,0.0012749175075441599
9355,0.002929907524958253,0.0011546676978468895
9356,0.0029262411408126354,0.001105404575355351
9357,0.002924998290836811,0.0011174193350598216
9358,0.002922843908891082,0.0011731293052434921
9359,0.002921967301517725,0.0012525486527010798
9360,0.002921612001955509,0.0013385929632931948
9361,0.002920681843534112,0.0014098735991865396
9362,0.002919401740655303,0.0014632812235504389
9363,0.0029175858944654465,0.0014714304124936461
9364,0.002916037803515792,0.0014432250754907727
9365,0.0029148743487894535,0.0013703571166843176
9366,0.0029144026339054108,0.0012803084682673216
9367,0.002913645002990961,0.0011896768119186163
9368,0.002912878291681409,0.0011238137958571315
9369,0.0029115485958755016,0.0010947596747428179
9370,0.0029104759451001883,0.0011001265374943614
9371,0.002909335307776928,0.0011286577209830284
9372,0.0029084566049277782,0.0011685186764225364
9373,0.0029079150408506393,0.0012116122525185347
9374,0.002907040063291788,0.001250139088369906
9375,0.0029064761474728584,0.00128728779964149
9376,0.002905400935560465,0.0013192857149988413
9377,0.0029045003466308117,0.0013540301006287336
9378,0.002903586719185114,0.00138272310141474
9379,0.002902803709730506,0.001412948127835989
9380,0.0029022935777902603,0.00142765196505934
9381,0.0029015340842306614,0.0014331985730677843
9382,0.0029009112622588873,0.0014116920065134764
9383,0.0028999936766922474,0.0013739055721089244
9384,0.002899209037423134,0.0013142232783138752
9385,0.0028984928503632545,0.0012484337203204632
9386,0.002897788304835558,0.001183641143143177
9387,0.0028972269501537085,0.0011319788172841072
9388,0.002896498655900359,0.0010969489812850952
9389,0.002895886544138193,0.00107942137401551
9390,0.0028951389249414206,0.0010766563937067986
9391,0.0028944460209459066,0.0010850782273337245
9392,0.002893781056627631,0.0011021265527233481
9393,0.002893134020268917,0.0011272977571934462
9394,0.002892567776143551,0.00116381561383605
9395,0.00289191328920424,0.0012162805069237947
9396,0.002891306299716234,0.001297820475883782
9397,0.002890641801059246,0.0014169883215799928
9398,0.0028900045435875654,0.0016024350188672543
9399,0.002889394061639905,0.001845748396590352
9400,0.002888789400458336,0.002178919268772006
9401,0.0028882231563329697,0.002495652297511697
9402,0.002887608716264367,0.002782979514449835
9403,0.0028870156966149807,0.0028306383173912764
9404,0.0028864149935543537,0.002654629060998559
9405,0.002885812893509865,0.0022514583542943
9406,0.0028852373361587524,0.0017552666831761599
9407,0.002884666668251157,0.0013324611354619265
9408,0.0028841025196015835,0.0011067172745242715
9409,0.002883529756218195,0.0011059409007430077
9410,0.0028829609509557486,0.0012606278760358691
9411,0.0028823900502175093,0.0014818015042692423
9412,0.00288182869553566,0.0017067550215870142
9413,0.0028812680393457413,0.0019294476369395852
9414,0.002880718559026718,0.002086788648739457
9415,0.002880163723602891,0.0022219300735741854
9416,0.0028796130791306496,0.002226285869255662
9417,0.002879075240343809,0.0021274257451295853
9418,0.002878516213968396,0.0018585998332127929
9419,0.00287797674536705,0.001524891471490264
9420,0.0028774342499673367,0.001233191229403019
9421,0.002876899903640151,0.0010857251472771168
9422,0.002876382088288665,0.0011036602081730962
9423,0.0028758449479937553,0.0012329944875091314
9424,0.002875324571505189,0.0013875907752662897
9425,0.0028747927863150835,0.001492275856435299
9426,0.0028742665890604258,0.001529620960354805
9427,0.0028737355023622513,0.0014935851795598865
9428,0.002873227233067155,0.0014254904817789793
9429,0.0028726987075060606,0.0013324182946234941
9430,0.0028721760027110577,0.0012452404480427504
9431,0.0028716677334159613,0.0011678508017212152
9432,0.0028711354825645685,0.0011096898233518004
9433,0.0028706411831080914,0.0010715294629335403
9434,0.0028701224364340305,0.00105377659201622
9435,0.002869624877348542,0.001053028041496873
9436,0.0028691072948276997,0.0010643962305039167
9437,0.002868607407435775,0.001083468203432858
9438,0.002868108218535781,0.0011062652338296175
9439,0.002867599483579397,0.0011308821849524975
9440,0.002867098432034254,0.0011552005307748914
9441,0.002866592723876238,0.001181960105895996
9442,0.0028660977259278297,0.0012094044359400868
9443,0.0028656008653342724,0.001242812373675406
9444,0.00286511005833745,0.001278173876926303
9445,0.0028646052815020084,0.0013226745650172234
9446,0.0028641170356422663,0.0013655514921993017
9447,0.002863627392798662,0.0014146409230306745
9448,0.002863130532205105,0.0014503180282190442
9449,0.0028626418206840754,0.0014797712210565805
9450,0.002862145658582449,0.0014789049746468663
9451,0.002861661370843649,0.0014587122714146972
9452,0.0028611780144274235,0.0014049815945327282
9453,0.0028606923297047615,0.0013364175101742148
9454,0.0028602175880223513,0.001254873932339251
9455,0.0028597202617675066,0.001178903505206108
9456,0.00285924575291574,0.0011149061610922217
9457,0.0028587672859430313,0.0010701768333092332
9458,0.0028582639060914516,0.0010445108637213707
9459,0.0028577898629009724,0.0010352673707529902
9460,0.0028573160525411367,0.0010384703055024147
9461,0.0028568278066813946,0.0010513095185160637
9462,0.002856358652934432,0.0010734295938163996
9463,0.0028558713383972645,0.0011072470806539059
9464,0.0028554063756018877,0.001161028048954904
9465,0.0028549388516694307,0.0012457086704671383
9466,0.0028544531669467688,0.001388572040013969
9467,0.002853973302990198,0.001608321093954146
9468,0.002853509271517396,0.001962995855137706
9469,0.0028530373238027096,0.002416477305814624
9470,0.0028525511734187603,0.003002848709002137
9471,0.0028520904015749693,0.0034335937816649675
9472,0.0028516121674329042,0.0036482939030975103
9473,0.0028511369600892067,0.0034133312292397022
9474,0.0028506757225841284,0.002803378039970994
9475,0.002850208431482315,0.002053522504866123
9476,0.0028497225139290094,0.0013847085647284985
9477,0.00284925801679492,0.001066210214048624
9478,0.002848798641934991,0.0011334189912304282
9479,0.002848304808139801,0.0014149409253150225
9480,0.0028478612657636404,0.0017525479197502136
9481,0.0028473944403231144,0.0021052646916359663
9482,0.0028469183016568422,0.0023591213393956423
9483,0.0028464552015066147,0.002527381991967559
9484,0.0028459932655096054,0.0024359894450753927
9485,0.0028455243445932865,0.00219037476927042
9486,0.002845050999894738,0.0017578494735062122
9487,0.002844595815986395,0.0013170242309570312
9488,0.0028441238682717085,0.0010660188272595406
9489,0.002843659371137619,0.0010937826009467244
9490,0.0028432069811969995,0.0013033882714807987
9491,0.0028427455108612776,0.001512882299721241
9492,0.0028422672767192125,0.0016003197524696589
9493,0.00284182233735919,0.0015356151852756739
9494,0.002841357374563813,0.0013819250743836164
9495,0.002840897999703884,0.0011987389298155904
9496,0.002840435365214944,0.001070547616109252
9497,0.0028399748262017965,0.0010232669301331043
9498,0.0028395187109708786,0.0010449542896822095
9499,0.0028390593361109495,0.0011143132578581572
9500,0.0028385953046381474,0.0012104809284210205
9501,0.002838134765625,0.0013170689344406128
9502,0.0028376602567732334,0.0014099646359682083
9503,0.0028372055385261774,0.001489618793129921
9504,0.002836755244061351,0.0015131609980016947
9505,0.0028362886514514685,0.0014867954887449741
9506,0.0028358306735754013,0.0013882516650483012
9507,0.0028353799134492874,0.0012597618624567986
9508,0.0028349109925329685,0.0011298197787255049
9509,0.002834465354681015,0.0010411094408482313
9510,0.00283399922773242,0.0010158998193219304
9511,0.002833543112501502,0.0010462451027706265
9512,0.0028330932836979628,0.0011040333192795515
9513,0.0028326171450316906,0.001163179287686944
9514,0.0028321766294538975,0.001211865688674152
9515,0.002831720281392336,0.0012384147848933935
9516,0.0028312504291534424,0.0012504591140896082
9517,0.002830806188285351,0.0012456475524231791
9518,0.0028303489089012146,0.0012371891643851995
9519,0.002829876961186528,0.0012192921712994576
9520,0.002829433884471655,0.0012001218274235725
9521,0.0028289759065955877,0.0011746924137696624
9522,0.0028285167645663023,0.0011483060661703348
9523,0.0028280625119805336,0.001117423758842051
9524,0.002827616408467293,0.0010879882611334324
9525,0.002827142830938101,0.0010601035319268703
9526,0.0028266985900700092,0.0010364314075559378
9527,0.002826242009177804,0.0010180110111832619
9528,0.0028257989324629307,0.0010058574844151735
9529,0.00282532861456275,0.0009989155223593116
9530,0.0028248783200979233,0.0009959625313058496
9531,0.0028244289569556713,0.0009962643962353468
9532,0.0028239646926522255,0.0009990765247493982
9533,0.002823527669534087,0.0010039291810244322
9534,0.0028230599127709866,0.0010113476309925318
9535,0.0028226105496287346,0.0010229641338810325
9536,0.002822151407599449,0.001040828530676663
9537,0.002821715548634529,0.0010694811353459954
9538,0.00282124150544405,0.0011142021976411343
9539,0.002820791443809867,0.0011869333684444427
9540,0.002820339985191822,0.0012955268612131476
9541,0.0028198810759931803,0.0014659907901659608
9542,0.0028194303158670664,0.0016949687851592898
9543,0.002818973269313574,0.0020175392273813486
9544,0.002818523906171322,0.0023508670274168253
9545,0.002818073146045208,0.0026962985284626484
9546,0.002817608416080475,0.0028377817943692207
9547,0.0028171627782285213,0.0027735745534300804
9548,0.002816705498844385,0.0024327270220965147
9549,0.00281626358628273,0.0019338560523465276
9550,0.0028157976921647787,0.001439718878827989
9551,0.002815351588651538,0.001101296511478722
9552,0.002814890816807747,0.0010038946056738496
9553,0.002814448904246092,0.0011121782008558512
9554,0.002813986036926508,0.0013236093800514936
9555,0.0028135310858488083,0.0015520977322012186
9556,0.0028130963910371065,0.0017723434139043093
9557,0.0028126428369432688,0.0019274287624284625
9558,0.0028121937066316605,0.0020524822175502777
9559,0.0028117303736507893,0.00206374516710639
9560,0.002811277750879526,0.002006747294217348
9561,0.002810819773003459,0.001801693462766707
9562,0.0028103566728532314,0.0015196714084595442
9563,0.0028099138289690018,0.0012308903969824314
9564,0.002809457713738084,0.0010412350529804826
9565,0.0028090104460716248,0.0009964753407984972
9566,0.0028085606172680855,0.0010749379871413112
9567,0.002808106131851673,0.0012099965242668986
9568,0.002807644195854664,0.0013287144247442484
9569,0.002807207638397813,0.0013961278600618243
9570,0.0028067349921911955,0.0013937348267063498
9571,0.002806291915476322,0.0013521085493266582
9572,0.0028058411553502083,0.0012775608338415623
9573,0.0028053985442966223,0.0012011324288323522
9574,0.0028049261309206486,0.0011261863401159644
9575,0.002804485149681568,0.0010653904173523188
9576,0.0028040267061442137,0.0010192503686994314
9577,0.002803574549034238,0.0009898338466882706
9578,0.0028031393885612488,0.0009755127830430865
9579,0.002802676986902952,0.0009736432693898678
9580,0.0028022124897688627,0.0009809100301936269
9581,0.0028017698787152767,0.000994333764538169
9582,0.002801313064992428,0.0010120307561010122
9583,0.0028008660301566124,0.00103268853854388
9584,0.0028004066552966833,0.0010576234199106693
9585,0.0027999524027109146,0.0010869522811844945
9586,0.002799510955810547,0.0011257503647357225
9587,0.002799056936055422,0.0011736064916476607
9588,0.0027985996566712856,0.0012399995466694236
9589,0.002798151457682252,0.0013190549798309803
9590,0.002797713503241539,0.0014238234143704176
9591,0.002797249937430024,0.0015300021041184664
9592,0.0027967914938926697,0.0016479440964758396
9593,0.002796327928081155,0.0017217068234458566
9594,0.0027958936989307404,0.0017580812564119697
9595,0.0027954408433288336,0.0017003208631649613
9596,0.0027949803043156862,0.001578479423187673
9597,0.0027945300098508596,0.0013974732719361782
9598,0.00279407761991024,0.0012138078454881907
9599,0.0027936180122196674,0.001065765623934567
9600,0.0027931653894484043,0.0009831637144088745
9601,0.0027927320916205645,0.0009688182035461068
9602,0.0027922680601477623,0.0010073768207803369
9603,0.0027918200939893723,0.0010787550127133727
9604,0.0027913618832826614,0.0011680579045787454
9605,0.002790904138237238,0.0012774730566889048
9606,0.0027904543094336987,0.0014060731045901775
9607,0.002790000755339861,0.0015860102139413357
9608,0.002789557445794344,0.001804189058020711
9609,0.0027890971396118402,0.002104636048898101
9610,0.002788649406284094,0.0023766588419675827
9611,0.0027881793212145567,0.002612215233966708
9612,0.0027877334505319595,0.0025877654552459717
9613,0.0027872661594301462,0.002337715355679393
9614,0.0027868393808603287,0.0018929213983938098
9615,0.002786374418064952,0.0014197109267115593
9616,0.0027859273832291365,0.0010828588856384158
9617,0.0027854691725224257,0.0009732869802974164
9618,0.0027850072365254164,0.001080602640286088
9619,0.0027845618315041065,0.0012905133189633489
9620,0.0027841301634907722,0.0014829927822574973
9621,0.0027836596127599478,0.0016022081254050136
9622,0.002783197909593582,0.0016661194385960698
9623,0.002782747382298112,0.0016395910643041134
9624,0.0027822963893413544,0.0015709077706560493
9625,0.0027818428352475166,0.0014514971990138292
9626,0.002781396033242345,0.0013274364173412323
9627,0.002780933864414692,0.001189517555758357
9628,0.002780492417514324,0.0010667473543435335
9629,0.002780020236968994,0.000985620659776032
9630,0.002779570408165455,0.0009559959871694446
9631,0.002779122442007065,0.000966947409324348
9632,0.002778673078864813,0.001006036764010787
9633,0.002778212074190378,0.0010598506778478622
9634,0.0027777671348303556,0.0011103390716016293
9635,0.002777306130155921,0.0011529232142493129
9636,0.002776853274554014,0.0011837293859571218
9637,0.002776401350274682,0.0012126155197620392
9638,0.0027759578078985214,0.0012326339492574334
9639,0.0027754902839660645,0.0012556960573419929
9640,0.0027750334702432156,0.001271533314138651
9641,0.0027745692059397697,0.0012885122559964657
9642,0.0027741158846765757,0.0012868699850514531
9643,0.002773669781163335,0.0012770888861268759
9644,0.0027732220478355885,0.0012437591794878244
9645,0.0027727666310966015,0.0011962596327066422
9646,0.002772317035123706,0.0011329337721690536
9647,0.002771853469312191,0.0010695429518818855
9648,0.0027714017778635025,0.0010128268040716648
9649,0.002770946593955159,0.0009709862060844898
9650,0.0027704848907887936,0.0009459097636863589
9651,0.0027700436767190695,0.0009370525367558002
9652,0.0027695773169398308,0.0009409495396539569
9653,0.0027691263239830732,0.0009542031912133098
9654,0.0027686823159456253,0.0009755421197041869
9655,0.0027682241052389145,0.001005695667117834
9656,0.0027677658945322037,0.0010500566568225622
9657,0.002767302095890045,0.0011159215355291963
9658,0.002766855526715517,0.0012234128080308437
9659,0.002766377991065383,0.0013857635203748941
9660,0.002765945391729474,0.0016483322251588106
9661,0.002765486016869545,0.001995278289541602
9662,0.0027650317642837763,0.002469442319124937
9663,0.002764567267149687,0.0028748062904924154
9664,0.002764107659459114,0.003164568217471242
9665,0.0027636587619781494,0.0030602840706706047
9666,0.002763215219601989,0.00262590148486197
9667,0.0027627490926533937,0.0020105564035475254
9668,0.0027622913476079702,0.001396328560076654
9669,0.002761832671239972,0.0010163842234760523
9670,0.002761388663202524,0.0009704832918941975
9671,0.00276092067360878,0.0011778060579672456
9672,0.0027604768984019756,0.0014566724421456456
9673,0.0027600224129855633,0.0016960803186520934
9674,0.0027595602441579103,0.0018502931343391538
9675,0.002759105060249567,0.0019393621478229761
9676,0.002758667105808854,0.0018724447581917048
9677,0.0027581900358200073,0.0017398834461346269
9678,0.0027577306609600782,0.0015255421167239547
9679,0.0027572731487452984,0.0012904134346172214
9680,0.00275681191124022,0.0010724010644480586
9681,0.00275636394508183,0.0009494409896433353
9682,0.002755899680778384,0.0009509362280368805
9683,0.0027554563712328672,0.001034387620165944
9684,0.0027550021186470985,0.0011379034258425236
9685,0.002754537621513009,0.0012190528213977814
9686,0.0027540740557014942,0.0012599441688507795
9687,0.002753622131422162,0.0012414018856361508
9688,0.0027531690429896116,0.001191538292914629
9689,0.0027527103666216135,0.0011235189158469439
9690,0.002752261236310005,0.0010589369339868426
9691,0.002751800464466214,0.0010006604716181755
9692,0.0027513380628079176,0.0009583883220329881
9693,0.002750881016254425,0.0009331826004199684
9694,0.002750418148934841,0.0009208777919411659
9695,0.002749965526163578,0.0009185537346638739
9696,0.002749504055827856,0.0009257651981897652
9697,0.002749051433056593,0.0009394057560712099
9698,0.002748586470261216,0.0009558930760249496
9699,0.002748134545981884,0.0009761962573975325
9700,0.002747675869613886,0.0010006865486502647
9701,0.0027472330257296562,0.0010306717595085502
9702,0.002746760379523039,0.0010656163794919848
9703,0.0027462965808808804,0.0011126267490908504
9704,0.002745842095464468,0.0011684794444590807
9705,0.002745385281741619,0.0012425093445926905
9706,0.002744918456301093,0.00132212252356112
9707,0.0027444662991911173,0.0014195959083735943
9708,0.002744015771895647,0.0015015628887340426
9709,0.002743555698543787,0.0015749899903312325
9710,0.0027431014459580183,0.0015892882365733385
9711,0.002742631593719125,0.0015586308436468244
9712,0.002742181997746229,0.0014536497183144093
9713,0.0027417135424911976,0.0013137315399944782
9714,0.0027412581257522106,0.001157716615125537
9715,0.002740801777690649,0.0010262089781463146
9716,0.0027403482235968113,0.0009411570499651134
9717,0.0027398925740271807,0.0009115135762840509
9718,0.0027394285425543785,0.0009287807042710483
9719,0.0027389670722186565,0.0009766975417733192
9720,0.0027385209687054157,0.0010435439180582762
9721,0.0027380473911762238,0.0011241200845688581
9722,0.002737590577453375,0.001228731358423829
9723,0.0027371253818273544,0.0013596999924629927
9724,0.0027366599533706903,0.0015538749285042286
9725,0.0027362052351236343,0.0017977745737880468
9726,0.0027357484214007854,0.0021363222040235996
9727,0.0027352843899279833,0.002441192278638482
9728,0.0027348333969712257,0.002695983275771141
9729,0.0027343593537807465,0.0026532814372330904
9730,0.002733915578573942,0.0023577942047268152
9731,0.002733446191996336,0.0018694715108722448
9732,0.002732987981289625,0.0013638201635330915
9733,0.0027325390838086605,0.0010180521057918668
9734,0.0027320696972310543,0.0009238339262083173
9735,0.0027316035702824593,0.0010606789728626609
9736,0.002731155604124069,0.0012919739820063114
9737,0.002730668056756258,0.001483548665419221
9738,0.0027302249800413847,0.0015850584022700787
9739,0.0027297628112137318,0.0016230696346610785
9740,0.0027292994782328606,0.0015619535697624087
9741,0.0027288487181067467,0.001455449964851141
9742,0.0027283865492790937,0.0013111288426443934
9743,0.0027279178611934185,0.0011786730028688908
9744,0.002727458020672202,0.0010522834490984678
9745,0.0027269984129816294,0.000954015995375812
9746,0.002726529724895954,0.0009066930506378412
9747,0.0027260729111731052,0.0009075479465536773
9748,0.0027256151661276817,0.0009358646348118782
9749,0.0027251532301306725,0.0009799194522202015
9750,0.002724680118262768,0.0010327709605917335
9751,0.0027242295909672976,0.0010785320773720741
9752,0.002723773941397667,0.0011158747365698218
9753,0.0027233052533119917,0.0011429168516770005
9754,0.0027228458784520626,0.0011709798127412796
9755,0.0027223783545196056,0.0011892426991835237
9756,0.0027219275943934917,0.0012078831205144525
9757,0.0027214561123400927,0.0012165281223133206
9758,0.002720999764278531,0.001222791150212288
9759,0.0027205392252653837,0.0012070820666849613
9760,0.0027200679760426283,0.0011818555649369955
9761,0.002719620708376169,0.0011377730406820774
9762,0.0027191471308469772,0.0010845116339623928
9763,0.0027186882216483355,0.0010238776449114084
9764,0.002718227682635188,0.0009696354973129928
9765,0.0027177552692592144,0.0009273797040805221
9766,0.0027172884438186884,0.0009000187274068594
9767,0.002716830000281334,0.0008868222357705235
9768,0.0027163708582520485,0.0008863864350132644
9769,0.002715911017730832,0.0008956006495282054
9770,0.00271543744020164,0.0009117412846535444
9771,0.0027149817906320095,0.0009355158545076847
9772,0.002714508678764105,0.0009696221095509827
9773,0.002714059315621853,0.0010218298994004726
9774,0.0027136006392538548,0.0011013047769665718
9775,0.0027131238020956516,0.0012339320965111256
9776,0.0027126744389533997,0.0014343776274472475
9777,0.0027122083120048046,0.001756718847900629
9778,0.0027117414865642786,0.0021644304506480694
9779,0.0027112835086882114,0.0026921783573925495
9780,0.00271081761457026,0.0030706070829182863
9781,0.0027103417087346315,0.003238933626562357
9782,0.002709881169721484,0.0029713043477386236
9783,0.002709403168410063,0.0023800241760909557
9784,0.00270896777510643,0.001703907735645771
9785,0.0027084844186902046,0.0011409298749640584
9786,0.0027080411091446877,0.0009038614807650447
9787,0.0027075642719864845,0.0010144456755369902
9788,0.0027070967480540276,0.0013012178242206573
9789,0.0027066348120570183,0.0015719683142378926
9790,0.0027061644941568375,0.0017609953647479415
9791,0.0027057048864662647,0.0018273110035806894
9792,0.002705237129703164,0.001801297883503139
9793,0.0027047765906900167,0.0016262608114629984
9794,0.002704306272789836,0.0014215935952961445
9795,0.0027038499247282743,0.00120505690574646
9796,0.0027033830992877483,0.001017494942061603
9797,0.002702905796468258,0.000900393002666533
9798,0.002702459692955017,0.0008914254722185433
9799,0.002701980760321021,0.0009626982500776649
9800,0.002701525343582034,0.0010520804207772017
9801,0.0027010529302060604,0.001125922193750739
9802,0.0027005760930478573,0.0011677027214318514
9803,0.00270013022236526,0.0011734638828784227
9804,0.002699656877666712,0.0011335391318425536
9805,0.0026991853956133127,0.0010816885624080896
9806,0.0026987213641405106,0.0010253970976918936
9807,0.002698265016078949,0.0009720427915453911
9808,0.0026977984234690666,0.0009257785859517753
9809,0.00269732135348022,0.0008958159596659243
9810,0.002696843584999442,0.000878789578564465
9811,0.0026963879354298115,0.0008696278091520071
9812,0.0026959283277392387,0.0008692825213074684
9813,0.0026954668574035168,0.0008774334564805031
9814,0.002694990485906601,0.0008890710305422544
9815,0.0026945332065224648,0.0009025473846122622
9816,0.002694058697670698,0.000921073486097157
9817,0.0026936125941574574,0.0009442984592169523
9818,0.002693125046789646,0.0009732894832268357
9819,0.0026926607824862003,0.0010102950036525726
9820,0.0026922046672552824,0.0010640280088409781
9821,0.0026917324867099524,0.0011317827738821507
9822,0.002691259840503335,0.0012266186531633139
9823,0.0026907918509095907,0.0013372028479352593
9824,0.002690326888114214,0.0014794319868087769
9825,0.0026898628566414118,0.0016080131754279137
9826,0.0026894002221524715,0.0017287805676460266
9827,0.0026889208238571882,0.001759795704856515
9828,0.002688454231247306,0.0017149739433079958
9829,0.0026879936922341585,0.00155276944860816
9830,0.0026875310577452183,0.001337325433269143
9831,0.0026870518922805786,0.0011151987127959728
9832,0.002686595544219017,0.0009487596107646823
9833,0.0026861168444156647,0.0008722307975403965
9834,0.0026856556069105864,0.0008863939438015223
9835,0.002685185056179762,0.0009614084847271442
9836,0.002684710780158639,0.001059765461832285
9837,0.002684239763766527,0.001162643195129931
9838,0.002683776430785656,0.0012586747761815786
9839,0.002683311002328992,0.001363584422506392
9840,0.0026828416157513857,0.0014622174203395844
9841,0.0026823710650205612,0.0015894832322373986
9842,0.0026819054037332535,0.0017020683735609055
9843,0.002681432757526636,0.0018189487745985389
9844,0.002680962672457099,0.0018451204523444176
9845,0.002680497244000435,0.0017915067728608847
9846,0.002680031582713127,0.0016035216394811869
9847,0.002679553348571062,0.0013536146143451333
9848,0.002679090015590191,0.001102956710383296
9849,0.0026786201633512974,0.0009280955418944359
9850,0.002678162883967161,0.0008647431386634707
9851,0.0026776809245347977,0.0009059563744813204
9852,0.002677211072295904,0.0010098839411512017
9853,0.002676756586879492,0.0011226291535422206
9854,0.002676268108189106,0.0012148056412115693
9855,0.0026758122257888317,0.0012729483423754573
9856,0.0026753379497677088,0.0013155796332284808
9857,0.002674860879778862,0.0013279335107654333
9858,0.0026743956841528416,0.0013370662927627563
9859,0.0026739188469946384,0.001324137207120657
9860,0.002673462498933077,0.0013070651330053806
9861,0.0026729858946055174,0.0012599453330039978
9862,0.0026725162751972675,0.0011965740704908967
9863,0.0026720601599663496,0.0011111274361610413
9864,0.0026715730782598257,0.0010239994153380394
9865,0.002671094611287117,0.0009434528765268624
9866,0.0026706333737820387,0.0008852393366396427
9867,0.0026701665483415127,0.0008542089490219951
9868,0.002669700188562274,0.0008487508166581392
9869,0.0026692224200814962,0.0008631506934762001
9870,0.0026687472127377987,0.0008909618481993675
9871,0.0026682752650231123,0.0009275698103010654
9872,0.002667801221832633,0.0009709180449135602
9873,0.0026673260144889355,0.001027789548970759
9874,0.0026668605860322714,0.0011024910490959883
9875,0.0026664049364626408,0.0012149496469646692
9876,0.002665918553248048,0.0013661314733326435
9877,0.0026654493995010853,0.0015924883773550391
9878,0.00266497815027833,0.001854108413681388
9879,0.002664499217644334,0.002169756917282939
9880,0.002664037747308612,0.002372864168137312
9881,0.002663567429408431,0.002442208118736744
9882,0.0026630940847098827,0.002235226798802614
9883,0.0026626121252775192,0.0018471761140972376
9884,0.00266215018928051,0.0014018142828717828
9885,0.002661685459315777,0.0010377629660069942
9886,0.0026612046640366316,0.000865529349539429
9887,0.002660743659362197,0.0009049515938386321
9888,0.0026602628640830517,0.001079153036698699
9889,0.002659783698618412,0.0012707544956356287
9890,0.002659306162968278,0.001410962431691587
9891,0.0026588409673422575,0.0014770209090784192
9892,0.0026583638973534107,0.001495051197707653
9893,0.0026578980032354593,0.001434576464816928
9894,0.002657415345311165,0.0013485979288816452
9895,0.002656945725902915,0.0012353041674941778
9896,0.002656481694430113,0.0011238658335059881
9897,0.0026559969410300255,0.0010099313221871853
9898,0.0026555368676781654,0.0009167444077320397
9899,0.002655060961842537,0.0008602400775998831
9900,0.0026545817963778973,0.0008407026180066168
9901,0.002654116600751877,0.0008485035505145788
9902,0.002653640229254961,0.000877226353622973
9903,0.0026531622279435396,0.0009197735344059765
9904,0.002652693074196577,0.000964919978287071
9905,0.0026522204279899597,0.0010115972254425287
9906,0.0026517335791140795,0.0010586325079202652
9907,0.0026512681506574154,0.0011162413284182549
9908,0.0026507920119911432,0.0011777363251894712
9909,0.002650327980518341,0.0012578737223520875
9910,0.002649834379553795,0.001339548034593463
9911,0.0026493698824197054,0.0014355427119880915
9912,0.0026489058509469032,0.001496356213465333
9913,0.0026484185364097357,0.0015321807004511356
9914,0.0026479517109692097,0.0014888654695823789
9915,0.0026474823243916035,0.001387609401717782
9916,0.002647006418555975,0.0012276016641408205
9917,0.002646526088938117,0.0010587662691250443
9918,0.0026460520457476377,0.0009213497396558523
9919,0.002645589644089341,0.0008462214027531445
9920,0.0026450995355844498,0.0008367417030967772
9921,0.0026446296833455563,0.0008772889268584549
9922,0.0026441600639373064,0.0009460169821977615
9923,0.002643684856593609,0.0010236368980258703
9924,0.002643223386257887,0.001105414004996419
9925,0.0026427723933011293,0.0011846807319670916
9926,0.002642302541062236,0.001280402997508645
9927,0.002641860628500581,0.0013832191471010447
9928,0.002641403116285801,0.0015217382460832596
9929,0.0026409828569740057,0.001653956132940948
9930,0.0026405893731862307,0.0017963602440431714
9931,0.0026402296498417854,0.0018504559993743896
9932,0.0026399276684969664,0.0018245921237394214
9933,0.0026397290639579296,0.001655058586038649
9934,0.002639677142724395,0.0014077213127166033
9935,0.002639851300045848,0.0011410575825721025
9936,0.002640414284542203,0.0009343203855678439
9937,0.002641540952026844,0.000837326399050653
9938,0.0026436271145939827,0.0008550880011171103
9939,0.002647231798619032,0.0009495748090557754
9940,0.002653297036886215,0.0010661787819117308
9941,0.0026633795350790024,0.0011708419770002365
9942,0.0026801517233252525,0.0012461226433515549
9943,0.0027076569385826588,0.0013054270530119538
9944,0.002753250300884247,0.0013318660203367472
9945,0.002827705815434456,0.0013540631625801325
9946,0.0029508862644433975,0.0013505732640624046
9947,0.0031485252548009157,0.0013417283771559596
9948,0.0034683882258832455,0.0012963206972926855
9949,0.003950083162635565,0.0012290894519537687
9950,0.004663141444325447,0.001131566008552909
9951,0.005535381380468607,0.0010287781478837132
9952,0.006468525622040033,0.0009319139644503593
9953,0.006853159517049789,0.0008611930534243584
9954,0.006419572979211807,0.00082390196621418
9955,0.004900029394775629,0.0008188019273802638
9956,0.0033658756874501705,0.0008383366512134671
9957,0.0026940717361867428,0.0008734562434256077
9958,0.0031144830863922834,0.0009176181047223508
9959,0.0043872506357729435,0.0009668107377365232
9960,0.0065422262996435165,0.0010274628875777125
9961,0.010165685787796974,0.0011021249229088426
9962,0.01426776498556137,0.0012101895408704877
9963,0.015439539216458797,0.0013473589206114411
9964,0.008118506520986557,0.0015450052451342344
9965,0.0038973945192992687,0.0017593208467587829
9966,0.007748542819172144,0.0020052657928317785
9967,0.010301116853952408,0.002144881524145603
9968,0.009317541494965553,0.0021692984737455845
9969,0.005925459787249565,0.0019773300737142563
9970,0.0036242143251001835,0.001649696147069335
9971,0.0027244205120950937,0.0012804982252418995
9972,0.0036269151605665684,0.0009812427451834083
9973,0.0049355849623680115,0.0008335296297445893
9974,0.005644963588565588,0.0008523368160240352
9975,0.004792877472937107,0.0009847121546044946
9976,0.003373661544173956,0.0011446611024439335
9977,0.002816968597471714,0.0012743114493787289
9978,0.0036487446632236242,0.0013508140109479427
9979,0.004441490396857262,0.0013941051438450813
9980,0.004657883197069168,0.0013800840824842453
9981,0.004108931869268417,0.0013449760153889656
9982,0.0033908088225871325,0.001274497015401721
9983,0.0028041359037160873,0.0011985645396634936
9984,0.002703230595216155,0.0011020840611308813
9985,0.002976231276988983,0.0010025607189163566
9986,0.0033497102558612823,0.0009127391967922449
9987,0.003521053120493889,0.0008492646156810224
9988,0.003368641482666135,0.0008142172591760755
9989,0.0030420846305787563,0.0008063654531724751
9990,0.0027335211634635925,0.0008216577116400003
9991,0.0026455423794686794,0.0008523011347278953
9992,0.0027507382910698652,0.0008908635354600847
9993,0.002951261354610324,0.0009329055901616812
9994,0.0030737677589058876,0.0009831482311710715
9995,0.003089240053668618,0.0010412593837827444
9996,0.002980198245495558,0.0011199326254427433
9997,0.0028363983146846294,0.001217177021317184
9998,0.002693191170692444,0.0013556447811424732
9999,0.0026298186276108027,0.0015079238219186664
10000,0.002631796058267355,0.0016922128852456808
10001,0.0026769358664751053,0.0014637734275311232
10002,0.0026631182990968227,0.0009428308694623411
10003,0.002625551540404558,0.0008395739714615047
10004,0.0026167831383645535,0.0011654321569949389
10005,0.002645338885486126,0.0013221402186900377
10006,0.0026504257693886757,0.0010665787849575281
10007,0.002626416040584445,0.000814800790976733
10008,0.002611967269331217,0.0008997299592010677
10009,0.0026224562898278236,0.001105010975152254
10010,0.0026346638333052397,0.0010858086170628667
10011,0.0026229042559862137,0.0008857526700012386
10012,0.002610233146697283,0.0008000934612937272
10013,0.002611297182738781,0.0008993403753265738
10014,0.002622275147587061,0.001001009251922369
10015,0.002618697937577963,0.0009702187380753458
10016,0.0026085039135068655,0.0008519281400367618
10017,0.002605011221021414,0.0007926906109787524
10018,0.0026116142980754375,0.0008429308654740453
10019,0.0026142308488488197,0.0009137340821325779
10020,0.0026082037948071957,0.0009119577007368207
10021,0.0026028126012533903,0.0008455328061245382
10022,0.002603792818263173,0.0007948625134304166
10023,0.002607769798487425,0.0008036436629481614
10024,0.0026060754898935556,0.0008463484700769186
10025,0.002602029824629426,0.0008653689292259514
10026,0.0026001431979238987,0.0008375040488317609
10027,0.002602433552965522,0.0007987213903106749
10028,0.0026028999127447605,0.0007886527455411851
10029,0.0026006679981946945,0.0008078764658421278
10030,0.0025981904473155737,0.0008280258043669164
10031,0.002598429098725319,0.000825598428491503
10032,0.0025995466858148575,0.0008042794652283192
10033,0.0025988733395934105,0.0007865626248531044
10034,0.0025969557464122772,0.0007878093747422099
10035,0.002595755271613598,0.0008006175048649311
10036,0.0025962640065699816,0.0008084747241809964
10037,0.00259642256423831,0.000803815433755517
10038,0.0025955659803003073,0.000791385886259377
10039,0.0025941128842532635,0.0007827429217286408
10040,0.002593726385384798,0.0007841001497581601
10041,0.0025938302278518677,0.0007909508422017097
10042,0.0025936351157724857,0.0007950184517540038
10043,0.0025926860980689526,0.0007925567333586514
10044,0.0025918479077517986,0.0007860006298869848
10045,0.00259155360981822,0.0007805750938132405
10046,0.0025914518628269434,0.0007799620507284999
10047,0.0025910206604748964,0.0007830057293176651
10048,0.0025902288034558296,0.0007857265300117433
10049,0.0025896455626934767,0.0007855712901800871
10050,0.002589351963251829,0.000782632443588227
10051,0.0025891505647450686,0.000779030320700258
10052,0.002588605508208275,0.000777128676418215
10053,0.002587977098301053,0.0007775499834679067
10054,0.00258746393956244,0.0007790179806761444
10055,0.0025871824473142624,0.0007798221777193248
10056,0.00258683692663908,0.0007792078540660441
10057,0.0025863402988761663,0.0007773861871100962
10058,0.0025857798755168915,0.0007754790131002665
10059,0.0025853393599390984,0.0007744815666228533
10060,0.002584989182651043,0.0007744958274997771
10061,0.0025846115313470364,0.0007749819196760654
10062,0.002584138885140419,0.0007752594538033009
10063,0.0025836341083049774,0.0007748928037472069
10064,0.002583203837275505,0.0007739158463664353
10065,0.002582812448963523,0.0007727985503152013
10066,0.0025824198964983225,0.0007719593122601509
10067,0.0025819605216383934,0.0007715531392022967
10068,0.002581495326012373,0.0007715002866461873
10069,0.002581067616119981,0.000771536841057241
10070,0.002580665983259678,0.0007713761297054589
10071,0.002580266911536455,0.0007709444616921246
10072,0.0025798233691602945,0.0007702981820330024
10073,0.0025793747045099735,0.0007696152897551656
10074,0.002578937215730548,0.0007690322818234563
10075,0.002578540239483118,0.000768643687479198
10076,0.0025781188160181046,0.000768396770581603
10077,0.0025776783004403114,0.0007682108553126454
10078,0.002577248029410839,0.0007679780828766525
10079,0.002576824277639389,0.0007676352979615331
10080,0.002576406579464674,0.0007672097999602556
10081,0.0025759900454431772,0.0007667296449653804
10082,0.002575572580099106,0.0007662501884624362
10083,0.0025751269422471523,0.0007658180547878146
10084,0.0025746794417500496,0.000765460601542145
10085,0.0025742719881236553,0.0007651406340301037
10086,0.002573847770690918,0.0007648573955520988
10087,0.002573437290266156,0.0007645631558261812
10088,0.00257300422526896,0.0007642338750883937
10089,0.0025725681334733963,0.0007638795068487525
10090,0.002572151832282543,0.0007635054644197226
10091,0.002571717370301485,0.0007631162297911942
10092,0.0025713080540299416,0.0007627300219610333
10093,0.002570881275460124,0.0007623467827215791
10094,0.002570447977632284,0.0007619898533448577
10095,0.002570027019828558,0.0007616583607159555
10096,0.002569608623161912,0.0007613205816596746
10097,0.0025691778864711523,0.0007610026514157653
10098,0.002568757627159357,0.0007606769213452935
10099,0.002568327123299241,0.0007603435078635812
10100,0.002567895222455263,0.0007600113749504089
10101,0.002567486371845007,0.0007596637005917728
10102,0.002567065879702568,0.0007593212649226189
10103,0.0025666316505521536,0.0007589666056446731
10104,0.002566216979175806,0.0007586136925965548
10105,0.0025657755322754383,0.0007582631078548729
10106,0.002565358765423298,0.0007579152006655931
10107,0.002564931521192193,0.00075758364982903
10108,0.0025645075365900993,0.0007572423201054335
10109,0.0025640875101089478,0.0007569094887003303
10110,0.0025636570062488317,0.0007565784617327154
10111,0.0025632288306951523,0.0007562492974102497
10112,0.0025628134608268738,0.0007559164077974856
10113,0.0025623892433941364,0.0007555842166766524
10114,0.0025619526859372854,0.000755262328311801
10115,0.002561535919085145,0.0007549221045337617
10116,0.0025611065793782473,0.0007545884000137448
10117,0.002560677705332637,0.0007542644161731005
10118,0.002560250461101532,0.0007539266371168196
10119,0.0025598385836929083,0.0007536013144999743
10120,0.0025593943428248167,0.0007532693562097847
10121,0.0025589745491743088,0.0007529357681050897
10122,0.0025585549883544445,0.0007526063127443194
10123,0.0025581358931958675,0.0007522836676798761
10124,0.0025577074848115444,0.000751950079575181
10125,0.002557280706241727,0.0007516293553635478
10126,0.002556848805397749,0.0007513017044402659
10127,0.0025564278475940228,0.0007509752176702023
10128,0.0025560096837580204,0.0007506644469685853
10129,0.002555573359131813,0.000750345119740814
10130,0.0025551493745297194,0.0007500295178033412
10131,0.002554715145379305,0.0007497190963476896
10132,0.002554291160777211,0.000749419501516968
10133,0.0025538746267557144,0.0007491339929401875
10134,0.0025534434244036674,0.0007488543633371592
10135,0.0025530196726322174,0.0007485985406674445
10136,0.0025525952223688364,0.0007483820663765073
10137,0.002552164252847433,0.000748215417843312
10138,0.002551738638430834,0.0007481312495656312
10139,0.00255131209269166,0.0007481531938537955
10140,0.0025508881080895662,0.0007483701920136809
10141,0.0025504562072455883,0.0007488643168471754
10142,0.0025500229094177485,0.000749815721064806
10143,0.002549591939896345,0.0007514744647778571
10144,0.0025491653941571712,0.000754311797209084
10145,0.0025487374514341354,0.0007589648012071848
10146,0.002548329532146454,0.0007667364552617073
10147,0.0025478992611169815,0.0007793277618475258
10148,0.0025474606081843376,0.0008003670955076814
10149,0.002547044539824128,0.0008340626955032349
10150,0.0025466247461736202,0.0008904756396077573
10151,0.002546191681176424,0.0009781904518604279
10152,0.0025457642041146755,0.0011223655892536044
10153,0.0025453371927142143,0.001326737110503018
10154,0.0025449113454669714,0.0016326415352523327
10155,0.002544478513300419,0.0019599979277700186
10156,0.0025440510362386703,0.002300435211509466
10157,0.002543625421822071,0.002359311329200864
10158,0.002543199108913541,0.00212751142680645
10159,0.0025427532382309437,0.0015847363974899054
10160,0.0025423397310078144,0.001054630964063108
10161,0.0025419057346880436,0.0007986943237483501
10162,0.0025414854753762484,0.0008790639694780111
10163,0.0025410514790564775,0.0011616810224950314
10164,0.002540626097470522,0.0014054534258320928
10165,0.002540189540013671,0.0014120291452854872
10166,0.0025397685822099447,0.0012027223128825426
10167,0.002539335750043392,0.000950268586166203
10168,0.0025389003567397594,0.0007946984842419624
10169,0.0025384831242263317,0.0007757338462397456
10170,0.002538049593567848,0.0008708415552973747
10171,0.0025376195553690195,0.0010253784712404013
10172,0.0025371932424604893,0.0011732291895896196
10173,0.0025367652997374535,0.0012533641420304775
10174,0.0025363455060869455,0.0012913309037685394
10175,0.0025359136052429676,0.001261879806406796
10176,0.0025354712270200253,0.0011853735195472836
10177,0.0025350458454340696,0.001054492429830134
10178,0.00253461766988039,0.0009199888445436954
10179,0.002534189261496067,0.000807702774181962
10180,0.0025337697006762028,0.0007496264879591763
10181,0.0025333333760499954,0.0007549793226644397
10182,0.0025328996125608683,0.0008039309759624302
10183,0.0025324656162410975,0.0008616105769760907
10184,0.0025320397689938545,0.0008994071395136416
10185,0.002531619742512703,0.0009094048291444778
10186,0.002531190402805805,0.0008875226485542953
10187,0.0025307408068329096,0.0008488218882121146
10188,0.0025303191505372524,0.0008063035784289241
10189,0.002529890276491642,0.0007718013366684318
10190,0.0025294539518654346,0.0007478128536604345
10191,0.0025290311314165592,0.0007367428625002503
10192,0.0025285985320806503,0.0007376299472525716
10193,0.002528165467083454,0.0007464003865607083
10194,0.0025277298409491777,0.0007601847755722702
10195,0.002527305856347084,0.0007783154724165797
10196,0.0025268779136240482,0.0008009826997295022
10197,0.0025264539290219545,0.0008274437859654427
10198,0.0025260173715651035,0.0008620432927273214
10199,0.002525575924664736,0.0009047893108800054
10200,0.00252516265027225,0.0009631075663492084
10201,0.0025247232988476753,0.0010305711766704917
10202,0.002524293726310134,0.0011183636961504817
10203,0.002523863920941949,0.0012021291768178344
10204,0.002523429226130247,0.0012871348299086094
10205,0.0025229949969798326,0.001319361268542707
10206,0.002522570313885808,0.001303675933741033
10207,0.0025221314281225204,0.0011981949210166931
10208,0.002521698595955968,0.0010474304435774684
10209,0.0025212643668055534,0.0008861630922183394
10210,0.002520844107493758,0.0007742908783257008
10211,0.002520411740988493,0.0007400005706585944
10212,0.002519978443160653,0.000776843458879739
10213,0.0025195488706231117,0.0008501417469233274
10214,0.002519110683351755,0.0009172513382509351
10215,0.0025186687707901,0.0009548960952088237
10216,0.002518236404284835,0.0009542314219288528
10217,0.0025178061332553625,0.0009300615638494492
10218,0.002517376560717821,0.0008878739317879081
10219,0.002516940701752901,0.0008447700529359281
10220,0.002516519743949175,0.0008054921054281294
10221,0.002516073640435934,0.0007755906553938985
10222,0.002515650587156415,0.000753736007027328
10223,0.002515214029699564,0.0007395874708890915
10224,0.002514776075258851,0.0007314874092116952
10225,0.0025143413804471493,0.0007272787042893469
10226,0.002513917163014412,0.0007254572119563818
10227,0.002513476647436619,0.0007256192620843649
10228,0.0025130577851086855,0.0007273956434801221
10229,0.0025126261170953512,0.0007304893806576729
10230,0.0025121758226305246,0.000735555833671242
10231,0.002511759288609028,0.0007438975153490901
10232,0.00251131784170866,0.0007576193893328309
10233,0.002510883379727602,0.0007797186262905598
10234,0.0025104526430368423,0.000817144347820431
10235,0.002510011661797762,0.0008777005132287741
10236,0.0025095788296312094,0.000980312586762011
10237,0.002509149955585599,0.0011374677997082472
10238,0.0025087124668061733,0.0013916329480707645
10239,0.0025082824286073446,0.001722850021906197
10240,0.0025078440085053444,0.0021659452468156815
10241,0.0025074034929275513,0.002502669347450137
10242,0.002506974386051297,0.0026676803827285767
10243,0.002506539225578308,0.0023696362040936947
10244,0.002506103366613388,0.001783175626769662
10245,0.0025056723970919847,0.0011796180624514818
10246,0.0025052365381270647,0.0008177484851330519
10247,0.0025047985836863518,0.0008081733831204474
10248,0.002504369243979454,0.001074432861059904
10249,0.0025039303582161665,0.0013840324245393276
10250,0.002503497526049614,0.0015065573388710618
10251,0.0025030672550201416,0.0013696460518985987
10252,0.0025026327930390835,0.0011105648009106517
10253,0.0025021997280418873,0.0008823967655189335
10254,0.002501743845641613,0.0007526979316025972
10255,0.002501322655007243,0.0007611897890456021
10256,0.0025008786469697952,0.0008910443284548819
10257,0.002500449772924185,0.0010619425447657704
10258,0.0025000167079269886,0.001220541656948626
10259,0.002499579917639494,0.001330927712842822
10260,0.0024991468526422977,0.0014121833955869079
10261,0.0024987226352095604,0.001401407178491354
10262,0.0024982725735753775,0.0013219175161793828
10263,0.0024978320579975843,0.0011554614175111055
10264,0.002497402485460043,0.0009662478696554899
10265,0.0024969654623419046,0.0008025615243241191
10266,0.0024965303018689156,0.0007300631259568036
10267,0.002496085362508893,0.0007542837411165237
10268,0.002495652064681053,0.0008312785648740828
10269,0.00249521154910326,0.0009097171714529395
10270,0.0024947812780737877,0.0009465230978094041
10271,0.00249433983117342,0.000928558292798698
10272,0.002493913285434246,0.0008676083525642753
10273,0.002493488136678934,0.000801004352979362
10274,0.00249303737655282,0.0007495068130083382
10275,0.0024926005862653255,0.0007217153906822205
10276,0.0024921721778810024,0.0007193618221208453
10277,0.002491723746061325,0.0007390574319288135
10278,0.002491286490112543,0.0007707866025157273
10279,0.002490855287760496,0.0008063000859692693
10280,0.0024904273450374603,0.0008467903826385736
10281,0.0024899905547499657,0.0008896899526007473
10282,0.0024895407259464264,0.0009390757768414915
10283,0.0024891290813684464,0.000990167842246592
10284,0.002488690661266446,0.0010536052286624908
10285,0.0024882801808416843,0.0011097377864643931
10286,0.002487853169441223,0.0011664200574159622
10287,0.002487460384145379,0.0011873317416757345
10288,0.0024870713241398335,0.0011800111969932914
10289,0.002486703684553504,0.0011120557319372892
10290,0.002486382145434618,0.0010079997591674328
10291,0.0024861276615411043,0.0008832356543280184
10292,0.0024859600234776735,0.0007801646715961397
10293,0.002485934179276228,0.0007237528916448355
10294,0.002486158860847354,0.00072140758857131
10295,0.002486739307641983,0.0007591992034576833
10296,0.0024879262782633305,0.0008124434389173985
10297,0.002490078564733267,0.0008605306502431631
10298,0.002493809210136533,0.000888667069375515
10299,0.002500074915587902,0.0008989193011075258
10300,0.002510561142116785,0.000891082629095763
10301,0.0025278690736740828,0.0008769838605076075
10302,0.0025566681288182735,0.0008571056532673538
10303,0.0026040147058665752,0.0008398089557886124
10304,0.0026828604750335217,0.000823425070848316
10305,0.002811185084283352,0.0008121083374135196
10306,0.003022323129698634,0.0008033280028030276
10307,0.0033525582402944565,0.0007994189509190619
10308,0.0038671877700835466,0.0007981701637618244
10309,0.004572732839733362,0.0008018393418751657
10310,0.005476670805364847,0.0008084438741207123
10311,0.0062338802963495255,0.0008210804080590606
10312,0.006537976209074259,0.000837863830383867
10313,0.0057177236303687096,0.0008634025580249727
10314,0.004245308227837086,0.0008949486073106527
10315,0.002902330830693245,0.0009397374233230948
10316,0.0025472845882177353,0.0009914349066093564
10317,0.003199703758582473,0.0010601498652249575
10318,0.004618002101778984,0.001129543874412775
10319,0.006995240226387978,0.0012101840693503618
10320,0.010428537614643574,0.0012669163988903165
10321,0.013819518499076366,0.001307755010202527
10322,0.011344779282808304,0.0012869078200310469
10323,0.0056501394137740135,0.00122142827603966
10324,0.004017718136310577,0.0010974191827699542
10325,0.007785518188029528,0.0009560529142618179
10326,0.010369863361120224,0.0008250767132267356
10327,0.0083694476634264,0.0007382917683571577
10328,0.005273249465972185,0.0007080640643835068
10329,0.0030012927018105984,0.0007281025173142552
10330,0.0026737856678664684,0.0007792692631483078
10331,0.003881948534399271,0.0008399486541748047
10332,0.005006023216992617,0.0008980879792943597
10333,0.004831888247281313,0.0009448371711187065
10334,0.003455143654718995,0.0009878982091322541
10335,0.0025923331268131733,0.0010224669240415096
10336,0.003023196943104267,0.0010650466429069638
10337,0.003941627219319344,0.0011049909517168999
10338,0.004354079719632864,0.0011587409535422921
10339,0.003946016542613506,0.0012021741131320596
10340,0.003179093822836876,0.0012474572286009789
10341,0.002600093837827444,0.0012550465762615204
10342,0.002563741523772478,0.0012361027766019106
10343,0.0029419600032269955,0.0011595796095207334
10344,0.0033126212656497955,0.001052152831107378
10345,0.003380306763574481,0.0009231320582330227
10346,0.0031052096746861935,0.0008087059250101447
10347,0.002723448444157839,0.0007313055684790015
10348,0.002494616899639368,0.000703026307746768
10349,0.002536957850679755,0.0007184871938079596
10350,0.0027424267027527094,0.0007613275665789843
10351,0.0029096174985170364,0.0008145821047946811
10352,0.0029213950037956238,0.000865242793224752
10353,0.002788061276078224,0.0009119983878917992
10354,0.0026116163935512304,0.0009501812746748328
10355,0.0024902652949094772,0.0009910654043778777
10356,0.0024719717912375927,0.0010296027176082134
10357,0.002538453321903944,0.001081732683815062
10358,0.0026242088060826063,0.0011335499584674835
10359,0.0026665516197681427,0.0011995930690318346
10360,0.0026387253310531378,0.0012492898385971785
10361,0.0025656549260020256,0.0012929593212902546
10362,0.002493112813681364,0.0012849175836890936
10363,0.002460434101521969,0.0012393278302624822
10364,0.002474613022059202,0.001133254962041974
10365,0.0025156973861157894,0.0010010527912527323
10366,0.002554364036768675,0.0008642443572171032
10367,0.0025694714859128,0.0007592514157295227
10368,0.0025558420456945896,0.0007053434383124113
10369,0.0025214101187884808,0.0007045515812933445
10370,0.002483963267877698,0.0007424516952596605
10371,0.0024600313045084476,0.0007981439121067524
10372,0.0024568834342062473,0.0008559670532122254
10373,0.0024705049581825733,0.0009046015329658985
10374,0.0024895172100514174,0.0009468551725149155
10375,0.002502751536667347,0.0009780244436115026
10376,0.0025038241874426603,0.0010117552010342479
10377,0.002493805717676878,0.0010411962866783142
10378,0.0024777257349342108,0.0010812447872012854
10379,0.0024623810313642025,0.0011162164155393839
10380,0.002452652435749769,0.001158631406724453
10381,0.002450470346957445,0.0011811209842562675
10382,0.0024544033221900463,0.0011939165415242314
10383,0.0024609260726720095,0.0011655286652967334
10384,0.002466369653120637,0.0011113369837403297
10385,0.002468270482495427,0.0010203532874584198
10386,0.0024661023635417223,0.0009179776534438133
10387,0.0024609873071312904,0.0008179550059139729
10388,0.0024549385998398066,0.0007421299233101308
10389,0.0024497006088495255,0.0007003361824899912
10390,0.0024464051239192486,0.0006930843228474259
10391,0.0024453792721033096,0.0007123717223294079
10392,0.002446230500936508,0.0007474669255316257
10393,0.002448036801069975,0.0007905176607891917
10394,0.0024497502017766237,0.0008358688210137188
10395,0.0024506133049726486,0.0008865448762662709
10396,0.002450287342071533,0.0009414841188117862
10397,0.0024489343632012606,0.0010147672146558762
10398,0.002446918049827218,0.001103364396840334
10399,0.002444741316139698,0.0012302730465307832
10400,0.002442740136757493,0.0013742054579779506
10401,0.0024412432685494423,0.0015576628502458334
10402,0.0024403855204582214,0.0017024045810103416
10403,0.002440116833895445,0.0018100537126883864
10404,0.0024402004200965166,0.0017609645146876574
10405,0.0024404043797403574,0.0015857331454753876
10406,0.0024405471049249172,0.0012944622430950403
10407,0.0024404902942478657,0.00099350162781775
10408,0.0024401703849434853,0.0007769296644255519
10409,0.002439590636640787,0.0006994209252297878
10410,0.0024388113524764776,0.0007565490668639541
10411,0.0024379214737564325,0.0008881273097358644
10412,0.002437010407447815,0.001015010755509138
10413,0.0024361805990338326,0.0010827198857441545
10414,0.0024354467168450356,0.0010844299104064703
10415,0.002434819471091032,0.0010269806953147054
10416,0.0024342876859009266,0.0009427457116544247
10417,0.0024338727816939354,0.0008466901490464807
10418,0.002433518646284938,0.0007681648712605238
10419,0.0024332082830369473,0.0007158810622058809
10420,0.00243289303034544,0.0006895420956425369
10421,0.002432584762573242,0.0006840130663476884
10422,0.0024322280660271645,0.0006959099555388093
10423,0.0024318790528923273,0.0007211982738226652
10424,0.0024314834736287594,0.0007555823540315032
10425,0.0024310476146638393,0.0008007085998542607
10426,0.002430595923215151,0.0008608530624769628
10427,0.0024301374796777964,0.0009486196795478463
10428,0.0024296725168824196,0.0010646344162523746
10429,0.0024292017333209515,0.0012356634251773357
10430,0.0024287181440740824,0.0014420090010389686
10431,0.002428237348794937,0.0017090447945520282
10432,0.0024277688935399055,0.0019241314148530364
10433,0.002427302999421954,0.002068084431812167
10434,0.0024268219713121653,0.001967824762687087
10435,0.0024263723753392696,0.0016756250988692045
10436,0.0024259130004793406,0.001265921164304018
10437,0.0024254750460386276,0.0009081861935555935
10438,0.002425032900646329,0.0007219759281724691
10439,0.0024245972745120525,0.0007345093181356788
10440,0.00242416700348258,0.0008930091862566769
10441,0.002423748839646578,0.0010827333899214864
10442,0.002423324855044484,0.0011850890005007386
10443,0.0024229257833212614,0.0011609983630478382
10444,0.0024225241504609585,0.001050518243573606
10445,0.0024221455678343773,0.0009080730960704386
10446,0.0024217728059738874,0.0007829461246728897
10447,0.0024214349687099457,0.0007004939834587276
10448,0.0024211269337683916,0.0006816614768467844
10449,0.0024208659306168556,0.0007182441768236458
10450,0.0024206475354731083,0.0007838463643565774
10451,0.0024205143563449383,0.0008643186301924288
10452,0.0024204945657402277,0.0009533582488074899
10453,0.002420637756586075,0.0010560302762314677
10454,0.002420982113108039,0.001154816010966897
10455,0.002421641955152154,0.0012648680713027716
10456,0.002422770019620657,0.0013491484569385648
10457,0.0024245576933026314,0.001415756531059742
10458,0.002427301835268736,0.0013882422354072332
10459,0.002431484404951334,0.001292795524932444
10460,0.002437754301354289,0.0011162296868860722
10461,0.002447227481752634,0.0009225077228620648
10462,0.0024613356217741966,0.0007638265378773212
10463,0.0024826861917972565,0.000687425141222775
10464,0.0025145215913653374,0.0007047035032883286
10465,0.0025627827271819115,0.0007834974094294012
10466,0.0026342864148318768,0.0008703016210347414
10467,0.0027420627884566784,0.0009239681530743837
10468,0.0028976884204894304,0.0009345415746793151
10469,0.0031252270564436913,0.0009032647358253598
10470,0.0034301169216632843,0.0008493682835251093
10471,0.0038345123175531626,0.0007851552218198776
10472,0.004272724501788616,0.0007313891546800733
10473,0.004699369892477989,0.0006949376547709107
10474,0.004868312273174524,0.0006759403040632606
10475,0.004709079395979643,0.0006714668706990778
10476,0.0040892637334764,0.000679207849316299
10477,0.0033204341307282448,0.0006960502942092717
10478,0.002690278459340334,0.0007192058255895972
10479,0.0024248140398412943,0.0007502142107114196
10480,0.0025148270651698112,0.0007924612145870924
10481,0.002885011490434408,0.0008544495794922113
10482,0.003547942964360118,0.000939235498663038
10483,0.004589884541928768,0.0010676656384021044
10484,0.006049048621207476,0.0012362046400085092
10485,0.007151810918003321,0.0014743213541805744
10486,0.006966134998947382,0.0017205491894856095
10487,0.004735919646918774,0.001975235529243946
10488,0.0028390996158123016,0.0020603646989911795
10489,0.0029920993838459253,0.0019687023013830185
10490,0.004640103317797184,0.0016421134350821376
10491,0.006869172677397728,0.0012286929413676262
10492,0.009366228245198727,0.0008827155688777566
10493,0.011828671209514141,0.0007056351751089096
10494,0.010737283155322075,0.0007284773164428771
10495,0.006199241615831852,0.0008948935428634286
10496,0.003323362208902836,0.0010815111454576254
10497,0.006300983019173145,0.0011780720669776201
10498,0.009082147851586342,0.0011491789482533932
10499,0.007137135602533817,0.0010353144025430083
10500,0.004056600853800774,0.000897056539542973
10501,0.002529095858335495,0.0007668985635973513
10502,0.0031952401623129845,0.0006856772233732045
10503,0.005044945050030947,0.0006715280469506979
10504,0.0060705095529556274,0.0007113873143680394
10505,0.00524188531562686,0.0007783608161844313
10506,0.0031809646170586348,0.0008563717128708959
10507,0.002692923415452242,0.0009458372951485217
10508,0.00393955921754241,0.0010325312614440918
10509,0.004723266698420048,0.0011215700069442391
10510,0.004208893980830908,0.0011947371531277895
10511,0.00308236014097929,0.0012663528323173523
10512,0.002444435376673937,0.0012838633265346289
10513,0.0026461705565452576,0.0012597710592672229
10514,0.003288527950644493,0.0011585243046283722
10515,0.00372025603428483,0.001019634073600173
10516,0.0035227774642407894,0.0008636725251562893
10517,0.002920847851783037,0.0007370463572442532
10518,0.00246618315577507,0.000673815025947988
10519,0.0025328209158033133,0.0006820474518463016
10520,0.0029143320862203836,0.0007382914191111922
10521,0.0031617791391909122,0.0008057458326220512
10522,0.003072001039981842,0.0008574100211262703
10523,0.002753824694082141,0.0008786373073235154
10524,0.002477617934346199,0.0008721983758732677
10525,0.0024185574147850275,0.0008392601739615202
10526,0.002556786872446537,0.00079685403034091
10527,0.00273691862821579,0.0007530470611527562
10528,0.002805194118991494,0.0007167054573073983
10529,0.00272196251899004,0.000688887492287904
10530,0.0025518506299704313,0.0006707585416734219
10531,0.00242118863388896,0.0006614757585339248
10532,0.002407373394817114,0.0006586659583263099
10533,0.0024873227812349796,0.0006599757471121848
10534,0.002571874763816595,0.0006647918489761651
10535,0.0025897184386849403,0.0006734119961038232
10536,0.002537376247346401,0.000686104001943022
10537,0.002457066671922803,0.0007047492545098066
10538,0.0023997651878744364,0.000732573214918375
10539,0.002390570007264614,0.0007771558593958616
10540,0.0024209124967455864,0.000845497939735651
10541,0.002460384974256158,0.0009571491391398013
10542,0.002477306639775634,0.0011233651312068105
10543,0.0024608566891402006,0.001386778661981225
10544,0.0024239958729594946,0.0017237109132111073
10545,0.002392703667283058,0.002170898951590061
10546,0.0023838987108319998,0.00252370978705585
10547,0.002396632917225361,0.002728943480178714
10548,0.002417254727333784,0.0025301191490143538
10549,0.0024311491288244724,0.0020252044778317213
10550,0.002430908614769578,0.0014212287496775389
10551,0.0024176225997507572,0.0009153315331786871
10552,0.0023991623893380165,0.0006882694433443248
10553,0.002384697552770376,0.0007772689568810165
10554,0.0023800090420991182,0.0010554032633081079
10555,0.0023846628610044718,0.001305695390328765
10556,0.002393329283222556,0.0013716925168409944
10557,0.0023998841643333435,0.0012661725049838424
10558,0.0024005542509257793,0.0010728605557233095
10559,0.0023954298812896013,0.0008534762309864163
10560,0.00238735880702734,0.0006984650972299278
10561,0.0023800241760909557,0.0006626036483794451
10562,0.002376030897721648,0.0007339837611652911
10563,0.0023759256582707167,0.0008527213940396905
10564,0.002378444653004408,0.0009713504114188254
10565,0.0023814085870981216,0.0010812699329108
10566,0.0023829531855881214,0.0011464213021099567
10567,0.002382246544584632,0.0011664447374641895
10568,0.0023796972818672657,0.0011232737451791763
10569,0.002376391552388668,0.0010473085567355156
10570,0.00237354077398777,0.0009281127713620663
10571,0.0023718492593616247,0.0008057578234001994
10572,0.0023714485578238964,0.0007099255453795195
10573,0.0023719649761915207,0.0006641191430389881
10574,0.0023727663792669773,0.0006645552348345518
10575,0.0023732855916023254,0.0006983876810409129
10576,0.002373118419200182,0.0007482916698791087
10577,0.0023721905890852213,0.0007899460615590215
10578,0.0023708147928118706,0.0008086668094620109
10579,0.002369351452216506,0.0008033434860408306
10580,0.0023681633174419403,0.0007855682051740587
10581,0.002367401495575905,0.0007567742140963674
10582,0.0023670115042477846,0.0007250556955114007
10583,0.002366904867812991,0.0006960512255318463
10584,0.0023669039364904165,0.0006752212066203356
10585,0.002366843167692423,0.0006606253446079791
10586,0.002366594271734357,0.0006511687533929944
10587,0.0023661269806325436,0.000647521810606122
10588,0.0023654564283788204,0.000648496497888118
10589,0.0023646890185773373,0.0006514595006592572
10590,0.002363929059356451,0.0006562090711668134
10591,0.0023632566444575787,0.0006643930682912469
10592,0.002362688072025776,0.0006765220314264297
10593,0.0023622438311576843,0.0006939393933862448
10594,0.0023618852719664574,0.0007198660168796778
10595,0.002361567225307226,0.0007620889809913933
10596,0.0023612843360751867,0.0008267485536634922
10597,0.002360949292778969,0.000931628339458257
10598,0.002360571874305606,0.0010863178176805377
10599,0.00236014137044549,0.001329250168055296
10600,0.002359671052545309,0.0016338754212483764
10601,0.0023591709323227406,0.002031215699389577
10602,0.002358643338084221,0.002329250331968069
10603,0.002358157653361559,0.0024829269386827946
10604,0.0023576514795422554,0.002261160872876644
10605,0.0023571839556097984,0.0017744950018823147
10606,0.0023567352909594774,0.0012204458471387625
10607,0.0023563066497445107,0.0008068268070928752
10608,0.002355902921408415,0.0006746695144101977
10609,0.002355494536459446,0.000817148364149034
10610,0.0023551026824861765,0.0010894753504544497
10611,0.0023546975571662188,0.0012978378217667341
10612,0.002354305237531662,0.0013162681134417653
10613,0.002353894989937544,0.0011737911263480783
10614,0.002353483811020851,0.0009662568336352706
10615,0.0023530684411525726,0.0007705502794124186
10616,0.0023526379372924566,0.0006613724399358034
10617,0.002352215349674225,0.0006678609061054885
10618,0.0023517757654190063,0.0007624816498719156
10619,0.0023513466585427523,0.000889864400960505
10620,0.002350922441110015,0.0010060128988698125
10621,0.002350488444790244,0.001107529504224658
10622,0.002350042574107647,0.0011627762578427792
10623,0.0023496276699006557,0.001180205843411386
10624,0.0023492074105888605,0.0011353453155606985
10625,0.0023487638682127,0.0010559873189777136
10626,0.0023483391851186752,0.0009312896290794015
10627,0.0023479079827666283,0.0008039285312406719
10628,0.002347491215914488,0.0007030104752629995
10629,0.0023470718879252672,0.000653214636258781
10630,0.0023466574493795633,0.0006539328605867922
10631,0.002346222521737218,0.0006916633574292064
10632,0.002345808083191514,0.0007446880335919559
10633,0.0023453854955732822,0.0007866515661589801
10634,0.0023449664004147053,0.0008041341206990182
10635,0.0023445524275302887,0.0007959940121509135
10636,0.002344130538403988,0.0007736425613984466
10637,0.0023437226191163063,0.0007402641349472106
10638,0.002343319822102785,0.0007059945492073894
10639,0.0023429261054843664,0.0006767216837033629
10640,0.002342516090720892,0.0006565902149304748
10641,0.0023421442601829767,0.000643974868580699
10642,0.0023417645134031773,0.0006378564867191017
10643,0.0023414227180182934,0.000637922203168273
10644,0.0023411079309880733,0.0006423679296858609
10645,0.002340812236070633,0.0006493472028523684
10646,0.002340574748814106,0.0006593595026060939
10647,0.0023404371459037066,0.0006744288257323205
10648,0.0023403980303555727,0.0006958154262974858
10649,0.0023405381944030523,0.0007279036799445748
10650,0.0023409409914165735,0.0007757603889331222
10651,0.002341713523492217,0.0008529900806024671
10652,0.0023430692963302135,0.0009670078288763762
10653,0.002345275366678834,0.0011470303870737553
10654,0.00234882440418005,0.0013864858774468303
10655,0.0023543843999505043,0.0017222973983734846
10656,0.0023630764335393906,0.0020372651051729918
10657,0.0023765373043715954,0.0023103386629372835
10658,0.002397587988525629,0.0022839410230517387
10659,0.002430153079330921,0.001988430507481098
10660,0.0024812868796288967,0.0014890863094478846
10661,0.002559834159910679,0.0009978172602131963
10662,0.0026824530214071274,0.0007069851271808147
10663,0.0028657279908657074,0.0006873199599795043
10664,0.003142321016639471,0.0008857973734848201
10665,0.0035226759500801563,0.0011392312590032816
10666,0.004036412108689547,0.0012717829085886478
10667,0.004585896153002977,0.0012334348866716027
10668,0.0050900764763355255,0.0010730801150202751
10669,0.005181645043194294,0.00086957000894472
10670,0.0047955745831131935,0.0007081476505845785
10671,0.0038693579845130444,0.000640493119135499
10672,0.0029409423004835844,0.0006779853720217943
10673,0.0024054450914263725,0.000780324509833008
10674,0.0024060506839305162,0.0008955129305832088
10675,0.0028473641723394394,0.0010044140508398414
10676,0.003699362510815263,0.0010819666786119342
10677,0.005150298587977886,0.0011312761344015598
10678,0.007153825368732214,0.0011276120785623789
10679,0.0089845210313797,0.0010938614141196012
10680,0.00793618056923151,0.00100952188950032
10681,0.004835458472371101,0.0009027353371493518
10682,0.0027752327732741833,0.0007859163451939821
10683,0.004098756238818169,0.0006952844560146332
10684,0.007089842110872269,0.0006452332017943263
10685,0.009840646758675575,0.0006387663306668401
10686,0.012286829762160778,0.0006679861689917743
10687,0.011504690162837505,0.0007139772060327232
10688,0.007036806084215641,0.0007549908477813005
10689,0.0032717580907046795,0.0007771020755171776
10690,0.006136342883110046,0.0007819310994818807
10691,0.009169988334178925,0.000769510050304234
10692,0.006668533198535442,0.0007473508012481034
10693,0.0034519212786108255,0.0007187018636614084
10694,0.0025336137041449547,0.0006926109781488776
10695,0.004134051036089659,0.0006703155813738704
10696,0.006565703544765711,0.0006526956567540765
10697,0.0072431135922670364,0.0006401005666702986
10698,0.0053018806502223015,0.0006327222799882293
10699,0.0028058236930519342,0.0006287151481956244
10700,0.0036033836659044027,0.0006265907431952655
10701,0.005466226022690535,0.0006263141403906047
10702,0.004923383239656687,0.0006278282962739468
10703,0.003214453114196658,0.0006304625421762466
10704,0.002383795101195574,0.0006343657150864601
10705,0.003002979326993227,0.0006408716435544193
10706,0.004249895922839642,0.0006513880798593163
10707,0.004861724562942982,0.000668455206323415
10708,0.004209692589938641,0.0006963474443182349
10709,0.002855913247913122,0.0007446571253240108
10710,0.0024759804364293814,0.0008242087787948549
10711,0.003248439636081457,0.0009621987701393664
10712,0.0037931622937321663,0.001178233651444316
10713,0.0034597942139953375,0.0015355654759332538
10714,0.0027207741513848305,0.002004734706133604
10715,0.0023360224440693855,0.0026282379403710365
10716,0.002548591233789921,0.0030709565617144108
10717,0.002997064497321844,0.003224305808544159
10718,0.003198138903826475,0.0027975812554359436
10719,0.002935586730018258,0.002017239574342966
10720,0.0025120035279542208,0.0012692983727902174
10721,0.002331335563212633,0.0007657527457922697
10722,0.0025029582902789116,0.0006871325895190239
10723,0.0027539324946701527,0.0009893248789012432
10724,0.002799856010824442,0.0013673630310222507
10725,0.00261840783059597,0.0015368469757959247
10726,0.0023979980032891035,0.0014196396805346012
10727,0.0023251886013895273,0.0011472441256046295
10728,0.0024187336675822735,0.0008598091662861407
10729,0.0025478804018348455,0.0006626161048188806
10730,0.0025900965556502342,0.0006598809268325567
10731,0.0025151590816676617,0.0008200456504710019
10732,0.002395879477262497,0.0010105562396347523
10733,0.002321534790098667,0.0011634419206529856
10734,0.002334733260795474,0.001232904614880681
10735,0.0023982450366020203,0.0012207156978547573
10736,0.0024394432548433542,0.0010977794881910086
10737,0.002420300617814064,0.0009336018119938672
10738,0.002362297149375081,0.0007712811348028481
10739,0.0023165226448327303,0.0006606098031625152
10740,0.0023122241254895926,0.0006279642111621797
10741,0.0023411670699715614,0.000671828631311655
10742,0.0023725321516394615,0.0007483380613848567
10743,0.0023802968207746744,0.0008072893251664937
10744,0.002359674545004964,0.0008313078433275223
10745,0.0023273322731256485,0.0008109991322271526
10746,0.0023065744899213314,0.0007590071763843298
10747,0.0023086462169885635,0.000696847215294838
10748,0.0023252239916473627,0.0006505787605419755
10749,0.0023398245684802532,0.0006268209544941783
10750,0.002340731443837285,0.0006239588838070631
10751,0.0023287844378501177,0.0006395038217306137
10752,0.0023123063147068024,0.0006661982624791563
10753,0.002301508095115423,0.0006947452784515917
10754,0.002300835680216551,0.0007198970997706056
10755,0.0023075712379068136,0.0007443340728059411
10756,0.0023143598809838295,0.0007644884171895683
10757,0.002315544057637453,0.0007835510186851025
10758,0.0023106238804757595,0.0007995307678356767
10759,0.00230338703840971,0.000819049309939146
10760,0.0022981504444032907,0.0008334445301443338
10761,0.002296959049999714,0.0008491437183693051
10762,0.002299076411873102,0.0008563724695704877
10763,0.0023021232336759567,0.0008603452006354928
10764,0.0023036485072225332,0.0008488189778290689
10765,0.002302492968738079,0.000828407471999526
10766,0.0022992538288235664,0.000793360872194171
10767,0.002295738086104393,0.0007528901915065944
10768,0.0022936405148357153,0.0007084482349455357
10769,0.0022934586741030216,0.0006695824558846653
10770,0.0022945532109588385,0.0006399130215868354
10771,0.0022956947796046734,0.0006220016512088478
10772,0.0022959457710385323,0.0006156426388770342
10773,0.0022950018756091595,0.0006189068080857396
10774,0.0022932460997253656,0.0006286706775426865
10775,0.002291428856551647,0.0006425073370337486
10776,0.0022901613265275955,0.0006601084023714066
10777,0.002289757365360856,0.0006818074034526944
10778,0.0022899589966982603,0.0007111364393495023
10779,0.0022902474738657475,0.0007509594433940947
10780,0.002290224190801382,0.0008126761531457305
10781,0.002289728494361043,0.0009027097839862108
10782,0.0022888705134391785,0.0010477433679625392
10783,0.002287869807332754,0.0012499160366132855
10784,0.0022869552485644817,0.0015542996115982533
10785,0.002286323346197605,0.0018876056419685483
10786,0.0022859752643853426,0.0022535696625709534
10787,0.0022858346346765757,0.002380409510806203
10788,0.0022856893483549356,0.0022426715586334467
10789,0.002285420661792159,0.0017745653167366982
10790,0.0022849661763757467,0.0012042558519169688
10791,0.0022843785118311644,0.0007830970571376383
10792,0.0022837151773273945,0.000644763233140111
10793,0.002283133566379547,0.0007900224300101399
10794,0.0022826071362942457,0.0010733464732766151
10795,0.002282185712829232,0.0012791145127266645
10796,0.002281855558976531,0.0012944129994139075
10797,0.002281544730067253,0.0011323981452733278
10798,0.0022812236566096544,0.0008979679550975561
10799,0.002280834596604109,0.0007049507694318891
10800,0.0022804019972682,0.0006224737735465169
10801,0.002279923763126135,0.0006685008993372321
10802,0.002279421081766486,0.0007945311954244971
10803,0.002278949599713087,0.0009276189957745373
10804,0.0022784967441111803,0.0010350391967222095
10805,0.0022780681028962135,0.0010868406388908625
10806,0.0022776720579713583,0.0010938700288534164
10807,0.002277298364788294,0.0010396575089544058
10808,0.002276906045153737,0.0009570211404934525
10809,0.0022765251342207193,0.0008473756024613976
10810,0.002276129089295864,0.0007421815535053611
10811,0.0022757044062018394,0.000659726734738797
10812,0.00227527879178524,0.0006188111146911979
10813,0.0022748385090380907,0.0006180711789056659
10814,0.0022744014859199524,0.0006457552080973983
10815,0.002273975405842066,0.0006872073281556368
10816,0.0022735591046512127,0.0007254926022142172
10817,0.0022731453645974398,0.0007501243380829692
10818,0.002272741636261344,0.0007561703096143901
10819,0.0022723430301994085,0.0007502269581891596
10820,0.002271931851282716,0.0007321559824049473
10821,0.0022715271916240454,0.0007094615139067173
10822,0.002271133940666914,0.0006845525349490345
10823,0.0022707213647663593,0.0006628411938436329
10824,0.0022703134454786777,0.0006439912831410766
10825,0.0022699013352394104,0.0006292377365753055
10826,0.0022694908548146486,0.0006188999395817518
10827,0.0022690771147608757,0.000612307689152658
10828,0.002268669893965125,0.0006080009043216705
10829,0.0022682547569274902,0.0006055948906578124
10830,0.0022678272798657417,0.0006048909272067249
10831,0.002267414703965187,0.0006051354575902224
10832,0.002266987692564726,0.0006059485021978617
10833,0.0022666053846478462,0.0006077206344343722
10834,0.0022661867551505566,0.0006108364905230701
10835,0.0022657832596451044,0.0006156602175906301
10836,0.002265364397317171,0.0006236528279259801
10837,0.002264966256916523,0.00063729053363204
10838,0.0022645480930805206,0.0006611964199692011
10839,0.0022641306277364492,0.0007017995230853558
10840,0.0022637308575212955,0.0007744800532236695
10841,0.002263322938233614,0.0008971325005404651
10842,0.002262913156300783,0.0011148503981530666
10843,0.0022625045385211706,0.0014530036132782698
10844,0.002262099413201213,0.0020013812463730574
10845,0.0022616907954216003,0.0026393502485007048
10846,0.002261272631585598,0.003341744188219309
10847,0.00226086238399148,0.0035263136960566044
10848,0.0022604544647037983,0.0031396413687616587
10849,0.0022600425872951746,0.0023053844925016165
10850,0.0022596283815801144,0.0013801673194393516
10851,0.002259225118905306,0.0007769572548568249
10852,0.0022588223218917847,0.0006753490306437016
10853,0.0022584176622331142,0.001040509669110179
10854,0.002257994143292308,0.0014983660075813532
10855,0.002257594605907798,0.0016451145056635141
10856,0.0022571785375475883,0.0014736312441527843
10857,0.002256778534501791,0.001137979095801711
10858,0.0022563666570931673,0.0007893468136899173
10859,0.002255967352539301,0.0006216345936991274
10860,0.002255543600767851,0.0007180600659921765
10861,0.0022551482543349266,0.0009630177519284189
10862,0.002254738239571452,0.0011874762130901217
10863,0.0022543391678482294,0.001289472565986216
10864,0.0022539282217621803,0.0012856440152972937
10865,0.002253547077998519,0.0011357798939570785
10866,0.0022531398572027683,0.000921703758649528
10867,0.0022527684923261404,0.000727239006664604
10868,0.002252396894618869,0.0006244537653401494
10869,0.002252034144476056,0.0006259315414354205
10870,0.002251714002341032,0.0007089926511980593
10871,0.002251420868560672,0.0008094658842310309
10872,0.0022512003779411316,0.0008576289983466268
10873,0.0022510597482323647,0.0008434178307652473
10874,0.0022510522976517677,0.0007772939279675484
10875,0.0022512483410537243,0.0006944640772417188
10876,0.002251777797937393,0.000628389127086848
10877,0.002252829261124134,0.0006047326023690403
10878,0.00225466163828969,0.0006195475580170751
10879,0.0022577927447855473,0.0006540892645716667
10880,0.0022629480808973312,0.0006939347367733717
10881,0.002271306002512574,0.0007257650140672922
10882,0.0022848923690617085,0.0007425972726196051
10883,0.0023067775182425976,0.0007403390482068062
10884,0.0023424162063747644,0.0007289053173735738
10885,0.0023995768278837204,0.0007080452051013708
10886,0.0024926061742007732,0.0006837509572505951
10887,0.00263939518481493,0.000659237673971802
10888,0.002873972523957491,0.0006388651672750711
10889,0.003223810577765107,0.0006215827306732535
10890,0.0037423428148031235,0.0006089684320613742
10891,0.004390030633658171,0.0006014280952513218
10892,0.005129888188093901,0.000597528531216085
10893,0.005568469408899546,0.0005960293347015977
10894,0.005500104743987322,0.0005970398779027164
10895,0.004555064719170332,0.0005998907727189362
10896,0.0033299243077635765,0.0006037269486114383
10897,0.002439649309962988,0.0006091457325965166
10898,0.002301733009517193,0.000617009645793587
10899,0.0028397375717759132,0.0006282316753640771
10900,0.003978924825787544,0.0006441910518333316
10901,0.005995364859700203,0.0006692396127618849
10902,0.008856427855789661,0.0007068317499943078
10903,0.011319778859615326,0.0007669993210583925
10904,0.008828735910356045,0.000856707920320332
10905,0.0043831197544932365,0.0010006390511989594
10906,0.003294609021395445,0.0011972084175795317
10907,0.0061229532584548,0.0014843549579381943
10908,0.009523268789052963,0.0017811448778957129
10909,0.011704444885253906,0.0020807357504963875
10910,0.012580560520291328,0.002129641827195883
10911,0.00886760838329792,0.0019221584079787135
10912,0.00408703600987792,0.0014423718675971031
10913,0.004246102645993233,0.000945971580222249
10914,0.007279006764292717,0.0006594326114282012
10915,0.007281142752617598,0.0006633420707657933
10916,0.004137410316616297,0.0008825304103083909
10917,0.00247352197766304,0.0011380690848454833
10918,0.0032644886523485184,0.001243186416104436
10919,0.005511484108865261,0.0011509578907862306
10920,0.007501719985157251,0.0009365362930111587
10921,0.006440556608140469,0.0007266204338520765
10922,0.00359820993617177,0.0006154664442874491
10923,0.0030171098187565804,0.0006301290704868734
10924,0.004895785357803106,0.0007378401351161301
10925,0.005391159560531378,0.0008704332867637277
10926,0.003686433658003807,0.0009637527982704341
10927,0.0024389587342739105,0.001009726314805448
10928,0.0026219291612505913,0.0009947376092895865
10929,0.0038026669062674046,0.0009435387328267097
10930,0.004856199491769075,0.0008592912927269936
10931,0.00456236582249403,0.0007724990136921406
10932,0.0031788067426532507,0.0006908708019182086
10933,0.0023898379877209663,0.0006307117291726172
10934,0.003108407836407423,0.0005988620105199516
10935,0.003905666759237647,0.0005951551720499992
10936,0.003611884545534849,0.0006116664735600352
10937,0.0027631623670458794,0.0006396531243808568
10938,0.002272326033562422,0.0006718344520777464
10939,0.0024693096056580544,0.0007002859492786229
10940,0.0029858294874429703,0.0007238602265715599
10941,0.0032096507493406534,0.0007402906194329262
10942,0.0029255407862365246,0.000754231761675328
10943,0.0024370774626731873,0.0007612488698214293
10944,0.0022604449186474085,0.0007679455447942019
10945,0.002486645942553878,0.0007696436950936913
10946,0.0027592736296355724,0.0007712953956797719
10947,0.0027642305940389633,0.0007668850594200194
10948,0.002516650129109621,0.0007617033552378416
10949,0.002285147085785866,0.0007501409854739904
10950,0.002260462148115039,0.0007369374507106841
10951,0.002404435072094202,0.0007183561683632433
10952,0.002536360640078783,0.0006993217975832522
10953,0.0025290120393037796,0.0006781534757465124
10954,0.002405002014711499,0.0006582979112863541
10955,0.002274527447298169,0.0006398123223334551
10956,0.0022361762821674347,0.0006246293196454644
10957,0.002294122939929366,0.0006122201448306441
10958,0.0023646976333111525,0.0006029561627656221
10959,0.0023714478593319654,0.0005963129224255681
10960,0.0023109186440706253,0.0005917949602007866
10961,0.002245221985504031,0.000588738068472594
10962,0.002225947566330433,0.0005867854342795908
10963,0.0022553172893822193,0.000585575180593878
10964,0.0022973332088440657,0.0005847730208188295
10965,0.0023134686052799225,0.0005842038081027567
10966,0.002292041201144457,0.0005838348879478872
10967,0.002250793157145381,0.0005835663178004324
10968,0.002222718670964241,0.0005833356408402324
10969,0.0022247163578867912,0.0005831915186718106
10970,0.0022464022040367126,0.0005831903545185924
10971,0.002263684757053852,0.0005834065959788859
10972,0.0022620619274675846,0.0005840353551320732
10973,0.0022446666844189167,0.0005855368217453361
10974,0.0022247417364269495,0.0005887988372705877
10975,0.0022146468982100487,0.0005955975502729416
10976,0.0022180206142365932,0.0006098755402490497
10977,0.002228245371952653,0.0006392349023371935
10978,0.0022348063066601753,0.0007008687243796885
10979,0.002232038415968418,0.0008252575644291937
10980,0.0022228213492780924,0.0010850545950233936
10981,0.002214315813034773,0.0015747806755825877
10982,0.0022114519961178303,0.0025255107320845127
10983,0.0022141295485198498,0.0038904163520783186
10984,0.002218695357441902,0.005707928445190191
10985,0.0022213158663362265,0.006493645720183849
10986,0.002220000373199582,0.005889891181141138
10987,0.002215632703155279,0.004545403644442558
10988,0.0022108512930572033,0.0024756984785199165
10989,0.002208252437412739,0.000898281519766897
10990,0.0022086389362812042,0.0007919010240584612
10991,0.0022106636315584183,0.001783141866326332
10992,0.002212261315435171,0.0023316736333072186
10993,0.002212101360782981,0.002206725999712944
10994,0.002210242673754692,0.0017919965321198106
10995,0.0022076989989727736,0.0010801462922245264
10996,0.002205649157986045,0.0006103107007220387
10997,0.002204780001193285,0.0008847363642416894
10998,0.002205055672675371,0.0012408916372805834
10999,0.0022057725582271814,0.0014235727721825242
11000,0.0022061318159103394,0.001503517385572195
11001,0.002205649157986045,0.0011273946147412062
11002,0.002204432152211666,0.0007181701948866248
11003,0.0022030428517609835,0.0006812037900090218
11004,0.002202023984864354,0.0008019950473681092
11005,0.0022015091963112354,0.000985030084848404
11006,0.002201411873102188,0.001066124183125794
11007,0.002201450988650322,0.0008841687231324613
11008,0.002201348077505827,0.0006771113839931786
11009,0.002200976014137268,0.0006381332641467452
11010,0.0022003459744155407,0.0006783504504710436
11011,0.0021995464339852333,0.0007942139054648578
11012,0.002198790665715933,0.0008648098446428776
11013,0.002198239089921117,0.000782286049798131
11014,0.00219790474511683,0.0006879862630739808
11015,0.002197679365053773,0.0006255142507143319
11016,0.0021974581759423018,0.0005944434669800103
11017,0.0021971529349684715,0.0006460990407504141
11018,0.0021967149805277586,0.0007091424777172506
11019,0.0021961969323456287,0.0007285892497748137
11020,0.002195643726736307,0.0007292536902241409
11021,0.0021951100789010525,0.0006942051695659757
11022,0.0021946453489363194,0.0006362881977111101
11023,0.0021942579187452793,0.0006069589871913195
11024,0.002193925902247429,0.0005891953478567302
11025,0.0021935980767011642,0.0005877214716747403
11026,0.002193255815654993,0.0006123665953055024
11027,0.00219286628998816,0.00063217559363693
11028,0.0021924362517893314,0.0006474610418081284
11029,0.002191998530179262,0.0006611885619349778
11030,0.002191521693021059,0.0006584522780030966
11031,0.0021910937502980232,0.0006478079594671726
11032,0.00219067744910717,0.0006374840158969164
11033,0.0021902811713516712,0.0006181914359331131
11034,0.002189906546846032,0.0006023450987413526
11035,0.002189534716308117,0.000592017313465476
11036,0.0021891710348427296,0.0005815127515234053
11037,0.002188777318224311,0.0005780536448583007
11038,0.0021883747540414333,0.0005795856704935431
11039,0.0021879675332456827,0.0005807664711028337
11040,0.002187546109780669,0.0005857370560988784
11041,0.002187129110097885,0.0005917057860642672
11042,0.0021867165341973305,0.0005954928928986192
11043,0.0021863174624741077,0.0006010901997797191
11044,0.0021859202533960342,0.0006063284818083048
11045,0.0021855211816728115,0.0006106992950662971
11046,0.0021851356141269207,0.0006170269334688783
11047,0.002184754004701972,0.0006246813572943211
11048,0.0021843467839062214,0.0006329432362690568
11049,0.0021839626133441925,0.0006457617855630815
11050,0.002183567499741912,0.0006609077681787312
11051,0.002183173317462206,0.000681165256537497
11052,0.0021827821619808674,0.0007057563052512705
11053,0.0021823705174028873,0.0007377391448244452
11054,0.0021819702815264463,0.000771264370996505
11055,0.002181568183004856,0.0008120660204440355
11056,0.0021811777260154486,0.0008456897921860218
11057,0.002180778421461582,0.0008763644727878273
11058,0.0021803881973028183,0.0008830254664644599
11059,0.002179996110498905,0.0008718211902305484
11060,0.002179600764065981,0.0008264897624030709
11061,0.002179190516471863,0.0007640711846761405
11062,0.002178795635700226,0.0006898859282955527
11063,0.0021784044802188873,0.0006263385294005275
11064,0.0021780040115118027,0.0005864212871529162
11065,0.002177606802433729,0.0005755709134973586
11066,0.002177218906581402,0.0005891406908631325
11067,0.0021768221631646156,0.0006167467217892408
11068,0.0021764314733445644,0.000648020301014185
11069,0.0021760319359600544,0.000674850307404995
11070,0.002175638685002923,0.0006970100803300738
11071,0.0021752447355538607,0.000712449720595032
11072,0.0021748470608145,0.0007279564160853624
11073,0.002174455439671874,0.0007421518675982952
11074,0.002174064051359892,0.00076345942215994
11075,0.002173665212467313,0.0007879821350798011
11076,0.002173266839236021,0.000825418159365654
11077,0.0021728617139160633,0.0008667272632010281
11078,0.0021724679972976446,0.0009221724467352033
11079,0.0021720719523727894,0.0009711072780191898
11080,0.00217166799120605,0.001021822914481163
11081,0.0021712896414101124,0.0010373304830864072
11082,0.0021708891727030277,0.0010256418026983738
11083,0.002170492662116885,0.0009559913887642324
11084,0.0021700989454984665,0.0008545968448743224
11085,0.0021697015035897493,0.000734337605535984
11086,0.002169315703213215,0.000635817414149642
11087,0.0021689017303287983,0.0005825082771480083
11088,0.002168520586565137,0.0005812122253701091
11089,0.002168126404285431,0.0006181711796671152
11090,0.0021677310578525066,0.0006693722680211067
11091,0.002167337341234088,0.0007148689473979175
11092,0.002166955266147852,0.0007404317148029804
11093,0.00216655689291656,0.0007484953384846449
11094,0.002166171558201313,0.0007387108053080738
11095,0.002165785990655422,0.0007228180766105652
11096,0.002165408805012703,0.0007019040058366954
11097,0.002165040001273155,0.0006838950212113559
11098,0.002164688427001238,0.0006676804623566568
11099,0.0021643443033099174,0.0006569435354322195
11100,0.0021640430204570293,0.0006497462163679302
11101,0.0021637543104588985,0.0006482560420408845
11102,0.002163537312299013,0.0006510628154501319
11103,0.0021633910946547985,0.0006610286072827876
11104,0.0021633864380419254,0.0006778302486054599
11105,0.0021635754965245724,0.0007071492727845907
11106,0.0021640511695295572,0.0007497564656659961
11107,0.002164979698136449,0.0008175291586667299
11108,0.0021666097454726696,0.0009098870796151459
11109,0.0021693729795515537,0.0010481902863830328
11110,0.0021738572977483273,0.0012130156392231584
11111,0.0021811765618622303,0.001425241818651557
11112,0.0021928504575043917,0.0015928016509860754
11113,0.00221172790043056,0.0017071476904675364
11114,0.0022417795844376087,0.0016178041696548462
11115,0.0022903522476553917,0.0013696278911083937
11116,0.002367287641391158,0.0010098405182361603
11117,0.0024912068620324135,0.0007096860790625215
11118,0.0026823466178029776,0.0005876161158084869
11119,0.0029805705416947603,0.0006577295134775341
11120,0.003403404727578163,0.0008290971745736897
11121,0.003992445766925812,0.0009733871556818485
11122,0.004631891380995512,0.0010071820579469204
11123,0.005220692604780197,0.0009206231334246695
11124,0.005278462078422308,0.0007762402528896928
11125,0.004750397522002459,0.0006438445416279137
11126,0.0036177784204483032,0.000577857717871666
11127,0.002610536990687251,0.0005865832208655775
11128,0.002177656628191471,0.0006471224478445947
11129,0.0023903558030724525,0.0007291191723197699
11130,0.0031307677272707224,0.0008065422298386693
11131,0.004473223816603422,0.0008751964196562767
11132,0.006738915573805571,0.0009254019823856652
11133,0.00917191244661808,0.0009731860482133925
11134,0.009857984259724617,0.001002322300337255
11135,0.0059184059500694275,0.001030375249683857
11136,0.002824861090630293,0.0010283670853823423
11137,0.004072418436408043,0.0010092011652886868
11138,0.007040327414870262,0.0009461453882977366
11139,0.00982020702213049,0.0008600453147664666
11140,0.012008558958768845,0.0007536949124187231
11141,0.011996687389910221,0.000658367876894772
11142,0.006889485754072666,0.0005928558530285954
11143,0.003357158973813057,0.0005690684774890542
11144,0.005928322207182646,0.0005831526359543204
11145,0.00735206063836813,0.000620194710791111
11146,0.006132963113486767,0.0006629237323068082
11147,0.003721735905855894,0.0006969192181713879
11148,0.002488886471837759,0.0007184153655543923
11149,0.0030075388494879007,0.0007238662801682949
11150,0.0041035679168999195,0.0007208613678812981
11151,0.005341514013707638,0.0007097490597516298
11152,0.0044089024886488914,0.0006984567153267562
11153,0.002929363399744034,0.0006862056907266378
11154,0.002597211394459009,0.0006780362455174327
11155,0.0037718024104833603,0.0006718886434100568
11156,0.004401764366775751,0.0006711606401950121
11157,0.003943510353565216,0.0006738111842423677
11158,0.00297600869089365,0.0006833324441686273
11159,0.0023497152142226696,0.0006980143953114748
11160,0.002354701515287161,0.0007231439230963588
11161,0.0027676669415086508,0.0007567284628748894
11162,0.0030775421764701605,0.000807528558652848
11163,0.0029362367931753397,0.0008706692606210709
11164,0.00256640394218266,0.0009592249989509583
11165,0.002255026251077652,0.0010562833631411195
11166,0.002298461040481925,0.0011752391001209617
11167,0.002482867566868663,0.001268320600502193
11168,0.00268168724142015,0.0013411759864538908
11169,0.002653953619301319,0.001320712617598474
11170,0.0024815183132886887,0.0012249305145815015
11171,0.0022598961368203163,0.0010387818329036236
11172,0.0021754270419478416,0.0008310906705446541
11173,0.0022537626791745424,0.0006601685308851302
11174,0.002391273621469736,0.0005768717965111136
11175,0.002481092233210802,0.0005885403952561319
11176,0.00242755189538002,0.0006643718807026744
11177,0.0023042899556457996,0.0007568281143903732
11178,0.0021764806006103754,0.0008229421218857169
11179,0.0021576182916760445,0.0008463708800263703
11180,0.002212646882981062,0.0008222787291742861
11181,0.002292392775416374,0.0007719477289356291
11182,0.0023227978963404894,0.0007082265219651163
11183,0.0022941911593079567,0.0006505464552901685
11184,0.002230271929875016,0.000605307228397578
11185,0.002166185062378645,0.000576408754568547
11186,0.002142739947885275,0.0005620866431854665
11187,0.0021551474928855896,0.0005593416863121092
11188,0.002188700018450618,0.0005652267718687654
11189,0.0022035506553947926,0.0005780612700618804
11190,0.002197809750214219,0.0005982494330964983
11191,0.002173584420233965,0.0006283150287345052
11192,0.0021515919361263514,0.0006759681855328381
11193,0.0021377631928771734,0.0007512201555073261
11194,0.002137236762791872,0.0008806136902421713
11195,0.00214699050411582,0.0010872117709368467
11196,0.002157540526241064,0.001441298983991146
11197,0.0021625906229019165,0.0019342020386829972
11198,0.0021556788124144077,0.0026361418422311544
11199,0.0021443916484713554,0.003188202390447259
11200,0.0021330686286091805,0.0034364047460258007
11201,0.0021296204067766666,0.0029404014348983765
11202,0.0021318576764315367,0.001978254411369562
11203,0.0021378721576184034,0.0010864916257560253
11204,0.0021426782477647066,0.000623467203695327
11205,0.0021435876842588186,0.0007418431341648102
11206,0.002140447497367859,0.0012293120380491018
11207,0.0021341557148844004,0.0016470466507598758
11208,0.0021287903655320406,0.0017349438276141882
11209,0.002125565428286791,0.001428496092557907
11210,0.002126079285517335,0.0009477486019022763
11211,0.0021279777865856886,0.0006178630283102393
11212,0.0021302264649420977,0.0006153236608952284
11213,0.002131106797605753,0.000859214982483536
11214,0.002130506094545126,0.0011410959996283054
11215,0.002128584310412407,0.001281172619201243
11216,0.0021257884800434113,0.0012562328483909369
11217,0.0021233968436717987,0.0010695158271118999
11218,0.0021217959001660347,0.000840830965898931
11219,0.002121580298990011,0.0006488676299341023
11220,0.0021219742484390736,0.0005654711276292801
11221,0.0021227365359663963,0.0005979099660180509
11222,0.002123130951076746,0.0006979118334129453
11223,0.002122964709997177,0.0007994211628101766
11224,0.002122110454365611,0.00084644032176584
11225,0.002120770514011383,0.0008299570763483644
11226,0.0021194214932620525,0.0007555281044915318
11227,0.002118312753736973,0.0006665177643299103
11228,0.0021177418529987335,0.00059412547852844
11229,0.002117449650540948,0.0005608011852018535
11230,0.002117401920258999,0.000568319228477776
11231,0.002117325086146593,0.0006028096540831029
11232,0.0021172165870666504,0.0006452040397562087
11233,0.002116949763149023,0.0006788386381231248
11234,0.0021164733916521072,0.0006980215548537672
11235,0.0021158691961318254,0.0006973824347369373
11236,0.002115172566846013,0.0006843857117928565
11237,0.002114502713084221,0.0006607192335650325
11238,0.0021139015443623066,0.0006346814916469157
11239,0.0021134179551154375,0.0006084443302825093
11240,0.002113018184900284,0.0005866836290806532
11241,0.0021127245854586363,0.0005700146430172026
11242,0.002112461719661951,0.0005591875524260104
11243,0.002112187212333083,0.0005536384414881468
11244,0.0021118782460689545,0.0005521803395822644
11245,0.0021115050185471773,0.000553776859305799
11246,0.0021111101377755404,0.0005578065174631774
11247,0.0021106768399477005,0.0005638226284645498
11248,0.0021102195605635643,0.0005718669854104519
11249,0.0021097552962601185,0.0005830877926200628
11250,0.002109300345182419,0.0005986682954244316
11251,0.002108869841322303,0.0006220050854608417
11252,0.002108438406139612,0.0006562144844792783
11253,0.0021080276928842068,0.0007103209500201046
11254,0.0021076397970318794,0.000789476209320128
11255,0.0021072793751955032,0.0009146661031991243
11256,0.0021069191861897707,0.0010844392236322165
11257,0.002106558997184038,0.001330472296103835
11258,0.002106205327436328,0.0015865049790591002
11259,0.002105838619172573,0.0018493642564862967
11260,0.0021054730750620365,0.0019035091390833259
11261,0.00210509542375803,0.0017412861343473196
11262,0.0021047042682766914,0.0013209835160523653
11263,0.002104329178109765,0.0008710500551387668
11264,0.002103930339217186,0.0006053397664800286
11265,0.0021035363897681236,0.0006164980586618185
11266,0.0021031410433351994,0.000825747731141746
11267,0.002102765254676342,0.0010504915844649076
11268,0.0021023638546466827,0.0011261438485234976
11269,0.0021019696723669767,0.0010210371110588312
11270,0.0021015668753534555,0.0008164204191416502
11271,0.002101191319525242,0.0006334234494715929
11272,0.0021008020266890526,0.0005620864103548229
11273,0.002100427867844701,0.0006113123963586986
11274,0.0021000332199037075,0.0007239325204864144
11275,0.0020996418315917253,0.0008317555184476078
11276,0.002099274890497327,0.0008855594787746668
11277,0.0020988823380321264,0.000885456393007189
11278,0.002098498633131385,0.0008340961067005992
11279,0.0020981221459805965,0.0007639974355697632
11280,0.002097739838063717,0.0006872846279293299
11281,0.002097361721098423,0.0006233622552827001
11282,0.0020969887264072895,0.000578080303966999
11283,0.0020966087467968464,0.0005546074826270342
11284,0.0020962271373718977,0.0005499915569089353
11285,0.0020958520472049713,0.0005599905271083117
11286,0.0020954792853444815,0.0005801744409836829
11287,0.002095109084621072,0.0006065896595828235
11288,0.002094733063131571,0.0006386956665664911
11289,0.002094365656375885,0.0006758215604349971
11290,0.002094012452289462,0.0007230732007883489
11291,0.0020936515647917986,0.0007788944058120251
11292,0.002093314193189144,0.0008547494653612375
11293,0.002092992886900902,0.000941223232075572
11294,0.0020926936995238066,0.0010515896137803793
11295,0.002092435024678707,0.0011500853579491377
11296,0.0020922040566802025,0.0012419188860803843
11297,0.002092058304697275,0.0012536339927464724
11298,0.0020920210517942905,0.0011944951256737113
11299,0.002092137234285474,0.001031170249916613
11300,0.002092507667839527,0.000829820055514574
11301,0.002093220828101039,0.0006522720213979483
11302,0.002094476018100977,0.0005629349616356194
11303,0.0020965770818293095,0.0005765232490375638
11304,0.0020999955013394356,0.0006582959904335439
11305,0.0021054535172879696,0.0007499359780922532
11306,0.0021141525357961655,0.0008007938740774989
11307,0.0021278460044413805,0.0007950797444209456
11308,0.0021496249828487635,0.000739201030228287
11309,0.0021836687810719013,0.0006651688599959016
11310,0.002237825421616435,0.0005984679446555674
11311,0.0023218821734189987,0.0005582415033131838
11312,0.002454676665365696,0.0005480812396854162
11313,0.002654389478266239,0.0005624765763059258
11314,0.0029577813111245632,0.0005926082958467305
11315,0.0033715739846229553,0.0006308124866336584
11316,0.003923147916793823,0.0006752248737029731
11317,0.004476901609450579,0.000724521407391876
11318,0.004929642658680677,0.0007877014577388763
11319,0.004866475239396095,0.0008644773624837399
11320,0.004304957576096058,0.0009745879215188324
11321,0.0033100848086178303,0.0011069751344621181
11322,0.0024747662246227264,0.0012863943120464683
11323,0.0021162615157663822,0.0014527105959132314
11324,0.002258026972413063,0.0016087197000160813
11325,0.002801767783239484,0.0016174176707863808
11326,0.0037949420511722565,0.001487639034166932
11327,0.00545664643868804,0.0011912839254364371
11328,0.007315849419683218,0.0008612225647084415
11329,0.008152426220476627,0.0006250752485357225
11330,0.005773633718490601,0.0005631209933198988
11331,0.003003594931215048,0.0006592429708689451
11332,0.0027556377463042736,0.0008206662023440003
11333,0.004830444231629372,0.000938751152716577
11334,0.007930238731205463,0.0009515574784018099
11335,0.011885391548275948,0.0008655997808091342
11336,0.015759672969579697,0.0007297164993360639
11337,0.011980223469436169,0.0006116321310400963
11338,0.005559439770877361,0.0005532450741156936
11339,0.005566062871366739,0.0005623308825306594
11340,0.009084830991923809,0.0006175144226290286
11341,0.0093998983502388,0.0006883439491502941
11342,0.006189323030412197,0.000753546308260411
11343,0.0035534552298486233,0.0007973925676196814
11344,0.002689607674255967,0.000824504706542939
11345,0.002979961223900318,0.0008299964247271419
11346,0.0038182297721505165,0.0008271123515442014
11347,0.0036692176945507526,0.000808660639449954
11348,0.0028123885858803988,0.0007866205414757133
11349,0.0023916352074593306,0.0007538883946835995
11350,0.002951754489913583,0.0007188370218500495
11351,0.003512932453304529,0.0006787540623918176
11352,0.003384136827662587,0.0006408083136193454
11353,0.0029303228948265314,0.0006055548437871039
11354,0.002574499696493149,0.0005774031742475927
11355,0.0024988187942653894,0.000557263963855803
11356,0.0024839709512889385,0.0005455181235447526
11357,0.0024704006500542164,0.0005410970188677311
11358,0.0024418598040938377,0.0005425219424068928
11359,0.002492750994861126,0.0005481637781485915
11360,0.0024900317657738924,0.0005567844491451979
11361,0.0023720553144812584,0.0005682390765286982
11362,0.0021893747616559267,0.0005828966968692839
11363,0.0021444533485919237,0.0006030212971381843
11364,0.0022671297192573547,0.0006309884483925998
11365,0.002386839594691992,0.000674100941978395
11366,0.0023624859750270844,0.0007384708733297884
11367,0.002208530670031905,0.0008434854680672288
11368,0.002102937549352646,0.0009995241416618228
11369,0.0021081084851175547,0.0012498113792389631
11370,0.002181967254728079,0.001577375689521432
11371,0.002208117861300707,0.0020251551177352667
11372,0.0021787432488054037,0.002397160278633237
11373,0.002138969488441944,0.002630772767588496
11374,0.0021267873235046864,0.002421500626951456
11375,0.00212700292468071,0.0018695322796702385
11376,0.002111812587827444,0.0012086116475984454
11377,0.0020981398411095142,0.0007139487424865365
11378,0.002102668397128582,0.000571400043554604
11379,0.0021290602162480354,0.0007620968390256166
11380,0.0021392563357949257,0.001092241727747023
11381,0.0021208696998655796,0.001332852290943265
11382,0.002086660824716091,0.0013317893026396632
11383,0.0020689789671450853,0.001119993394240737
11384,0.002076280303299427,0.0008255689754150808
11385,0.0020919684320688248,0.0006028178613632917
11386,0.002098953817039728,0.0005540012498386204
11387,0.0020925456192344427,0.0006602820358239114
11388,0.0020851886365562677,0.0008269297541119158
11389,0.002080125967040658,0.0009708048892207444
11390,0.0020770258270204067,0.0010315742110833526
11391,0.002070480026304722,0.001016699243336916
11392,0.002064487664029002,0.000926691573113203
11393,0.002063998021185398,0.0008101357379928231
11394,0.0020692627876996994,0.0006871646037325263
11395,0.0020744255743920803,0.0005942470743320882
11396,0.002073046285659075,0.0005467272130772471
11397,0.0020670967642217875,0.0005455577629618347
11398,0.0020610669162124395,0.0005779069033451378
11399,0.0020594573579728603,0.0006258002249523997
11400,0.0020601488649845123,0.0006725731072947383
11401,0.002060565399006009,0.0007033752626739442
11402,0.0020595286041498184,0.0007175927748903632
11403,0.0020586904138326645,0.0007115509361028671
11404,0.002059294143691659,0.0006935271085239947
11405,0.0020598762203007936,0.000663821236230433
11406,0.002059018239378929,0.0006322976551018655
11407,0.002056379336863756,0.00060082454001531
11408,0.002054126700386405,0.0005742019275203347
11409,0.002053339034318924,0.0005541858845390379
11410,0.002053844975307584,0.0005417523207142949
11411,0.002054201904684305,0.0005358093185350299
11412,0.0020538277458399534,0.0005352528532966971
11413,0.0020531504414975643,0.0005388782010413706
11414,0.002052621217444539,0.0005453917547129095
11415,0.0020523930434137583,0.0005543774459511042
11416,0.0020519166719168425,0.0005661119357682765
11417,0.0020511362235993147,0.0005821021040901542
11418,0.0020501515828073025,0.0006040289299562573
11419,0.002049444941803813,0.0006373529904522002
11420,0.0020491715986281633,0.0006866289768368006
11421,0.0020491371396929026,0.0007660124101676047
11422,0.00204903120175004,0.0008832053281366825
11423,0.0020486367866396904,0.0010703068692237139
11424,0.0020481462124735117,0.001318780705332756
11425,0.002047678455710411,0.0016662341076880693
11426,0.002047336660325527,0.00198280974291265
11427,0.0020469522569328547,0.0022343648597598076
11428,0.0020464605186134577,0.002142596524208784
11429,0.002045882400125265,0.0017589626368135214
11430,0.0020453711040318012,0.0012034988030791283
11431,0.0020450244192034006,0.0007425810908898711
11432,0.0020447648130357265,0.00056437001330778
11433,0.0020444788970053196,0.0006844904273748398
11434,0.002044122200459242,0.0009636118775233626
11435,0.002043722663074732,0.0011967404279857874
11436,0.002043365500867367,0.0012273893225938082
11437,0.0020430204458534718,0.0010690696071833372
11438,0.0020426795817911625,0.0008229032973758876
11439,0.002042284933850169,0.0006162663921713829
11440,0.0020418651401996613,0.0005442362744361162
11441,0.0020414381287992,0.0006118176970630884
11442,0.002041063504293561,0.0007488633273169398
11443,0.002040690276771784,0.0008779818890616298
11444,0.0020403380040079355,0.0009441215079277754
11445,0.0020399861969053745,0.0009480942972004414
11446,0.0020396094769239426,0.0008870828896760941
11447,0.002039233921095729,0.0007992568425834179
11448,0.0020388769917190075,0.0006998882745392621
11449,0.002038541715592146,0.0006160475895740092
11450,0.0020382036454975605,0.0005587303312495351
11451,0.0020378613844513893,0.0005351004656404257
11452,0.0020374844316393137,0.0005405462579801679
11453,0.0020371247082948685,0.0005657504079863429
11454,0.002036776626482606,0.0006015371764078736
11455,0.0020364243537187576,0.0006382719147950411
11456,0.0020360557828098536,0.0006716812495142221
11457,0.002035704907029867,0.0006972139817662537
11458,0.002035333774983883,0.0007190931937657297
11459,0.0020349682308733463,0.0007314232643693686
11460,0.0020345912780612707,0.0007409569807350636
11461,0.0020342268981039524,0.0007411106489598751
11462,0.0020338729955255985,0.0007379610324278474
11463,0.0020335060544312,0.0007241180865094066
11464,0.0020331405103206635,0.0007059458876028657
11465,0.002032790333032608,0.0006790958577767015
11466,0.002032421762123704,0.0006500347517430782
11467,0.0020320580806583166,0.0006183129735291004
11468,0.0020316983573138714,0.0005895861540921032
11469,0.0020313418935984373,0.0005649722879752517
11470,0.002030986826866865,0.0005467216833494604
11471,0.0020306340884417295,0.000535115716047585
11472,0.0020302580669522285,0.0005295941373333335
11473,0.00202991277910769,0.0005287810345180333
11474,0.0020295586436986923,0.0005315290181897581
11475,0.002029198920354247,0.0005370696890167892
11476,0.002028843853622675,0.0005449930904433131
11477,0.0020284983329474926,0.0005559828132390976
11478,0.002028136281296611,0.0005713919526897371
11479,0.0020277928560972214,0.0005948204779997468
11480,0.0020274543203413486,0.0006305878050625324
11481,0.0020271306857466698,0.00069009093567729
11482,0.002026817761361599,0.0007848768145777285
11483,0.0020265181083232164,0.0009479426662437618
11484,0.0020262596663087606,0.0011977964313700795
11485,0.0020260189194232225,0.0016059455228969455
11486,0.0020258219446986914,0.002112565329298377
11487,0.00202571926638484,0.002735633635893464
11488,0.002025728579610586,0.0030445698648691177
11489,0.00202590087428689,0.0029305110219866037
11490,0.0020263195037841797,0.0022610563319176435
11491,0.0020271288231015205,0.001394835882820189
11492,0.002028543036431074,0.0007678064284846187
11493,0.0020308559760451317,0.0005734582664445043
11494,0.0020345612429082394,0.0008238311274908483
11495,0.0020404316019266844,0.0012707642745226622
11496,0.002049728063866496,0.0015379051910713315
11497,0.002064312808215618,0.0014905488351359963
11498,0.002087429165840149,0.0011750413104891777
11499,0.00212359381839633,0.0007929387502372265
11500,0.002181075979024172,0.0005638869479298592
11501,0.0022702296264469624,0.0005925382720306516
11502,0.0024107275530695915,0.0008062653359957039
11503,0.002621310530230403,0.0010374801931902766
11504,0.002939438447356224,0.001149571966379881
11505,0.003368647303432226,0.0011393085587769747
11506,0.003931253217160702,0.00099965650588274
11507,0.004476774483919144,0.0008124059531837702
11508,0.004891916178166866,0.0006414314266294241
11509,0.0047702123410999775,0.0005470836767926812
11510,0.004162609111517668,0.0005405308329500258
11511,0.0031855141278356314,0.0006022154120728374
11512,0.0023967763409018517,0.0006894163088873029
11513,0.0020656934939324856,0.0007535747718065977
11514,0.0021912623196840286,0.000776902015786618
11515,0.0026911029126495123,0.0007498763734474778
11516,0.0036175702698528767,0.0006926354253664613
11517,0.0051373206079006195,0.0006222919910214841
11518,0.006758964154869318,0.0005654243868775666
11519,0.007399933412671089,0.0005337086622603238
11520,0.005367252975702286,0.000529096054378897
11521,0.002929937094449997,0.0005461825057864189
11522,0.002472948282957077,0.000574772187974304
11523,0.0040856171399354935,0.0006046434864401817
11524,0.00690557062625885,0.0006278981454670429
11525,0.010969218797981739,0.0006443875026889145
11526,0.015531009994447231,0.0006511429091915488
11527,0.012736680917441845,0.0006526921642944217
11528,0.006194145884364843,0.0006480517331510782
11529,0.004913938231766224,0.0006424338789656758
11530,0.008466704748570919,0.0006333614583127201
11531,0.01018040906637907,0.0006251903250813484
11532,0.008383791893720627,0.000615882221609354
11533,0.005947063211351633,0.0006078886217437685
11534,0.003655984066426754,0.0005994406528770924
11535,0.002434428781270981,0.0005927394377067685
11536,0.003105335170403123,0.0005861863028258085
11537,0.003820077981799841,0.0005811876035295427
11538,0.00334068457596004,0.0005767382681369781
11539,0.0024096451234072447,0.0005741053028032184
11540,0.0024184132926166058,0.0005723549984395504
11541,0.003194524673745036,0.0005727204261347651
11542,0.004008796997368336,0.0005747650284320116
11543,0.004353104159235954,0.0005799986538477242
11544,0.0036441783886402845,0.0005882363184355199
11545,0.0025488741230219603,0.0006024141912348568
11546,0.002278480213135481,0.0006232242449186742
11547,0.00293163163587451,0.0006565704825334251
11548,0.0034048452507704496,0.000704651465639472
11549,0.0031250452157109976,0.0007808908121660352
11550,0.0025020227767527103,0.0008868547738529742
11551,0.002072327770292759,0.001048512291163206
11552,0.0020997889805585146,0.0012465796899050474
11553,0.0024268426932394505,0.0015065077459439635
11554,0.0026158695109188557,0.0017152985092252493
11555,0.002465631579980254,0.001853445079177618
11556,0.002166744554415345,0.0017347503453493118
11557,0.0020348811522126198,0.0014186479384079576
11558,0.002140661235898733,0.0009941637981683016
11559,0.0023096262011677027,0.0006608007824979722
11560,0.002389514585956931,0.0005450390744954348
11561,0.00232210336253047,0.0006462662713602185
11562,0.0021821041591465473,0.0008544717566110194
11563,0.0020659025758504868,0.0010199141688644886
11564,0.002049419330433011,0.0010383804328739643
11565,0.0021169367246329784,0.0009190436685457826
11566,0.0021941792219877243,0.0007413100684061646
11567,0.0022213039919734,0.0005915770889259875
11568,0.002167605562135577,0.0005301814526319504
11569,0.0020753066055476665,0.0005636441055685282
11570,0.00200985511764884,0.0006538461311720312
11571,0.0020165150053799152,0.0007524871616624296
11572,0.0020669186487793922,0.0008222758187912405
11573,0.002100640907883644,0.0008603988098911941
11574,0.002089835237711668,0.0008576703257858753
11575,0.0020501981489360332,0.0008341819047927856
11576,0.002016347600147128,0.0007883094949647784
11577,0.002003992907702923,0.0007379721500910819
11578,0.002013556193560362,0.0006803963333368301
11579,0.00203117448836565,0.0006283560651354492
11580,0.0020417976193130016,0.0005834278999827802
11581,0.0020361514762043953,0.0005500150728039443
11582,0.0020187790505588055,0.0005288766697049141
11583,0.002003020839765668,0.0005201563471928239
11584,0.0019979001954197884,0.0005212873220443726
11585,0.0020037642680108547,0.0005291689885780215
11586,0.0020132006611675024,0.0005419235676527023
11587,0.002019427251070738,0.0005581683944910765
11588,0.0020179729908704758,0.0005779265775345266
11589,0.002009954070672393,0.0006014670361764729
11590,0.0019999779760837555,0.000633290212135762
11591,0.0019936158787459135,0.0006750746397301555
11592,0.0019937942270189524,0.0007369330851361156
11593,0.001998567022383213,0.0008211220847442746
11594,0.002003645058721304,0.0009484098991379142
11595,0.0020047472789883614,0.0011084635043516755
11596,0.0020016180351376534,0.0013279127888381481
11597,0.0019965623505413532,0.0015344393905252218
11598,0.001992451027035713,0.0017237921711057425
11599,0.0019904631190001965,0.001728721777908504
11600,0.0019904091022908688,0.0015580247854813933
11601,0.0019916887395083904,0.0012025964679196477
11602,0.0019932594150304794,0.0008282870403490961
11603,0.001993973506614566,0.0005862513789907098
11604,0.0019929870031774044,0.0005481475964188576
11605,0.001990742515772581,0.0006793185602873564
11606,0.0019883387722074986,0.0008679875754751265
11607,0.0019868286326527596,0.000987946754321456
11608,0.001986459130421281,0.0009789052419364452
11609,0.0019868705421686172,0.0008595486870035529
11610,0.0019874777644872665,0.0006995747680775821
11611,0.0019876821897923946,0.0005740312626585364
11612,0.001987296622246504,0.0005241790204308927
11613,0.0019863469060510397,0.0005531262140721083
11614,0.001985212555155158,0.0006301523535512388
11615,0.001984229777008295,0.0007149000302888453
11616,0.001983556430786848,0.000786036194767803
11617,0.0019832404796034098,0.000827513518743217
11618,0.001983117777854204,0.0008483474375680089
11619,0.001983075402677059,0.0008429423323832452
11620,0.0019829797092825174,0.0008290650439448655
11621,0.001982701476663351,0.0007976924534887075
11622,0.0019821948371827602,0.0007620318210683763
11623,0.001981524284929037,0.0007154726190492511
11624,0.0019808770157396793,0.0006688353605568409
11625,0.0019803806208074093,0.0006208926788531244
11626,0.0019800113514065742,0.0005790635477751493
11627,0.0019797198474407196,0.0005463834386318922
11628,0.0019794758409261703,0.0005257137236185372
11629,0.001979255583137274,0.0005164095782674849
11630,0.001978980377316475,0.0005168741336092353
11631,0.0019786343909800053,0.0005246337968856096
11632,0.001978236250579357,0.0005368579877540469
11633,0.001977809937670827,0.0005518555990420282
11634,0.001977359177544713,0.0005687888478860259
11635,0.0019769431091845036,0.0005890224128961563
11636,0.0019765482284128666,0.000613153213635087
11637,0.001976200845092535,0.0006464154575951397
11638,0.0019758804701268673,0.0006909894873388112
11639,0.001975592225790024,0.0007585985003970563
11640,0.0019752851221710443,0.0008509772014804184
11641,0.001974955201148987,0.0009912882233038545
11642,0.0019746259786188602,0.001167829497717321
11643,0.0019742813892662525,0.0014079315587878227
11644,0.0019739135168492794,0.0016304462915286422
11645,0.0019735454116016626,0.0018276851624250412
11646,0.001973177306354046,0.0018225827952846885
11647,0.0019728040788322687,0.0016293113585561514
11648,0.0019724476151168346,0.0012539109447970986
11649,0.001972099533304572,0.0008595581166446209
11650,0.0019717649556696415,0.0005971905775368214
11651,0.001971425488591194,0.0005391032318584621
11652,0.001971104182302952,0.0006611907738260925
11653,0.0019707626197487116,0.0008570682257413864
11654,0.0019704250153154135,0.0009968833765015006
11655,0.001970090437680483,0.0010136649943888187
11656,0.0019697509706020355,0.0009129567188210785
11657,0.0019694040529429913,0.0007522288942709565
11658,0.0019690627232193947,0.0006063881446607411
11659,0.001968726282939315,0.0005265369545668364
11660,0.0019683788996189833,0.0005299268523231149
11661,0.001968035474419594,0.0005938481772318482
11662,0.0019676839001476765,0.0006803897558711469
11663,0.00196733046323061,0.0007645853329449892
11664,0.001966978656128049,0.0008264215430244803
11665,0.001966642215847969,0.0008694701245985925
11666,0.0019663108978420496,0.0008847868302837014
11667,0.00196596747264266,0.0008897623629309237
11668,0.001965621020644903,0.0008697484154254198
11669,0.0019652796909213066,0.0008393857860937715
11670,0.001964931609109044,0.0007867590757086873
11671,0.0019646072760224342,0.000727091683074832
11672,0.001964262453839183,0.0006593428552150726
11673,0.0019639325328171253,0.0005971126956865191
11674,0.0019635886419564486,0.0005484956200234592
11675,0.001963242655619979,0.0005205747438594699
11676,0.001962912967428565,0.0005132146179676056
11677,0.0019625667482614517,0.0005224107881076634
11678,0.0019622291438281536,0.0005421086680144072
11679,0.0019618829246610403,0.0005655743880197406
11680,0.001961551606655121,0.0005885619320906699
11681,0.001961208414286375,0.0006078318110667169
11682,0.0019608624279499054,0.000624988111667335
11683,0.0019605266861617565,0.0006389671470969915
11684,0.0019601841922849417,0.0006544117932207882
11685,0.001959852874279022,0.0006703882245346904
11686,0.0019595108460634947,0.0006931477691978216
11687,0.0019591799937188625,0.0007197408704087138
11688,0.0019588221330195665,0.0007584230625070632
11689,0.0019584984984248877,0.0008031686884351075
11690,0.00195815647020936,0.0008639843435958028
11691,0.001957818865776062,0.0009263596148230135
11692,0.00195749057456851,0.0010000324109569192
11693,0.0019571741577237844,0.0010540663497522473
11694,0.001956840278580785,0.001095142331905663
11695,0.0019565271213650703,0.0010816401336342096
11696,0.0019562249071896076,0.0010264045558869839
11697,0.001955929910764098,0.0009151228005066514
11698,0.001955656334757805,0.0007815498393028975
11699,0.0019554097671061754,0.0006513682892546058
11700,0.0019552032463252544,0.0005576992989517748
11701,0.0019550854340195656,0.0005163749447092414
11702,0.001955068437382579,0.0005254800198599696
11703,0.0019551755394786596,0.0005684476345777512
11704,0.0019555448088794947,0.0006232608575373888
11705,0.0019562633242458105,0.0006725545972585678
11706,0.001957534346729517,0.0007040411583147943
11707,0.001959695713594556,0.0007183864945545793
11708,0.00196323124691844,0.0007141665555536747
11709,0.001968933967873454,0.00070155318826437
11710,0.001978121465072036,0.0006812853971496224
11711,0.001992766046896577,0.0006618194165639579
11712,0.0020163734443485737,0.0006422576261684299
11713,0.002053857548162341,0.0006272947648540139
11714,0.0021144403144717216,0.0006149703403934836
11715,0.0022096389438956976,0.0006078948499634862
11716,0.0023622396402060986,0.0006041299202479422
11717,0.002593108918517828,0.000606000772677362
11718,0.002947011962532997,0.0006121799815446138
11719,0.0034232132602483034,0.0006259082001633942
11720,0.0040478757582604885,0.000646625820081681
11721,0.004617301747202873,0.0006802725838497281
11722,0.004999454133212566,0.0007267100154422224
11723,0.0047037904150784016,0.0007972196326591074
11724,0.0038937751669436693,0.0008892813348211348
11725,0.0028096043970435858,0.0010214962530881166
11726,0.0021042111329734325,0.0011753644794225693
11727,0.0019903425127267838,0.0013691780623048544
11728,0.002388868248090148,0.0015343452105298638
11729,0.0032658223062753677,0.0016691514756530523
11730,0.004779167473316193,0.0016626088181510568
11731,0.007051150314509869,0.0015282676322385669
11732,0.008419714868068695,0.001260937424376607
11733,0.00736739207059145,0.0009482994792051613
11734,0.003624728647992015,0.0006845080642960966
11735,0.002384822815656662,0.0005381035152822733
11736,0.004796830005943775,0.0005306311650201678
11737,0.00850763265043497,0.0006273434264585376
11738,0.013189875520765781,0.0007600452518090606
11739,0.015686262398958206,0.0008646632195450366
11740,0.012017358094453812,0.0009054729016497731
11741,0.004246849566698074,0.0008743399521335959
11742,0.007042113691568375,0.0007948621641844511
11743,0.013162738643586636,0.0006910542724654078
11744,0.009997622109949589,0.0005989862256683409
11745,0.004380818456411362,0.0005363005329854786
11746,0.0026383046060800552,0.0005090760532766581
11747,0.004607880488038063,0.0005127450567670166
11748,0.0075746518559753895,0.0005391422309912741
11749,0.005397504661232233,0.000579977233428508
11750,0.0029971343465149403,0.0006288307486101985
11751,0.0029446936678141356,0.0006871115183457732
11752,0.005148306488990784,0.000755131128244102
11753,0.004801605828106403,0.0008457673247903585
11754,0.0033919874113053083,0.0009542344487272203
11755,0.002197768073529005,0.0011039231903851032
11756,0.0026174522936344147,0.0012654843740165234
11757,0.003572354093194008,0.0014549836050719023
11758,0.0036041508428752422,0.0015766198048368096
11759,0.0029028956778347492,0.0016217364463955164
11760,0.0021436489187180996,0.001489024143666029
11761,0.0025956318713724613,0.0012322489637881517
11762,0.0029243300668895245,0.0009177078609354794
11763,0.0031298028770834208,0.0006579987821169198
11764,0.002691748784855008,0.0005289295804686844
11765,0.0023961730767041445,0.0005443351692520082
11766,0.002212167251855135,0.0006618348998017609
11767,0.002273072488605976,0.0008028722368180752
11768,0.002416769042611122,0.0008904495625756681
11769,0.0024095019325613976,0.0008931707707233727
11770,0.0023784134536981583,0.0008228743681684136
11771,0.002143545774742961,0.0007127877324819565
11772,0.0020669610239565372,0.0006057947757653892
11773,0.002044022548943758,0.0005315821035765111
11774,0.002221690956503153,0.0005068054306320846
11775,0.0022494723089039326,0.0005256978329271078
11776,0.0021548776421695948,0.0005708959652110934
11777,0.0019934906158596277,0.0006275605410337448
11778,0.0019610202871263027,0.0006842322181910276
11779,0.0020632618106901646,0.0007386573706753552
11780,0.0021264185197651386,0.000784852949436754
11781,0.00212103477679193,0.0008328920812346041
11782,0.0020214002579450607,0.0008742116042412817
11783,0.00198511965572834,0.0009202496148645878
11784,0.0019694010261446238,0.0009494427940808237
11785,0.0020016951020807028,0.0009732022881507874
11786,0.0020049894228577614,0.0009635792812332511
11787,0.0020080844406038523,0.000929512083530426
11788,0.001995720202103257,0.0008554248488508165
11789,0.001972272526472807,0.000761793868150562
11790,0.0019526606192812324,0.0006604010704904795
11791,0.0019392339745536447,0.0005758021725341678
11792,0.001962006790563464,0.0005220340099185705
11793,0.001974260900169611,0.0005047275335527956
11794,0.0019765349570661783,0.0005183893954381347
11795,0.0019486191449686885,0.0005509371403604746
11796,0.0019332689698785543,0.0005894083296880126
11797,0.0019334674580022693,0.000622664752881974
11798,0.0019465425284579396,0.0006463094032369554
11799,0.00195459951646626,0.0006573405698873103
11800,0.0019490219419822097,0.0006602749926969409
11801,0.0019432571716606617,0.0006550891557708383
11802,0.0019347090274095535,0.0006479235016740859
11803,0.0019332123920321465,0.0006380821578204632
11804,0.0019293813966214657,0.000630360736977309
11805,0.0019315826939418912,0.0006232364685274661
11806,0.0019341141451150179,0.0006198548944666982
11807,0.001936708576977253,0.0006184398662298918
11808,0.0019343181047588587,0.0006218633498065174
11809,0.0019277215469628572,0.000628261303063482
11810,0.0019239133689552546,0.0006410249625332654
11811,0.0019230358302593231,0.000658205128274858
11812,0.001926573459059,0.0006847234908491373
11813,0.0019274386577308178,0.0007180219399742782
11814,0.0019271096680313349,0.0007653062930330634
11815,0.0019245785661041737,0.0008214853005483747
11816,0.0019229836761951447,0.0008967669564299285
11817,0.0019218786619603634,0.0009778246749192476
11818,0.0019209367455914617,0.0010758290300145745
11819,0.0019208474550396204,0.0011602943995967507
11820,0.00192077097017318,0.0012384462170302868
11821,0.0019215699285268784,0.001264100195840001
11822,0.0019211143953725696,0.001244314364157617
11823,0.001920195296406746,0.0011517502134665847
11824,0.00191854452714324,0.001011971733532846
11825,0.0019176504574716091,0.0008442780235782266
11826,0.0019175199558958411,0.0006872874801047146
11827,0.001917678746394813,0.0005706112715415657
11828,0.0019177966751158237,0.0005112201324664056
11829,0.001917296089231968,0.0005083206342533231
11830,0.0019168732687830925,0.0005470438045449555
11831,0.0019161729142069817,0.0006064707413315773
11832,0.0019156993366777897,0.0006669650319963694
11833,0.0019151021260768175,0.0007168839802034199
11834,0.0019146784907206893,0.0007476668106392026
11835,0.001914424356073141,0.0007628684979863465
11836,0.0019142739474773407,0.0007602566620334983
11837,0.001914172200486064,0.000750119099393487
11838,0.001913784770295024,0.0007308452040888369
11839,0.0019133001333102584,0.0007109860307537019
11840,0.001912743435241282,0.0006879913271404803
11841,0.0019123463425785303,0.0006675663753412664
11842,0.001912025734782219,0.0006470347288995981
11843,0.0019117374904453754,0.000630046590231359
11844,0.0019114566966891289,0.000614215387031436
11845,0.001911138417199254,0.0006020116270519793
11846,0.0019108705455437303,0.000591625168453902
11847,0.0019105315441265702,0.0005846580024808645
11848,0.0019101871876046062,0.000579787534661591
11849,0.0019097781041637063,0.0005784686654806137
11850,0.0019093934679403901,0.0005798011552542448
11851,0.0019090647110715508,0.0005856326315551996
11852,0.001908754464238882,0.0005954583757556975
11853,0.001908472622744739,0.0006124554201960564
11854,0.0019081777427345514,0.0006369142793118954
11855,0.0019078680779784918,0.0006748975720256567
11856,0.0019075293093919754,0.0007276026299223304
11857,0.0019072081195190549,0.0008069616160355508
11858,0.0019068822730332613,0.0009129773825407028
11859,0.0019065368687734008,0.001066649449057877
11860,0.0019061968196183443,0.0012534931302070618
11861,0.0019058495527133346,0.0014969561016187072
11862,0.0019055348820984364,0.0017302068881690502
11863,0.0019052284769713879,0.001951265032403171
11864,0.0019049234688282013,0.0020354269072413445
11865,0.001904624281451106,0.001970735378563404
11866,0.0019042917992919683,0.00172957603354007
11867,0.001903971191495657,0.0013641545083373785
11868,0.0019036538433283567,0.0009828188922256231
11869,0.0019033309072256088,0.0006745427381247282
11870,0.0019030029652640224,0.0005195847479626536
11871,0.0019026793306693435,0.0005285384831950068
11872,0.0019023534841835499,0.0006492151296697557
11873,0.0019020349718630314,0.000802584458142519
11874,0.001901725772768259,0.0009221007348969579
11875,0.0019014030694961548,0.0009702868410386145
11876,0.0019010986434295774,0.0009458250133320689
11877,0.0019007722148671746,0.0008532650535926223
11878,0.001900457893498242,0.0007361762691289186
11879,0.0019001364707946777,0.0006234030588530004
11880,0.001899822847917676,0.0005433512851595879
11881,0.0018995054997503757,0.0005027927691116929
11882,0.0018991820979863405,0.0004994982155039907
11883,0.0018988668452948332,0.0005254570860415697
11884,0.0018985406495630741,0.0005687527591362596
11885,0.0018982248147949576,0.0006186779355630279
11886,0.0018979061860591173,0.0006681714439764619
11887,0.0018975863931700587,0.0007200975087471306
11888,0.0018972600810229778,0.0007694696541875601
11889,0.0018969574011862278,0.0008239495800808072
11890,0.0018966334173455834,0.0008709697867743671
11891,0.0018963179318234324,0.0009221856598742306
11892,0.0018959969747811556,0.0009548079688102007
11893,0.001895684516057372,0.0009752627229318023
11894,0.0018953660037368536,0.0009556842851452529
11895,0.001895057037472725,0.0009066833881661296
11896,0.0018947357311844826,0.0008193040266633034
11897,0.001894416636787355,0.0007178289815783501
11898,0.0018940971931442618,0.0006181336939334869
11899,0.001893781591206789,0.0005429802695289254
11900,0.0018934622639790177,0.0005029289750382304
11901,0.0018931422382593155,0.0004984724801033735
11902,0.0018928139470517635,0.0005213548429310322
11903,0.0018924998585134745,0.0005584935424849391
11904,0.0018921871669590473,0.0005971138016320765
11905,0.0018918735440820456,0.0006274280603975058
11906,0.00189155712723732,0.0006473858957178891
11907,0.0018912287196144462,0.0006555078434757888
11908,0.001890920102596283,0.0006568305543623865
11909,0.0018905980978161097,0.000650648376904428
11910,0.0018902821466326714,0.0006433119997382164
11911,0.001889972947537899,0.000634075899142772
11912,0.0018896451219916344,0.0006275071646086872
11913,0.0018893256783485413,0.0006217624759301543
11914,0.0018890209030359983,0.0006200641510076821
11915,0.001888688188046217,0.0006207683472894132
11916,0.0018883775919675827,0.0006271448801271617
11917,0.0018880615243688226,0.0006370042101480067
11918,0.0018877508118748665,0.0006545347860082984
11919,0.0018874260131269693,0.0006776072550565004
11920,0.00188710808288306,0.0007123098475858569
11921,0.0018867957405745983,0.0007552641909569502
11922,0.001886479090899229,0.0008150697685778141
11923,0.0018861576681956649,0.0008841303060762584
11924,0.001885840785689652,0.0009736412321217358
11925,0.0018855234375223517,0.0010636455845087767
11926,0.0018852041102945805,0.001164111541584134
11927,0.0018848881591111422,0.00123542919754982
11928,0.0018845762824639678,0.001282811164855957
11929,0.0018842718563973904,0.0012632736470550299
11930,0.0018839789554476738,0.001188146648928523
11931,0.0018836730159819126,0.0010521042859181762
11932,0.0018833775538951159,0.0008864017436280847
11933,0.0018831093329936266,0.0007221539854072034
11934,0.001882847398519516,0.0005915192887187004
11935,0.0018826257437467575,0.0005146012408658862
11936,0.0018824742874130607,0.0004949498106725514
11937,0.0018823882564902306,0.0005213713739067316
11938,0.0018824210856109858,0.0005747625255025923
11939,0.0018826781306415796,0.0006361563573591411
11940,0.0018832641653716564,0.0006905966438353062
11941,0.0018843853613361716,0.000732292071916163
11942,0.001886402489617467,0.0007554626208730042
11943,0.001889885519631207,0.0007665519951842725
11944,0.0018957206048071384,0.0007629156461916864
11945,0.0019055383745580912,0.0007546819979324937
11946,0.0019218698143959045,0.0007385378703474998
11947,0.0019493019208312035,0.0007223361753858626
11948,0.0019947884138673544,0.0007021696073934436
11949,0.0020712518598884344,0.0006838294793851674
11950,0.002196479355916381,0.0006637374171987176
11951,0.0024043573066592216,0.00064610515255481
11952,0.0027294603642076254,0.0006280544912442565
11953,0.003236713819205761,0.0006127112428657711
11954,0.003917350899428129,0.0005981265567243099
11955,0.004766879137605429,0.0005863443948328495
11956,0.005397044122219086,0.0005759719060733914
11957,0.005548952147364616,0.0005684383795596659
11958,0.0046813394874334335,0.0005627558566629887
11959,0.0033754101023077965,0.0005601468728855252
11960,0.002299252897500992,0.0005598055431619287
11961,0.001992914592847228,0.0005631782114505768
11962,0.0024126125499606133,0.0005699554458260536
11963,0.003511088900268078,0.0005825061816722155
11964,0.00562271848320961,0.0006012567318975925
11965,0.008577504195272923,0.000630904221907258
11966,0.010712225921452045,0.0006732832407578826
11967,0.007555156946182251,0.000738459057174623
11968,0.0034786767791956663,0.0008293013088405132
11969,0.0033833300694823265,0.0009659403585828841
11970,0.006244706455618143,0.0011451367754489183
11971,0.009916920214891434,0.0013968453276902437
11972,0.014426584355533123,0.0016777286073192954
11973,0.016960203647613525,0.001999854575842619
11974,0.009625383652746677,0.002231844700872898
11975,0.004618523176759481,0.002343865344300866
11976,0.00860974658280611,0.002239484805613756
11977,0.008742456324398518,0.0019249324686825275
11978,0.006774750538170338,0.0014942275593057275
11979,0.0047108386643230915,0.0010223322315141559
11980,0.0027147787623107433,0.0006623019580729306
11981,0.003356463508680463,0.0005027581355534494
11982,0.003445796435698867,0.0005488225724548101
11983,0.005012445151805878,0.0007140825036913157
11984,0.0035094646736979485,0.0008909825701266527
11985,0.0027428222820162773,0.0010124023538082838
11986,0.002865246497094631,0.0010558684589341283
11987,0.003973347134888172,0.001000076881609857
11988,0.0039200917817652225,0.0008806464611552656
11989,0.0032157248351722956,0.0007252222276292741
11990,0.002400708617642522,0.0005967532051727176
11991,0.002036450430750847,0.0005188658833503723
11992,0.002367371693253517,0.0004934229655191302
11993,0.0025276057422161102,0.0005122260772623122
11994,0.0024971487000584602,0.000562987057492137
11995,0.0021126989740878344,0.0006253946921788156
11996,0.0021044588647782803,0.0006759980460628867
11997,0.0020826677791774273,0.000708232750184834
11998,0.0022749509662389755,0.0007209870964288712
11999,0.002255519386380911,0.000722879427485168
12000,0.002303361427038908,0.0007048622355796397
12001,0.002129635540768504,0.0006768422317691147
12002,0.002002903027459979,0.0006397514953278005
12003,0.001937324064783752,0.0006041161832399666
12004,0.002047590911388397,0.0005684097995981574
12005,0.0021708719432353973,0.0005358814378269017
12006,0.002155412919819355,0.0005102857248857617
12007,0.002057171892374754,0.0004946482949890196
12008,0.0019183771219104528,0.00048704707296565175
12009,0.0019186768913641572,0.0004848122480325401
12010,0.0019325441680848598,0.00048725761007517576
12011,0.0019920889753848314,0.0004942211671732366
12012,0.0019724443554878235,0.0005043302662670612
12013,0.0019685353618115187,0.0005161549197509885
12014,0.0019234956707805395,0.00053110730368644
12015,0.0018989068921655416,0.0005510806804522872
12016,0.0018773770425468683,0.000580031715799123
12017,0.0018912346567958593,0.000620703911408782
12018,0.0019180383533239365,0.0006839490961283445
12019,0.001918042660690844,0.0007772546960040927
12020,0.0019000752363353968,0.0009262984385713935
12021,0.0018692042212933302,0.0011320512276142836
12022,0.001871627988293767,0.0014370112912729383
12023,0.0018765225540846586,0.0017746953526511788
12024,0.0018923926400020719,0.002149229636415839
12025,0.001888536149635911,0.0023265236523002386
12026,0.0018881415016949177,0.0022689562756568193
12027,0.00187776074744761,0.0019118613563477993
12028,0.0018701078370213509,0.0013916800962761045
12029,0.0018622864736244082,0.00091454794164747
12030,0.0018627340905368328,0.0005896466900594532
12031,0.001870512031018734,0.0005082659772597253
12032,0.0018745390698313713,0.0006539252353832126
12033,0.0018745562992990017,0.0008895454229786992
12034,0.0018656807951629162,0.0010555869666859508
12035,0.001861426280811429,0.0010659301187843084
12036,0.0018573682755231857,0.0009594291332177818
12037,0.0018589862156659365,0.0008012843318283558
12038,0.0018588323146104813,0.0006324755377136171
12039,0.001860668882727623,0.0005147879710420966
12040,0.0018610238330438733,0.0004895346355624497
12041,0.0018603105563670397,0.0005489842733368278
12042,0.0018577618757262826,0.0006447896594181657
12043,0.0018543058540672064,0.0007362048490904272
12044,0.0018534037517383695,0.0008191126398742199
12045,0.0018533415859565139,0.0008737897151149809
12046,0.0018548627849668264,0.0008996009128168225
12047,0.0018544768681749701,0.0008820738294161856
12048,0.0018543433398008347,0.000844874419271946
12049,0.001853191526606679,0.0007764298934489489
12050,0.0018525351770222187,0.0006940618623048067
12051,0.0018513144459575415,0.0006051741074770689
12052,0.0018504044273868203,0.0005370344151742756
12053,0.0018501796294003725,0.0004979991936124861
12054,0.001850353553891182,0.0004867110401391983
12055,0.0018507192144170403,0.0004992414033040404
12056,0.001850226311944425,0.000528489297721535
12057,0.0018497281707823277,0.0005609852378256619
12058,0.0018488751957193017,0.0005832777824252844
12059,0.0018485001055523753,0.0005932635394856334
12060,0.0018479328136891127,0.0005927904858253896
12061,0.0018475591205060482,0.0005859242519363761
12062,0.0018472886877134442,0.0005711056292057037
12063,0.001847163774073124,0.0005543140578083694
12064,0.0018470610957592726,0.0005383394891396165
12065,0.0018467234913259745,0.0005253724521026015
12066,0.0018463367596268654,0.0005137940170243382
12067,0.0018458024132996798,0.0005045065190643072
12068,0.0018454482778906822,0.0004983105463907123
12069,0.0018450528150424361,0.0004946955014020205
12070,0.0018447705078870058,0.0004919873899780214
12071,0.001844461658038199,0.0004903484368696809
12072,0.0018442230066284537,0.000490490929223597
12073,0.0018439908744767308,0.0004924969980493188
12074,0.0018437025137245655,0.0004961027298122644
12075,0.0018433991353958845,0.0005027253064326942
12076,0.001843029516749084,0.0005147563642822206
12077,0.0018426913302391768,0.000536281440872699
12078,0.0018423261353746057,0.000572616292629391
12079,0.0018420357955619693,0.0006377252284437418
12080,0.0018417214741930366,0.0007489554118365049
12081,0.0018414611695334315,0.0009496303973719478
12082,0.0018411616329103708,0.001272544264793396
12083,0.0018408765317872167,0.0018164979992434382
12084,0.0018406144808977842,0.002506558783352375
12085,0.001840309239923954,0.0033489917404949665
12086,0.0018400000408291817,0.003742919070646167
12087,0.0018396804807707667,0.0035607083700597286
12088,0.0018393677892163396,0.0028659438248723745
12089,0.0018390638288110495,0.0019056452438235283
12090,0.0018387591699138284,0.0010709232883527875
12091,0.0018384656868875027,0.0005448482115752995
12092,0.0018381576519459486,0.0006395364180207253
12093,0.0018378744134679437,0.0011059582466259599
12094,0.001837586984038353,0.0013740481808781624
12095,0.001837289659306407,0.0013354825787246227
12096,0.001836996292695403,0.001166194793768227
12097,0.0018367087468504906,0.0008828011341392994
12098,0.001836414448916912,0.0005832447204738855
12099,0.0018361153779551387,0.000493199797347188
12100,0.0018358094384893775,0.0006611293647438288
12101,0.0018355206120759249,0.0008628210052847862
12102,0.0018352088518440723,0.0009808946633711457
12103,0.001834913739003241,0.0010599626693874598
12104,0.001834619091823697,0.0010103448294103146
12105,0.0018343337578698993,0.0008329379488714039
12106,0.00183403049595654,0.000648929737508297
12107,0.001833750051446259,0.0005425889976322651
12108,0.0018334471387788653,0.0004966923734173179
12109,0.001833157381042838,0.0005282904603518546
12110,0.0018328733276575804,0.0006232094601728022
12111,0.001832576235756278,0.0006927019567228854
12112,0.001832274836488068,0.0007029504049569368
12113,0.0018319884547963738,0.0006716708885505795
12114,0.0018316959030926228,0.0006144779035821557
12115,0.0018314006738364697,0.0005394617328420281
12116,0.001831101137213409,0.0004908184055238962
12117,0.001830805093050003,0.00048660096945241094
12118,0.001830515917390585,0.0005029808962717652
12119,0.0018302206881344318,0.0005288115935400128
12120,0.0018299195216968656,0.0005634467815980315
12121,0.001829629298299551,0.0005904061254113913
12122,0.0018293410539627075,0.0005958412075415254
12123,0.001829044078476727,0.0005940985283814371
12124,0.0018287550192326307,0.0005860665696673095
12125,0.0018284437246620655,0.0005695363506674767
12126,0.0018281610682606697,0.0005496703670360148
12127,0.001827868283726275,0.0005353725282475352
12128,0.001827564206905663,0.0005210664821788669
12129,0.0018272678134962916,0.0005070218467153609
12130,0.001826976309530437,0.0004976969794370234
12131,0.0018266953993588686,0.0004918182967230678
12132,0.0018263945821672678,0.0004854610888287425
12133,0.0018260960932821035,0.0004810477839782834
12134,0.0018258080817759037,0.00047959666699171066
12135,0.0018255102913826704,0.00047789840027689934
12136,0.001825226005166769,0.00047587096923962235
12137,0.0018249216955155134,0.00047571994946338236
12138,0.0018246392719447613,0.0004761095333378762
12139,0.001824334030970931,0.0004758792056236416
12140,0.001824040082283318,0.0004768120707012713
12141,0.0018237467156723142,0.00047965513658709824
12142,0.001823468366637826,0.0004837395390495658
12143,0.0018231834983453155,0.0004912004224024713
12144,0.0018228970002382994,0.0005057735834270716
12145,0.0018226098036393523,0.0005327960243448615
12146,0.0018223286606371403,0.0005817976198159158
12147,0.0018220571801066399,0.0006766360020264983
12148,0.0018218010663986206,0.0008479560492560267
12149,0.0018215407617390156,0.001172179589048028
12150,0.0018213329603895545,0.0016898091416805983
12151,0.001821137499064207,0.00252970727160573
12152,0.0018210005946457386,0.0033393152989447117
12153,0.0018209504196420312,0.003882258664816618
12154,0.001820998964831233,0.0033653329592198133
12155,0.0018212447175756097,0.002197881229221821
12156,0.001821792684495449,0.0011828192509710789
12157,0.001822817255742848,0.0006158348405733705
12158,0.0018245725659653544,0.0006719325901940465
12159,0.0018275058828294277,0.0012571922270581126
12160,0.0018323406111449003,0.001806391403079033
12161,0.0018402548739686608,0.0019201758550480008
12162,0.0018530880333855748,0.0015176982851698995
12163,0.0018741111271083355,0.0009545607026666403
12164,0.0019080820493400097,0.000562671513762325
12165,0.0019639236852526665,0.0005794490571133792
12166,0.002053354401141405,0.0009468991192989051
12167,0.002199513604864478,0.0013311859220266342
12168,0.0024254419840872288,0.0014358065091073513
12169,0.002780044451355934,0.001323865377344191
12170,0.003270487766712904,0.0010149311274290085
12171,0.003935195505619049,0.0006862718728370965
12172,0.004568574950098991,0.0004985423292964697
12173,0.005029609892517328,0.0005253085400909185
12174,0.004750214517116547,0.0006789720500819385
12175,0.003890891559422016,0.0008188188076019287
12176,0.002707367530092597,0.0008528299513272941
12177,0.0019561576191335917,0.0007466023089364171
12178,0.0018769858870655298,0.0005951164057478309
12179,0.002378281904384494,0.0004960529622621834
12180,0.0034554162994027138,0.0004929871647618711
12181,0.005313320551067591,0.000560118758585304
12182,0.007986086420714855,0.0006375712109729648
12183,0.008922678418457508,0.0006700499216094613
12184,0.006804344709962606,0.0006373688229359686
12185,0.002850418444722891,0.0005736181628890336
12186,0.0028713366482406855,0.000511534686665982
12187,0.006710628047585487,0.0004770549130626023
12188,0.011882433667778969,0.0004798517329618335
12189,0.018375573679804802,0.0005095838569104671
12190,0.016583869233727455,0.0005454693455249071
12191,0.00860399566590786,0.0005726482486352324
12192,0.005958910100162029,0.0005872384062968194
12193,0.010301291942596436,0.0005843219696544111
12194,0.01031825877726078,0.0005714681465178728
12195,0.005880268290638924,0.0005521023413166404
12196,0.003612461034208536,0.0005316240130923688
12197,0.0028820540755987167,0.0005112187354825437
12198,0.0028034374117851257,0.0004952568560838699
12199,0.0031393044628202915,0.00048314707237295806
12200,0.00318059790879488,0.0004745589103549719
12201,0.002858619438484311,0.0004699071869254112
12202,0.0026116291992366314,0.0004683251027017832
12203,0.0027274256572127342,0.0004684249870479107
12204,0.002756614936515689,0.0004702348669525236
12205,0.0027791359461843967,0.00047361175529658794
12206,0.0026064827106893063,0.00047793169505894184
12207,0.002289914758875966,0.00048386165872216225
12208,0.0019569476135075092,0.0004922636435367167
12209,0.0019964976236224174,0.0005044095451012254
12210,0.002195303561165929,0.0005221644532866776
12211,0.0022259908728301525,0.0005506233428604901
12212,0.0020402739755809307,0.0005938983522355556
12213,0.0019080452620983124,0.000664873921778053
12214,0.00196456047706306,0.0007709426572546363
12215,0.0020353214349597692,0.0009407877805642784
12216,0.0020357996691018343,0.001162702334113419
12217,0.0019925853703171015,0.001464624423533678
12218,0.0020020976662635803,0.0017042260151356459
12219,0.0019765591714531183,0.0018349546007812023
12220,0.0019021553453058004,0.0016132051823660731
12221,0.00183941051363945,0.0011660020099952817
12222,0.0018772489856928587,0.000708386127371341
12223,0.001952327904291451,0.0005033839261159301
12224,0.0019510113634169102,0.0006076732533983886
12225,0.0018822263227775693,0.0008741667261347175
12226,0.0018295933259651065,0.0010678991675376892
12227,0.001843527890741825,0.0010480943601578474
12228,0.0018614702858030796,0.0008347032126039267
12229,0.001858920557424426,0.0006028696661815047
12230,0.0018501253798604012,0.0004922643420286477
12231,0.0018609471153467894,0.0005331920692697167
12232,0.0018608366372063756,0.0006611210410483181
12233,0.0018349217716604471,0.0007721086731180549
12234,0.0018097995780408382,0.0007872774731367826
12235,0.0018119164742529392,0.0007193199708126485
12236,0.0018311539897695184,0.0006113805575296283
12237,0.0018342656549066305,0.0005202331813052297
12238,0.0018233986338600516,0.00047381845070049167
12239,0.0018129792297258973,0.00047754053957760334
12240,0.0018128958763554692,0.0005164577742107213
12241,0.0018114498816430569,0.0005723508074879646
12242,0.001806777436286211,0.000637470162473619
12243,0.001804879168048501,0.0007036319002509117
12244,0.0018092007376253605,0.0007778218714520335
12245,0.0018129986710846424,0.0008495930233038962
12246,0.0018087425269186497,0.0009349357569590211
12247,0.001801384729333222,0.0009989356622099876
12248,0.0017976914532482624,0.0010477183386683464
12249,0.0018004985759034753,0.0010202976409345865
12250,0.0018030585488304496,0.0009309980669058859
12251,0.001802635146304965,0.0007688250625506043
12252,0.0018007284961640835,0.0006046617636457086
12253,0.00180045363958925,0.0004964189138263464
12254,0.0018004232551902533,0.0004794239066541195
12255,0.0017980621196329594,0.0005378350033424795
12256,0.0017951118061318994,0.0006177616305649281
12257,0.0017942715203389525,0.0006641627405770123
12258,0.0017960811965167522,0.0006511879619210958
12259,0.0017971813213080168,0.0005958723486401141
12260,0.0017964458093047142,0.0005288420943543315
12261,0.0017949104076251388,0.0004819943569600582
12262,0.0017941686091944575,0.00046958474558778107
12263,0.0017937030643224716,0.00048779125791043043
12264,0.001792693859897554,0.0005216331919655204
12265,0.0017917313380166888,0.0005555982352234423
12266,0.0017914704512804747,0.0005821234663017094
12267,0.0017919843085110188,0.0005961168790236115
12268,0.001792136230506003,0.0006021609297022223
12269,0.0017916907090693712,0.0006005920004099607
12270,0.001790860085748136,0.000598210608586669
12271,0.0017902404069900513,0.0005934923538006842
12272,0.0017898413352668285,0.0005920747644267976
12273,0.001789388246834278,0.0005914056673645973
12274,0.0017889172304421663,0.0005953290965408087
12275,0.0017886082641780376,0.000600698753260076
12276,0.0017885961569845676,0.0006116223521530628
12277,0.0017885351553559303,0.000623714760877192
12278,0.0017882388783618808,0.0006415590178221464
12279,0.0017877226928249002,0.0006591876735910773
12280,0.0017872574971988797,0.0006815028609707952
12281,0.0017869332805275917,0.000699380470905453
12282,0.0017865820555016398,0.0007179984822869301
12283,0.0017862031236290932,0.0007249366026371717
12284,0.0017858651699498296,0.0007259957492351532
12285,0.0017856555059552193,0.000709000276401639
12286,0.0017854672623798251,0.0006820482085458934
12287,0.001785242697224021,0.0006400388665497303
12288,0.001784931169822812,0.0005936834495514631
12289,0.0017845900729298592,0.0005463432753458619
12290,0.0017842676024883986,0.0005071032792329788
12291,0.001783955143764615,0.0004795734421350062
12292,0.0017836460610851645,0.0004656804958358407
12293,0.001783320214599371,0.00046399104758165777
12294,0.0017830180004239082,0.0004714767565019429
12295,0.0017827386036515236,0.0004850053519476205
12296,0.0017825020477175713,0.0005022178520448506
12297,0.0017822377849370241,0.0005229230737313628
12298,0.0017819645581766963,0.0005475167417898774
12299,0.001781671424396336,0.0005807257839478552
12300,0.0017813919112086296,0.0006256242049857974
12301,0.0017811080906540155,0.0006952285766601562
12302,0.0017808193806558847,0.0007955982000567019
12303,0.0017805194947868586,0.0009566281805746257
12304,0.0017802237998694181,0.001175738056190312
12305,0.0017799297347664833,0.0014969146577641368
12306,0.001779652200639248,0.0018232797738164663
12307,0.001779391197487712,0.0021377908997237682
12308,0.0017791155260056257,0.002153261797502637
12309,0.0017788282129913568,0.0018708306597545743
12310,0.0017785525415092707,0.0013299890561029315
12311,0.0017782840877771378,0.000800990266725421
12312,0.0017780105117708445,0.0005170481745153666
12313,0.0017777211032807827,0.0005465272115543485
12314,0.001777444500476122,0.0007993660983629525
12315,0.0017771683633327484,0.0010767113417387009
12316,0.0017768843099474907,0.00117938790936023
12317,0.0017766031669452786,0.0010743369348347187
12318,0.0017763214418664575,0.0008348324918188155
12319,0.0017760386690497398,0.000596956699155271
12320,0.0017757689347490668,0.0004785741912201047
12321,0.0017754840664565563,0.000513892387971282
12322,0.0017751978011801839,0.0006470556254498661
12323,0.0017749308608472347,0.0007886647945269942
12324,0.0017746513476595283,0.0008684791391715407
12325,0.001774367643520236,0.0008811040897853673
12326,0.001774095231667161,0.0008220432209782302
12327,0.001773813390173018,0.0007312261732295156
12328,0.0017735341098159552,0.0006283912807703018
12329,0.0017732648411765695,0.0005433097248896956
12330,0.0017729869578033686,0.00048604613402858377
12331,0.0017727152444422245,0.00046339226537384093
12332,0.0017724420176818967,0.00047104654368013144
12333,0.0017721580807119608,0.0004985744599252939
12334,0.0017718840390443802,0.0005365505930967629
12335,0.001771615818142891,0.0005765721434727311
12336,0.0017713268753141165,0.0006155795999802649
12337,0.0017710537649691105,0.0006483308970928192
12338,0.0017707720398902893,0.0006805779412388802
12339,0.0017705049831420183,0.0007048719562590122
12340,0.0017702227924019098,0.0007285884930752218
12341,0.0017699431627988815,0.0007396098226308823
12342,0.0017696735449135303,0.0007455302402377129
12343,0.0017693951958790421,0.000731349631678313
12344,0.001769112073816359,0.0007049694540910423
12345,0.0017688446678221226,0.00065900495974347
12346,0.0017685762140899897,0.0006062148022465408
12347,0.001768298214301467,0.000550529919564724
12348,0.0017680347664281726,0.000504503957927227
12349,0.0017677594441920519,0.00047386798541992903
12350,0.0017675115959718823,0.00046127079986035824
12351,0.001767249428667128,0.0004646237357519567
12352,0.0017670036759227514,0.0004790002712979913
12353,0.0017667716601863503,0.000498894602060318
12354,0.0017665561754256487,0.0005198823055252433
12355,0.0017663688631728292,0.0005410443991422653
12356,0.0017662185709923506,0.0005611195811070502
12357,0.0017661121673882008,0.0005837177741341293
12358,0.001766100525856018,0.0006086825160309672
12359,0.0017662199679762125,0.0006435351679101586
12360,0.0017665231134742498,0.0006874956889078021
12361,0.001767106237821281,0.0007528600981459022
12362,0.0017681196331977844,0.000834659964311868
12363,0.0017698174342513084,0.0009510538075119257
12364,0.0017725778743624687,0.0010767430067062378
12365,0.0017769932746887207,0.001225936459377408
12366,0.0017840568907558918,0.0013220583787187934
12367,0.0017951931804418564,0.001362309791147709
12368,0.0018129772506654263,0.0012574740685522556
12369,0.0018409669864922762,0.0010511343134567142
12370,0.0018858175026252866,0.0007872380083426833
12371,0.001955957617610693,0.0005718148313462734
12372,0.0020680492743849754,0.00047469520359300077
12373,0.0022386747878044844,0.0005060716648586094
12374,0.002503291005268693,0.0006169953849166632
12375,0.002872858429327607,0.0007308709900826216
12376,0.003386423457413912,0.000786491553299129
12377,0.0039361706003546715,0.0007629116880707443
12378,0.00445301178842783,0.0006834355881437659
12379,0.004524335265159607,0.0005836579366587102
12380,0.004122357349842787,0.0005039131501689553
12381,0.0031865823548287153,0.0004647309542633593
12382,0.002300023101270199,0.00046821567229926586
12383,0.0018206838285550475,0.0005020624957978725
12384,0.001838544849306345,0.0005508037284016609
12385,0.0022508713882416487,0.0006049571093171835
12386,0.0030676396563649178,0.000657407334074378
12387,0.004485548473894596,0.0007139607332646847
12388,0.0061984010972082615,0.0007722535519860685
12389,0.0072366464883089066,0.0008482952835038304
12390,0.005470125004649162,0.0009293989278376102
12391,0.0028709887992590666,0.0010341369779780507
12392,0.0020770258270204067,0.0011224572081118822
12393,0.003664095886051655,0.0012016966938972473
12394,0.00675706472247839,0.0011980322888121009
12395,0.011522439308464527,0.0011209484655410051
12396,0.017379222437739372,0.0009452597005292773
12397,0.013797524385154247,0.0007383212214335799
12398,0.006326813250780106,0.0005623949109576643
12399,0.00585057632997632,0.00047409729450009763
12400,0.009426403790712357,0.0004847664968110621
12401,0.010710371658205986,0.0005631066742353141
12402,0.009359144605696201,0.0006553034763783216
12403,0.007529145572334528,0.0007121558883227408
12404,0.0051512205973267555,0.0007135085761547089
12405,0.0027005576994270086,0.0006649347487837076
12406,0.0031538871116936207,0.0005939105758443475
12407,0.00439884327352047,0.0005241758190095425
12408,0.003873797133564949,0.00047690659994259477
12409,0.0022666482254862785,0.00045904016587883234
12410,0.00241673132404685,0.00046714424388483167
12411,0.0039404816925525665,0.0004927128902636468
12412,0.005762105342000723,0.0005277153104543686
12413,0.006608282681554556,0.0005683115450665355
12414,0.004471637308597565,0.0006120085017755628
12415,0.0024568703956902027,0.0006651917938143015
12416,0.003456540172919631,0.0007285601459443569
12417,0.004419310949742794,0.0008179514552466571
12418,0.003462938591837883,0.0009272276074625552
12419,0.002163946395739913,0.0010799163719639182
12420,0.002073414623737335,0.0012385835871100426
12421,0.002981071826070547,0.0014132042415440083
12422,0.004023438319563866,0.001495847711339593
12423,0.004094453062862158,0.0014782556099817157
12424,0.0027807317674160004,0.0012830556370317936
12425,0.002086109481751919,0.0009914360707625747
12426,0.002792496932670474,0.0006991641130298376
12427,0.003249311586841941,0.0005115379462949932
12428,0.002797546098008752,0.00047589425230398774
12429,0.0021559905726462603,0.0005683380295522511
12430,0.0018845631275326014,0.0007120757945813239
12431,0.0021286271512508392,0.0008207723731175065
12432,0.002483540680259466,0.0008410651935264468
12433,0.0025464061181992292,0.0007758766878396273
12434,0.0021746037527918816,0.0006645814864896238
12435,0.0018509323708713055,0.0005516392411664128
12436,0.0019353865645825863,0.0004781915922649205
12437,0.002211068058386445,0.0004601206164807081
12438,0.0023241688031703234,0.0004891027929261327
12439,0.0021190689876675606,0.000544005713891238
12440,0.0018517308635637164,0.000604534347075969
12441,0.001775138545781374,0.0006610727868974209
12442,0.0019224900752305984,0.0007044642115943134
12443,0.0020498684607446194,0.0007415130967274308
12444,0.0019965805113315582,0.0007673185900785029
12445,0.0018504774197936058,0.0007939414936117828
12446,0.0017700623720884323,0.0008076062658801675
12447,0.0018095211125910282,0.0008196623530238867
12448,0.001877730479463935,0.0008119093254208565
12449,0.0018963129259645939,0.0007927381666377187
12450,0.001848521875217557,0.0007476035971194506
12451,0.0017907287692651153,0.0006887826602905989
12452,0.0017683699261397123,0.0006175404414534569
12453,0.0017913286574184895,0.0005503319553099573
12454,0.0018264888785779476,0.0004964846884831786
12455,0.0018392528872936964,0.0004646390734706074
12456,0.0018150743562728167,0.00045578120625577867
12457,0.0017715611029416323,0.0004656324163079262
12458,0.0017482914263382554,0.000487124256324023
12459,0.0017601239960640669,0.0005127748008817434
12460,0.0017861452652141452,0.0005376746412366629
12461,0.0017903433181345463,0.000558437779545784
12462,0.0017708002123981714,0.0005767705733887851
12463,0.0017491134349256754,0.0005918387323617935
12464,0.0017447755672037601,0.0006085890345275402
12465,0.0017546083545312285,0.0006259003421291709
12466,0.0017644462641328573,0.0006506448844447732
12467,0.0017654842231422663,0.0006802537245675921
12468,0.0017573002260178328,0.0007232643547467887
12469,0.0017477625515311956,0.0007735757390037179
12470,0.0017424456309527159,0.0008419103687629104
12471,0.0017444886034354568,0.000912040879484266
12472,0.001750114606693387,0.0009939151350408792
12473,0.0017539035761728883,0.001052859821356833
12474,0.0017514245118945837,0.0010941429063677788
12475,0.0017442626412957907,0.0010743392631411552
12476,0.0017385461833328009,0.0010058294283226132
12477,0.0017381152138113976,0.0008793663582764566
12478,0.001741727814078331,0.0007318101124837995
12479,0.0017441752133890986,0.000593600154388696
12480,0.001743196975439787,0.0004977255593985319
12481,0.0017398796044290066,0.00045880774268880486
12482,0.0017371249850839376,0.00047275034012272954
12483,0.0017362323123961687,0.0005210519302636385
12484,0.0017368718981742859,0.0005800322978757322
12485,0.0017379260389134288,0.0006311802426353097
12486,0.0017382523510605097,0.0006620839703828096
12487,0.0017374875023961067,0.0006734419730491936
12488,0.0017358512850478292,0.0006644041277468204
12489,0.0017344242660328746,0.000645485648419708
12490,0.0017338646575808525,0.0006184147787280381
12491,0.0017342367209494114,0.000591915100812912
12492,0.001734773744828999,0.0005660370225086808
12493,0.001734778517857194,0.000544856651686132
12494,0.0017340718768537045,0.00052726233843714
12495,0.001733016106300056,0.0005146308103576303
12496,0.0017321966588497162,0.0005054603097960353
12497,0.0017318353056907654,0.0005003637634217739
12498,0.0017319137696176767,0.0004984636325389147
12499,0.0017320157494395971,0.0005006214487366378
12500,0.0017318748869001865,0.0005068288883194327
12501,0.0017314038705080748,0.0005194540717639029
12502,0.0017307833768427372,0.0005402442766353488
12503,0.0017302744090557098,0.0005755783058702946
12504,0.0017299295868724585,0.0006307694129645824
12505,0.001729751005768776,0.0007227970636449754
12506,0.0017296415753662586,0.0008627928327769041
12507,0.0017294888384640217,0.0010903582442551851
12508,0.0017292050179094076,0.001403838861733675
12509,0.0017288175877183676,0.0018554579000920057
12510,0.0017283762572333217,0.0023063106928020716
12511,0.0017280171159654856,0.0027146502397954464
12512,0.0017277769511565566,0.002758313901722431
12513,0.0017275915015488863,0.002427181927487254
12514,0.0017273998819291592,0.0018374794162809849
12515,0.0017271495889872313,0.0011554353404790163
12516,0.0017268555238842964,0.0006502636824734509
12517,0.0017265318892896175,0.000469176156911999
12518,0.0017262129113078117,0.000623987230937928
12519,0.001725918729789555,0.0009261489612981677
12520,0.0017256438732147217,0.001141282613389194
12521,0.001725406851619482,0.0011762805515900254
12522,0.0017251798417419195,0.0010420243488624692
12523,0.0017249418888241053,0.0007955986075103283
12524,0.0017246633069589734,0.0005670164246112108
12525,0.001724377740174532,0.00045931502245366573
12526,0.001724081696011126,0.000497632659971714
12527,0.0017238075379282236,0.0006193341687321663
12528,0.001723547582514584,0.0007516862824559212
12529,0.0017232896061614156,0.0008599128341302276
12530,0.0017230436205863953,0.0009016635594889522
12531,0.0017227798234671354,0.0008818329661153257
12532,0.0017225320916622877,0.0008028794545680285
12533,0.001722275628708303,0.0007055961177684367
12534,0.0017219868022948503,0.0005972064100205898
12535,0.001721723354421556,0.0005091825150884688
12536,0.0017214533872902393,0.00046122807543724775
12537,0.001721189240925014,0.0004564738483168185
12538,0.0017209313809871674,0.00048080028500407934
12539,0.001720687374472618,0.0005196682759560645
12540,0.0017204275354743004,0.0005604641046375036
12541,0.001720160711556673,0.0005873630288988352
12542,0.0017198999412357807,0.0005964472657069564
12543,0.0017196357948705554,0.0005889685126021504
12544,0.00171937036793679,0.0005735474405810237
12545,0.0017191153019666672,0.00054908636957407
12546,0.0017188475467264652,0.0005233140545897186
12547,0.0017185925971716642,0.0004997494397684932
12548,0.0017183306626975536,0.00048110331408679485
12549,0.0017180712893605232,0.0004660711856558919
12550,0.0017178172711282969,0.00045566653716377914
12551,0.0017175530083477497,0.00045007976586930454
12552,0.0017172901425510645,0.0004473831213545054
12553,0.0017170266946777701,0.00044608506141230464
12554,0.001716771861538291,0.00044659446575678885
12555,0.0017165073659271002,0.0004489581333473325
12556,0.0017162555595859885,0.00045250210678204894
12557,0.0017159932758659124,0.0004579393134918064
12558,0.00171573250554502,0.0004673938383348286
12559,0.0017154746456071734,0.00048388115828856826
12560,0.001715213293209672,0.0005120684509165585
12561,0.0017149526393041015,0.0005639877635985613
12562,0.0017146985046565533,0.0006571889389306307
12563,0.0017144293524324894,0.0008334701997227967
12564,0.0017141742864623666,0.0011350613785907626
12565,0.0017139061819761992,0.0016763715539127588
12566,0.0017136541428044438,0.0024136551655828953
12567,0.0017133958172053099,0.00337007618509233
12568,0.0017131299246102571,0.003800728125497699
12569,0.001712867058813572,0.0034975719172507524
12570,0.0017126158345490694,0.002545419614762068
12571,0.0017123452853411436,0.0014681982574984431
12572,0.0017120871925726533,0.0007447776733897626
12573,0.0017118217656388879,0.000519573746714741
12574,0.0017115683294832706,0.0009012946393340826
12575,0.0017112985951825976,0.0014686156064271927
12576,0.0017110530752688646,0.0016213592607527971
12577,0.0017107976600527763,0.0013916591415181756
12578,0.001710528158582747,0.0010078921914100647
12579,0.0017102721612900496,0.0006264806143008173
12580,0.0017099995166063309,0.0004839228349737823
12581,0.0017097553936764598,0.0006923455512151122
12582,0.0017094849608838558,0.0010305778123438358
12583,0.0017092239577323198,0.001239944715052843
12584,0.001708978321403265,0.0012315084459260106
12585,0.0017087021842598915,0.001092956168577075
12586,0.001708448864519596,0.0008203546749427915
12587,0.0017081840196624398,0.000566689413972199
12588,0.0017079325625672936,0.0004655115189962089
12589,0.0017076712101697922,0.0005144592141732574
12590,0.001707408344373107,0.0006352727068588138
12591,0.0017071517650038004,0.0007458505569957197
12592,0.0017068894812837243,0.0007722719456069171
12593,0.0017066358122974634,0.0006858299602754414
12594,0.0017063729465007782,0.0005683053168468177
12595,0.001706111361272633,0.0004831032420042902
12596,0.0017058427911251783,0.0004564529226627201
12597,0.0017055855132639408,0.0004914765595458448
12598,0.0017053339397534728,0.0005564007442444563
12599,0.0017050669994205236,0.0006008946802467108
12600,0.0017047941219061613,0.0006021940498612821
12601,0.0017045547720044851,0.0005759798223152757
12602,0.0017042789841070771,0.0005298987962305546
12603,0.0017040229868143797,0.00048261909978464246
12604,0.0017037673387676477,0.0004541491507552564
12605,0.00170350749976933,0.0004482419171836227
12606,0.001703248592093587,0.00045687350211665034
12607,0.0017029894515872002,0.0004763093893416226
12608,0.0017027307767421007,0.0005024374695494771
12609,0.0017024707049131393,0.0005259957397356629
12610,0.0017022069077938795,0.0005486971931532025
12611,0.0017019406659528613,0.0005716569721698761
12612,0.0017016786150634289,0.0005974259693175554
12613,0.0017014334443956614,0.0006214331369847059
12614,0.0017011691816151142,0.000653030292596668
12615,0.0017009023576974869,0.0006824900046922266
12616,0.001700654742307961,0.0007135173655115068
12617,0.0017004003748297691,0.0007301612640731037
12618,0.0017001398373395205,0.0007363843033090234
12619,0.0016998848877847195,0.0007102451636455953
12620,0.0016996406484395266,0.0006640515639446676
12621,0.00169940828345716,0.0005964383017271757
12622,0.001699167536571622,0.0005276940064504743
12623,0.0016989718424156308,0.00047307717613875866
12624,0.0016987822018563747,0.0004472917935345322
12625,0.0016986253904178739,0.0004509950231295079
12626,0.0016985643887892365,0.0004742426099255681
12627,0.00169857288710773,0.0005043142009526491
12628,0.0016987610142678022,0.0005297112511470914
12629,0.0016991982702165842,0.0005455925711430609
12630,0.001700060092844069,0.0005490441690199077
12631,0.0017016155179589987,0.0005456985090859234
12632,0.001704291207715869,0.0005365003598853946
12633,0.001708820229396224,0.0005269754910841584
12634,0.0017163560260087252,0.0005175535334274173
12635,0.0017290441319346428,0.000511478865519166
12636,0.0017500598914921284,0.0005076605593785644
12637,0.0017854064935818315,0.0005084353615529835
12638,0.0018437271937727928,0.0005132410442456603
12639,0.0019419857999309897,0.0005248805973678827
12640,0.00210103252902627,0.0005438007065095007
12641,0.0023638522252440453,0.00057643570471555
12642,0.002761194482445717,0.0006247956771403551
12643,0.003363825846463442,0.0007028155960142612
12644,0.004092426970601082,0.000811101752333343
12645,0.00489405170083046,0.0009744446724653244
12646,0.0051877424120903015,0.0011653485707938671
12647,0.00482725165784359,0.00139799399767071
12648,0.0035556424409151077,0.0015409680781885982
12649,0.002312718890607357,0.001568968640640378
12650,0.0017371647991240025,0.0013461033813655376
12651,0.0019899532198905945,0.0009866446489468217
12652,0.0029392633587121964,0.0006412970251403749
12653,0.0047497982159256935,0.0004716646217275411
12654,0.007890303619205952,0.0005198982544243336
12655,0.010455608367919922,0.0007024874212220311
12656,0.009677661582827568,0.0008698658784851432
12657,0.003983179107308388,0.0009091832907870412
12658,0.0027605805080384016,0.0008042718982324004
12659,0.007263317704200745,0.000635760254226625
12660,0.0120768491178751,0.0005001701065339148
12661,0.016205845400691032,0.00045217337901704013
12662,0.01331197191029787,0.0004946498665958643
12663,0.006333610974252224,0.0005859744851477444
12664,0.005019553005695343,0.0006700566736981273
12665,0.008708775043487549,0.0007198924431577325
12666,0.0088061997666955,0.0007228290778584778
12667,0.004908157046884298,0.0006974152638576925
12668,0.002910337410867214,0.0006490476662293077
12669,0.0024938585702329874,0.0005988082848489285
12670,0.0029120566323399544,0.000549868680536747
12671,0.003701424226164818,0.000509933743160218
12672,0.0031343090813606977,0.0004789198865182698
12673,0.0025324637535959482,0.00045839636004529893
12674,0.002379482379183173,0.0004460641648620367
12675,0.0029991541523486376,0.000440041912952438
12676,0.0028621982783079147,0.000439065886894241
12677,0.0026980023831129074,0.0004416918382048607
12678,0.0023818830959498882,0.00044694269308820367
12679,0.0021926607005298138,0.0004553385660983622
12680,0.0020280806347727776,0.0004686210595536977
12681,0.0018666081596165895,0.0004891417920589447
12682,0.002012866549193859,0.0005233574192970991
12683,0.0020523301791399717,0.0005798856727778912
12684,0.0020797071047127247,0.000679819262586534
12685,0.001863268669694662,0.0008442435646429658
12686,0.0017845111433416605,0.0011324096703901887
12687,0.0018215004820376635,0.0015488489298149943
12688,0.0019288213225081563,0.0021620518527925014
12689,0.0019649711903184652,0.0026693905238062143
12690,0.0018587789963930845,0.002918671350926161
12691,0.0018041605362668633,0.0024542175233364105
12692,0.001751746516674757,0.0015898236306384206
12693,0.0017865507397800684,0.0008489067549817264
12694,0.001781343831680715,0.0005100975977256894
12695,0.0017982141580432653,0.0006522776675410569
12696,0.0017993440851569176,0.0011214478872716427
12697,0.0017828389536589384,0.0015254798345267773
12698,0.0017568654147908092,0.0016109795542433858
12699,0.0017115507507696748,0.0013018170138821006
12700,0.001716861966997385,0.0008529709302820265
12701,0.0017303392523899674,0.0005254505667835474
12702,0.0017633186653256416,0.0004915142781101167
12703,0.0017534189391881227,0.0007231832714751363
12704,0.0017288813833147287,0.0010139546357095242
12705,0.0017072489717975259,0.0011534516233950853
12706,0.001700434135273099,0.001134740188717842
12707,0.0017080639954656363,0.0009613489964976907
12708,0.00170231144875288,0.000740485789719969
12709,0.0017057276563718915,0.0005451001925393939
12710,0.0017046676948666573,0.00045170518569648266
12711,0.0017086659790948033,0.0004676573444157839
12712,0.0016989896539598703,0.0005542590515688062
12713,0.0016867584781721234,0.0006570047698915005
12714,0.0016832069959491491,0.0007184311398304999
12715,0.0016862384509295225,0.0007222621934488416
12716,0.0016941654030233622,0.0006642297958023846
12717,0.0016915188170969486,0.0005816213670186698
12718,0.0016879797913134098,0.0005004960112273693
12719,0.0016828731168061495,0.0004508885322138667
12720,0.0016829590313136578,0.00044311356032267213
12721,0.0016828645020723343,0.00046780856791883707
12722,0.0016806640196591616,0.0005065936129540205
12723,0.0016800593584775925,0.0005416222847998142
12724,0.0016803534235805273,0.000563013949431479
12725,0.001683186274021864,0.0005634992267005146
12726,0.0016817464493215084,0.0005504519212990999
12727,0.0016788466600701213,0.0005268955137580633
12728,0.0016760077560320497,0.000501062604598701
12729,0.0016759359277784824,0.00047648794134147465
12730,0.0016772353556007147,0.00045766308903694153
12731,0.0016769475769251585,0.0004447675310075283
12732,0.0016766467597335577,0.0004375403805170208
12733,0.0016758261481299996,0.0004352613177616149
12734,0.00167607213370502,0.0004366511129774153
12735,0.0016754316166043282,0.00044061162043362856
12736,0.0016743792220950127,0.00044700645958073437
12737,0.0016733079683035612,0.0004563952679745853
12738,0.0016727236798033118,0.00046965701039880514
12739,0.0016730905044823885,0.0004899523919448256
12740,0.001673158840276301,0.0005209799855947495
12741,0.0016731659416109324,0.0005720102344639599
12742,0.0016725566238164902,0.0006513310363516212
12743,0.0016720914281904697,0.0007842057384550571
12744,0.0016717007383704185,0.0009781343396753073
12745,0.0016712599899619818,0.0012772784102708101
12746,0.001670866971835494,0.0016083691734820604
12747,0.0016703573055565357,0.0019554130267351866
12748,0.0016701924614608288,0.001997782848775387
12749,0.001670020166784525,0.0017152208602055907
12750,0.0016699518309906125,0.0011404186952859163
12751,0.0016697461251169443,0.0006436039111576974
12752,0.0016693808138370514,0.0004800060123670846
12753,0.0016690166667103767,0.0006514337146654725
12754,0.0016686255112290382,0.0009736052015796304
12755,0.0016683866269886494,0.001199563848786056
12756,0.0016680805711075664,0.0011384700192138553
12757,0.0016677661333233118,0.0008769688429310918
12758,0.0016674831276759505,0.0006002798909321427
12759,0.0016672733472660184,0.00046647072304040194
12760,0.0016671174671500921,0.0005137734115123749
12761,0.0016668750904500484,0.000671441841404885
12762,0.0016666261944919825,0.0008077039383351803
12763,0.001666312338784337,0.0008396364864893258
12764,0.0016660427208989859,0.0007563683902844787
12765,0.001665781019255519,0.0006323286797851324
12766,0.0016655130311846733,0.000516686006449163
12767,0.0016652459744364023,0.0004493679734878242
12768,0.0016649664612486959,0.0004414604918565601
12769,0.0016647182637825608,0.00047840189654380083
12770,0.0016644764691591263,0.0005391321610659361
12771,0.0016642487607896328,0.0006112596020102501
12772,0.0016640030080452561,0.000693623092956841
12773,0.0016637567896395922,0.0007728286436758935
12774,0.0016635057982057333,0.0008633312536403537
12775,0.0016632522456347942,0.0009392882348038256
12776,0.0016630117315798998,0.0010083563392981887
12777,0.001662758644670248,0.0010094717144966125
12778,0.0016625096322968602,0.0009512039250694215
12779,0.0016622415278106928,0.0008020526729524136
12780,0.0016619854141026735,0.000627105706371367
12781,0.0016617479268461466,0.0004894661251455545
12782,0.0016615022905170918,0.000444243720266968
12783,0.00166126131080091,0.0004877681494690478
12784,0.0016609972808510065,0.0005704246577806771
12785,0.0016607563011348248,0.0006306866416707635
12786,0.0016605048440396786,0.000628864043392241
12787,0.0016602673567831516,0.0005747317336499691
12788,0.001660030335187912,0.0005038302624598145
12789,0.0016597786452621222,0.00045322117512114346
12790,0.0016595355700701475,0.00043871242087334394
12791,0.0016592969186604023,0.00045782618690282106
12792,0.0016590419691056013,0.0004947866545990109
12793,0.0016587999416515231,0.0005304863443598151
12794,0.001658552442677319,0.0005561813595704734
12795,0.0016583108808845282,0.0005673484993167222
12796,0.0016580569790676236,0.0005692188860848546
12797,0.0016578156501054764,0.0005624857149086893
12798,0.0016575641930103302,0.0005551775684580207
12799,0.0016573130851611495,0.00054655916756019
12800,0.0016570711741223931,0.000541257206350565
12801,0.0016568289138376713,0.000537429004907608
12802,0.0016565839760005474,0.0005387497367337346
12803,0.0016563327517360449,0.0005426431307569146
12804,0.0016560767544433475,0.0005525738233700395
12805,0.0016558440402150154,0.0005663296906277537
12806,0.0016555901383981109,0.000588452210649848
12807,0.0016553490422666073,0.0006149210385046899
12808,0.001655103638768196,0.0006523554329760373
12809,0.0016548654530197382,0.0006928872899152339
12810,0.001654617371968925,0.0007434497820213437
12811,0.001654374529607594,0.0007868612301535904
12812,0.0016541392542421818,0.0008290066616609693
12813,0.001653880812227726,0.0008405263652093709
12814,0.0016536472830921412,0.0008283378556370735
12815,0.0016534165479242802,0.0007696953252889216
12816,0.0016531732399016619,0.000685236242134124
12817,0.0016529447166249156,0.0005846156855113804
12818,0.0016527196858078241,0.0004987460561096668
12819,0.001652493723668158,0.0004468942934181541
12820,0.0016522957012057304,0.0004368609515950084
12821,0.0016520986100658774,0.0004605152062140405
12822,0.001651928061619401,0.0005006255814805627
12823,0.0016517697367817163,0.0005405476549640298
12824,0.0016516633331775665,0.0005674338317476213
12825,0.0016516329487785697,0.0005798867787234485
12826,0.0016516819596290588,0.0005765761015936732
12827,0.0016518908087164164,0.0005658293375745416
12828,0.0016523136291652918,0.0005491455085575581
12829,0.0016530691646039486,0.0005335079040378332
12830,0.0016543364617973566,0.0005188246723264456
12831,0.0016564095858484507,0.000508583034388721
12832,0.0016597032081335783,0.0005016450886614621
12833,0.0016649171011522412,0.0005000716773793101
12834,0.0016731061041355133,0.0005031328182667494
12835,0.0016860890900716186,0.0005137636326253414
12836,0.0017064162530004978,0.0005329296691343188
12837,0.0017388181295245886,0.0005678122397512197
12838,0.0017894298071041703,0.0006230201106518507
12839,0.00187016767449677,0.0007171672186814249
12840,0.001993985380977392,0.000858862476889044
12841,0.0021880757994949818,0.0010889306431636214
12842,0.002468435326591134,0.0013882771600037813
12843,0.002877484541386366,0.0017915904754772782
12844,0.003372529288753867,0.0020975270308554173
12845,0.003941013477742672,0.002237248234450817
12846,0.0042877160012722015,0.0019477196037769318
12847,0.004304463975131512,0.0013867933303117752
12848,0.003688020631670952,0.0008264138014055789
12849,0.0028131240978837013,0.0005030889878980815
12850,0.0020328774116933346,0.0005121191497892141
12851,0.0016846880316734314,0.0007737716659903526
12852,0.0017604692839086056,0.0010714648524299264
12853,0.00217308197170496,0.00120743818115443
12854,0.0029763802886009216,0.0010912606958299875
12855,0.004247041419148445,0.0008328213589265943
12856,0.00580904446542263,0.0005801554070785642
12857,0.006172393914312124,0.0004509292193688452
12858,0.004834635183215141,0.000489896978251636
12859,0.002537687309086323,0.0006405694875866175
12860,0.001885260222479701,0.0007943353848531842
12861,0.0033031320199370384,0.0008907020674087107
12862,0.0062060123309493065,0.0008969869231805205
12863,0.011232243850827217,0.000845358008518815
12864,0.015856416895985603,0.0007418487221002579
12865,0.014435868710279465,0.0006316592916846275
12866,0.005020197946578264,0.0005321363569237292
12867,0.006232544779777527,0.000463934033177793
12868,0.013910816982388496,0.000433151435572654
12869,0.013852624222636223,0.00043864481267519295
12870,0.008618773892521858,0.00046872993698343635
12871,0.003233949653804302,0.0005096332170069218
12872,0.004432151094079018,0.0005535051459446549
12873,0.007473161444067955,0.0005915272049605846
12874,0.004323818255215883,0.0006242335075512528
12875,0.002279351931065321,0.0006463550962507725
12876,0.004261019639670849,0.000666008098050952
12877,0.007410022430121899,0.0006731434259563684
12878,0.008766974322497845,0.0006758770323358476
12879,0.006846240721642971,0.0006633307784795761
12880,0.0035799918696284294,0.0006431724177673459
12881,0.004112185910344124,0.0006076880963519216
12882,0.004898253828287125,0.0005665884236805141
12883,0.003811255795881152,0.0005213673575781286
12884,0.002546521835029125,0.0004814252315554768
12885,0.0030883909203112125,0.00045084289740771055
12886,0.004507221281528473,0.0004333961405791342
12887,0.00606914097443223,0.0004285551840439439
12888,0.005921638570725918,0.00043364643352106214
12889,0.003042984288185835,0.00044548307778313756
12890,0.0027881970163434744,0.0004611724289134145
12891,0.004226196091622114,0.0004795198328793049
12892,0.0038209466729313135,0.0005003092810511589
12893,0.0021272380836308002,0.0005272013368085027
12894,0.0023899965453892946,0.0005620982847176492
12895,0.003505696775391698,0.0006148827378638089
12896,0.005076676141470671,0.0006896933191455901
12897,0.004690455738455057,0.0008090824703685939
12898,0.003294458147138357,0.0009727620636112988
12899,0.002360518556088209,0.0012173211434856057
12900,0.0033873175270855427,0.0014826483093202114
12901,0.003630580147728324,0.0017701038159430027
12902,0.002430862048640847,0.0018533642869442701
12903,0.002059726510196924,0.0017100981203839183
12904,0.0024363608099520206,0.00128785555716604
12905,0.003402785398066044,0.000814113300293684
12906,0.0035632492508739233,0.0005112384678795934
12907,0.0027652729768306017,0.00047706050099805
12908,0.0018750624731183052,0.0006638899212703109
12909,0.0023351479321718216,0.0009136953158304095
12910,0.0027584931813180447,0.001039539580233395
12911,0.0024170451797544956,0.0009778875391930342
12912,0.0018388992175459862,0.0007797772996127605
12913,0.0018652502913028002,0.0005717533640563488
12914,0.0022818944416940212,0.0004536267661023885
12915,0.0024257702752947807,0.0004601844702847302
12916,0.002203087555244565,0.0005616757553070784
12917,0.001801971928216517,0.0006877323030494153
12918,0.0018277168273925781,0.0007709414348937571
12919,0.0020485089626163244,0.0008018474327400327
12920,0.0021214622538536787,0.0007745726616121829
12921,0.0018868024926632643,0.0007184748537838459
12922,0.001703554531559348,0.0006413647206500173
12923,0.00173755397554487,0.0005692546255886555
12924,0.0019072152208536863,0.000506591924931854
12925,0.0019134287722408772,0.00046125147491693497
12926,0.0017615125980228186,0.0004349680384621024
12927,0.001667675795033574,0.00042708945693448186
12928,0.0017242261674255133,0.0004326583875808865
12929,0.0018215237651020288,0.00044754985719919205
12930,0.0018119311425834894,0.0004697527037933469
12931,0.0017278518062084913,0.0004970108857378364
12932,0.001647798577323556,0.0005306448438204825
12933,0.0016688546165823936,0.0005720803746953607
12934,0.0017270140815526247,0.0006303093396127224
12935,0.001736592617817223,0.0007046927930787206
12936,0.001674774568527937,0.0008125802269205451
12937,0.0016356951091438532,0.0009414791129529476
12938,0.0016566709382459521,0.0011094313813373446
12939,0.0016982585657387972,0.0012501318706199527
12940,0.0017009053844958544,0.0013564464170485735
12941,0.001666093012318015,0.0013033552095293999
12942,0.0016369123477488756,0.00111734913662076
12943,0.0016385880298912525,0.0008244909113273025
12944,0.0016606118297204375,0.000567430688533932
12945,0.0016659848624840379,0.0004476770991459489
12946,0.00165101932361722,0.00048623193288221955
12947,0.0016318553825840354,0.0006216972251422703
12948,0.0016322105657309294,0.0007506419788114727
12949,0.0016436678124591708,0.0007878662436269224
12950,0.0016509597189724445,0.000721150659956038
12951,0.0016440344043076038,0.0006010130746290088
12952,0.001632863306440413,0.0004916799953207374
12953,0.0016286547761410475,0.00043693959014490247
12954,0.0016324296593666077,0.0004461912903934717
12955,0.0016375964041799307,0.0005009546293877065
12956,0.0016369710210710764,0.000569134543184191
12957,0.0016320314025506377,0.0006223144009709358
12958,0.0016262676799669862,0.0006562632042914629
12959,0.0016259439289569855,0.0006667266716249287
12960,0.0016291196225211024,0.0006668422138318419
12961,0.001631623599678278,0.0006560398614965379
12962,0.0016293023945763707,0.0006480546435341239
12963,0.00162526685744524,0.0006367467576637864
12964,0.0016235124785453081,0.000630241702310741
12965,0.0016248679021373391,0.0006212063017301261
12966,0.001626834855414927,0.000615863420534879
12967,0.0016266428865492344,0.0006059636361896992
12968,0.0016246763989329338,0.0005958805559203029
12969,0.0016224149148911238,0.0005799665814265609
12970,0.0016220527468249202,0.0005627907230518758
12971,0.0016229113098233938,0.0005405109841376543
12972,0.001623665215447545,0.0005180463194847107
12973,0.0016229813918471336,0.0004948687274008989
12974,0.0016216838266700506,0.00047411915147677064
12975,0.0016207362059503794,0.0004560902889352292
12976,0.0016206367872655392,0.0004423381178639829
12977,0.0016209646128118038,0.00043261979590170085
12978,0.0016210749745368958,0.0004263721057213843
12979,0.0016207052394747734,0.00042283273069188
12980,0.0016198551747947931,0.00042140085133723915
12981,0.001619192073121667,0.00042143254540860653
12982,0.0016189957968890667,0.00042253307765349746
12983,0.0016192112816497684,0.0004248427867423743
12984,0.0016191975446417928,0.0004289147618692368
12985,0.0016187878791242838,0.00043602759251371026
12986,0.0016181857790797949,0.00044882955262437463
12987,0.001617772621102631,0.0004733354435302317
12988,0.0016176245408132672,0.0005203169421292841
12989,0.0016175811178982258,0.0006154255825094879
12990,0.0016174559714272618,0.000800306792370975
12991,0.0016171425813809037,0.0011785485548898578
12992,0.0016167713329195976,0.0018471304792910814
12993,0.0016164081171154976,0.003037144895642996
12994,0.0016162068350240588,0.004319744650274515
12995,0.0016160514205694199,0.005311192944645882
12996,0.0016159038059413433,0.0048401495441794395
12997,0.0016156643396243453,0.0033617604058235884
12998,0.0016153568867594004,0.001984822330996394
12999,0.001615059794858098,0.0007774698897264898
13000,0.0016148184658959508,0.0005236181896179914
13001,0.0016146344132721424,0.0012313025072216988
13002,0.0016144588589668274,0.0017460568342357874
13003,0.001614260021597147,0.0016510486602783203
13004,0.0016139827203005552,0.0012908815406262875
13005,0.0016137221828103065,0.0007904936792328954
13006,0.0016134872566908598,0.00045946153113618493
13007,0.0016132744494825602,0.0006808911566622555
13008,0.0016130697913467884,0.0011340759228914976
13009,0.0016128616407513618,0.0013831420801579952
13010,0.0016126353293657303,0.001382612157613039
13011,0.0016123931854963303,0.0011761098867282271
13012,0.0016121452208608389,0.000751311075873673
13013,0.001611914369277656,0.0004787136276718229
13014,0.0016117021441459656,0.0005090048653073609
13015,0.0016115116886794567,0.0006791623309254646
13016,0.0016112793236970901,0.0008425414562225342
13017,0.001611057436093688,0.0008308563265018165
13018,0.0016108278650790453,0.0006409239722415805
13019,0.001610596664249897,0.0004742260789498687
13020,0.0016103725647553802,0.0004613021737895906
13021,0.0016101652290672064,0.0005421247915364802
13022,0.0016099351923912764,0.0006372721982188523
13023,0.0016097213374450803,0.0006620688363909721
13024,0.0016094932798296213,0.0005763996159657836
13025,0.001609272789210081,0.0004792558611370623
13026,0.0016090413555502892,0.0004401977639645338
13027,0.0016088373959064484,0.0004495049943216145
13028,0.001608593505807221,0.0004999360535293818
13029,0.00160838826559484,0.0005551162175834179
13030,0.0016081685898825526,0.0005712582496926188
13031,0.001607941696420312,0.0005508242757059634
13032,0.001607714220881462,0.0005182385793887079
13033,0.0016075000166893005,0.00047343995538540184
13034,0.0016072725411504507,0.0004397936863824725
13035,0.0016070479759946465,0.00042737621697597206
13036,0.001606837147846818,0.0004248828627169132
13037,0.0016066145617514849,0.0004341700114309788
13038,0.001606394536793232,0.0004543389077298343
13039,0.0016061791684478521,0.000474362081149593
13040,0.00160595728084445,0.0004944671527482569
13041,0.0016057336470112205,0.000518884276971221
13042,0.00160550931468606,0.000539140310138464
13043,0.0016052890568971634,0.0005604033940471709
13044,0.0016050772974267602,0.0005795489996671677
13045,0.0016048469115048647,0.0005957451649010181
13046,0.0016046363161876798,0.0006003696471452713
13047,0.0016044123331084847,0.0005992596270516515
13048,0.0016041873022913933,0.0005798959755338728
13049,0.0016039642505347729,0.0005492107011377811
13050,0.0016037431778386235,0.0005093056824989617
13051,0.0016035420121625066,0.0004699849814642221
13052,0.0016033108113333583,0.0004384743224363774
13053,0.0016030926490202546,0.0004224205040372908
13054,0.0016028699465095997,0.0004208179307170212
13055,0.001602647709660232,0.00043022679165005684
13056,0.0016024252399802208,0.0004461500502657145
13057,0.0016022108029574156,0.0004622171982191503
13058,0.0016019861213862896,0.0004759740550071001
13059,0.0016017700545489788,0.0004867271054536104
13060,0.0016015424625948071,0.0004959914367645979
13061,0.0016013283748179674,0.0005031723994761705
13062,0.0016011090483516455,0.0005129618803039193
13063,0.0016008906532078981,0.0005243160994723439
13064,0.001600667485035956,0.0005417990614660084
13065,0.0016004438512027264,0.0005644095945172012
13066,0.0016002253396436572,0.0005986311589367688
13067,0.001600004150532186,0.0006396218668669462
13068,0.0015997893642634153,0.0006967125227674842
13069,0.001599564217031002,0.0007557886419817805
13070,0.0015993458218872547,0.0008236154681071639
13071,0.0015991299878805876,0.0008653427357785404
13072,0.0015989011153578758,0.0008834195323288441
13073,0.001598679693415761,0.0008342533838003874
13074,0.001598473871126771,0.0007394012063741684
13075,0.0015982427867129445,0.0006075476994737983
13076,0.0015980215976014733,0.000491808052174747
13077,0.0015977977309376001,0.0004297998093534261
13078,0.0015975823625922203,0.0004350199596956372
13079,0.0015973576810210943,0.0004863459034822881
13080,0.0015971458051353693,0.0005449475138448179
13081,0.0015969352098181844,0.0005805945838801563
13082,0.0015967043582350016,0.0005779358325526118
13083,0.0015964799094945192,0.0005474041099660099
13084,0.0015962673351168633,0.0005018730880692601
13085,0.0015960454475134611,0.0004601878172252327
13086,0.001595809473656118,0.00043108119280077517
13087,0.001595603651367128,0.00041773071279749274
13088,0.0015953765250742435,0.00041803380008786917
13089,0.001595156267285347,0.0004284674068912864
13090,0.0015949384542182088,0.00044699234422296286
13091,0.001594719709828496,0.00047409930266439915
13092,0.0015945143532007933,0.0005155194667167962
13093,0.0015942726749926805,0.0005798974889330566
13094,0.0015940526500344276,0.0006919954903423786
13095,0.0015938389115035534,0.0008759149350225925
13096,0.0015936114359647036,0.0012027869233861566
13097,0.0015933921094983816,0.0016702843131497502
13098,0.001593171153217554,0.002340090461075306
13099,0.0015929434448480606,0.002786986529827118
13100,0.0015927264466881752,0.0028061456978321075
13101,0.001592518761754036,0.002047774149104953
13102,0.00159229536075145,0.001084295567125082
13103,0.0015920724254101515,0.0005379507783800364
13104,0.0015918482095003128,0.0005886912695132196
13105,0.0015916319098323584,0.0010917733889073133
13106,0.0015914138639345765,0.0016647131415084004
13107,0.001591194304637611,0.0018082039896398783
13108,0.0015909734647721052,0.0015120881143957376
13109,0.0015907448250800371,0.0009451035293750465
13110,0.0015905272448435426,0.0005125944735482335
13111,0.0015903059393167496,0.0004972955794073641
13112,0.0015900866128504276,0.0008198581635951996
13113,0.0015898578567430377,0.0011387564009055495
13114,0.0015896536642685533,0.0012434780364856124
13115,0.0015894226962700486,0.0010782030876725912
13116,0.0015892023220658302,0.0008091877680271864
13117,0.001588984508998692,0.0005531833739951253
13118,0.0015887620393186808,0.0004303055757191032
13119,0.0015885382890701294,0.00046011165250092745
13120,0.0015883208252489567,0.0005845604464411736
13121,0.0015880998689681292,0.0007213965291157365
13122,0.001587874605320394,0.0007914675516076386
13123,0.0015876591205596924,0.0007802149630151689
13124,0.0015874381642788649,0.000684095430187881
13125,0.0015872116200625896,0.0005635594134218991
13126,0.0015869977651163936,0.00046249342267401516
13127,0.0015867692418396473,0.00042124983156099916
13128,0.0015865478198975325,0.0004431121051311493
13129,0.0015863305889070034,0.0004988444270566106
13130,0.0015861059073358774,0.0005512228235602379
13131,0.0015858832048252225,0.0005711661651730537
13132,0.0015856613172218204,0.000556080078240484
13133,0.0015854452503845096,0.0005131252692081034
13134,0.0015852232463657856,0.00046621690853498876
13135,0.0015850013587623835,0.0004308597417548299
13136,0.0015847880858927965,0.0004162137338425964
13137,0.0015845620073378086,0.0004216358356643468
13138,0.0015843412838876247,0.0004400364123284817
13139,0.0015841133426874876,0.00046374445082619786
13140,0.001583904610015452,0.0004870208213105798
13141,0.001583676552399993,0.0005087512545287609
13142,0.0015834562946110964,0.0005265549989417195
13143,0.0015832416247576475,0.0005450517637655139
13144,0.001583012519404292,0.000561893917620182
13145,0.0015828005271032453,0.0005826476262882352
13146,0.0015825747977942228,0.0006016089464537799
13147,0.0015823538415133953,0.0006242375820875168
13148,0.0015821477863937616,0.0006387039902620018
13149,0.0015819258987903595,0.0006491622189059854
13150,0.001581718446686864,0.0006401512655429542
13151,0.0015815335791558027,0.000617392361164093
13152,0.0015813475474715233,0.0005734442383982241
13153,0.0015811676857993007,0.0005219216691330075
13154,0.0015810347395017743,0.00047049569548107684
13155,0.0015809397445991635,0.0004331099917180836
13156,0.0015809420729056,0.0004159759555477649
13157,0.0015810615150257945,0.00041875935858115554
13158,0.0015814036596566439,0.0004352835821919143
13159,0.0015820933040231466,0.00045723875518888235
13160,0.0015834023943170905,0.00047868775436654687
13161,0.0015856768004596233,0.0004954979522153735
13162,0.0015896315453574061,0.0005093839135952294
13163,0.0015964065678417683,0.0005198070430196822
13164,0.0016080184141173959,0.0005322478245943785
13165,0.0016276892274618149,0.0005462323315441608
13166,0.0016615117201581597,0.0005687379743903875
13167,0.0017186054028570652,0.0005980301648378372
13168,0.0018168442184105515,0.0006436725379899144
13169,0.0019796579144895077,0.0006999184843152761
13170,0.0022545920219272375,0.000779209251049906
13171,0.002680067205801606,0.000860269763506949
13172,0.003337581641972065,0.0009509178344160318
13173,0.0041439710184931755,0.0009957368019968271
13174,0.005026908591389656,0.0009949782397598028
13175,0.005302974954247475,0.0008947849273681641
13176,0.004804857075214386,0.0007372109685093164
13177,0.003338985610753298,0.0005626410129480064
13178,0.002042383886873722,0.00044703204184770584
13179,0.0016042862553149462,0.0004264211165718734
13180,0.002098746132105589,0.0004853303253185004
13181,0.0034302386920899153,0.0005699535831809044
13182,0.005928850267082453,0.0006229980499483645
13183,0.009980891831219196,0.000621222541667521
13184,0.01159568503499031,0.0005699015455320477
13185,0.008436562493443489,0.0005022489349357784
13186,0.002940911101177335,0.00044520478695631027
13187,0.0042667086236178875,0.0004168422892689705
13188,0.010628776624798775,0.00041824037907645106
13189,0.018117377534508705,0.0004412973939906806
13190,0.02584950625896454,0.0004771410604007542
13191,0.014397936873137951,0.0005198247381485999
13192,0.007405569776892662,0.0005724422517232597
13193,0.013798545114696026,0.0006380798295140266
13194,0.011987440288066864,0.0007368811639025807
13195,0.007269632071256638,0.0008738684700801969
13196,0.005245102569460869,0.0010906900279223919
13197,0.00402559619396925,0.0013550943695008755
13198,0.008956716395914555,0.0016901073977351189
13199,0.016992799937725067,0.0018740297527983785
13200,0.02134816348552704,0.0018443556036800146
13201,0.0073525570333004,0.0014268356608226895
13202,0.009951348416507244,0.000879253086168319
13203,0.01624101586639881,0.000507666205521673
13204,0.005006174556910992,0.0004775937704835087
13205,0.006427720654755831,0.000719251751434058
13206,0.016113726422190666,0.001011447049677372
13207,0.03651414066553116,0.0011119788978248835
13208,0.039566244930028915,0.0009719817899167538
13209,0.014086749404668808,0.0006996992160566151
13210,0.03602536767721176,0.0004853487480431795
13211,0.03683578222990036,0.0004381992039270699
13212,0.004746248014271259,0.0005447939038276672
13213,0.03129373863339424,0.0006970902904868126
13214,0.081595778465271,0.0007857931195758283
13215,0.20436647534370422,0.0007603291305713356
13216,0.16079114377498627,0.0006658134516328573
13217,0.1653299480676651,0.0005478282691910863
13218,0.401241660118103,0.00045791687443852425
13219,0.0647803395986557,0.0004171034088358283
13220,0.31801027059555054,0.00042290642159059644
13221,0.053493138402700424,0.0004612713528331369
13222,0.24745699763298035,0.0005205516936257482
13223,0.041190631687641144,0.0005963145522400737
13224,0.11222019791603088,0.0006825215532444417
13225,0.10064155608415604,0.0007947167032398283
13226,0.1412178874015808,0.000920220511034131
13227,0.11120498180389404,0.0010779104195535183
13228,0.10461023449897766,0.0011989545309916139
13229,0.12200000882148743,0.001275273971259594
13230,0.0576137900352478,0.0011789825512096286
13231,0.11802119016647339,0.0009539752500131726
13232,0.0223549697548151,0.000661795143969357
13233,0.04671091586351395,0.0004631028277799487
13234,0.061346329748630524,0.00044197915121912956
13235,0.04043332487344742,0.0005637009744532406
13236,0.05070159584283829,0.0007060239440761507
13237,0.03424738720059395,0.000752571620978415
13238,0.0532790943980217,0.0006768433377146721
13239,0.029981758445501328,0.000544502108823508
13240,0.01953556016087532,0.0004448953550308943
13241,0.04146690294146538,0.0004248364130035043
13242,0.016740834340453148,0.0004754312103614211
13243,0.02914104238152504,0.0005496224039234221
13244,0.014851726591587067,0.000597022008150816
13245,0.026521246880292892,0.0006010360084474087
13246,0.0173282902687788,0.0005649646045640111
13247,0.010039642453193665,0.0005133725935593247
13248,0.019948530942201614,0.0004634025681298226
13249,0.01323406957089901,0.00042892579222097993
13250,0.013342227786779404,0.000412203895393759
13251,0.011768552474677563,0.0004108774592168629
13252,0.009067600592970848,0.0004216248635202646
13253,0.013551175594329834,0.00044163980055600405
13254,0.007628314662724733,0.00047087660641409457
13255,0.007046001963317394,0.0005121455760672688
13256,0.009651830419898033,0.0005759178893640637
13257,0.006237845402210951,0.0006719372468069196
13258,0.006671487353742123,0.0008316314197145402
13259,0.00470951572060585,0.0010633112397044897
13260,0.007388174533843994,0.001418929430656135
13261,0.005114907398819923,0.0017890320159494877
13262,0.00414199149236083,0.0021273319143801928
13263,0.00572042353451252,0.0020517236553132534
13264,0.004161308519542217,0.0015934845432639122
13265,0.004076342564076185,0.000945578736718744
13266,0.0035014813765883446,0.0005142920417711139
13267,0.004140766337513924,0.00049356441013515
13268,0.00404089130461216,0.0007921141223050654
13269,0.0027973842807114124,0.0011451044119894505
13270,0.00374048063531518,0.001302348100580275
13271,0.003376922570168972,0.0011284833308309317
13272,0.0028703499119728804,0.0007943198434077203
13273,0.0028327861800789833,0.0005144728347659111
13274,0.002783536911010742,0.0004380629980005324
13275,0.0029758596792817116,0.0005660189781337976
13276,0.0023246239870786667,0.0007619762909598649
13277,0.002749355975538492,0.0008615785045549273
13278,0.002736838534474373,0.0008235704153776169
13279,0.0023525033611804247,0.0006826239987276495
13280,0.002427658997476101,0.0005337338661774993
13281,0.0023148839827626944,0.00043526565423235297
13282,0.0023832879960536957,0.0004146965220570564
13283,0.002098705852404237,0.0004578116349875927
13284,0.0022494965232908726,0.0005341307842172682
13285,0.0022966130636632442,0.0006227027624845505
13286,0.0020661791786551476,0.0007035204907879233
13287,0.0021425297018140554,0.0007784438203088939
13288,0.002071230672299862,0.0008257016306743026
13289,0.0020835534669458866,0.0008589555509388447
13290,0.0019554842729121447,0.0008407235145568848
13291,0.001986374380066991,0.0007838380988687277
13292,0.0020299770403653383,0.0006738553056493402
13293,0.0019076108001172543,0.0005524755688384175
13294,0.001955397194251418,0.0004540907684713602
13295,0.001928315032273531,0.00041420827619731426
13296,0.0019135933835059404,0.0004343061591498554
13297,0.0018614265136420727,0.00048669747775420547
13298,0.001860230229794979,0.0005346080288290977
13299,0.0018824428552761674,0.0005491886404342949
13300,0.001819151220843196,0.0005282156052999198
13301,0.001844159560278058,0.00048507790779694915
13302,0.0018333550542593002,0.000442893011495471
13303,0.0018159570172429085,0.0004156983341090381
13304,0.0017977094976231456,0.0004093158058822155
13305,0.0017893188633024693,0.0004205262230243534
13306,0.0017992440843954682,0.0004415372386574745
13307,0.0017655014526098967,0.0004659939440898597
13308,0.0017752801068127155,0.0004897414473816752
13309,0.0017710472457110882,0.0005137527477927506
13310,0.0017582883592694998,0.0005376338376663625
13311,0.0017525668954476714,0.0005682544433511794
13312,0.001745926565490663,0.0006047149072401226
13313,0.0017487907316535711,0.0006575136794708669
13314,0.0017306199297308922,0.0007206588052213192
13315,0.0017341321799904108,0.0008074771612882614
13316,0.001731087570078671,0.0008929730392992496
13317,0.0017230252269655466,0.0009832653449848294
13318,0.0017205727053806186,0.001016396563500166
13319,0.001716190599836409,0.0009930904489010572
13320,0.0017155141104012728,0.0008669897797517478
13321,0.0017061394173651934,0.0006915313424542546
13322,0.0017066303407773376,0.0005207258509472013
13323,0.0017043418483808637,0.0004257999826222658
13324,0.00169888895470649,0.00043074632412754
13325,0.0016973920864984393,0.0005057435482740402
13326,0.0016942581860348582,0.000589983188547194
13327,0.0016926800599321723,0.0006293755723163486
13328,0.001687678275629878,0.0006098249577917159
13329,0.0016869971295818686,0.0005461876862682402
13330,0.001684901537373662,0.0004753346147481352
13331,0.0016810528468340635,0.0004249082994647324
13332,0.0016797783318907022,0.000408963009249419
13333,0.0016773047391325235,0.0004237582616042346
13334,0.0016756611876189709,0.0004568550502881408
13335,0.0016726446337997913,0.0004972269525751472
13336,0.0016715957317501307,0.0005370309227146208
13337,0.0016696508973836899,0.0005783538799732924
13338,0.0016669966280460358,0.0006207196856848896
13339,0.0016657444648444653,0.0006769488682039082
13340,0.0016637402586638927,0.0007439544424414635
13341,0.0016621729591861367,0.0008411898161284626
13342,0.0016601004172116518,0.0009489846997894347
13343,0.0016589518636465073,0.0010827315272763371
13344,0.0016572680324316025,0.001172470161691308
13345,0.0016553932800889015,0.0012123507913202047
13346,0.0016541779041290283,0.001108957570977509
13347,0.0016525362152606249,0.0009063065517693758
13348,0.0016511143185198307,0.0006550357211381197
13349,0.0016495520249009132,0.00047139759408310056
13350,0.0016483976505696774,0.0004211966006550938
13351,0.0016469871625304222,0.0004943202366121113
13352,0.0016455701552331448,0.0006167612737044692
13353,0.0016444406937807798,0.0006998326280154288
13354,0.001643059542402625,0.0006962940678931773
13355,0.001641829963773489,0.000617179146502167
13356,0.0016405608039349318,0.000514720450155437
13357,0.0016394800040870905,0.0004365992499515414
13358,0.0016382730100303888,0.00041077221976593137
13359,0.0016371185192838311,0.0004348534275777638
13360,0.001636088127270341,0.0004864604561589658
13361,0.0016349239740520716,0.000542394001968205
13362,0.0016338616842404008,0.0005860000383108854
13363,0.0016327789053320885,0.0006176069146022201
13364,0.0016318007837980986,0.0006343047134578228
13365,0.0016307535115629435,0.00064878910779953
13366,0.0016297666588798165,0.0006575343431904912
13367,0.0016288085607811809,0.0006722402758896351
13368,0.0016278293915092945,0.0006829529302194715
13369,0.0016269079642370343,0.0006994139985181391
13370,0.0016259719850495458,0.0007059059571474791
13371,0.0016250821063295007,0.0007088044658303261
13372,0.0016241642879322171,0.0006906992639414966
13373,0.0016233010683208704,0.0006596877356059849
13374,0.0016224489081650972,0.0006072190008126199
13375,0.0016215923242270947,0.0005477627273648977
13376,0.0016207655426114798,0.0004876674502156675
13377,0.001619946677237749,0.0004404484643600881
13378,0.0016191487666219473,0.00041265657637268305
13379,0.001618343056179583,0.0004060608916915953
13380,0.001617568894289434,0.0004164718557149172
13381,0.001616808120161295,0.0004368611262179911
13382,0.0016160502564162016,0.0004612802295014262
13383,0.0016153125325217843,0.0004853217105846852
13384,0.0016145911067724228,0.0005093639483675361
13385,0.0016138670034706593,0.0005327027174644172
13386,0.0016131590818986297,0.0005617827991954982
13387,0.0016124609392136335,0.000597085221670568
13388,0.0016117766499519348,0.0006502557080239058
13389,0.0016110992291942239,0.0007205235888250172
13390,0.0016104388050734997,0.0008274237625300884
13391,0.0016097810585051775,0.0009575905278325081
13392,0.0016091386787593365,0.001132308505475521
13393,0.0016085002571344376,0.0012848250335082412
13394,0.0016078742919489741,0.001409581396728754
13395,0.001607252866961062,0.0013760816073045135
13396,0.0016066508833318949,0.0012019563000649214
13397,0.0016060520429164171,0.0009002043516375124
13398,0.0016054578591138124,0.0006082942709326744
13399,0.0016048710094764829,0.0004407402884680778
13400,0.0016043048817664385,0.0004410071123857051
13401,0.0016037295572459698,0.000564696965739131
13402,0.0016031732084229589,0.000712789420504123
13403,0.001602629548870027,0.0007904041558504105
13404,0.0016020741313695908,0.0007617101073265076
13405,0.0016015376895666122,0.0006554087740369141
13406,0.0016010046238079667,0.000528230331838131
13407,0.0016004866920411587,0.0004371758841443807
13408,0.0015999744646251202,0.00040865514893084764
13409,0.001599461305886507,0.00043851713417097926
13410,0.0015989713137969375,0.0005019952077418566
13411,0.0015984773635864258,0.000572570541407913
13412,0.0015979879535734653,0.000640118436422199
13413,0.001597503898665309,0.0006959352176636457
13414,0.001597026945091784,0.0007531467126682401
13415,0.0015965602360665798,0.0008051185868680477
13416,0.0015960889868438244,0.0008720938349142671
13417,0.0015956289134919643,0.0009278530487790704
13418,0.001595172449015081,0.0009864852763712406
13419,0.0015947308856993914,0.0009956685826182365
13420,0.0015942881582304835,0.0009629755513742566
13421,0.0015938549768179655,0.0008505176519975066
13422,0.0015934163238853216,0.0006977551965974271
13423,0.0015929851215332747,0.0005410819430835545
13424,0.0015925628831610084,0.00043727539014071226
13425,0.0015921492595225573,0.0004121398087590933
13426,0.0015917327255010605,0.0004549326258711517
13427,0.0015913263196125627,0.0005276072770357132
13428,0.001590923871845007,0.0005867015570402145
13429,0.00159052899107337,0.0006073165568523109
13430,0.001590130035765469,0.0005837727803736925
13431,0.0015897457487881184,0.0005345639074221253
13432,0.0015893557574599981,0.0004781641182489693
13433,0.001588971703313291,0.0004335259145591408
13434,0.0015885959146544337,0.00040834362152963877
13435,0.0015882281586527824,0.0004032718716189265
13436,0.0015878600534051657,0.0004139073134865612
13437,0.0015874927630648017,0.0004353020922280848
13438,0.0015871329233050346,0.0004653319192584604
13439,0.0015867731999605894,0.0005045059369876981
13440,0.0015864138258621097,0.0005608731880784035
13441,0.0015860674902796745,0.0006428214837796986
13442,0.0015857157995924354,0.0007782949833199382
13443,0.0015853856457397342,0.0009818283142521977
13444,0.0015850294148549438,0.0013148861471563578
13445,0.001584699610248208,0.0017291151452809572
13446,0.0015843790024518967,0.002237970009446144
13447,0.0015840381383895874,0.0024703326635062695
13448,0.001583713572472334,0.002327578840777278
13449,0.0015833929646760225,0.0017199576832354069
13450,0.001583063043653965,0.0010062954388558865
13451,0.0015827518654987216,0.0005490070325322449
13452,0.0015824346337467432,0.0004678088007494807
13453,0.0015821298584342003,0.0007298410055227578
13454,0.0015818218234926462,0.0011236212449148297
13455,0.0015815107617527246,0.0013301944127306342
13456,0.001581207849085331,0.0012532442342489958
13457,0.0015809175092726946,0.0009504928020760417
13458,0.0015806148294359446,0.000619855709373951
13459,0.0015803190181031823,0.00043429055949673057
13460,0.0015800298424437642,0.0004704353050328791
13461,0.0015797410160303116,0.0006667107227258384
13462,0.0015794478822499514,0.0008791980799287558
13463,0.0015791752375662327,0.000986289232969284
13464,0.0015788801247254014,0.0009971812833100557
13465,0.0015786091098561883,0.0008995901443995535
13466,0.0015783276176080108,0.0007518937345594168
13467,0.0015780414687469602,0.0005871801404282451
13468,0.001577781862579286,0.00046556658344343305
13469,0.0015775107312947512,0.0004088316927663982
13470,0.0015772455371916294,0.00041964344563893974
13471,0.0015769817400723696,0.0004776902496814728
13472,0.0015767088625580072,0.000545763352420181
13473,0.001576441922225058,0.000595320132561028
13474,0.0015761806862428784,0.000607152353040874
13475,0.0015759258531033993,0.0005878052907064557
13476,0.0015756754437461495,0.0005407774588093162
13477,0.0015754143241792917,0.0004872388090007007
13478,0.001575169968418777,0.0004406118532642722
13479,0.0015749179292470217,0.0004110904992558062
13480,0.0015746724093332887,0.00040074001299217343
13481,0.001574421883560717,0.0004076825571246445
13482,0.0015741765964776278,0.0004259177076164633
13483,0.0015739428345113993,0.0004486914840526879
13484,0.0015736925415694714,0.0004732623929157853
13485,0.001573449233546853,0.0004974412149749696
13486,0.0015732187312096357,0.0005236672004684806
13487,0.001572977751493454,0.0005512143834494054
13488,0.0015727453865110874,0.0005879516829736531
13489,0.0015725083649158478,0.0006306327995844185
13490,0.0015722863608971238,0.0006898414576426148
13491,0.001572056906297803,0.000753470347262919
13492,0.0015718291979283094,0.0008312965510413051
13493,0.0015715952031314373,0.0008876195061020553
13494,0.0015713755274191499,0.0009237356716766953
13495,0.0015711435116827488,0.0008873948245309293
13496,0.0015709323342889547,0.0007947721751406789
13497,0.0015707032289355993,0.0006483725737780333
13498,0.0015704892575740814,0.0005089753540232778
13499,0.0015702757518738508,0.0004225388402119279
13500,0.001570048276335001,0.0004120729863643646
13501,0.0015698347706347704,0.0004619384999386966
13502,0.0015696232439950109,0.0005308256368152797
13503,0.0015694168396294117,0.000578215578570962
13504,0.0015692005399614573,0.0005817605415359139
13505,0.001568986801430583,0.0005495948134921491
13506,0.0015687837731093168,0.0004974854527972639
13507,0.0015685660764575005,0.0004478942428249866
13508,0.0015683649107813835,0.0004132590547669679
13509,0.0015681609511375427,0.00039917463436722755
13510,0.001567963045090437,0.000402936217142269
13511,0.0015677468618378043,0.00041937141213566065
13512,0.0015675488393753767,0.0004454471927601844
13513,0.0015673539601266384,0.00048071242053993046
13514,0.0015671539586037397,0.0005313187139108777
13515,0.0015669574495404959,0.0006058209692128003
13516,0.0015667573316022754,0.0007311719818972051
13517,0.0015665683895349503,0.0009261458180844784
13518,0.0015663658268749714,0.0012574316933751106
13519,0.0015661721117794514,0.0016943783266469836
13520,0.0015659774653613567,0.002266738098114729
13521,0.0015657860785722733,0.002568421419709921
13522,0.0015655833994969726,0.002458074362948537
13523,0.0015654063317924738,0.0017821798101067543
13524,0.0015652193687856197,0.000996107468381524
13525,0.0015650291461497545,0.0005356419715099037
13526,0.0015648365952074528,0.0005049033788964152
13527,0.0015646598767489195,0.0008385301334783435
13528,0.0015644676750525832,0.0012962124310433865
13529,0.0015642819926142693,0.0014934216160327196
13530,0.00156409724149853,0.0013454514555633068
13531,0.0015639248304069042,0.0009533624979667366
13532,0.0015637363540008664,0.0005848015425726771
13533,0.0015635620802640915,0.000430879183113575
13534,0.0015633736038580537,0.0005440583918243647
13535,0.0015631867572665215,0.0008068907773122191
13536,0.0015630084089934826,0.0010326933115720749
13537,0.0015628307592123747,0.0010847249068319798
13538,0.0015626479871571064,0.0010176422074437141
13539,0.0015624843072146177,0.000842030334752053
13540,0.0015623047947883606,0.0006409056950360537
13541,0.001562132267281413,0.0004761468735523522
13542,0.0015619542682543397,0.0004070228314958513
13543,0.001561789191327989,0.0004302419547457248
13544,0.0015616118907928467,0.0005087594618089497
13545,0.0015614436706528068,0.0005964785814285278
13546,0.001561265322379768,0.0006436050753109157
13547,0.001561098382808268,0.0006383528234437108
13548,0.0015609217807650566,0.0005827434943057597
13549,0.0015607585664838552,0.0005103122093714774
13550,0.0015605917433276772,0.00044320907909423113
13551,0.0015604165382683277,0.0004050628049299121
13552,0.0015602504136040807,0.0004028443363495171
13553,0.001560081960633397,0.0004262506845407188
13554,0.0015599133912473917,0.00045986875193193555
13555,0.001559738302603364,0.0004910137504339218
13556,0.0015595877775922418,0.0005129167693667114
13557,0.0015594306169077754,0.0005191679811105132
13558,0.00155926076695323,0.0005160266882739961
13559,0.0015590956900268793,0.0005040529649704695
13560,0.0015589368995279074,0.0004890108830295503
13561,0.00155877904035151,0.00047142227413132787
13562,0.0015586030203849077,0.0004560231463983655
13563,0.0015584416687488556,0.00044186419108882546
13564,0.001558287302032113,0.0004302476590964943
13565,0.0015581239713355899,0.0004210129554849118
13566,0.001557964482344687,0.00041443045483902097
13567,0.001557809067890048,0.0004093713068868965
13568,0.001557652372866869,0.0004059100174345076
13569,0.001557487528771162,0.000403842655941844
13570,0.0015573346754536033,0.0004027822578791529
13571,0.0015571799594908953,0.00040249383891932666
13572,0.0015570245450362563,0.0004034588928334415
13573,0.0015568730887025595,0.0004058174672536552
13574,0.0015567148802801967,0.00041022634832188487
13575,0.0015565555077046156,0.00041801825864240527
13576,0.0015563967172056437,0.0004320445586927235
13577,0.0015562401385977864,0.0004560953238978982
13578,0.0015560887986794114,0.0004996632924303412
13579,0.0015559335006400943,0.000575005542486906
13580,0.0015557839069515467,0.0007126636919565499
13581,0.0015556325670331717,0.0009385878802277148
13582,0.001555482973344624,0.0013267146423459053
13583,0.0015553268603980541,0.0018282962264493108
13584,0.0015551792457699776,0.002443891018629074
13585,0.0015550272073596716,0.002661338774487376
13586,0.0015548798255622387,0.002360102953389287
13587,0.001554720220156014,0.0015624394873157144
13588,0.0015545786591246724,0.0008048417512327433
13589,0.0015544251073151827,0.00047614361392334104
13590,0.0015542851760983467,0.0006172777502797544
13591,0.0015541260363534093,0.0010782208992168307
13592,0.0015539801679551601,0.0015259218635037541
13593,0.0015538292936980724,0.0015670530265197158
13594,0.0015536830760538578,0.0012612614082172513
13595,0.0015535409329459071,0.0008068711613304913
13596,0.0015533994883298874,0.0004801630275323987
13597,0.001553253037855029,0.0004618874518200755
13598,0.001553102396428585,0.0007120069931261241
13599,0.0015529445372521877,0.0009996379958465695
13600,0.0015527987852692604,0.0011539484839886427
13601,0.0015526695642620325,0.0010986491106450558
13602,0.0015525227645412087,0.0009374338551424444
13603,0.0015523744514212012,0.000704389822203666
13604,0.0015522305620834231,0.0005054531502537429
13605,0.0015520933084189892,0.0004078737401869148
13606,0.0015519475564360619,0.00042535620741546154
13607,0.0015517930733039975,0.0005146399489603937
13608,0.0015516603598371148,0.0006146829691715539
13609,0.0015515197301283479,0.0006762659759260714
13610,0.0015513836406171322,0.0006631168071180582
13611,0.0015512323006987572,0.0006000277353450656
13612,0.0015510849189013243,0.0005114506930112839
13613,0.0015509482473134995,0.00043660239316523075
13614,0.0015508125070482492,0.0003994912840425968
13615,0.0015506686177104712,0.00040655420161783695
13616,0.001550524029880762,0.0004417307791300118
13617,0.0015503864269703627,0.0004823341150768101
13618,0.0015502494061365724,0.0005137550178915262
13619,0.0015501140151172876,0.0005247823428362608
13620,0.0015499673318117857,0.0005180120933800936
13621,0.0015498301945626736,0.0004960651858709753
13622,0.0015496929408982396,0.0004697589320130646
13623,0.0015495524276047945,0.00044239091221243143
13624,0.0015494271647185087,0.0004197916714474559
13625,0.00154927559196949,0.0004041119245812297
13626,0.0015491463709622622,0.0003951498947571963
13627,0.0015489986399188638,0.00039157894207164645
13628,0.0015488668577745557,0.0003927155048586428
13629,0.0015487226191908121,0.00039729694253765047
13630,0.001548602245748043,0.000404433230869472
13631,0.0015484457835555077,0.00041482667438685894
13632,0.001548311673104763,0.00042968854540959
13633,0.0015481844311580062,0.0004518900823313743
13634,0.001548052066937089,0.00048515794333070517
13635,0.001547912834212184,0.0005393612082116306
13636,0.0015477717388421297,0.0006212881999090314
13637,0.0015476354165002704,0.0007545892149209976
13638,0.0015475136460736394,0.0009384550503455102
13639,0.0015473748790100217,0.0012037921696901321
13640,0.0015472315717488527,0.0014563078293576837
13641,0.0015470964135602117,0.0016618570080026984
13642,0.001546964282169938,0.001568090170621872
13643,0.0015468364581465721,0.0012215382885187864
13644,0.0015467035118490458,0.0007544266991317272
13645,0.001546568120829761,0.0004603037959896028
13646,0.001546433544717729,0.0004658875404857099
13647,0.0015462960582226515,0.0006856484105810523
13648,0.0015461703296750784,0.0009149216930381954
13649,0.0015460350550711155,0.0009753030026331544
13650,0.0015458990819752216,0.0008160482393577695
13651,0.001545759616419673,0.0005832304595969617
13652,0.0015456401742994785,0.00043499396997503936
13653,0.0015455081593245268,0.000431070540798828
13654,0.0015453736996278167,0.000532948412001133
13655,0.0015452387742698193,0.0006533460691571236
13656,0.0015451041981577873,0.0007043557125143707
13657,0.0015449683414772153,0.0006705800769850612
13658,0.0015448527410626411,0.0005786762339994311
13659,0.0015447072219103575,0.0004860072222072631
13660,0.0015445924364030361,0.0004195381188765168
13661,0.001544447848573327,0.00039335028850473464
13662,0.0015443271258845925,0.00040468573570251465
13663,0.001544187543913722,0.00044040335342288017
13664,0.0015440586721524596,0.0004931192961521447
13665,0.0015439193230122328,0.0005636030691675842
13666,0.0015438044210895896,0.0006632611621171236
13667,0.0015436778776347637,0.0007936042966321111
13668,0.0015435426030308008,0.0009901144076138735
13669,0.0015434053493663669,0.0012210848508402705
13670,0.001543280784972012,0.0014975258382037282
13671,0.0015431446954607964,0.001621426665224135
13672,0.001543028629384935,0.0015426267636939883
13673,0.0015428888145834208,0.001143239438533783
13674,0.0015427607577294111,0.0006858913693577051
13675,0.0015426365425810218,0.0004397669399622828
13676,0.0015425048768520355,0.0004943548701703548
13677,0.0015423750737681985,0.0007284384919330478
13678,0.0015422438737004995,0.0009402366122230887
13679,0.0015421246644109488,0.0009503939072601497
13680,0.0015419876435771585,0.0007673460058867931
13681,0.0015418613329529762,0.0005373011808842421
13682,0.0015417354879900813,0.000422279117628932
13683,0.0015416075475513935,0.0004527982964646071
13684,0.0015414758818224072,0.0005647363141179085
13685,0.001541357021778822,0.0006650390569120646
13686,0.001541226520203054,0.0006838321569375694
13687,0.0015411050990223885,0.0006076120189391077
13688,0.001540966797620058,0.0005036554066464305
13689,0.0015408574836328626,0.00042505119927227497
13690,0.0015407276805490255,0.00039511817158199847
13691,0.0015405974118039012,0.0004130772431381047
13692,0.0015404681907966733,0.00046397498226724565
13693,0.0015403404831886292,0.0005273285787552595
13694,0.001540208701044321,0.0005921932752244174
13695,0.001540084951557219,0.0006682671955786645
13696,0.0015399584081023932,0.0007471648277714849
13697,0.0015398379182443023,0.0008451776811853051
13698,0.0015397054376080632,0.000935105315875262
13699,0.0015395841328427196,0.0010270274942740798
13700,0.0015394571237266064,0.0010416650911793113
13701,0.0015393317444249988,0.00097890745382756
13702,0.0015391975175589323,0.0007998461369425058
13703,0.0015390795888379216,0.0005892790504731238
13704,0.001538947457447648,0.0004359738086350262
13705,0.0015388301108032465,0.000406707200454548
13706,0.0015387031016871333,0.0004815884167328477
13707,0.0015385686419904232,0.0005826801061630249
13708,0.0015384498983621597,0.0006335005164146423
13709,0.0015383268473669887,0.000600238679908216
13710,0.0015382040292024612,0.0005133283557370305
13711,0.0015380755066871643,0.0004318546853028238
13712,0.0015379517572000623,0.0003980925539508462
13713,0.0015378358075395226,0.0004147029831074178
13714,0.0015377085655927658,0.000459942442830652
13715,0.001537577947601676,0.0005061725387349725
13716,0.0015374593203887343,0.000530203222297132
13717,0.0015373299829661846,0.0005296821473166347
13718,0.001537207281216979,0.0005084975273348391
13719,0.001537080155685544,0.00048000289825722575
13720,0.0015369511675089598,0.0004499091301113367
13721,0.0015368429012596607,0.000425421487307176
13722,0.001536704134196043,0.0004078276688233018
13723,0.0015365813160315156,0.00039646896766498685
13724,0.00153645989485085,0.00038987392326816916
13725,0.0015363380080088973,0.00038718990981578827
13726,0.0015362108824774623,0.0003869964857585728
13727,0.0015360910911113024,0.0003883629397023469
13728,0.0015359671087935567,0.00039159166044555604
13729,0.0015358485979959369,0.0003973428101744503
13730,0.0015357224037870765,0.00040705210994929075
13731,0.0015355951618403196,0.00042412831680849195
13732,0.0015354761853814125,0.00045599834993481636
13733,0.001535358838737011,0.0005139956483617425
13734,0.0015352395130321383,0.000624958542175591
13735,0.0015351037727668881,0.0008221003226935863
13736,0.0015349887544289231,0.001186434761621058
13737,0.001534854294732213,0.0017298624152317643
13738,0.0015347403241321445,0.002519028726965189
13739,0.0015346158761531115,0.003055781126022339
13740,0.0015344931744039059,0.0030797594226896763
13741,0.0015343772247433662,0.002272451762109995
13742,0.0015342449769377708,0.0012444450985640287
13743,0.0015341261168941855,0.0006085368804633617
13744,0.001533997943624854,0.0004996416391804814
13745,0.0015338691882789135,0.0009118748130276799
13746,0.001533761154860258,0.001539008691906929
13747,0.0015336319338530302,0.0018233609152957797
13748,0.0015335162170231342,0.0016704713925719261
13749,0.001533391885459423,0.0011524960864335299
13750,0.0015332719776779413,0.0006149091059342027
13751,0.0015331555623561144,0.00042261509224772453
13752,0.0015330167952924967,0.0006661536172032356
13753,0.001532908994704485,0.001068121986463666
13754,0.0015327840810641646,0.0013371625682339072
13755,0.001532658701762557,0.001311069237999618
13756,0.0015325384447351098,0.001107283285818994
13757,0.0015324180712923408,0.0007747843628749251
13758,0.0015322943218052387,0.0004979112418368459
13759,0.0015321682440117002,0.0003985702060163021
13760,0.001532050664536655,0.00048421358224004507
13761,0.001531932270154357,0.0006449788925237954
13762,0.0015318116638809443,0.0007418614695779979
13763,0.0015316877979785204,0.0007148678996600211
13764,0.0015315674245357513,0.0005812288145534694
13765,0.001531444489955902,0.00044967496069148183
13766,0.001531320856884122,0.0003966541262343526
13767,0.0015312039759010077,0.00043348578037694097
13768,0.0015310813905671239,0.000512358034029603
13769,0.0015309597365558147,0.0005671512335538864
13770,0.0015308402944356203,0.0005650513339787722
13771,0.0015307220164686441,0.0005113629740662873
13772,0.001530597684904933,0.0004463561635930091
13773,0.0015304738190025091,0.0004005315713584423
13774,0.0015303543768823147,0.0003902066091541201
13775,0.0015302355168387294,0.0004116898635402322
13776,0.0015301137464120984,0.00044690159847959876
13777,0.0015299869701266289,0.00047976302448660135
13778,0.0015298754442483187,0.0004996841307729483
13779,0.001529746688902378,0.0005072310450486839
13780,0.0015296300407499075,0.0005007861764170229
13781,0.0015295154880732298,0.0004884951049461961
13782,0.0015293755568563938,0.0004709081258624792
13783,0.0015292603056877851,0.0004530878213699907
13784,0.0015291455201804638,0.00043531792471185327
13785,0.0015290174633264542,0.00042031804332509637
13786,0.0015288983704522252,0.0004075138131156564
13787,0.0015287873102352023,0.00039775215554982424
13788,0.0015286646084859967,0.0003910012310370803
13789,0.0015285455156117678,0.0003867381310556084
13790,0.0015284166438505054,0.00038439666968770325
13791,0.0015283010434359312,0.0003838061529677361
13792,0.0015281809028238058,0.0003844010643661022
13793,0.0015280605293810368,0.00038579327519983053
13794,0.001527942717075348,0.000388072308851406
13795,0.0015278235077857971,0.00039139704313129187
13796,0.0015277015045285225,0.00039617723086848855
13797,0.0015275825280696154,0.00040336960228160024
13798,0.001527462969534099,0.00041496934136375785
13799,0.0015273450408130884,0.0004334715486038476
13800,0.0015272183809429407,0.0004650155024137348
13801,0.001527105108834803,0.0005168076022528112
13802,0.0015269804280251265,0.0006069241208024323
13803,0.0015268685529008508,0.0007488455157727003
13804,0.0015267427079379559,0.0009838511468842626
13805,0.0015266266418620944,0.0012895726831629872
13806,0.001526507781818509,0.0016826264327391982
13807,0.0015263864770531654,0.0019020743202418089
13808,0.0015262747183442116,0.0018545700004324317
13809,0.0015261515509337187,0.0013639283133670688
13810,0.0015260239597409964,0.0007723930757492781
13811,0.0015259070787578821,0.00044819782488048077
13812,0.001525785424746573,0.0005154826212674379
13813,0.0015256645856425166,0.000830788048915565
13814,0.0015255484031513333,0.0011303500505164266
13815,0.0015254314057528973,0.0011557070538401604
13816,0.0015253117308020592,0.0009217396145686507
13817,0.001525189494714141,0.000605548731982708
13818,0.0015250681899487972,0.00042745351674966514
13819,0.001524947234429419,0.00045582378515973687
13820,0.0015248244162648916,0.0006157784373499453
13821,0.00152470706962049,0.000760104157961905
13822,0.0015245861141011119,0.0007864748477004468
13823,0.0015244845999404788,0.0006820386042818427
13824,0.001524345832876861,0.0005420204834081233
13825,0.001524233492091298,0.00043233364704065025
13826,0.0015241085784509778,0.0003885194018948823
13827,0.0015239944914355874,0.00041100679663941264
13828,0.001523876446299255,0.0004773148102685809
13829,0.001523760613054037,0.0005640094168484211
13830,0.0015236343024298549,0.0006595085142180324
13831,0.001523518469184637,0.0007751849479973316
13832,0.0015233999583870173,0.000890849158167839
13833,0.001523271668702364,0.00102707976475358
13834,0.0015231588622555137,0.001114692073315382
13835,0.0015230400022119284,0.00114613922778517
13836,0.0015229203272610903,0.0010149253066629171
13837,0.001522808917798102,0.0007798855076543987
13838,0.0015226758550852537,0.0005262682097963989
13839,0.0015225671231746674,0.0004017211031168699
13840,0.0015224405797198415,0.0004482882213778794
13841,0.0015223220689222217,0.0005816706689074636
13842,0.0015221979701891541,0.000674681446980685
13843,0.0015220801578834653,0.0006530140526592731
13844,0.0015219679335132241,0.0005426038987934589
13845,0.0015218541957437992,0.00043227599235251546
13846,0.0015217335894703865,0.0003953117411583662
13847,0.0015216132160276175,0.0004342125030234456
13848,0.001521495752967894,0.0005002458347007632
13849,0.0015213761944323778,0.0005445812712423503
13850,0.001521252328529954,0.0005416944622993469
13851,0.0015211326535791159,0.0005020122043788433
13852,0.0015210227575153112,0.00044778152368962765
13853,0.001520894467830658,0.00040587273542769253
13854,0.0015207796823233366,0.00038608768954873085
13855,0.001520658377557993,0.0003879733267240226
13856,0.0015205458039417863,0.0004063357482664287
13857,0.0015204178635030985,0.0004346715286374092
13858,0.0015202965587377548,0.00047065879334695637
13859,0.0015201892238110304,0.0005155153339728713
13860,0.001520073041319847,0.0005790952127426863
13861,0.0015199421904981136,0.0006646803813055158
13862,0.0015198285691440105,0.0007967765559442341
13863,0.0015196965541690588,0.0009665531688369811
13864,0.0015195850282907486,0.0011990315979346633
13865,0.0015194779261946678,0.0013912199065089226
13866,0.0015193463768810034,0.0015081947203725576
13867,0.0015192339196801186,0.0013496186584234238
13868,0.0015191086567938328,0.0009974775603041053
13869,0.001518997480161488,0.0006092192488722503
13870,0.001518869656138122,0.0004169729072600603
13871,0.0015187561511993408,0.0004827468073926866
13872,0.0015186343807727098,0.0006935825804248452
13873,0.001518521225079894,0.0008601705776527524
13874,0.0015184074873104692,0.0008548690821044147
13875,0.0015182842034846544,0.0006847544573247433
13876,0.0015181645285338163,0.0004949074937030673
13877,0.001518040313385427,0.0004052933945786208
13878,0.0015179248293861747,0.00043831864604726434
13879,0.0015178120229393244,0.0005395426414906979
13880,0.0015176835004240274,0.0006268310826271772
13881,0.00151757150888443,0.0006366388406604528
13882,0.0015174451982602477,0.000577217957470566
13883,0.001517331344075501,0.0004884529625996947
13884,0.0015172127168625593,0.0004180357209406793
13885,0.0015170935075730085,0.00038607860915362835
13886,0.0015169689431786537,0.0003946957003790885
13887,0.0015168734826147556,0.0004315786645747721
13888,0.0015167358797043562,0.0004813475243281573
13889,0.0015166177181527019,0.0005400930531322956
13890,0.0015164997894316912,0.000606028363108635
13891,0.0015163926873356104,0.0006903254543431103
13892,0.001516267191618681,0.00078617874532938
13893,0.0015161472838371992,0.0009160469635389745
13894,0.0015160245820879936,0.0010388537775725126
13895,0.001515910029411316,0.001154898782260716
13896,0.0015157992020249367,0.0011543311411514878
13897,0.0015156712615862489,0.0010385625064373016
13898,0.0015155549626797438,0.0007872955757193267
13899,0.0015154356369748712,0.0005369382561184466
13900,0.0015153137501329184,0.0004054587334394455
13901,0.001515194890089333,0.00043383921729400754
13902,0.0015150806866586208,0.0005597771960310638
13903,0.0015149618266150355,0.0006714892806485295
13904,0.0015148380771279335,0.0006836105021648109
13905,0.001514721428975463,0.0005949994083493948
13906,0.0015145993093028665,0.00047666887985542417
13907,0.0015144809149205685,0.0004026401729788631
13908,0.0015143613563850522,0.00040062633343040943
13909,0.0015142475022003055,0.00045187206706032157
13910,0.0015141235198825598,0.0005145950126461685
13911,0.0015140058239921927,0.0005519647384062409
13912,0.0015138911549001932,0.0005459919921122491
13913,0.0015137711307033896,0.0005115295061841607
13914,0.0015136629808694124,0.00046424224274232984
13915,0.0015135336434468627,0.0004220139526296407
13916,0.0015134180430322886,0.000393650378100574
13917,0.0015132984844967723,0.0003818118420895189
13918,0.0015131734544411302,0.00038301353924907744
13919,0.001513055874966085,0.0003937520377803594
13920,0.0015129410894587636,0.00041295698611065745
13921,0.0015128208324313164,0.00044061485095880926
13922,0.0015127193182706833,0.0004811676044482738
13923,0.0015125810168683529,0.0005413976032286882
13924,0.001512459828518331,0.0006407535984180868
13925,0.0015123558696359396,0.0007923211669549346
13926,0.001512229209765792,0.0010416266741231084
13927,0.0015121055766940117,0.0013668725732713938
13928,0.001511991722509265,0.001790318638086319
13929,0.0015118725132197142,0.0020381947979331017
13930,0.001511748181656003,0.0020098541863262653
13931,0.0015116287395358086,0.0015152331907302141
13932,0.0015115123242139816,0.0008827344281598926
13933,0.0015113942790776491,0.00048331933794543147
13934,0.0015112787950783968,0.0004655569209717214
13935,0.0015111550455912948,0.0007501226500608027
13936,0.0015110333915799856,0.0011104671284556389
13937,0.0015109225641936064,0.0012558666057884693
13938,0.0015108110383152962,0.0011202958412468433
13939,0.001510685309767723,0.0007931350264698267
13940,0.0015105739003047347,0.0005055095534771681
13941,0.0015104430494830012,0.00040719128446653485
13942,0.0015103265177458525,0.0005129060009494424
13943,0.0015102095203474164,0.0007052283035591245
13944,0.0015100922901183367,0.0008332934230566025
13945,0.0015099634183570743,0.000811224221251905
13946,0.0015098494477570057,0.0006941151805222034
13947,0.0015097330324351788,0.0005435195635072887
13948,0.0015096156857907772,0.0004295111575629562
13949,0.0015094950795173645,0.00038392512942664325
13950,0.0015093836700543761,0.00040586403338238597
13951,0.0015092521207407117,0.00046901818132027984
13952,0.0015091451350599527,0.0005475321668200195
13953,0.0015090234810486436,0.0006314259371720254
13954,0.0015089032240211964,0.0007018071482889354
13955,0.001508787740021944,0.00076482625445351
13956,0.001508653862401843,0.0007954887696541846
13957,0.0015085386112332344,0.000803981558419764
13958,0.0015084228944033384,0.0007544386899098754
13959,0.0015083017060533166,0.0006663622334599495
13960,0.0015081844758242369,0.0005467825103551149
13961,0.001508078072220087,0.0004428689135238528
13962,0.0015079514123499393,0.0003885281039401889
13963,0.0015078273136168718,0.0003957565641030669
13964,0.0015077185817062855,0.0004429586115293205
13965,0.001507596462033689,0.0004924436798319221
13966,0.0015074808616191149,0.0005159401916898787
13967,0.0015073566464707255,0.0005016456125304103
13968,0.0015072349924594164,0.00046306513831950724
13969,0.0015071181114763021,0.00041983931441791356
13970,0.0015069838846102357,0.0003903105098288506
13971,0.001506869331933558,0.00038067312561906874
13972,0.0015067568747326732,0.00038897269405424595
13973,0.0015066456981003284,0.00040862784953787923
13974,0.0015065119368955493,0.0004320216830819845
13975,0.001506398431956768,0.00045562267769128084
13976,0.0015062809688970447,0.00047744164476171136
13977,0.0015061597805470228,0.0005011757020838559
13978,0.0015060410369187593,0.0005266388179734349
13979,0.001505924970842898,0.0005620252923108637
13980,0.001505805877968669,0.0006055434932932258
13981,0.001505682012066245,0.0006688273278996348
13982,0.0015055659459903836,0.0007412913837470114
13983,0.0015054479008540511,0.0008350001298822463
13984,0.0015053267125040293,0.0009122962364926934
13985,0.0015052014496177435,0.0009733963524922729
13986,0.0015050866641104221,0.0009505126508884132
13987,0.001504963031038642,0.0008558399858884513
13988,0.0015048505738377571,0.000684190250467509
13989,0.00150473159737885,0.0005126549513079226
13990,0.0015046149492263794,0.0004052619042340666
13991,0.0015044989995658398,0.000395626702811569
13992,0.0015043788589537144,0.0004620310210157186
13993,0.001504258019849658,0.0005464382702484727
13994,0.0015041313599795103,0.0005938423564657569
13995,0.0015040202997624874,0.0005792239680886269
13996,0.001503892824985087,0.000520781846717
13997,0.0015037800185382366,0.0004499843344092369
13998,0.001503661973401904,0.0003986993688158691
13999,0.0015035402029752731,0.00038078136276453733
14000,0.0015034193638712168,0.00039440247928723693
14001,0.0015033110976219177,0.0004274330276530236
14002,0.0015031853690743446,0.00046664674300700426
14003,0.001503065461292863,0.0005067837191745639
14004,0.0015029397327452898,0.0005443725385703146
14005,0.0015028273919597268,0.0005872558685950935
14006,0.0015027085319161415,0.0006353735807351768
14007,0.0015025818720459938,0.0007050430867820978
14008,0.0015024635940790176,0.0007883694488555193
14009,0.0015023478772491217,0.0009051421075128019
14010,0.0015022235456854105,0.0010169751476496458
14011,0.0015021124854683876,0.001128553762100637
14012,0.0015019926941022277,0.0011447325814515352
14013,0.001501872087828815,0.0010656125377863646
14014,0.001501749036833644,0.0008562065777368844
14015,0.00150162517093122,0.0006145641091279685
14016,0.0015015072422102094,0.0004380430909805
14017,0.0015013894299045205,0.00039382954128086567
14018,0.0015012648655101657,0.0004685390740633011
14019,0.0015011467039585114,0.000587820541113615
14020,0.0015010316856205463,0.0006664306274615228
14021,0.0015009145718067884,0.0006576332380063832
14022,0.001500784419476986,0.0005772160366177559
14023,0.0015006659086793661,0.0004757303395308554
14024,0.001500544953159988,0.00040391471702605486
14025,0.0015004300512373447,0.0003835383104160428
14026,0.0015003078151494265,0.0004103627288714051
14027,0.0015001978026703,0.0004630869079846889
14028,0.0015000675339251757,0.0005168463685549796
14029,0.0014999451814219356,0.0005608038045465946
14030,0.001499828533269465,0.0005883403355255723
14031,0.0014997113030403852,0.0006092498078942299
14032,0.001499595819041133,0.000621410203166306
14033,0.0014994763769209385,0.0006383200525306165
14034,0.0014993528602644801,0.000652690592687577
14035,0.0014992321375757456,0.0006751588662154973
14036,0.001499114092439413,0.0006902856985107064
14037,0.0014989969786256552,0.0007063354714773595
14038,0.0014988784678280354,0.00070158950984478
14039,0.0014987564645707607,0.0006822721334174275
14040,0.0014986335299909115,0.0006330441683530807
14041,0.0014985083835199475,0.000568702700547874
14042,0.0014983810251578689,0.0004947948036715388
14043,0.0014982689172029495,0.0004317360871937126
14044,0.0014981415588408709,0.0003912896499969065
14045,0.0014980334090068936,0.00037896790308877826
14046,0.0014979083789512515,0.00039066726458258927
14047,0.0014977899845689535,0.0004165708087384701
14048,0.0014976807869970798,0.00044636824168264866
14049,0.0014975500525906682,0.00047180269029922783
14050,0.001497434452176094,0.0004916684702038765
14051,0.0014973129145801067,0.0005044682184234262
14052,0.0014971958007663488,0.0005158823914825916
14053,0.0014970652991905808,0.000525388983078301
14054,0.0014969492331147194,0.0005406542331911623
14055,0.0014968262985348701,0.0005600860458798707
14056,0.0014967070892453194,0.0005926291341893375
14057,0.0014965899754315615,0.0006345689762383699
14058,0.0014964677393436432,0.000698061368893832
14059,0.00149635411798954,0.0007713555241934955
14060,0.001496224431321025,0.0008673960110172629
14061,0.001496106036938727,0.0009500094456598163
14062,0.0014959938125684857,0.00102311372756958
14063,0.0014958656392991543,0.0010213155765086412
14064,0.0014957463135942817,0.0009530742536298931
14065,0.001495631760917604,0.0007979091024026275
14066,0.0014955083606764674,0.0006160283810459077
14067,0.0014953827485442162,0.00046327465679496527
14068,0.001495269127190113,0.00038963707629591227
14069,0.001495144097134471,0.00040375220123678446
14070,0.0014950234908610582,0.0004756269627250731
14071,0.0014949026517570019,0.0005569480126723647
14072,0.001494785537943244,0.0006053984980098903
14073,0.0014946619048714638,0.0006070733070373535
14074,0.001494541298598051,0.0005663856863975525
14075,0.0014944206923246384,0.0005075981025584042
14076,0.001494307303801179,0.0004478190094232559
14077,0.001494182157330215,0.00040371145587414503
14078,0.0014940605033189058,0.00038016587495803833
14079,0.00149394606705755,0.00037568865809589624
14080,0.0014938231324777007,0.0003856989205814898
14081,0.0014936963561922312,0.0004068740818183869
14082,0.0014935719082131982,0.0004395588766783476
14083,0.001493454328738153,0.0004878658801317215
14084,0.001493332558311522,0.0005672810948453844
14085,0.0014932147460058331,0.000698092975653708
14086,0.001493097865022719,0.0009366467129439116
14087,0.001492982031777501,0.0013194624334573746
14088,0.0014928487362340093,0.001963685266673565
14089,0.001492735929787159,0.002678091637790203
14090,0.0014926140429452062,0.00332847167737782
14091,0.0014924869174137712,0.0031589646823704243
14092,0.001492363284341991,0.0023099961690604687
14093,0.0014922467526048422,0.0013728366466239095
14094,0.001492130453698337,0.0006754305795766413
14095,0.0014920011162757874,0.00044565738062374294
14096,0.0014918772503733635,0.0007404645439237356
14097,0.0014917629305273294,0.0012657337356358767
14098,0.0014916416257619858,0.001563658588565886
14099,0.0014915246283635497,0.0013929056003689766
14100,0.001491400646045804,0.000996234710328281
14101,0.001491281553171575,0.0006033130921423435
14102,0.0014911487232893705,0.0004092583549208939
14103,0.0014910355675965548,0.0005481654079630971
14104,0.0014909146120771766,0.0008846136624924839
14105,0.0014907956356182694,0.0011393094900995493
14106,0.001490672817453742,0.0012474296381697059
14107,0.0014905475545674562,0.001159491715952754
14108,0.0014904274139553308,0.0009510712698101997
14109,0.0014903079718351364,0.0006576122250407934
14110,0.0014901843387633562,0.000443191675003618
14111,0.001490067457780242,0.0003913677064701915
14112,0.0014899405650794506,0.000481251860037446
14113,0.0014898339286446571,0.0006173824658617377
14114,0.0014896937645971775,0.0006850530044175684
14115,0.0014895873609930277,0.0006407403270713985
14116,0.0014894644264131784,0.0005200229352340102
14117,0.0014893286861479282,0.00041747454088181257
14118,0.001489212503656745,0.00038480665534734726
14119,0.0014890964375808835,0.000422339653596282
14120,0.001488970359787345,0.0004904874367639422
14121,0.0014888523146510124,0.0005352017469704151
14122,0.0014887317083775997,0.0005333821754902601
14123,0.0014886101707816124,0.0004932370502501726
14124,0.0014884906122460961,0.00044236224493943155
14125,0.0014883638359606266,0.00039805175038054585
14126,0.0014882470713928342,0.00037618019268848
14127,0.0014881128445267677,0.00037969829281792045
14128,0.0014880007365718484,0.0003990711411461234
14129,0.0014878800138831139,0.0004262336005922407
14130,0.0014877573121339083,0.00045686846715398133
14131,0.0014876379864290357,0.0004896313766948879
14132,0.001487517962232232,0.0005216458812355995
14133,0.001487398287281394,0.0005612282548099756
14134,0.0014872717438265681,0.000603913445957005
14135,0.0014871510211378336,0.0006578040192835033
14136,0.001487026340328157,0.0007062549120746553
14137,0.0014869080623611808,0.0007545259431935847
14138,0.001486792927607894,0.0007643703138455749
14139,0.0014866655692458153,0.0007378255249932408
14140,0.0014865394914522767,0.000651536975055933
14141,0.0014864180702716112,0.0005398811190389097
14142,0.0014862960670143366,0.00043613280286081135
14143,0.0014861762756481767,0.0003827149630524218
14144,0.0014860451919957995,0.0003897866699844599
14145,0.0014859316870570183,0.0004365456406958401
14146,0.0014858103822916746,0.0004876262100879103
14147,0.0014856884954497218,0.0005116738029755652
14148,0.0014855751069262624,0.0005012954352423549
14149,0.00148544751573354,0.0004648177418857813
14150,0.001485319691710174,0.0004233762447256595
14151,0.0014851940795779228,0.0003904097538907081
14152,0.0014850763836875558,0.00037380855064839125
14153,0.0014849535655230284,0.00037380371941253543
14154,0.001484832726418972,0.0003861403092741966
14155,0.0014847023412585258,0.00040651101153343916
14156,0.0014845882542431355,0.0004331202362664044
14157,0.0014844606630504131,0.00046903625479899347
14158,0.001484348438680172,0.0005181257147341967
14159,0.0014842161908745766,0.0005958665860816836
14160,0.0014840986113995314,0.0007127795252017677
14161,0.00148397171869874,0.0009074964909814298
14162,0.0014838505303487182,0.0011722544440999627
14163,0.001483727479353547,0.0015458539128303528
14164,0.0014835968613624573,0.0018363849958404899
14165,0.0014834869652986526,0.0019567960407584906
14166,0.0014833587920293212,0.0016171641182154417
14167,0.001483242493122816,0.0010347866918891668
14168,0.0014831199077889323,0.0005567660555243492
14169,0.0014830023283138871,0.0004230116028338671
14170,0.0014828668208792806,0.0006160254124552011
14171,0.0014827457489445806,0.0009508170187473297
14172,0.00148262910079211,0.0011594037059694529
14173,0.0014825024409219623,0.0011053087655454874
14174,0.0014823791570961475,0.0008178545976988971
14175,0.0014822616940364242,0.0005313235451467335
14176,0.0014821406221017241,0.00040397484553977847
14177,0.0014820235082879663,0.0004603656707331538
14178,0.001481884391978383,0.0006246205884963274
14179,0.0014817678602412343,0.0007728771306574345
14180,0.001481648301705718,0.0007999646477401257
14181,0.0014815242029726505,0.0007286363397724926
14182,0.001481394749134779,0.0006022859597578645
14183,0.0014812815934419632,0.0004844974318984896
14184,0.0014811521396040916,0.00040215766057372093
14185,0.0014810264110565186,0.0003736723738256842
14186,0.0014809130225330591,0.0003916408750228584
14187,0.0014807786792516708,0.0004366873181425035
14188,0.001480660866945982,0.0005000268574804068
14189,0.0014805331593379378,0.0005751480348408222
14190,0.0014804158126935363,0.0006634863093495369
14191,0.00148029497358948,0.000751674990169704
14192,0.0014801687793806195,0.0008556737448088825
14193,0.0014800376957282424,0.000930043519474566
14194,0.001479912200011313,0.0009713699691928923
14195,0.0014798002084717155,0.000907845445908606
14196,0.0014796869363635778,0.0007655654335394502
14197,0.0014795460738241673,0.0005698541644960642
14198,0.0014794212765991688,0.0004226253367960453
14199,0.0014793082373216748,0.00038393877912312746
14200,0.0014791858848184347,0.00044366923975758255
14201,0.0014790629502385855,0.0005368645070120692
14202,0.0014789332635700703,0.0005895281210541725
14203,0.0014788121916353703,0.0005677946610376239
14204,0.0014786890242248774,0.0004916033358313143
14205,0.0014785677194595337,0.00041618148679845035
14206,0.0014784415252506733,0.00037937515298835933
14207,0.0014783195219933987,0.0003875976544804871
14208,0.0014781913487240672,0.00042555114487186074
14209,0.001478072488680482,0.00046958596794866025
14210,0.0014779460616409779,0.0005016574868932366
14211,0.0014778320910409093,0.0005119572160765529
14212,0.0014776986790820956,0.000508627388626337
14213,0.0014775798190385103,0.0004940404323861003
14214,0.0014774426817893982,0.0004771575622726232
14215,0.0014773271977901459,0.0004598836530931294
14216,0.0014771973947063088,0.00044723693281412125
14217,0.0014770854031667113,0.00043712236220017076
14218,0.0014769542030990124,0.0004316768317949027
14219,0.0014768216060474515,0.0004300338332541287
14220,0.0014767134562134743,0.00043352614738978446
14221,0.0014765814412385225,0.0004412912530824542
14222,0.0014764609513804317,0.00045693438732996583
14223,0.0014763385988771915,0.0004809345118701458
14224,0.001476206467486918,0.0005198090220801532
14225,0.0014760791091248393,0.0005743151996284723
14226,0.0014759605983272195,0.000657570140901953
14227,0.0014758412726223469,0.0007623159908689559
14228,0.001475705998018384,0.0009030936053022742
14229,0.0014756015734747052,0.0010335891274735332
14230,0.001475464552640915,0.0011490010656416416
14231,0.001475342083722353,0.0011423584073781967
14232,0.0014752178685739636,0.0010225377045571804
14233,0.0014750875998288393,0.0007830933900550008
14234,0.0014749745605513453,0.0005414780462160707
14235,0.0014748438261449337,0.0003997897729277611
14236,0.0014747173991054296,0.0004032718716189265
14237,0.0014745981898158789,0.0005117771215736866
14238,0.0014744710642844439,0.0006322795525193214
14239,0.0014743467327207327,0.000681874284055084
14240,0.001474225427955389,0.000636911834590137
14241,0.0014740988845005631,0.000536052044481039
14242,0.0014739844482392073,0.00043559179175645113
14243,0.0014738510362803936,0.0003805844462476671
14244,0.0014737251913174987,0.000383186707040295
14245,0.0014736063312739134,0.0004281564324628562
14246,0.0014734752476215363,0.0004887430695816875
14247,0.0014733478892594576,0.0005419233348220587
14248,0.001473228563554585,0.0005843203980475664
14249,0.0014730998082086444,0.0006116743315942585
14250,0.0014729808317497373,0.0006379237165674567
14251,0.0014728563837707043,0.000659781217109412
14252,0.0014727264642715454,0.0006932320538908243
14253,0.0014726030640304089,0.0007242354331538081
14254,0.0014724850188940763,0.0007654337678104639
14255,0.0014723505591973662,0.0007886432576924562
14256,0.00147223100066185,0.0008004176197573543
14257,0.0014721071347594261,0.0007651955238543451
14258,0.0014719859464094043,0.0006960679311305285
14259,0.0014718519523739815,0.0005897156079299748
14260,0.001471727155148983,0.0004830647667404264
14261,0.0014716037549078465,0.0004040277563035488
14262,0.0014714822173118591,0.0003737189981620759
14263,0.0014713510172441602,0.0003902028838638216
14264,0.0014712316915392876,0.00043395120883360505
14265,0.001471102237701416,0.0004801563045475632
14266,0.0014709850074723363,0.0005082326242700219
14267,0.0014708561357110739,0.0005135120009072125
14268,0.0014707335503771901,0.0004969300352968276
14269,0.0014706056099385023,0.0004702591395471245
14270,0.0014704816276207566,0.0004394616698846221
14271,0.0014703591587021947,0.0004127830034121871
14272,0.001470233779400587,0.0003921861934941262
14273,0.0014701043255627155,0.00037850195076316595
14274,0.0014699794119223952,0.0003703151596710086
14275,0.0014698546146973968,0.0003662558738142252
14276,0.001469729351811111,0.0003649588907137513
14277,0.00146960630081594,0.0003655069158412516
14278,0.0014694822020828724,0.00036776901106350124
14279,0.001469349954277277,0.00037243199767544866
14280,0.001469228183850646,0.00038134335773065686
14281,0.0014691054821014404,0.00039849436143413186
14282,0.0014689740492030978,0.00043337326496839523
14283,0.0014688493683934212,0.0005039757234044373
14284,0.0014687322545796633,0.0006539958994835615
14285,0.001468596630729735,0.0009520274470560253
14286,0.001468474743887782,0.001563612837344408
14287,0.00146835099440068,0.002546540694311261
14288,0.0014682182809337974,0.004011354874819517
14289,0.0014681036118417978,0.004789171274751425
14290,0.0014679622836411,0.004427213221788406
14291,0.0014678426086902618,0.003294873284175992
14292,0.001467712689191103,0.001877765404060483
14293,0.0014675832353532314,0.000778204295784235
14294,0.0014674734557047486,0.00044123659608885646
14295,0.0014673387631773949,0.0010460689663887024
14296,0.0014672130346298218,0.0015974851557984948
14297,0.0014670921955257654,0.0015117067378014326
14298,0.0014669642550870776,0.0011741193011403084
14299,0.001466843532398343,0.0007547207060270011
14300,0.0014667060459032655,0.00040480366442352533
14301,0.001466582529246807,0.0005969679914414883
14302,0.0014664544723927975,0.001044580596499145
14303,0.0014663352631032467,0.001270644715987146
14304,0.001466205227188766,0.0013558391947299242
14305,0.001466080779209733,0.0011618880089372396
14306,0.0014659548178315163,0.000764040625654161
14307,0.0014658329309895635,0.0004599672683980316
14308,0.0014657030114904046,0.0004290203796699643
14309,0.0014655767008662224,0.0005636404384858906
14310,0.0014654516708105803,0.0007429065881296992
14311,0.001465321285650134,0.0007766479393467307
14312,0.0014651974197477102,0.0006030694348737597
14313,0.0014650777447968721,0.0004374004201963544
14314,0.0014649429358541965,0.00040070241084322333
14315,0.0014648169744759798,0.00046470947563648224
14316,0.0014646885683760047,0.0005686547374352813
14317,0.0014645687770098448,0.0006004173192195594
14318,0.0014644406037405133,0.0005208762595430017
14319,0.0014643061440438032,0.00042980682337656617
14320,0.0014641860034316778,0.0003853460948448628
14321,0.0014640516601502895,0.00038894684985280037
14322,0.0014639288419857621,0.00043963067582808435
14323,0.001463807187974453,0.0004962056409567595
14324,0.0014636853011325002,0.0005116756656207144
14325,0.0014635546831414104,0.0005020018434152007
14326,0.001463421736843884,0.00047211768105626106
14327,0.001463295891880989,0.0004280574794393033
14328,0.001463178195990622,0.0003946807119064033
14329,0.0014630393125116825,0.00037660921225324273
14330,0.0014629238285124302,0.000366993248462677
14331,0.001462799496948719,0.00037173062446527183
14332,0.0014626614283770323,0.00038635762757621706
14333,0.0014625383773818612,0.00040114281000569463
14334,0.0014624131144955754,0.00042013751226477325
14335,0.001462280284613371,0.0004411499248817563
14336,0.0014621660811826587,0.0004596607177518308
14337,0.001462029293179512,0.00047809770330786705
14338,0.0014618942514061928,0.0004982210230082273
14339,0.0014617771375924349,0.0005105682066641748
14340,0.0014616516418755054,0.0005209548980928957
14341,0.0014615196269005537,0.0005205870256759226
14342,0.0014613900566473603,0.0005101904971525073
14343,0.00146126514300704,0.00048618006985634565
14344,0.0014611296355724335,0.00045626453356817365
14345,0.0014610049547627568,0.0004209818143863231
14346,0.001460877712816,0.00039137672865763307
14347,0.0014607596676796675,0.00037217256613075733
14348,0.0014606297481805086,0.00036441683187149465
14349,0.00146050238981843,0.00036772555904462934
14350,0.0014603810850530863,0.0003785864100791514
14351,0.0014602476730942726,0.0003918840957339853
14352,0.001460120896808803,0.00040511260158382356
14353,0.0014599941205233335,0.00041826878441497684
14354,0.0014598642010241747,0.00042952841613441706
14355,0.001459738938137889,0.00044215767411515117
14356,0.0014596129767596722,0.00045642946497537196
14357,0.0014594742096960545,0.00047642725985497236
14358,0.0014593556988984346,0.0005019498057663441
14359,0.0014592244988307357,0.000540653825737536
14360,0.0014591021463274956,0.0005889711901545525
14361,0.001458973390981555,0.0006575590814463794
14362,0.0014588478952646255,0.0007317255949601531
14363,0.0014587158802896738,0.0008181892917491496
14364,0.00145859329495579,0.0008716213051229715
14365,0.0014584563905373216,0.0008902627159841359
14366,0.001458332990296185,0.0008181051816791296
14367,0.0014582101721316576,0.0006862632581032813
14368,0.001458065933547914,0.0005238550365902483
14369,0.001457943581044674,0.00040556202293373644
14370,0.0014578106347471476,0.00037352670915424824
14371,0.0014576895628124475,0.0004216183442622423
14372,0.0014575658133253455,0.0005002680118195713
14373,0.0014574347296729684,0.0005519525147974491
14374,0.001457316568121314,0.0005515783559530973
14375,0.001457179430872202,0.0005034153000451624
14376,0.0014570563798770308,0.00043993015424348414
14377,0.0014569202903658152,0.0003883104072883725
14378,0.0014567985199391842,0.00036566262133419514
14379,0.0014566651079803705,0.00037165964022278786
14380,0.0014565408928319812,0.0003973107086494565
14381,0.0014564034063369036,0.00043393240775913
14382,0.0014562865253537893,0.00047605420695617795
14383,0.0014561585849151015,0.0005283261416479945
14384,0.0014560206327587366,0.0005943404976278543
14385,0.0014558949042111635,0.0006954758428037167
14386,0.0014557684771716595,0.0008349830168299377
14387,0.0014556345995515585,0.0010526899714022875
14388,0.0014555153902620077,0.0013015910517424345
14389,0.0014553796499967575,0.0015851563075557351
14390,0.001455258228816092,0.0016664288705214858
14391,0.0014551249332726002,0.0015048995846882463
14392,0.0014549976913258433,0.0010482828365638852
14393,0.0014548709150403738,0.0005934213986620307
14394,0.0014547428581863642,0.0003970819234382361
14395,0.0014546125894412398,0.0005103428848087788
14396,0.001454477896913886,0.0007795043056830764
14397,0.0014543605502694845,0.0009754410712048411
14398,0.001454225042834878,0.0009352023480460048
14399,0.0014540971023961902,0.0007193567580543458
14400,0.0014539672993123531,0.000488477642647922
14401,0.001453836215659976,0.00038411730201914907
14402,0.0014537081588059664,0.00043881559395231307
14403,0.0014535768423229456,0.0005767579423263669
14404,0.0014534536749124527,0.0006794115179218352
14405,0.0014533235225826502,0.0006905233021825552
14406,0.00145318906288594,0.0006136627634987235
14407,0.0014530665939673781,0.0005094262305647135
14408,0.0014529413310810924,0.00041924486868083477
14409,0.0014528059400618076,0.00037176342448219657
14410,0.0014526782324537635,0.0003677469794638455
14411,0.0014525492442771792,0.00039596459828317165
14412,0.0014524110592901707,0.00044754278496839106
14413,0.001452289754524827,0.0005174653488211334
14414,0.0014521604171022773,0.0006131805712357163
14415,0.0014520243275910616,0.0007375632412731647
14416,0.0014519046526402235,0.0009218262857757509
14417,0.0014517743838950992,0.001137026003561914
14418,0.0014516424853354692,0.0013966961996629834
14419,0.0014515157090499997,0.0015173712745308876
14420,0.0014513820642605424,0.0014518351526930928
14421,0.001451248535886407,0.0010829318780452013
14422,0.001451128046028316,0.0006500515155494213
14423,0.0014509991742670536,0.00040695269126445055
14424,0.001450871815904975,0.00045677938032895327
14425,0.0014507351443171501,0.0006891984376125038
14426,0.0014506116276606917,0.0008885790593922138
14427,0.0014504753053188324,0.0008807053091004491
14428,0.0014503465499728918,0.0006966711953282356
14429,0.0014502101112157106,0.00048448299639858305
14430,0.0014500871766358614,0.000384911778382957
14431,0.0014499516692012548,0.00043016107520088553
14432,0.001449825707823038,0.0005515736993402243
14433,0.0014496933436021209,0.0006390658672899008
14434,0.00144956074655056,0.0006349598988890648
14435,0.001449431525543332,0.0005504574510268867
14436,0.0014493067283183336,0.0004509841382969171
14437,0.001449168543331325,0.000382239930331707
14438,0.0014490534085780382,0.0003656273474916816
14439,0.001448910916224122,0.0003937030560337007
14440,0.0014487926382571459,0.00044664248707704246
14441,0.00144865398760885,0.0005126081523485482
14442,0.0014485260471701622,0.0005848868167959154
14443,0.0014483960112556815,0.0006726646097376943
14444,0.0014482656260952353,0.0007686191238462925
14445,0.0014481320977210999,0.0008953178185038269
14446,0.0014480040408670902,0.0010096870828419924
14447,0.0014478813391178846,0.0011126534081995487
14448,0.0014477507211267948,0.00109443801920861
14449,0.0014476119540631771,0.0009617694886401296
14450,0.0014474771451205015,0.0007088342681527138
14451,0.001447355723939836,0.00047719667782075703
14452,0.0014472301118075848,0.0003779968828894198
14453,0.0014470905298367143,0.0004341363674029708
14454,0.0014469680609181523,0.000566060421988368
14455,0.0014468395384028554,0.000655576994176954
14456,0.0014467074070125818,0.0006343823042698205
14457,0.0014465737622231245,0.0005286912200972438
14458,0.0014464427949860692,0.0004204744182061404
14459,0.0014463113620877266,0.0003722867986653
14460,0.001446187263354659,0.00039615455898456275
14461,0.0014460489619523287,0.0004596417711582035
14462,0.001445925678126514,0.0005137656698934734
14463,0.0014457827201113105,0.000531080411747098
14464,0.0014456615317612886,0.0005075105000287294
14465,0.0014455248601734638,0.00046402268344536424
14466,0.0014453968033194542,0.0004172149929217994
14467,0.0014452626928687096,0.0003825574822258204
14468,0.001445133937522769,0.0003642746596597135
14469,0.001445006113499403,0.00036062722210772336
14470,0.0014448750298470259,0.0003684298135340214
14471,0.001444743713364005,0.0003853358794003725
14472,0.0014446134446188807,0.00041094093467108905
14473,0.001444484107196331,0.0004477256734389812
14474,0.001444351626560092,0.0005056021618656814
14475,0.001444217748939991,0.0005946311866864562
14476,0.0014440766535699368,0.0007448771502822638
14477,0.0014439565129578114,0.0009676298941485584
14478,0.001443824847228825,0.0013142019743099809
14479,0.0014436919009312987,0.0016799872973933816
14480,0.0014435695484280586,0.00201251357793808
14481,0.0014434342738240957,0.001927515142597258
14482,0.00144329690374434,0.0014610751532018185
14483,0.0014431682648137212,0.0008341214852407575
14484,0.0014430319424718618,0.00044422451173886657
14485,0.0014429021393880248,0.00046118616592139006
14486,0.0014427611604332924,0.0007771223899908364
14487,0.0014426360139623284,0.0011180274887010455
14488,0.001442503067664802,0.0012469495413824916
14489,0.0014423830434679985,0.0010499660857021809
14490,0.0014422369422391057,0.0007107051205821335
14491,0.0014421178493648767,0.000444314006017521
14492,0.0014419809449464083,0.0003938485751859844
14493,0.0014418530045077205,0.000542977883014828
14494,0.0014417152851819992,0.000737829424906522
14495,0.0014415913028642535,0.0008178392890840769
14496,0.0014414566103368998,0.0007632955093868077
14497,0.0014413248281925917,0.0006167953833937645
14498,0.0014411959564313293,0.0004717427946161479
14499,0.0014410597505047917,0.0003812884970102459
14500,0.0014409312279894948,0.0003663976676762104
14501,0.0014408037532120943,0.0004105645348317921
14502,0.0014406646369025111,0.0004868896212428808
14503,0.0014405330875888467,0.0005778521881438792
14504,0.0014403962995857,0.0006639213534072042
14505,0.001440262421965599,0.0007494792807847261
14506,0.0014401362277567387,0.0008086084853857756
14507,0.001439994783140719,0.0008510047919116914
14508,0.0014398728962987661,0.0008268413366749883
14509,0.0014397380873560905,0.0007492633303627372
14510,0.0014396003680303693,0.0006085496279411018
14511,0.0014394726604223251,0.00046742436825297773
14512,0.0014393457677215338,0.0003793005598708987
14513,0.0014392018783837557,0.0003747816081158817
14514,0.0014390768483281136,0.0004320783482398838
14515,0.0014389489078894258,0.0004977190401405096
14516,0.0014388187555596232,0.0005255856667645276
14517,0.0014386822003871202,0.0004989428562112153
14518,0.0014385456452146173,0.0004420618643052876
14519,0.0014384229434654117,0.0003887528437189758
14520,0.0014382824301719666,0.00036366330459713936
14521,0.00143815902993083,0.0003705110866576433
14522,0.0014380242209881544,0.00039823364932090044
14523,0.0014378840569406748,0.0004309170471969992
14524,0.0014377505285665393,0.00045566874905489385
14525,0.0014376265462487936,0.0004705861210823059
14526,0.001437500468455255,0.000474411528557539
14527,0.0014373529702425003,0.0004736490664072335
14528,0.0014372211880981922,0.00046908314106985927
14529,0.0014370897551998496,0.0004666867898777127
14530,0.0014369511045515537,0.0004647720779757947
14531,0.0014368249103426933,0.00046764512080699205
14532,0.001436685211956501,0.00047288864152505994
14533,0.0014365632086992264,0.00048419710947200656
14534,0.001436423510313034,0.0004981965757906437
14535,0.001436293707229197,0.0005194164114072919
14536,0.0014361615758389235,0.0005419653025455773
14537,0.0014360231580212712,0.0005707754753530025
14538,0.0014358966145664454,0.0005950944614596665
14539,0.0014357543550431728,0.0006191559368744493
14540,0.0014356231549754739,0.000626194872893393
14541,0.0014355016173794866,0.0006209341809153557
14542,0.0014353716978803277,0.0005890890024602413
14543,0.0014352265279740095,0.0005419174558483064
14544,0.0014350902056321502,0.0004810818354599178
14545,0.0014349607517942786,0.0004240365815348923
14546,0.0014348285039886832,0.00038130293251015246
14547,0.0014347012620419264,0.0003608883125707507
14548,0.0014345599338412285,0.00036234461003914475
14549,0.0014344265218824148,0.0003793243085965514
14550,0.0014342967187985778,0.00040371494833379984
14551,0.0014341622591018677,0.0004285293980501592
14552,0.001434024889022112,0.00045174587285146117
14553,0.001433887635357678,0.00047141112736426294
14554,0.001433767145499587,0.0004925469984300435
14555,0.0014336283784359694,0.0005150833749212325
14556,0.0014334884472191334,0.0005479874671436846
14557,0.0014333591097965837,0.0005899723619222641
14558,0.0014332262799143791,0.0006545354845002294
14559,0.001433093915693462,0.0007340561132878065
14560,0.001432957360520959,0.0008451850153505802
14561,0.0014328251127153635,0.0009533725096844137
14562,0.0014326891396194696,0.001063590170815587
14563,0.0014325629454106092,0.001090656267479062
14564,0.0014324270887300372,0.0010346709750592709
14565,0.001432283315807581,0.0008536427631042898
14566,0.001432152115739882,0.0006285246927291155
14567,0.0014320206828415394,0.00044293690007179976
14568,0.0014318878529593349,0.0003704335249494761
14569,0.0014317473396658897,0.0004161712131462991
14570,0.0014316277811303735,0.0005234107375144958
14571,0.0014314850559458137,0.0006141703925095499
14572,0.0014313580468297005,0.0006345832953229547
14573,0.001431213691830635,0.0005846309359185398
14574,0.0014310843544080853,0.0004953593597747386
14575,0.0014309448888525367,0.00041330914245918393
14576,0.0014308120589703321,0.00036679982440546155
14577,0.00143067492172122,0.0003642989613581449
14578,0.0014305476797744632,0.0003953559207729995
14579,0.0014304134529083967,0.0004435740993358195
14580,0.0014302758499979973,0.0004997011856175959
14581,0.0014301353367045522,0.0005585344042629004
14582,0.001430018455721438,0.0006311546894721687
14583,0.0014298718888312578,0.0007194093195721507
14584,0.0014297323068603873,0.0008519417024217546
14585,0.001429608091711998,0.0010133425239473581
14586,0.001429467462003231,0.0012333079939708114
14587,0.0014293364947661757,0.001406597439199686
14588,0.001429205876775086,0.0015087372157722712
14589,0.0014290709514170885,0.0013602824183180928
14590,0.0014289228711277246,0.0010304278694093227
14591,0.0014287956291809678,0.0006468530045822263
14592,0.0014286570949479938,0.00041104466072283685
14593,0.00142852240242064,0.00040857819840312004
14594,0.0014283901546150446,0.0005789267597720027
14595,0.0014282537158578634,0.0007724136812612414
14596,0.0014281227486208081,0.0008518770337104797
14597,0.0014279881725087762,0.000765548087656498
14598,0.0014278553426265717,0.0005891498876735568
14599,0.0014277207665145397,0.0004331056261435151
14600,0.0014275871217250824,0.0003696255444083363
14601,0.001427451497875154,0.0004083629755768925
14602,0.0014273114502429962,0.0005054983776062727
14603,0.0014271796680986881,0.0005970249767415226
14604,0.001427047187462449,0.0006493993569165468
14605,0.0014269084203988314,0.0006488091312348843
14606,0.0014267746591940522,0.0006192198488861322
14607,0.0014266391517594457,0.0005669883685186505
14608,0.0014265008503571153,0.0005144884344190359
14609,0.001426375238224864,0.00046490447130054235
14610,0.0014262348413467407,0.0004255125531926751
14611,0.0014260949101299047,0.0003950471000280231
14612,0.0014259705785661936,0.0003748741000890732
14613,0.0014258282026275992,0.00036272790748625994
14614,0.0014256963040679693,0.0003564575454220176
14615,0.0014255582354962826,0.00035476539051160216
14616,0.0014254224952310324,0.00035646994365379214
14617,0.0014252741821110249,0.00036051805363968015
14618,0.0014251538086682558,0.0003671672602649778
14619,0.0014250158565118909,0.0003779676917474717
14620,0.0014248734805732965,0.0003949653764721006
14621,0.0014247368089854717,0.0004235386732034385
14622,0.0014246085193008184,0.000471369712613523
14623,0.001424474292434752,0.0005568604683503509
14624,0.0014243326149880886,0.0006995577132329345
14625,0.0014242016477510333,0.0009522155160084367
14626,0.001424066605977714,0.0013229285832494497
14627,0.001423930749297142,0.0018717189086601138
14628,0.0014237894210964441,0.0023267350625246763
14629,0.0014236517017707229,0.0025367289781570435
14630,0.0014235236449167132,0.0021027657203376293
14631,0.0014233780093491077,0.0013237284729257226
14632,0.0014232490211725235,0.0006796991219744086
14633,0.0014231099048629403,0.00041338737355545163
14634,0.0014229760272428393,0.0005789329879917204
14635,0.0014228373765945435,0.001016323920339346
14636,0.0014227021019905806,0.0013660045806318521
14637,0.0014225677587091923,0.001422578003257513
14638,0.0014224326005205512,0.0011302503990009427
14639,0.0014222925528883934,0.0007131639868021011
14640,0.0014221575111150742,0.0004202440322842449
14641,0.0014220254961401224,0.00040844568866305053
14642,0.0014218860305845737,0.0006326956208795309
14643,0.001421752036549151,0.0009075357811525464
14644,0.0014216155977919698,0.0010617234511300921
14645,0.001421480905264616,0.0010983927641063929
14646,0.0014213373651728034,0.0009869749192148447
14647,0.001421203138306737,0.0008067564340308309
14648,0.0014210622757673264,0.0005890023894608021
14649,0.0014209356158971786,0.00042542567825876176
14650,0.0014207910280674696,0.0003616581088863313
14651,0.001420657616108656,0.0004012162680737674
14652,0.0014205139596015215,0.0004951433511450887
14653,0.0014203863684087992,0.0005719576729461551
14654,0.0014202455058693886,0.0005921514239162207
14655,0.0014201102312654257,0.0005448773736134171
14656,0.001419977517798543,0.00046632689191028476
14657,0.0014198378194123507,0.00039415693026967347
14658,0.0014197031268849969,0.00036016886588186026
14659,0.0014195501571521163,0.0003686172130983323
14660,0.001419432577677071,0.00040368514601141214
14661,0.0014192861272022128,0.00044479998177848756
14662,0.0014191484078764915,0.00047393032582476735
14663,0.0014190064975991845,0.00048630416858941317
14664,0.001418868894688785,0.0004793069092556834
14665,0.0014187387423589826,0.00046272369218058884
14666,0.0014186067273840308,0.0004391515685711056
14667,0.0014184648171067238,0.00041598701500333846
14668,0.0014183323364704847,0.00039498560363426805
14669,0.0014181936858221889,0.00037878690636716783
14670,0.0014180571306496859,0.0003668153949547559
14671,0.0014179181307554245,0.000359008350642398
14672,0.0014177794801071286,0.0003544845094438642
14673,0.0014176394324749708,0.00035225230385549366
14674,0.0014175132382661104,0.0003516018623486161
14675,0.0014173694653436542,0.0003521631006151438
14676,0.0014172304654493928,0.00035367836244404316
14677,0.0014170927461236715,0.0003562669444363564
14678,0.0014169533969834447,0.00036058746627531946
14679,0.001416812650859356,0.0003676668566185981
14680,0.001416677376255393,0.0003797049866989255
14681,0.001416542218066752,0.0004001997585874051
14682,0.0014164006570354104,0.00043686421122401953
14683,0.001416271785274148,0.000499968184158206
14684,0.001416137209162116,0.0006144448998384178
14685,0.001415985869243741,0.000802134454715997
14686,0.00141585199162364,0.0011230848031118512
14687,0.0014157246332615614,0.0015420929994434118
14688,0.0014155739918351173,0.0020648299250751734
14689,0.0014154391828924417,0.002279694192111492
14690,0.0014153087977319956,0.0020674800034612417
14691,0.001415169332176447,0.0013856118312105536
14692,0.0014150342904031277,0.0007123395917005837
14693,0.001414898200891912,0.00042047357419505715
14694,0.0014147578040137887,0.0005536353564821184
14695,0.0014146147295832634,0.0009584097424522042
14696,0.0014144756132736802,0.0013450904516503215
14697,0.001414337195456028,0.001381468609906733
14698,0.0014142030850052834,0.0011089695617556572
14699,0.0014140644343569875,0.0007057993789203465
14700,0.001413924852386117,0.0004244320443831384
14701,0.0014137818943709135,0.000411871267715469
14702,0.0014136511599645019,0.0006247347919270396
14703,0.0014135238016024232,0.0008698261226527393
14704,0.0014133668737486005,0.0010061863576993346
14705,0.0014132345095276833,0.0009701941162347794
14706,0.0014130962081253529,0.00084721326129511
14707,0.0014129634946584702,0.0006601981585845351
14708,0.001412822399288416,0.0004894058220088482
14709,0.0014126780442893505,0.0003822634753305465
14710,0.0014125502202659845,0.0003606496611610055
14711,0.001412407960742712,0.00040683522820472717
14712,0.0014122611610218883,0.0004858890315517783
14713,0.0014121329877525568,0.0005599049036391079
14714,0.0014119779225438833,0.0005933241918683052
14715,0.0014118404360488057,0.0005881727556698024
14716,0.0014117121463641524,0.0005421810783445835
14717,0.0014115675585344434,0.0004785775672644377
14718,0.0014114422956481576,0.00041405740194022655
14719,0.0014112991048023105,0.0003704236005432904
14720,0.0014111544005572796,0.0003543255152180791
14721,0.0014110174961388111,0.00036340649239718914
14722,0.0014108805917203426,0.0003885559272021055
14723,0.0014107353053987026,0.0004174819332547486
14724,0.0014106042217463255,0.0004418777534738183
14725,0.001410461962223053,0.0004563978873193264
14726,0.001410326804034412,0.00046347713214345276
14727,0.0014101889682933688,0.00046173500595614314
14728,0.0014100465923547745,0.0004572351463139057
14729,0.0014099100371822715,0.00044921712833456695
14730,0.001409763004630804,0.0004418280441313982
14731,0.0014096270315349102,0.00043329986510798335
14732,0.0014094918733462691,0.0004269178316462785
14733,0.0014093448407948017,0.0004206469457130879
14734,0.0014092172496020794,0.0004162797122262418
14735,0.0014090710319578648,0.00041239819256588817
14736,0.0014089342439547181,0.00041055213660001755
14737,0.001408792333677411,0.000409173546358943
14738,0.0014086533337831497,0.00040992474532686174
14739,0.0014085150323808193,0.00041168974712491035
14740,0.0014083759160712361,0.00041608689934946597
14741,0.0014082351699471474,0.00042226616642437875
14742,0.0014080965192988515,0.0004328286158852279
14743,0.0014079560060054064,0.0004468331462703645
14744,0.0014078199164941907,0.00046846401528455317
14745,0.0014076738152652979,0.0004966637934558094
14746,0.0014075411017984152,0.000538703752681613
14747,0.0014073930215090513,0.0005909650935791433
14748,0.0014072624035179615,0.0006643139058724046
14749,0.0014071195619180799,0.0007433610153384507
14750,0.0014069753233343363,0.0008374415338039398
14751,0.0014068414457142353,0.0009000498102977872
14752,0.001406693598255515,0.0009306133724749088
14753,0.0014065573923289776,0.0008683407795615494
14754,0.0014064221177250147,0.0007398640736937523
14755,0.0014062771806493402,0.0005661167087964714
14756,0.0014061422552913427,0.000423192250309512
14757,0.001406003488227725,0.000361491518560797
14758,0.0014058594824746251,0.00038870907155796885
14759,0.0014057197840884328,0.0004666268650908023
14760,0.0014055874198675156,0.0005385016556829214
14761,0.001405437826178968,0.0005664841155521572
14762,0.0014052987098693848,0.0005401585949584842
14763,0.0014051636680960655,0.00048299250192940235
14764,0.0014050204772502184,0.0004192565684206784
14765,0.0014048790326341987,0.00037283002166077495
14766,0.0014047403819859028,0.00035225338069722056
14767,0.0014045995194464922,0.0003560046898201108
14768,0.0014044621493667364,0.00037742021959275007
14769,0.0014043207047507167,0.0004111947782803327
14770,0.0014041715767234564,0.00045848675654269755
14771,0.0014040337409824133,0.000524451257660985
14772,0.0014039073139429092,0.0006313266349025071
14773,0.0014037590008229017,0.0007991986349225044
14774,0.0014036179054528475,0.0010940666543319821
14775,0.0014034798368811607,0.001511391019448638
14776,0.0014033305924385786,0.002110143657773733
14777,0.0014031976461410522,0.0025095816235989332
14778,0.0014030532911419868,0.002527115400880575
14779,0.0014029127778485417,0.0018712073797360063
14780,0.001402766676619649,0.001025382662191987
14781,0.001402634778060019,0.0005087545141577721
14782,0.00140249019023031,0.00045981421135365963
14783,0.001402363646775484,0.0008191581582650542
14784,0.001402220455929637,0.001328253885731101
14785,0.001402069116011262,0.0015526525676250458
14786,0.0014019329100847244,0.0013969338033348322
14787,0.0014017783105373383,0.0009530512033961713
14788,0.0014016467612236738,0.0005324720405042171
14789,0.0014015043852850795,0.0003836519899778068
14790,0.0014013731852173805,0.0005562457372434437
14791,0.0014012263854965568,0.0008733189897611737
14792,0.0014010861050337553,0.0011266322107985616
14793,0.001400940353050828,0.0011758647160604596
14794,0.0014007971622049809,0.0010973470052704215
14795,0.0014006660785526037,0.0008759553311392665
14796,0.001400515204295516,0.0006203234079293907
14797,0.0014003799296915531,0.0004199074755888432
14798,0.0014002436073496938,0.00036038868711329997
14799,0.0014000970404595137,0.0004309851792640984
14800,0.0013999554794281721,0.0005507177556864917
14801,0.001399809611029923,0.0006278363871388137
14802,0.0013996672350913286,0.0006043941248208284
14803,0.0013995242770761251,0.0005129193887114525
14804,0.0013993913307785988,0.0004117043863516301
14805,0.001399246510118246,0.0003594252630136907
14806,0.0013991070445626974,0.0003716257633641362
14807,0.0013989638537168503,0.0004245221789460629
14808,0.0013988318387418985,0.00047764601185917854
14809,0.0013986785197630525,0.0004994496703147888
14810,0.001398532185703516,0.0004889469128102064
14811,0.00139840436168015,0.0004525801632553339
14812,0.0013982623349875212,0.0004098315257579088
14813,0.0013981177471578121,0.0003739612875506282
14814,0.001397972460836172,0.00035411736462265253
14815,0.0013978342758491635,0.0003499715239740908
14816,0.0013976949267089367,0.00035824242513626814
14817,0.0013975477777421474,0.0003754178178496659
14818,0.001397404819726944,0.00039782834937795997
14819,0.0013972639571875334,0.00042563234455883503
14820,0.001397114247083664,0.0004598693049047142
14821,0.0013969800202175975,0.0005073064239695668
14822,0.001396839041262865,0.0005677667795680463
14823,0.0013966892147436738,0.0006549803074449301
14824,0.001396547188051045,0.000755775545258075
14825,0.0013964120298624039,0.0008786641992628574
14826,0.0013962616212666035,0.0009603055659681559
14827,0.0013961328659206629,0.0009873054223135114
14828,0.0013959782663732767,0.0008764319936744869
14829,0.0013958449708297849,0.0006818140973336995
14830,0.001395700965076685,0.0004756338312290609
14831,0.0013955573085695505,0.00036811441532336175
14832,0.0013954138848930597,0.0003939399030059576
14833,0.0013952740700915456,0.0004997745854780078
14834,0.0013951368164271116,0.0005896682851016521
14835,0.0013949981657788157,0.0005939309485256672
14836,0.0013948415871709585,0.0005194589029997587
14837,0.0013947115512564778,0.0004233144863974303
14838,0.0013945573009550571,0.00036395559436641634
14839,0.0013944206293672323,0.00036157286376692355
14840,0.0013942744117230177,0.00040289078606292605
14841,0.001394140301272273,0.00045838041114620864
14842,0.0013939888449385762,0.0004998330259695649
14843,0.0013938508927822113,0.0005212735268287361
14844,0.001393709797412157,0.0005210622912272811
14845,0.0013935650931671262,0.0005123902810737491
14846,0.001393425278365612,0.000496871885843575
14847,0.0013932764995843172,0.0004850419645663351
14848,0.0013931368011981249,0.0004745118785649538
14849,0.0013929932611063123,0.00047029543202370405
14850,0.0013928519329056144,0.0004688481567427516
14851,0.001392707577906549,0.00047424458898603916
14852,0.0013925633393228054,0.0004819766618311405
14853,0.0013924314407631755,0.0004959024954587221
14854,0.0013922769576311111,0.0005106013268232346
14855,0.0013921395875513554,0.0005300357006490231
14856,0.0013919889461249113,0.0005450582248158753
14857,0.0013918457552790642,0.0005597835988737643
14858,0.0013917109463363886,0.0005620173760689795
14859,0.001391568686813116,0.0005559350829571486
14860,0.0013914261944592,0.0005317942122928798
14861,0.0013912817230448127,0.0004979348741471767
14862,0.001391134923323989,0.00045416911598294973
14863,0.0013909891713410616,0.00041193555807694793
14864,0.0013908480759710073,0.00037699693348258734
14865,0.0013907065149396658,0.00035517264041118324
14866,0.0013905639061704278,0.0003473107935860753
14867,0.0013904127990826964,0.0003512839903123677
14868,0.0013902706559747458,0.0003633600426837802
14869,0.0013901407364755869,0.0003801447164732963
14870,0.0013899928890168667,0.00040075581637211144
14871,0.0013898403849452734,0.0004254280065651983
14872,0.0013896870659664273,0.00045941327698528767
14873,0.0013895571464672685,0.0005068191676400602
14874,0.0013894091825932264,0.0005837639328092337
14875,0.0013892704155296087,0.0006989724352024496
14876,0.0013891288544982672,0.0008898216765373945
14877,0.0013889847323298454,0.0011464296840131283
14878,0.0013888371177017689,0.0015053602401167154
14879,0.0013886968372389674,0.0017855903133749962
14880,0.0013885530643165112,0.001913385814987123
14881,0.0013884106883779168,0.0016207690350711346
14882,0.001388264587149024,0.0010846101213246584
14883,0.0013881203485652804,0.000597439066041261
14884,0.0013879798352718353,0.00039045835728757083
14885,0.0013878345489501953,0.0005040906253270805
14886,0.001387689495459199,0.0008036128128878772
14887,0.0013875411823391914,0.001043785479851067
14888,0.0013873990392312407,0.001064104144461453
14889,0.0013872651616111398,0.0008497521048411727
14890,0.0013871071860194206,0.0005743924994021654
14891,0.001386969001032412,0.00039554774411953986
14892,0.0013868287205696106,0.0003831915382761508
14893,0.0013866776134818792,0.0005105228046886623
14894,0.001386537216603756,0.0006790832267142832
14895,0.0013863920466974378,0.000784224015660584
14896,0.0013862333726137877,0.0008152074879035354
14897,0.0013860923936590552,0.000766954617574811
14898,0.001385955954901874,0.0006855076062493026
14899,0.0013858112506568432,0.0005777538754045963
14900,0.0013856737641617656,0.00048057048115879297
14901,0.0013855237048119307,0.0004041927168145776
14902,0.0013853764394298196,0.00035932596074417233
14903,0.0013852410484105349,0.0003478811413515359
14904,0.0013850837713107467,0.00036451942287385464
14905,0.0013849481474608183,0.0003971290134359151
14906,0.0013848062371835113,0.0004351093084551394
14907,0.001384655712172389,0.0004745614714920521
14908,0.001384509145282209,0.0005082155112177134
14909,0.0013843619963154197,0.000539286294952035
14910,0.0013842248590663075,0.0005622008466161788
14911,0.0013840801548212767,0.0005841359961777925
14912,0.0013839370803907514,0.0005919318064115942
14913,0.0013837848091498017,0.0005931661580689251
14914,0.0013836428988724947,0.000574203790165484
14915,0.0013834986602887511,0.0005426644929684699
14916,0.001383346039801836,0.000493981468025595
14917,0.0013832163531333208,0.0004422585479915142
14918,0.0013830708339810371,0.0003946216020267457
14919,0.0013829164672642946,0.00036167120561003685
14920,0.0013827835209667683,0.00034729784238152206
14921,0.001382629619911313,0.0003501905594021082
14922,0.0013824845664203167,0.0003649336867965758
14923,0.0013823432382196188,0.00038545276038348675
14924,0.0013821918983012438,0.0004080156213603914
14925,0.0013820554595440626,0.00042989925714209676
14926,0.0013819074956700206,0.00045381864765658975
14927,0.001381759881041944,0.0004802417824976146
14928,0.0013816156424582005,0.0005173463141545653
14929,0.001381466630846262,0.0005651237443089485
14930,0.0013813222758471966,0.0006382723222486675
14931,0.0013811870012432337,0.0007310672663152218
14932,0.0013810420641675591,0.0008629511576145887
14933,0.0013808967778459191,0.000995600945316255
14934,0.0013807574287056923,0.0011325522791594267
14935,0.0013806200586259365,0.0011649462394416332
14936,0.0013804774498566985,0.0010898561449721456
14937,0.0013803330948576331,0.0008646103669889271
14938,0.001380210742354393,0.0006006179610267282
14939,0.001380073488689959,0.00040948111563920975
14940,0.0013799576554447412,0.0003656363987829536
14941,0.0013798470608890057,0.0004536613414529711
14942,0.0013797493884339929,0.0005873623304069042
14943,0.0013796740677207708,0.0006687621935270727
14944,0.001379631576128304,0.0006504381890408695
14945,0.0013796370476484299,0.0005571884685195982
14946,0.0013797266874462366,0.00044569987221620977
14947,0.00137993972748518,0.00036994784022681415
14948,0.0013803315814584494,0.00035188934998586774
14949,0.0013809920055791736,0.0003855694376397878
14950,0.0013820873573422432,0.0004474355955608189
14951,0.0013838802697136998,0.0005132609512656927
14952,0.0013867313973605633,0.0005783974775113165
14953,0.0013913217699155211,0.0006381816347129643
14954,0.0013986325357109308,0.0007110424339771271
14955,0.0014103399589657784,0.0007904021767899394
14956,0.0014290004037320614,0.0009025080944411457
14957,0.001459064893424511,0.001006122212857008
14958,0.0015068984357640147,0.0011103471042588353
14959,0.001583828590810299,0.0011126544559374452
14960,0.001704092021100223,0.0010174057679250836
14961,0.0018927983473986387,0.0007942795054987073
14962,0.0021700814832001925,0.0005497955135069788
14963,0.002568807452917099,0.00038823310751467943
14964,0.00305622024461627,0.00036991864908486605
14965,0.003588012419641018,0.00046643300447613
14966,0.003909095656126738,0.000588846392929554
14967,0.003861685749143362,0.0006498843431472778
14968,0.003234321251511574,0.0006159312324598432
14969,0.0023415060713887215,0.0005192066309973598
14970,0.0016043552896007895,0.0004172425833530724
14971,0.0013919433113187551,0.00035841530188918114
14972,0.001688941614702344,0.00035665472387336195
14973,0.0022581820376217365,0.00039867855957709253
14974,0.002877609571442008,0.0004595604259520769
14975,0.0032952800393104553,0.0005166259943507612
14976,0.0033425940200686455,0.0005666296929121017
14977,0.0027813254855573177,0.000605447159614414
14978,0.0019689369946718216,0.000648974790237844
14979,0.0014678677543997765,0.0006914996192790568
14980,0.0015826356830075383,0.0007518575876019895
14981,0.002085399813950062,0.0008065715082921088
14982,0.0025838729925453663,0.0008668962400406599
14983,0.0028446041978895664,0.0008805420948192477
14984,0.0027368557639420033,0.00085232756100595
14985,0.0023702881298959255,0.0007441674824804068
14986,0.0018478776328265667,0.0005971339414827526
14987,0.0014638951979577541,0.0004520346992649138
14988,0.0014477736549451947,0.00036575464764609933
14989,0.001726156915538013,0.00035981545806862414
14990,0.00201468076556921,0.0004150209715589881
14991,0.0021034805104136467,0.0004868567921221256
14992,0.0019956808537244797,0.0005316734313964844
14993,0.0017547700554132462,0.0005324200610630214
14994,0.0015164146898314357,0.0004928968846797943
14995,0.001390667399391532,0.0004378862795419991
14996,0.001417443505488336,0.000386821455322206
14997,0.0015363006386905909,0.0003545910876709968
14998,0.0016464932123199105,0.00034423262695781887
14999,0.0016855894355103374,0.00035224182647652924
15000,0.0016358630964532495,0.0003733083722181618
15001,0.0014692889526486397,0.0003849899803753942
15002,0.0013744543539360166,0.0003685808042064309
15003,0.0014775703893974423,0.0003462312452029437
15004,0.0015466122422367334,0.00034246424911543727
15005,0.0014534025685861707,0.0003559191827662289
15006,0.0013740183785557747,0.0003679693618323654
15007,0.0014252141118049622,0.000366215652320534
15008,0.0014854753389954567,0.0003534864808898419
15009,0.0014451456954702735,0.000342243118211627
15010,0.0013782534515485168,0.00034077666350640357
15011,0.0013894580770283937,0.000347466382663697
15012,0.001438074978068471,0.0003544245264492929
15013,0.0014296299777925014,0.00035511641181074083
15014,0.001382429152727127,0.00034951866837218404
15015,0.0013755934778600931,0.0003424336318857968
15016,0.0014071036130189896,0.00033915729727596045
15017,0.0014137673424556851,0.0003409174387343228
15018,0.0013855542056262493,0.00034478321322239935
15019,0.0013702947180718184,0.00034678063821047544
15020,0.0013860358158126473,0.00034515466541051865
15021,0.0013991077430546284,0.00034148749546147883
15022,0.0013864474603906274,0.0003386821481399238
15023,0.001370143610984087,0.0003384480078238994
15024,0.001374557614326477,0.0003401633584871888
15025,0.001386492047458887,0.00034184911055490375
15026,0.001383520197123289,0.00034196273190900683
15027,0.0013715224340558052,0.0003404690942261368
15028,0.0013693434884771705,0.0003386256576050073
15029,0.0013770547229796648,0.00033765198895707726
15030,0.0013797422870993614,0.00033791427267715335
15031,0.0013729403726756573,0.0003388205077499151
15032,0.0013676865492016077,0.0003394549712538719
15033,0.0013707412872463465,0.0003392873040866107
15034,0.0013748954515904188,0.0003384626761544496
15035,0.0013726979959756136,0.0003375307423993945
15036,0.0013679343974217772,0.000336996978148818
15037,0.0013675946975126863,0.0003370284102857113
15038,0.0013706496683880687,0.0003373923827894032
15039,0.001371275633573532,0.0003377148532308638
15040,0.0013684537261724472,0.0003377421526238322
15041,0.0013664395082741976,0.00033743242966011167
15042,0.0013675811933353543,0.0003369588521309197
15043,0.0013691344065591693,0.0003365505253896117
15044,0.0013682537246495485,0.0003363494761288166
15045,0.0013662867713719606,0.0003363694413565099
15046,0.0013659438118338585,0.000336499884724617
15047,0.0013670383486896753,0.00033659752807579935
15048,0.0013673644280061126,0.0003365781740285456
15049,0.001366272335872054,0.0003364342264831066
15050,0.0013652690686285496,0.0003361973213031888
15051,0.0013654789654538035,0.0003359732509125024
15052,0.0013660816475749016,0.0003358052344992757
15053,0.0013658765237778425,0.0003357252571731806
15054,0.0013650167966261506,0.0003357171081006527
15055,0.001364614348858595,0.0003357382956892252
15056,0.0013648821040987968,0.00033573780092410743
15057,0.0013650709297508001,0.00033569111838005483
15058,0.0013646949082612991,0.0003355977241881192
15059,0.0013641524128615856,0.0003354769723955542
15060,0.0013640013057738543,0.0003353541251271963
15061,0.0013641547411680222,0.0003352368948981166
15062,0.0013641410041600466,0.00033515715040266514
15063,0.0013637820957228541,0.0003351026098243892
15064,0.0013634518254548311,0.0003350651531945914
15065,0.0013633854687213898,0.00033503584563732147
15066,0.001363423652946949,0.0003349960024934262
15067,0.001363310031592846,0.00033494376111775637
15068,0.00136302609462291,0.0003348801110405475
15069,0.0013628031592816114,0.00033480708952993155
15070,0.00136273424141109,0.00033472568611614406
15071,0.0013627016451209784,0.00033465417800471187
15072,0.0013625533320009708,0.00033458249527029693
15073,0.0013623350532725453,0.00033451750641688704
15074,0.0013621567049995065,0.0003344678843859583
15075,0.0013620785903185606,0.0003344134893268347
15076,0.0013620033860206604,0.00033436843659728765
15077,0.001361848204396665,0.00033432437339797616
15078,0.001361667993478477,0.00033427542075514793
15079,0.0013615163043141365,0.0003342258860357106
15080,0.0013614222407341003,0.00033417443046346307
15081,0.001361316884867847,0.0003341162810102105
15082,0.0013611828908324242,0.00033405551221221685
15083,0.0013610096648335457,0.00033400155371055007
15084,0.0013608717126771808,0.00033394413185305893
15085,0.0013607648434117436,0.00033389253076165915
15086,0.001360658323392272,0.0003338357782922685
15087,0.0013605124549940228,0.0003337777452543378
15088,0.0013603654224425554,0.00033372908364981413
15089,0.0013602387625724077,0.0003336756199132651
15090,0.0013601169921457767,0.0003336266672704369
15091,0.0013599942903965712,0.0003335748624522239
15092,0.0013598541263490915,0.00033352425089105964
15093,0.0013597181532531977,0.000333472213242203
15094,0.0013595933560281992,0.000333428499288857
15095,0.0013594665797427297,0.00033337657805532217
15096,0.0013593394542112947,0.00033333286410197616
15097,0.0013592075556516647,0.0003332793421577662
15098,0.0013590739108622074,0.00033323175739496946
15099,0.0013589458540081978,0.0003331875486765057
15100,0.0013588180299848318,0.000333137228153646
15101,0.001358693465590477,0.00033309211721643806
15102,0.0013585682027041912,0.0003330451436340809
15103,0.0013584417756646872,0.000333004689309746
15104,0.001358303357847035,0.00033295818138867617
15105,0.0013581737875938416,0.00033291755244135857
15106,0.0013580520171672106,0.00033287357655353844
15107,0.0013579181395471096,0.00033283207449130714
15108,0.0013577917125076056,0.0003327913873363286
15109,0.0013576538767665625,0.0003327577724121511
15110,0.0013575272168964148,0.0003327262820675969
15111,0.001357395900413394,0.000332702009472996
15112,0.0013572764582931995,0.0003326868754811585
15113,0.0013571480521932244,0.00033268888364546
15114,0.001357006374746561,0.00033270474523305893
15115,0.001356880646198988,0.0003327495651319623
15116,0.0013567549176514149,0.000332835188601166
15117,0.0013566340785473585,0.0003329836472403258
15118,0.0013564982218667865,0.00033322477247565985
15119,0.0013563778484240174,0.00033360629458911717
15120,0.0013562336098402739,0.0003341997507959604
15121,0.001356102991849184,0.00033512653317302465
15122,0.0013559830840677023,0.0003365681041032076
15123,0.0013558522332459688,0.0003388285986147821
15124,0.001355718239210546,0.00034234143095090985
15125,0.0013555878540500998,0.00034793998929671943
15126,0.0013554604956880212,0.0003566656378097832
15127,0.0013553345343098044,0.00037069496465846896
15128,0.0013552067102864385,0.00039238340104930103
15129,0.001355074578896165,0.0004272799124009907
15130,0.0013549455907195807,0.00047943604295141995
15131,0.0013548232382163405,0.0005608874489553273
15132,0.0013546762056648731,0.0006703409599140286
15133,0.0013545629335567355,0.0008219752926379442
15134,0.001354424050077796,0.0009679452050477266
15135,0.0013542843516916037,0.0010907507967203856
15136,0.0013541674707084894,0.0010550388833507895
15137,0.001354030566290021,0.0008719468023627996
15138,0.0013539104256778955,0.0005810458096675575
15139,0.0013537711929529905,0.0003796225064434111
15140,0.0013536502374336123,0.00037841039011254907
15141,0.0013535203179344535,0.0005194074474275112
15142,0.00135338818654418,0.0006395894451998174
15143,0.0013532544253394008,0.0006206907564774156
15144,0.001353125087916851,0.0004911265568807721
15145,0.0013530016876757145,0.0003728070587385446
15146,0.0013528704876080155,0.0003560302429832518
15147,0.0013527353294193745,0.00042297507752664387
15148,0.0013526083203032613,0.0004948739078827202
15149,0.0013524749083444476,0.0005161528824828565
15150,0.0013523425441235304,0.00047594602801837027
15151,0.0013522139051929116,0.0004100254736840725
15152,0.001352081191726029,0.00035573026980273426
15153,0.0013519549975171685,0.00033654525759629905
15154,0.0013518240302801132,0.0003498275182209909
15155,0.0013516844483092427,0.00038359148311428726
15156,0.001351561164483428,0.00042918475810438395
15157,0.0013514426536858082,0.00048074944061227143
15158,0.0013513072626665235,0.0005454726633615792
15159,0.001351168379187584,0.0006259027868509293
15160,0.0013510423013940454,0.0007435325533151627
15161,0.00135091005358845,0.0008793796296231449
15162,0.001350778853520751,0.0010458779288455844
15163,0.0013506493996828794,0.001133510610088706
15164,0.0013505220413208008,0.001108433585613966
15165,0.0013503938680514693,0.0008659716695547104
15166,0.001350252889096737,0.0005546551547013223
15167,0.0013501248322427273,0.0003645090910140425
15168,0.0013500001514330506,0.0004052988952025771
15169,0.001349864061921835,0.0005730596603825688
15170,0.0013497399631887674,0.0006742288824170828
15171,0.0013496116735041142,0.0006141588091850281
15172,0.0013494755839928985,0.0004597972147166729
15173,0.0013493446167558432,0.00035665210452862084
15174,0.001349212834611535,0.00037909907405264676
15175,0.0013490843120962381,0.00046909201773814857
15176,0.0013489524135366082,0.0005241069011390209
15177,0.0013488210970535874,0.0005004747654311359
15178,0.0013486926909536123,0.0004301006265450269
15179,0.0013485612580552697,0.00036261932109482586
15180,0.0013484320370480418,0.0003390461497474462
15181,0.0013482935028150678,0.0003639287606347352
15182,0.0013481613714247942,0.00041172749479301274
15183,0.0013480265624821186,0.0004576118662953377
15184,0.0013479054905474186,0.0004886899841949344
15185,0.001347772660665214,0.0005083718569949269
15186,0.0013476338936015964,0.0005140875582583249
15187,0.0013475059531629086,0.0005181475426070392
15188,0.0013473744038492441,0.0005166325136087835
15189,0.001347236568108201,0.0005157568957656622
15190,0.0013471129350364208,0.0005066929152235389
15191,0.0013469784753397107,0.0004951867158524692
15192,0.001346843782812357,0.00047212696517817676
15193,0.0013467154931277037,0.0004424928920343518
15194,0.0013465855736285448,0.00040668511064723134
15195,0.0013464570511132479,0.0003735107311513275
15196,0.0013463243376463652,0.000347928173141554
15197,0.001346196630038321,0.0003352057246956974
15198,0.0013460638001561165,0.00033552138484083116
15199,0.00134592829272151,0.0003448695642873645
15200,0.001345795695669949,0.00035830913111567497
15201,0.0013456613523885608,0.0003713905462063849
15202,0.0013455325970426202,0.00038182749995030463
15203,0.0013454013969749212,0.00038819567998871207
15204,0.0013452712446451187,0.00039264862425625324
15205,0.0013451322447508574,0.00039515458047389984
15206,0.0013450083788484335,0.0003983273636549711
15207,0.0013448775280267,0.00040198693750426173
15208,0.0013447371311485767,0.00040901711327023804
15209,0.0013446139637380838,0.00041853543370962143
15210,0.0013444747310131788,0.0004339408769737929
15211,0.0013443429488688707,0.00045388349099084735
15212,0.0013442084891721606,0.0004829824611078948
15213,0.0013440707698464394,0.0005168310017324984
15214,0.001343947253189981,0.0005609554355032742
15215,0.0013438184978440404,0.0006022424204275012
15216,0.0013436840381473303,0.0006433641538023949
15217,0.0013435547007247806,0.0006571956910192966
15218,0.0013434146530926228,0.0006458341958932579
15219,0.0013432912528514862,0.0005875222850590944
15220,0.0013431573752313852,0.0005045797443017364
15221,0.0013430208200588822,0.0004152465262450278
15222,0.0013428956735879183,0.00035410793498158455
15223,0.001342770759947598,0.000337765843141824
15224,0.0013426230289041996,0.0003614594752434641
15225,0.001342484261840582,0.0004031633143313229
15226,0.0013423606287688017,0.00043734704377129674
15227,0.0013422330375760794,0.000451487343525514
15228,0.0013420919422060251,0.00044203639845363796
15229,0.0013419538736343384,0.0004194555222056806
15230,0.0013418246526271105,0.00039081479189917445
15231,0.001341701252385974,0.0003656334592960775
15232,0.0013415610883384943,0.0003470216761343181
15233,0.001341427443549037,0.00033597814035601914
15234,0.001341294264420867,0.0003312004846520722
15235,0.0013411578256636858,0.0003311723121441901
15236,0.0013410365208983421,0.00033473363146185875
15237,0.0013409032253548503,0.00034172472078353167
15238,0.0013407705118879676,0.0003537335433065891
15239,0.0013406374491751194,0.0003743059351108968
15240,0.0013405079953372478,0.0004118411452509463
15241,0.0013403678312897682,0.0004799430607818067
15242,0.0013402405893430114,0.000611153373029083
15243,0.0013401024043560028,0.0008420393569394946
15244,0.0013399722520262003,0.0012597752502188087
15245,0.0013398299925029278,0.0018207626417279243
15246,0.001339699374511838,0.0024868170730769634
15247,0.0013395685236901045,0.0025696512311697006
15248,0.0013394393026828766,0.001966369803994894
15249,0.0013393042609095573,0.0010237721726298332
15250,0.00133916933555156,0.0004942584200762212
15251,0.0013390365056693554,0.0005632512038573623
15252,0.0013389012310653925,0.0010413584532216191
15253,0.001338771777227521,0.0016087600961327553
15254,0.0013386285863816738,0.0018453400116413832
15255,0.0013384997146204114,0.0014001366216689348
15256,0.0013383689802139997,0.0007872914429754019
15257,0.0013382455799728632,0.0004554857441689819
15258,0.001338099711574614,0.0004970795707777143
15259,0.00133796245791018,0.0008184550679288805
15260,0.0013378375442698598,0.0011454671621322632
15261,0.0013377043651416898,0.0011383539531379938
15262,0.0013375756097957492,0.0008887333096936345
15263,0.001337435212917626,0.0005904132849536836
15264,0.0013373126275837421,0.0003975450526922941
15265,0.0013371575623750687,0.00035571405896916986
15266,0.001337035559117794,0.00047863140935078263
15267,0.0013369040098041296,0.0006409200141206384
15268,0.00133676512632519,0.0007090735016390681
15269,0.0013366388157010078,0.000689741806127131
15270,0.0013365009799599648,0.0005797225749120116
15271,0.0013363705947995186,0.00043656298657879233
15272,0.001336231012828648,0.0003505701897665858
15273,0.0013361009769141674,0.00035711174132302403
15274,0.0013359631411731243,0.00041101325768977404
15275,0.0013358329888433218,0.00047187533346004784
15276,0.0013356844428926706,0.0004992859903723001
15277,0.001335558365099132,0.00046264566481113434
15278,0.0013354190159589052,0.00040063849883154035
15279,0.0013352833921089768,0.0003551215340849012
15280,0.0013351531233638525,0.0003370434860698879
15281,0.0013350251829251647,0.0003512169932946563
15282,0.001334891770966351,0.00038633772055618465
15283,0.0013347608037292957,0.00041405725642107427
15284,0.0013346178457140923,0.0004221306589897722
15285,0.001334484200924635,0.0004175607464276254
15286,0.0013343519531190395,0.0003982119669672102
15287,0.0013342197053134441,0.0003737679508049041
15288,0.0013340854784473777,0.00035451806616038084
15289,0.0013339489232748747,0.00034053754643537104
15290,0.0013338028220459819,0.0003317889932077378
15291,0.0013336777919903398,0.00033142714528366923
15292,0.0013335533440113068,0.000335631484631449
15293,0.0013334114337339997,0.0003415166574995965
15294,0.0013332800008356571,0.00035097060026600957
15295,0.0013331451918929815,0.00036223031929694116
15296,0.0013330068904906511,0.0003742158296518028
15297,0.0013328712666407228,0.00038888544077053666
15298,0.001332734595052898,0.00040760086267255247
15299,0.0013326059561222792,0.0004277605621609837
15300,0.0013324625324457884,0.00045372635941021144
15301,0.0013323344755917788,0.0004811225226148963
15302,0.001332198502495885,0.0005113435909152031
15303,0.0013320615980774164,0.0005340512143447995
15304,0.0013319352874532342,0.0005511399358510971
15305,0.001331788138486445,0.0005447440780699253
15306,0.0013316653203219175,0.0005204952321946621
15307,0.0013315207324922085,0.0004722457961179316
15308,0.001331383129581809,0.0004161209799349308
15309,0.0013312582159414887,0.0003654110769275576
15310,0.0013311177026480436,0.00033673562575131655
15311,0.0013309804489836097,0.0003344023716636002
15312,0.0013308555353432894,0.00035196819226257503
15313,0.0013307166518643498,0.00037744661676697433
15314,0.0013305870816111565,0.0003984555078204721
15315,0.0013304435415193439,0.0004097290802747011
15316,0.0013303080340847373,0.0004090240690857172
15317,0.0013301814906299114,0.0004013199359178543
15318,0.0013300420250743628,0.00038870834396220744
15319,0.0013299102429300547,0.000376219570171088
15320,0.0013297839323058724,0.00036479043774306774
15321,0.0013296629767864943,0.00035601077252067626
15322,0.001329542021267116,0.00034950609551742673
15323,0.0013294318923726678,0.00034545682137832046
15324,0.0013293437659740448,0.00034322289866395295
15325,0.0013292738003656268,0.00034287554444745183
15326,0.0013292549410834908,0.0003444348694756627
15327,0.0013293172232806683,0.000348633446265012
15328,0.0013295080279931426,0.0003565159277059138
15329,0.0013299218844622374,0.00037104578223079443
15330,0.0013306986074894667,0.0003960128815378994
15331,0.0013321039732545614,0.0004405704094097018
15332,0.0013346014311537147,0.0005146568291820586
15333,0.0013389672385528684,0.000643319683149457
15334,0.0013466188684105873,0.0008354586316272616
15335,0.0013599467929452658,0.0011278556194156408
15336,0.0013833488337695599,0.0014252804685384035
15337,0.0014240436721593142,0.0016697973478585482
15338,0.0014959493419155478,0.0015426033642143011
15339,0.0016200956888496876,0.0011062202975153923
15340,0.0018383488059043884,0.0005920061375945807
15341,0.0022006435319781303,0.00037199421785771847
15342,0.0028065554797649384,0.0005196690326556563
15343,0.003679937683045864,0.0008240368333645165
15344,0.004865928553044796,0.0009907609783113003
15345,0.005820580292493105,0.0008837593486532569
15346,0.006059091072529554,0.000592953700106591
15347,0.004628379363566637,0.0003861699951812625
15348,0.0025966386310756207,0.00038769139791838825
15349,0.0014399184146896005,0.0005223543848842382
15350,0.0019264832371845841,0.0006464074831455946
15351,0.0036210508551448584,0.0006601077620871365
15352,0.006125738378614187,0.0005493348580785096
15353,0.009619522839784622,0.00041517484351061285
15354,0.011380316689610481,0.0003423782764002681
15355,0.008378073573112488,0.00035094196209684014
15356,0.0027017644606530666,0.00041616044472903013
15357,0.00460909865796566,0.0005063646822236478
15358,0.008659056387841702,0.0006001763395033777
15359,0.00646777730435133,0.0006827242323197424
15360,0.002905366476625204,0.0007764314650557935
15361,0.0014318764442577958,0.0008520099800080061
15362,0.0030762795358896255,0.0009201710345223546
15363,0.005632224027067423,0.0009075531852431595
15364,0.006393958814442158,0.0008207390201278031
15365,0.004147144965827465,0.0006322666886262596
15366,0.0017262022010982037,0.0004408987006172538
15367,0.0028946944512426853,0.0003434023237787187
15368,0.004597863648086786,0.0003784158907365054
15369,0.0034595499746501446,0.00048190588131546974
15370,0.0016566695412620902,0.0005479094688780606
15371,0.0016371330711990595,0.0005238528829067945
15372,0.0029780478216707706,0.0004351214738562703
15373,0.004198254086077213,0.0003570987901184708
15374,0.0038489794824272394,0.0003395720268599689
15375,0.0023472981993108988,0.00037793503724969923
15376,0.001458902144804597,0.00043071655090898275
15377,0.0022238120436668396,0.0004578748485073447
15378,0.002973397960886359,0.00044996466021984816
15379,0.00241370708681643,0.00041518802754580975
15380,0.001538834534585476,0.0003755578654818237
15381,0.0014420871157199144,0.00034502684138715267
15382,0.002049869392067194,0.0003306357830297202
15383,0.0025305896997451782,0.0003312173066660762
15384,0.002300484571605921,0.0003429626813158393
15385,0.00165740423835814,0.0003630886785686016
15386,0.0013602299150079489,0.0003908470389433205
15387,0.001651398604735732,0.0004305572365410626
15388,0.0019971653819084167,0.0004872883437201381
15389,0.001895887777209282,0.0005776460166089237
15390,0.001528390683233738,0.000707400671672076
15391,0.0013374332338571548,0.0009068146464414895
15392,0.0014763682847842574,0.0011308446992188692
15393,0.0016985227121040225,0.0013648715103045106
15394,0.0017024793196469545,0.0013873414136469364
15395,0.0015083809848874807,0.0011709965765476227
15396,0.0013420159230008721,0.0007397721637971699
15397,0.001368811703287065,0.0004128282889723778
15398,0.0015030489303171635,0.00038706194027327
15399,0.0015636342577636242,0.0005925846053287387
15400,0.0014848028076812625,0.0007980384398251772
15401,0.0013643221464008093,0.0008168729837052524
15402,0.0013303719460964203,0.0006297994405031204
15403,0.0013924742816016078,0.0004203463322483003
15404,0.0014530522748827934,0.0003543411730788648
15405,0.0014399297069758177,0.00043411736260168254
15406,0.0013744898606091738,0.0005476741353049874
15407,0.0013271833304315805,0.0005940275732427835
15408,0.0013357384596019983,0.0005375235923565924
15409,0.0013745441101491451,0.00043076809379272163
15410,0.0013955069007351995,0.00034984594094567
15411,0.0013747261837124825,0.0003386347962077707
15412,0.001337750582024455,0.00038235014653764665
15413,0.0013214866630733013,0.000448542064987123
15414,0.0013364810729399323,0.0005146468756720424
15415,0.0013588644796982408,0.0005622353637591004
15416,0.0013629450695589185,0.00059995282208547
15417,0.0013459910405799747,0.0006233179592527449
15418,0.0013254276709631085,0.0006448624189943075
15419,0.0013191617326810956,0.0006433601374737918
15420,0.001328608370386064,0.0006302497931756079
15421,0.0013400691095739603,0.000582643027883023
15422,0.0013402962358668447,0.0005130881327204406
15423,0.0013298996491357684,0.00042973284143954515
15424,0.0013198591768741608,0.0003634936292655766
15425,0.0013187851291149855,0.00033311627339571714
15426,0.0013247586321085691,0.0003427782794460654
15427,0.001330277300439775,0.0003767179441638291
15428,0.001329721650108695,0.0004095259355381131
15429,0.0013242270797491074,0.00042443774873390794
15430,0.001318727619946003,0.0004152387846261263
15431,0.0013174074701964855,0.00039077227120287716
15432,0.001319965347647667,0.0003618193441070616
15433,0.0013229212490841746,0.0003398727858439088
15434,0.0013231933116912842,0.0003291009634267539
15435,0.0013206052826717496,0.00032913126051425934
15436,0.0013174820924177766,0.0003374219813849777
15437,0.0013161646202206612,0.00035095529165118933
15438,0.0013171465834602714,0.0003681965172290802
15439,0.0013188407756388187,0.0003890956868417561
15440,0.0013194221537560225,0.00041744395275600255
15441,0.0013182847760617733,0.0004558968939818442
15442,0.0013164870906621218,0.0005153835518285632
15443,0.0013153704348951578,0.000599755730945617
15444,0.0013154875487089157,0.0007301153964363039
15445,0.0013162492541596293,0.0008897186489775777
15446,0.0013167520519345999,0.0010892559075728059
15447,0.0013164563570171595,0.0012117634760215878
15448,0.001315606408752501,0.0012178340693935752
15449,0.0013147544814273715,0.0009836311219260097
15450,0.001314374734647572,0.0006465103942900896
15451,0.0013145098928362131,0.00039432887570001185
15452,0.0013148400466889143,0.00036831985926255584
15453,0.0013149308506399393,0.0005218192818574607
15454,0.001314615597948432,0.0006875874241814017
15455,0.0013140611117705703,0.0007168027805164456
15456,0.0013135885819792747,0.0005935347871854901
15457,0.0013134242035448551,0.0004275096580386162
15458,0.001313485438004136,0.0003460222505964339
15459,0.0013135770568624139,0.00037907331716269255
15460,0.001313504995778203,0.0004675671807490289
15461,0.0013132654130458832,0.0005349907441996038
15462,0.0013129248982295394,0.000541428686119616
15463,0.0013126438716426492,0.00048483465798199177
15464,0.001312499982304871,0.00041014415910467505
15465,0.001312450272962451,0.0003530929971020669
15466,0.0013124218676239252,0.00033012108178809285
15467,0.001312331180088222,0.0003387235919944942
15468,0.001312160980887711,0.00037072497070766985
15469,0.001311929547227919,0.0004176083020865917
15470,0.001311723841354251,0.00047546258429065347
15471,0.0013115644687786698,0.0005556396208703518
15472,0.0013114707544445992,0.0006623519584536552
15473,0.0013113946188241243,0.000822585541754961
15474,0.0013112875167280436,0.0010131666203960776
15475,0.0013111568987369537,0.0012459764257073402
15476,0.0013109893770888448,0.0013568043941631913
15477,0.0013108145212754607,0.0012927856296300888
15478,0.0013106646947562695,0.0009465721086598933
15479,0.001310523133724928,0.0005509993643499911
15480,0.0013104185927659273,0.000357826123945415
15481,0.0013103040400892496,0.00044571966282092035
15482,0.0013101985678076744,0.0006644292152486742
15483,0.0013100584037601948,0.0008037223014980555
15484,0.001309908227995038,0.0007401487091556191
15485,0.0013097651535645127,0.0005407725111581385
15486,0.0013096134644001722,0.0003757245431188494
15487,0.0013094882015138865,0.0003608812694437802
15488,0.001309370156377554,0.00045512570068240166
15489,0.001309248968027532,0.0005491399206221104
15490,0.001309121260419488,0.000569268362596631
15491,0.0013089851709082723,0.0005101035931147635
15492,0.0013088537380099297,0.0004114245530217886
15493,0.0013087193947285414,0.0003436018305364996
15494,0.0013085866812616587,0.00033605535281822085
15495,0.0013084495440125465,0.0003738270024769008
15496,0.0013083320809528232,0.00043260949314571917
15497,0.0013081945944577456,0.0004932330339215696
15498,0.001308075268752873,0.0005485127912834287
15499,0.001307941973209381,0.0005919631803408265
15500,0.0013078154297545552,0.000640130543615669
15501,0.0013076792238280177,0.0006768489256501198
15502,0.0013075476745143533,0.0007111839368008077
15503,0.0013074176385998726,0.0007101496448740363
15504,0.00130728748627007,0.0006795622757636011
15505,0.0013071581488475204,0.000592731696087867
15506,0.0013070277636870742,0.00048193742986768484
15507,0.0013069030828773975,0.00038158794632181525
15508,0.0013067740947008133,0.000333937699906528
15509,0.0013066427782177925,0.0003482838219497353
15510,0.0013065196108072996,0.0003989579272456467
15511,0.001306382124312222,0.000444970210082829
15512,0.001306256977841258,0.0004552945028990507
15513,0.001306125777773559,0.00042996808770112693
15514,0.0013059960911050439,0.00038521099486388266
15515,0.0013058724580332637,0.00034652394242584705
15516,0.001305731711909175,0.0003287926083430648
15517,0.001305602490901947,0.00033365568378940225
15518,0.0013054744340479374,0.0003531284164637327
15519,0.0013053419534116983,0.0003775997902266681
15520,0.0013052228605374694,0.00040146143874153495
15521,0.0013050900306552649,0.0004209192702546716
15522,0.0013049559202045202,0.0004392238915897906
15523,0.001304836361669004,0.00045622698962688446
15524,0.001304692355915904,0.00047883696970529854
15525,0.0013045638334006071,0.0005050702602602541
15526,0.0013044415973126888,0.0005433075712062418
15527,0.001304318429902196,0.0005856725620105863
15528,0.001304185134358704,0.0006396377575583756
15529,0.0013040535850450397,0.0006819554255343974
15530,0.0013039244804531336,0.0007142202812246978
15531,0.0013037895550951362,0.0006978565361350775
15532,0.0013036668533459306,0.0006405134336091578
15533,0.0013035332085564733,0.0005357220070436597
15534,0.0013034043367952108,0.00042670435504987836
15535,0.0013032733695581555,0.00035047318669967353
15536,0.001303148572333157,0.0003325509314890951
15537,0.0013030159752815962,0.00036546008777804673
15538,0.0013028758112341166,0.00041773845441639423
15539,0.0013027552049607038,0.0004565413692034781
15540,0.0013026318047195673,0.0004615714424289763
15541,0.0013024883810430765,0.0004378399171400815
15542,0.001302372314967215,0.00039779479266144335
15543,0.0013022390194237232,0.00036011828342452645
15544,0.00130211072973907,0.00033468453329987824
15545,0.001301979529671371,0.0003252890892326832
15546,0.0013018518220633268,0.00032970946631394327
15547,0.0013017208548262715,0.000343895866535604
15548,0.0013015827862545848,0.0003654113388620317
15549,0.0013014617143198848,0.00039416737854480743
15550,0.001301317010074854,0.0004356665594968945
15551,0.001301196520216763,0.0004966857377439737
15552,0.0013010723050683737,0.000598482380155474
15553,0.0013009471585974097,0.0007545080734416842
15554,0.0013008106034249067,0.0010122825624421239
15555,0.0013006814988330007,0.001336089102551341
15556,0.0013005525106564164,0.0017258230363950133
15557,0.0013004126958549023,0.0018608227837830782
15558,0.0013002834748476744,0.0016525562386959791
15559,0.00130016403272748,0.0010686725145205855
15560,0.001300022006034851,0.0005413449252955616
15561,0.00129989767447114,0.00038266574847511947
15562,0.0012997628655284643,0.0005781549261882901
15563,0.001299637253396213,0.0009188256226480007
15564,0.001299502095207572,0.0011462686816230416
15565,0.001299376948736608,0.001036734553053975
15566,0.00129924644716084,0.000715779431629926
15567,0.0012991155963391066,0.0004386978398542851
15568,0.0012989838141947985,0.0003690674202516675
15569,0.001298853661864996,0.0004787721554748714
15570,0.001298723858781159,0.0006504179327748716
15571,0.001298585208132863,0.0007445921073667705
15572,0.0012984592467546463,0.0007032178109511733
15573,0.0012983314227312803,0.0005569062195718288
15574,0.001298210583627224,0.00042236107401549816
15575,0.0012980811297893524,0.00034590059658512473
15576,0.0012979512102901936,0.00033575389534235
15577,0.0012978174490854144,0.00038628833135589957
15578,0.0012976911384612322,0.00046985773951746523
15579,0.0012975576100870967,0.0005603473400697112
15580,0.001297432230785489,0.000648901448585093
15581,0.0012973184930160642,0.0007486166432499886
15582,0.0012972007971256971,0.0008172892266884446
15583,0.0012970755342394114,0.0008625191985629499
15584,0.0012969740200787783,0.0008227439830079675
15585,0.0012968789087608457,0.0007099625654518604
15586,0.0012967855436727405,0.0005298538599163294
15587,0.0012967373477295041,0.0003807462053373456
15588,0.0012967144139111042,0.0003348816535435617
15589,0.0012967336224392056,0.00039309312705881894
15590,0.001296837581321597,0.00048353627789765596
15591,0.0012970574898645282,0.0005232011899352074
15592,0.0012974560959264636,0.00048662498011253774
15593,0.0012981351464986801,0.00040629314025864005
15594,0.0012992571573704481,0.00034379525459371507
15595,0.0013010718394070864,0.0003331075422465801
15596,0.001303971279412508,0.000366777676390484
15597,0.0013086346443742514,0.0004126313724555075
15598,0.0013160760281607509,0.0004398234887048602
15599,0.0013280876446515322,0.0004402687191031873
15600,0.0013472535647451878,0.0004177936934866011
15601,0.0013783948961645365,0.0003874181129503995
15602,0.001428046845830977,0.0003580220218282193
15603,0.0015089174266904593,0.00033710349816828966
15604,0.0016357952263206244,0.00032582238782197237
15605,0.001839509466663003,0.0003227560082450509
15606,0.0021415846422314644,0.00032604485750198364
15607,0.0025944197550415993,0.00033443927532061934
15608,0.003157835453748703,0.0003478552680462599
15609,0.003819874720647931,0.00036791348247788846
15610,0.00422653229907155,0.00039988019852899015
15611,0.004212173167616129,0.00045005345600657165
15612,0.0034158886410295963,0.0005348656559363008
15613,0.002334094140678644,0.0006655996548943222
15614,0.001504155108705163,0.0008770492277108133
15615,0.001326229888945818,0.0011395158944651484
15616,0.001747113186866045,0.0014494456117972732
15617,0.0026726543437689543,0.001563918311148882
15618,0.004279282875359058,0.0014137756079435349
15619,0.006423709448426962,0.0009451922960579395
15620,0.008129909634590149,0.0005047247977927327
15621,0.006211342290043831,0.0003666890552267432
15622,0.0027610932011157274,0.0005325954989530146
15623,0.002089502988383174,0.0008050120668485761
15624,0.004478867165744305,0.0009565651998855174
15625,0.007349912077188492,0.0008400720544159412
15626,0.00921652838587761,0.0005773786688223481
15627,0.009792975150048733,0.0003835987881757319
15628,0.006101303733885288,0.0003701930108945817
15629,0.0023487743455916643,0.00048045971198007464
15630,0.003594048088416457,0.0006004261085763574
15631,0.005825732834637165,0.0006333778146654367
15632,0.004959643352776766,0.000561287859454751
15633,0.0024573353584855795,0.0004362802137620747
15634,0.0014274476561695337,0.0003500100283417851
15635,0.0023097347002476454,0.0003314194327685982
15636,0.003953252453356981,0.0003672721213661134
15637,0.0047649419866502285,0.00043788496986962855
15638,0.003286440158262849,0.0005193246761336923
15639,0.0016712364740669727,0.0006025563925504684
15640,0.0021265088580548763,0.0006825306918472052
15641,0.0032652432564646006,0.0007787655340507627
15642,0.003182311076670885,0.000850676791742444
15643,0.002127764280885458,0.0009049756336025894
15644,0.0013866070657968521,0.0008666305220685899
15645,0.0015148278325796127,0.0007462772773578763
15646,0.002157305832952261,0.0005491278716363013
15647,0.002533143851906061,0.000384307699277997
15648,0.0021416591480374336,0.0003342379932291806
15649,0.0014931138139218092,0.0004005177761428058
15650,0.0013685683952644467,0.0005008598673157394
15651,0.0017709035892039537,0.000541939924005419
15652,0.002102134982123971,0.0004970519803464413
15653,0.00196227990090847,0.00040679966332390904
15654,0.0015768988523632288,0.00034090556437149644
15655,0.0013218994718044996,0.0003355845110490918
15656,0.0013968494022265077,0.00037750587216578424
15657,0.0016154891345649958,0.00042668142123147845
15658,0.0017020644154399633,0.0004489499842748046
15659,0.0015805985312908888,0.00043870246736332774
15660,0.0013913807924836874,0.0004048137925565243
15661,0.0013058967888355255,0.0003672419989015907
15662,0.0013693911023437977,0.0003382114227861166
15663,0.001475500874221325,0.00032395462039858103
15664,0.0015035616233944893,0.00032348433160223067
15665,0.001422685687430203,0.0003333806525915861
15666,0.0013243352295830846,0.00035100142122246325
15667,0.0012981861364096403,0.0003754813224077225
15668,0.0013501429930329323,0.0004101318772882223
15669,0.001413766760379076,0.0004592517507262528
15670,0.001424224115908146,0.0005369071732275188
15671,0.0013766716001555324,0.0006494517438113689
15672,0.001314756227657199,0.0008250589016824961
15673,0.0012914795661345124,0.0010356357088312507
15674,0.0013140318915247917,0.0012815907830372453
15675,0.0013471104903146625,0.0013777569402009249
15676,0.0013538965722545981,0.0012726957211270928
15677,0.0013319202698767185,0.0008972351206466556
15678,0.0013031376292929053,0.0005112624494358897
15679,0.0012896115658804774,0.0003528192755766213
15680,0.0012958324514329433,0.00046245811972767115
15681,0.0013120578369125724,0.0006855257088318467
15682,0.001321136485785246,0.0008223100448958576
15683,0.001314997673034668,0.0007499438943341374
15684,0.001298742601647973,0.0005442386027425528
15685,0.0012871869839727879,0.0003761708503589034
15686,0.0012881578877568245,0.0003542400081641972
15687,0.0012978502782061696,0.0004417929449118674
15688,0.0013054125010967255,0.0005415629711933434
15689,0.0013045307714492083,0.0005765670794062316
15690,0.0012966629583388567,0.0005291637498885393
15691,0.0012885569594800472,0.0004307360795792192
15692,0.0012853048974648118,0.00035232302616350353
15693,0.001287636929191649,0.00032687486964277923
15694,0.0012918775901198387,0.0003482684842310846
15695,0.001294163754209876,0.0003993160789832473
15696,0.0012926539639011025,0.00046289898455142975
15697,0.0012887369375675917,0.0005296964664012194
15698,0.0012851046631112695,0.0005942875286564231
15699,0.001283964142203331,0.0006742340628989041
15700,0.001285312813706696,0.0007511842995882034
15701,0.0012874022359028459,0.0008357635233551264
15702,0.0012882363516837358,0.0008717558812350035
15703,0.0012871907092630863,0.0008556874236091971
15704,0.0012851738138124347,0.0007294458337128162
15705,0.001283495337702334,0.0005487729795277119
15706,0.0012829801999032497,0.00038781051989644766
15707,0.0012834933586418629,0.00033128444920293987
15708,0.0012843695003539324,0.00038534862687811255
15709,0.0012848153710365295,0.0004799071466550231
15710,0.0012844328302890062,0.0005315228481777012
15711,0.0012834189692512155,0.0005018692463636398
15712,0.0012824044097214937,0.00042203409248031676
15713,0.001281891716644168,0.0003500783641356975
15714,0.001281999284401536,0.00032843364169821143
15715,0.0012823647120967507,0.00035617512185126543
15716,0.0012825868325307965,0.00040247326251119375
15717,0.001282442593947053,0.00043680809903889894
15718,0.0012820202391594648,0.0004427632666192949
15719,0.0012814810033887625,0.0004255987878423184
15720,0.0012810551561415195,0.00039406513678841293
15721,0.0012808579485863447,0.00036293372977524996
15722,0.0012808815808966756,0.00033891358179971576
15723,0.001280979486182332,0.0003248250868637115
15724,0.0012809827458113432,0.0003197918413206935
15725,0.0012808190658688545,0.00032195582753047347
15726,0.0012805224396288395,0.00032952288165688515
15727,0.0012802090495824814,0.0003420856664888561
15728,0.0012799560790881515,0.0003616843605414033
15729,0.0012798038078472018,0.0003919360169675201
15730,0.0012797454837709665,0.000442236487288028
15731,0.0012797211529687047,0.0005233086412772536
15732,0.0012796494411304593,0.0006631155265495181
15733,0.0012795249931514263,0.000871824799105525
15734,0.0012793252244591713,0.0011904360726475716
15735,0.001279128366149962,0.0015094729606062174
15736,0.00127892114687711,0.001757770893163979
15737,0.001278767129406333,0.0015929903602227569
15738,0.0012786365114152431,0.0011089787585660815
15739,0.0012785494327545166,0.0005891340551897883
15740,0.001278461655601859,0.00037223202525638044
15741,0.0012783590937033296,0.0005055144429206848
15742,0.0012782157864421606,0.0008170665241777897
15743,0.0012780677061527967,0.0010450026020407677
15744,0.0012779037933796644,0.0010158864315599203
15745,0.001277746632695198,0.0007300190045498312
15746,0.0012776125222444534,0.0004531528102234006
15747,0.0012774821370840073,0.00035914964973926544
15748,0.0012773708440363407,0.00043855985859408975
15749,0.0012772470945492387,0.0005901291151531041
15750,0.001277135917916894,0.0006917747668921947
15751,0.0012770101893693209,0.0006529575912281871
15752,0.001276881666854024,0.0005234991549514234
15753,0.001276728929951787,0.0003954739950131625
15754,0.0012765895808115602,0.0003333950589876622
15755,0.0012764595448970795,0.0003392523794900626
15756,0.0012763289269059896,0.0003990977129433304
15757,0.0012761991238221526,0.0004872614226769656
15758,0.0012760702520608902,0.0005728913238272071
15759,0.0012759522069245577,0.0006606289534829557
15760,0.0012758176308125257,0.0007385713397525251
15761,0.0012756981886923313,0.0008129690540954471
15762,0.0012755704810842872,0.0008294212748296559
15763,0.001275441376492381,0.0007993325125426054
15764,0.0012753079645335674,0.000677250325679779
15765,0.0012751829344779253,0.0005120303248986602
15766,0.0012750469613820314,0.0003715644415933639
15767,0.0012749182060360909,0.0003293370536994189
15768,0.0012747885193675756,0.000384012411814183
15769,0.0012746560387313366,0.0004682235885411501
15770,0.001274527283385396,0.000508083263412118
15771,0.0012744097039103508,0.0004737772687803954
15772,0.001274283044040203,0.0003998988540843129
15773,0.0012741563841700554,0.00033960668952204287
15774,0.0012740197125822306,0.0003272546746302396
15775,0.0012739015510305762,0.00035733665572479367
15776,0.001273769186809659,0.0003997717867605388
15777,0.0012736415956169367,0.00042722676880657673
15778,0.0012735119089484215,0.00042672612471506
15779,0.00127338373567909,0.0004063220985699445
15780,0.00127326138317585,0.00037612434243783355
15781,0.0012731190072372556,0.000348569912603125
15782,0.0012729951413348317,0.0003291215980425477
15783,0.0012728699948638678,0.0003197488549631089
15784,0.0012727358844131231,0.00031889521051198244
15785,0.0012726113200187683,0.00032445500255562365
15786,0.0012724846601486206,0.00033525488106533885
15787,0.0012723575346171856,0.0003512922558002174
15788,0.0012722357641905546,0.00037509447429329157
15789,0.0012721067760139704,0.00041060394141823053
15790,0.0012719756923615932,0.00046839460264891386
15791,0.0012718526413664222,0.0005569792119786143
15792,0.0012717163190245628,0.0007022811914794147
15793,0.0012715884950011969,0.000900040497072041
15794,0.0012714643962681293,0.0011722291819751263
15795,0.001271336106583476,0.0013850717805325985
15796,0.00127120700199157,0.001470376388169825
15797,0.001271078479476273,0.0012133355485275388
15798,0.0012709503062069416,0.0007765334448777139
15799,0.0012708266731351614,0.0004269742057658732
15800,0.0012706905836239457,0.00036903517320752144
15801,0.001270561944693327,0.000556361221242696
15802,0.0012704386608675122,0.0007930669817142189
15803,0.001270314329303801,0.0008707998204044998
15804,0.0012701849918812513,0.0007346426136791706
15805,0.0012700605439022183,0.0004965026746504009
15806,0.001269922940991819,0.0003552579728420824
15807,0.0012697931379079819,0.00037412618985399604
15808,0.0012696771882474422,0.00048142147716134787
15809,0.0012695427285507321,0.0005769497365690768
15810,0.0012694104807451367,0.0005937691312283278
15811,0.001269293250516057,0.000515265332069248
15812,0.0012691623996943235,0.00040873512625694275
15813,0.0012690279399976134,0.0003383842995390296
15814,0.001268893713131547,0.00032645181636326015
15815,0.001268779975362122,0.0003598592593334615
15816,0.0012686563422903419,0.00042120099533349276
15817,0.0012685256078839302,0.0004943459061905742
15818,0.0012683968525379896,0.0005651327082887292
15819,0.0012682774104177952,0.0006474134279415011
15820,0.001268143649213016,0.0007313506794162095
15821,0.0012680290965363383,0.0008287113741971552
15822,0.0012679140781983733,0.0008860161760821939
15823,0.0012678124476224184,0.0009033293463289738
15824,0.0012676919577643275,0.0008036544313654304
15825,0.0012676038313657045,0.0006253510364331305
15826,0.0012675222242251039,0.00043161935172975063
15827,0.0012674587778747082,0.00033241944038309157
15828,0.0012674347963184118,0.00036338140489533544
15829,0.0012674580793827772,0.0004651564231608063
15830,0.001267564482986927,0.0005390174919739366
15831,0.0012677659979090095,0.0005246141226962209
15832,0.0012681393418461084,0.0004428323882166296
15833,0.0012687731068581343,0.0003580475167836994
15834,0.0012698043137788773,0.0003259456134401262
15835,0.0012714620679616928,0.00035269715590402484
15836,0.0012740703532472253,0.0004041442589368671
15837,0.0012782448902726173,0.00044168130261823535
15838,0.0012848636833950877,0.0004446009697858244
15839,0.001295450609177351,0.0004198881797492504
15840,0.0013122353702783585,0.00038097670767456293
15841,0.0013393599074333906,0.0003463064203970134
15842,0.0013823772314935923,0.0003245750558562577
15843,0.0014521735720336437,0.0003176511381752789
15844,0.00156128010712564,0.0003228127025067806
15845,0.0017362174112349749,0.0003368401376064867
15846,0.0019963327795267105,0.0003580995835363865
15847,0.0023897942155599594,0.00038704791222698987
15848,0.0028914911672472954,0.00042966403998434544
15849,0.0035095044877380133,0.0004918077029287815
15850,0.003959024325013161,0.0005920339026488364
15851,0.004097570665180683,0.0007355417474173009
15852,0.003516645636409521,0.0009533254778943956
15853,0.002561903093010187,0.0011874533956870437
15854,0.00165664404630661,0.0014128967886790633
15855,0.0012805727310478687,0.0013949762796983123
15856,0.0014662614557892084,0.0011287082452327013
15857,0.0021055678371340036,0.0006924953777343035
15858,0.0032759709283709526,0.0003924150951206684
15859,0.005022198427468538,0.0003825092571787536
15860,0.006950676906853914,0.0005830232985317707
15861,0.006547803524881601,0.0007952672895044088
15862,0.0038417894393205643,0.0008482738630846143
15863,0.001677756430581212,0.0006862812442705035
15864,0.002839259337633848,0.00046256696805357933
15865,0.005907122045755386,0.0003469478979241103
15866,0.009193873032927513,0.00037973496364429593
15867,0.012381474487483501,0.0004859486944042146
15868,0.010131697170436382,0.0005733182770200074
15869,0.004249987192451954,0.0005769908311776817
15870,0.003559339791536331,0.0005017161020077765
15871,0.007397435139864683,0.00039882195414975286
15872,0.00743934977799654,0.00033484803861938417
15873,0.0037586893886327744,0.0003251850139349699
15874,0.001574348658323288,0.0003572059504222125
15875,0.0021088160574436188,0.000415854126913473
15876,0.004146907012909651,0.00048299384070560336
15877,0.005293639376759529,0.0005530583439394832
15878,0.003445681883022189,0.0006238647038117051
15879,0.0016647169832140207,0.0007126368000172079
15880,0.002593499841168523,0.0007903031073510647
15881,0.0036948095075786114,0.0008653714321553707
15882,0.0031025174539536238,0.0008705239160917699
15883,0.0017782121431082487,0.0008036484941840172
15884,0.0013623463455587626,0.0006349976174533367
15885,0.00202447478659451,0.0004500511277001351
15886,0.002816196996718645,0.00033740425715222955
15887,0.0027637435123324394,0.00034602926461957395
15888,0.0018412817735224962,0.0004355976125225425
15889,0.0013271172065287828,0.0005158674903213978
15890,0.0017780985217541456,0.0005234968848526478
15891,0.0022992859594523907,0.00045752085861749947
15892,0.002166053745895624,0.00037334271473810077
15893,0.0015918381977826357,0.0003263909020461142
15894,0.001281194156035781,0.000335914664901793
15895,0.0014668327057734132,0.0003800991689786315
15896,0.001796497730538249,0.0004223413998261094
15897,0.0018354385392740369,0.00044044540845789015
15898,0.001558884629048407,0.0004285285249352455
15899,0.0013088638661429286,0.00039948950870893896
15900,0.0013259188272058964,0.0003650867147371173
15901,0.0015072901733219624,0.00033768839784897864
15902,0.0016035764710977674,0.00032123419805429876
15903,0.0015025526518002152,0.0003155751619488001
15904,0.0013380758464336395,0.0003186481771990657
15905,0.0012795135844498873,0.00032835701131261885
15906,0.0013565102126449347,0.00034390963264741004
15907,0.0014511954504996538,0.00036662074853666127
15908,0.00145647581666708,0.00040192549931816757
15909,0.0013736539985984564,0.0004562746617011726
15910,0.0012857348192483187,0.00054749014088884
15911,0.0012694160686805844,0.0006871307850815356
15912,0.0013207732699811459,0.000912570976652205
15913,0.0013636910589411855,0.0011888131266459823
15914,0.001346792676486075,0.001508083427324891
15915,0.0012920713052153587,0.0016070586862042546
15916,0.0012608468532562256,0.0014203336322680116
15917,0.0012759739765897393,0.0009279967052862048
15918,0.0013098320923745632,0.0004902923828922212
15919,0.0013231125194579363,0.0003641130169853568
15920,0.0013048093533143401,0.0005332892760634422
15921,0.0012752647744491696,0.000812830519862473
15922,0.0012611146084964275,0.0009861974976956844
15923,0.0012690974399447441,0.000886085326783359
15924,0.001284880330786109,0.0006200435454957187
15925,0.0012901066802442074,0.00040043622720986605
15926,0.0012809238396584988,0.0003550658584572375
15927,0.0012660801876336336,0.0004486280959099531
15928,0.0012580030597746372,0.0005805897526443005
15929,0.0012611513957381248,0.0006459308788180351
15930,0.0012700026854872704,0.0006012452649883926
15931,0.0012743589468300343,0.00047783803893253207
15932,0.0012697293423116207,0.00037225859705358744
15933,0.0012608522083610296,0.00032539948006160557
15934,0.001255979877896607,0.0003355580265633762
15935,0.0012580129550769925,0.00039030969492159784
15936,0.001263147103600204,0.0004673438088502735
15937,0.001265628496184945,0.0005485322326421738
15938,0.001263475976884365,0.0006268203724175692
15939,0.001258909236639738,0.0007198302773758769
15940,0.0012556561268866062,0.0007944825338199735
15941,0.001255443086847663,0.000857386679854244
15942,0.0012574433349072933,0.0008442327380180359
15943,0.001259274547919631,0.0007596248178742826
15944,0.0012592131970450282,0.0005860176170244813
15945,0.0012572596315294504,0.00041354462155140936
15946,0.001254985574632883,0.00032729405211284757
15947,0.0012539657764136791,0.00035800953628495336
15948,0.001254557748325169,0.00045081842108629644
15949,0.001255725510418415,0.0005157261621206999
15950,0.0012561900075525045,0.0005035364883951843
15951,0.001255504321306944,0.00042867223965004086
15952,0.0012542863842099905,0.0003521937469486147
15953,0.0012533386470749974,0.00032196438405662775
15954,0.001253120368346572,0.00034462669282220304
15955,0.0012534543639048934,0.00039143176400102675
15956,0.0012538641458377242,0.0004263141308911145
15957,0.001253897906281054,0.000433036737376824
15958,0.0012534554116427898,0.0004120286903344095
15959,0.0012527892831712961,0.0003793327196035534
15960,0.0012522726319730282,0.0003470157098490745
15961,0.0012521222233772278,0.0003248689463362098
15962,0.001252252608537674,0.0003150769043713808
15963,0.0012524027843028307,0.00031593884341418743
15964,0.0012523570330813527,0.0003247737477067858
15965,0.001252068905159831,0.0003398472035769373
15966,0.0012516711140051484,0.0003616235335357487
15967,0.0012513503897935152,0.00039229070534929633
15968,0.001251178327947855,0.0004397626034915447
15969,0.0012511727400124073,0.0005110814818181098
15970,0.0012511822860687971,0.0006278601358644664
15971,0.0012511180248111486,0.0007929322309792042
15972,0.0012509447988122702,0.001035435707308352
15973,0.0012506949715316296,0.0012698982609435916
15974,0.0012504719197750092,0.0014510306064039469
15975,0.0012502891477197409,0.00133600237313658
15976,0.0012501765741035342,0.0009803205030038953
15977,0.001250115456059575,0.0005589057109318674
15978,0.0012500430457293987,0.00035384841612540185
15979,0.0012499267468228936,0.0004352698742877692
15980,0.001249765045940876,0.0006668517598882318
15981,0.0012495843693614006,0.0008404544205404818
15982,0.0012494160328060389,0.0008205375634133816
15983,0.0012492762180045247,0.0006133127026259899
15984,0.001249171793460846,0.00040700199315324426
15985,0.001249064807780087,0.00034114919253624976
15986,0.0012489635264500976,0.0004072311567142606
15987,0.0012488332577049732,0.0005168903153389692
15988,0.0012486986815929413,0.000586059526540339
15989,0.0012485524639487267,0.0005620861193165183
15990,0.001248411601409316,0.0004711562942247838
15991,0.0012482755118981004,0.00037419924046844244
15992,0.0012481490848585963,0.00032478722278028727
15993,0.0012480365112423897,0.00032634101808071136
15994,0.0012479177676141262,0.00036553936661221087
15995,0.0012477964628487825,0.00042843385017476976
15996,0.0012476762058213353,0.0004972206661477685
15997,0.001247536507435143,0.0005723527283407748
15998,0.0012474018149077892,0.0006528198136948049
15999,0.001247265376150608,0.0007548080757260323
16000,0.0012471472145989537,0.0008406671113334596
16001,0.001247021253220737,0.000916501390747726
16002,0.001246904139406979,0.0008989656344056129
16003,0.0012467822525650263,0.0007895489106886089
16004,0.001246659317985177,0.0005840106168761849
16005,0.0012465361505746841,0.00039724583621136844
16006,0.001246404368430376,0.0003248313441872597
16007,0.0012462802696973085,0.00038283440517261624
16008,0.0012461445294320583,0.0004921297077089548
16009,0.0012460246216505766,0.0005504217697307467
16010,0.0012458906276151538,0.0005159394349902868
16011,0.0012457655975595117,0.0004219464317429811
16012,0.0012456558179110289,0.0003420127904973924
16013,0.001245526596903801,0.0003238946956116706
16014,0.001245400053448975,0.00036202219780534506
16015,0.0012452753726392984,0.0004156783106736839
16016,0.0012451477814465761,0.0004457205068320036
16017,0.0012450192589312792,0.00044103016261942685
16018,0.0012448945781216025,0.0004076498153153807
16019,0.0012447781627997756,0.00036682019708678126
16020,0.0012446466134861112,0.0003334573993925005
16021,0.001244517508894205,0.00031617877539247274
16022,0.0012444015592336655,0.0003145218943245709
16023,0.0012442702427506447,0.00032482645474374294
16024,0.0012441581347957253,0.0003438545682001859
16025,0.0012440209975466132,0.000369975867215544
16026,0.0012438984122127295,0.0004061977379024029
16027,0.0012437729164958,0.0004567264986690134
16028,0.0012436402030289173,0.0005358464550226927
16029,0.0012435265816748142,0.0006492308457382023
16030,0.0012433931697160006,0.0008252500556409359
16031,0.001243270467966795,0.00103383616078645
16032,0.0012431509094312787,0.0012737630167976022
16033,0.0012430213391780853,0.0013597265351563692
16034,0.0012428953777998686,0.0012441204162314534
16035,0.0012427708134055138,0.0008715013973414898
16036,0.001242655678652227,0.0004967772401869297
16037,0.0012425151653587818,0.00034446726203896105
16038,0.0012423957232385874,0.0004469186533242464
16039,0.001242271508090198,0.000662204809486866
16040,0.0012421468272805214,0.0008070264011621475
16041,0.0012420197017490864,0.0007542984676547348
16042,0.0012419028207659721,0.0005602633464150131
16043,0.001241767778992653,0.00038264875183813274
16044,0.0012416548561304808,0.00033892010105773807
16045,0.0012415152741596103,0.0004092101298738271
16046,0.0012413968797773123,0.0005086270393803716
16047,0.001241273246705532,0.0005626779748126864
16048,0.0012411449570208788,0.0005403446266427636
16049,0.0012410169001668692,0.0004535704792942852
16050,0.0012408969923853874,0.0003676930209621787
16051,0.0012407717294991016,0.00032281246967613697
16052,0.0012406451860442758,0.0003227347042411566
16053,0.0012405207380652428,0.00035611880593933165
16054,0.0012403931468725204,0.0004106337728444487
16055,0.00124026695266366,0.00047467410331591964
16056,0.0012401381973177195,0.0005409138975664973
16057,0.00124001270160079,0.0006250425358302891
16058,0.0012398904655128717,0.0007172923651523888
16059,0.0012397728860378265,0.0008302541682496667
16060,0.0012396419188007712,0.0009108251542784274
16061,0.0012395188678056002,0.0009534981800243258
16062,0.001239387202076614,0.0008653156692162156
16063,0.0012392716016620398,0.0006798741524107754
16064,0.0012391399359330535,0.00045985059114173055
16065,0.0012390159536153078,0.0003333446802571416
16066,0.0012388949980959296,0.00035291019594296813
16067,0.001238751458004117,0.00046286589349620044
16068,0.0012386413291096687,0.0005543178413063288
16069,0.0012385090813040733,0.0005523760337382555
16070,0.0012383870780467987,0.0004672961076721549
16071,0.0012382748536765575,0.0003678785578813404
16072,0.0012381358537822962,0.00032189732883125544
16073,0.001238012220710516,0.000344165600836277
16074,0.001237887074239552,0.0003999002801720053
16075,0.001237755175679922,0.0004445795784704387
16076,0.0012376334052532911,0.0004522895615082234
16077,0.001237511751241982,0.00042748285341076553
16078,0.0012373867211863399,0.000384025857783854
16079,0.0012372597120702267,0.0003442204324528575
16080,0.0012371427146717906,0.0003195218450855464
16081,0.0012370215263217688,0.0003123644273728132
16082,0.001236887532286346,0.00031946413218975067
16083,0.0012367659946903586,0.00033696898026391864
16084,0.0012366437586024404,0.0003625765675678849
16085,0.0012365281581878662,0.0003962626215070486
16086,0.0012364028953015804,0.00044493842869997025
16087,0.0012362973066046834,0.0005143631133250892
16088,0.0012361864792183042,0.000624457374215126
16089,0.0012360939290374517,0.0007760679582133889
16090,0.0012360154651105404,0.0009971500840038061
16091,0.0012359563261270523,0.0012109390227124095
16092,0.0012359322281554341,0.0013808872317895293
16093,0.001235980773344636,0.0012883928138762712
16094,0.0012360948603600264,0.0009729813900776207
16095,0.001236369484104216,0.0005737496539950371
16096,0.0012368621537461877,0.00035512977046892047
16097,0.001237698015756905,0.00040261889807879925
16098,0.001239114091731608,0.0006065347697585821
16099,0.0012414593948051333,0.0007822697516530752
16100,0.001245291787199676,0.000794384628534317
16101,0.0012516006827354431,0.0006229141145013273
16102,0.0012619098415598273,0.00042264419607818127
16103,0.0012789815664291382,0.00033601754694245756
16104,0.001306894002482295,0.00037833783426322043
16105,0.0013534199679270387,0.000476194079965353
16106,0.0014289908576756716,0.0005529710906557739
16107,0.00155471486505121,0.0005556325777433813
16108,0.0017527439631521702,0.0004892608267255127
16109,0.002071861643344164,0.0003963359340559691
16110,0.002526496071368456,0.0003342085983604193
16111,0.003170521929860115,0.00031665945425629616
16112,0.0038269341457635164,0.0003353767970111221
16113,0.004371540155261755,0.0003809287736658007
16114,0.004203555639833212,0.0004398452874738723
16115,0.0033987797796726227,0.0005058554816059768
16116,0.00217650830745697,0.0005789779825136065
16117,0.0013749265344813466,0.0006773282657377422
16118,0.0013086010003462434,0.0007799192098900676
16119,0.001889730105176568,0.0008979932172223926
16120,0.003100514877587557,0.0009589293040335178
16121,0.005101305898278952,0.0009483183966949582
16122,0.007807240355759859,0.0007899695774540305
16123,0.00813033152371645,0.0005618916475214064
16124,0.005098066292703152,0.0003730559255927801
16125,0.0019023541826754808,0.00032705540070310235
16126,0.0033819477539509535,0.00041428892291150987
16127,0.007456121034920216,0.0005321468925103545
16128,0.011156143620610237,0.000577756087295711
16129,0.013844115659594536,0.0005200057639740407
16130,0.009050475433468819,0.0004114254261367023
16131,0.0033945925533771515,0.00033260881900787354
16132,0.0055505940690636635,0.0003271834284532815
16133,0.0074869985692203045,0.0003770616604015231
16134,0.005027350969612598,0.00043300201650708914
16135,0.0021480040159076452,0.00045901851262897253
16136,0.002024265006184578,0.0004437339957803488
16137,0.003914131782948971,0.00040346325840801
16138,0.006253841798752546,0.0003572893620003015
16139,0.006699345540255308,0.0003247515414841473
16140,0.0032913293689489365,0.0003116810112260282
16141,0.002868696115911007,0.0003156886959914118
16142,0.004989723674952984,0.00033223230275325477
16143,0.003558427793905139,0.000357654265826568
16144,0.001774561358615756,0.00039156596176326275
16145,0.0021375655196607113,0.0004360225284472108
16146,0.0038590780459344387,0.0005024464917369187
16147,0.005463963374495506,0.0005958802066743374
16148,0.005395921878516674,0.0007408178644254804
16149,0.003370258491486311,0.0009210570715367794
16150,0.002238843124359846,0.0011489081662148237
16151,0.0034409882500767708,0.0012857322581112385
16152,0.003549459157511592,0.0012794950744137168
16153,0.0022448336239904165,0.0010006215889006853
16154,0.0019157967763021588,0.0006235109176486731
16155,0.0026299646124243736,0.00037129392148926854
16156,0.003539815079420805,0.0003669612342491746
16157,0.0037311576306819916,0.0005395524203777313
16158,0.0025078635662794113,0.000723876291885972
16159,0.0015681838849559426,0.0007665767916478217
16160,0.0021509083453565836,0.0006414425442926586
16161,0.002702288329601288,0.00044806223013438284
16162,0.0021626099478453398,0.0003380065318197012
16163,0.0014239831361919641,0.0003554528229869902
16164,0.00159211247228086,0.0004415410803630948
16165,0.0022442187182605267,0.0005209551309235394
16166,0.0022674729116261005,0.0005461833789013326
16167,0.0016487287357449532,0.0004979626392014325
16168,0.0013450615806505084,0.0004157906514592469
16169,0.0016583011019974947,0.00034635397605597973
16170,0.0018831695197150111,0.0003161830536555499
16171,0.0016666688024997711,0.000321261934004724
16172,0.0014018098590895534,0.0003532168921083212
16173,0.001375936670228839,0.00040347882895730436
16174,0.001501448336057365,0.00046095531433820724
16175,0.0015731807798147202,0.0005303947255015373
16176,0.0014804494567215443,0.0006144376238808036
16177,0.0013284028973430395,0.0007303988095372915
16178,0.0013067652471363544,0.0008497470989823341
16179,0.0014267547521740198,0.0009811418130993843
16180,0.0014899022644385695,0.0010255109518766403
16181,0.001377388834953308,0.0009636505856178701
16182,0.0012496518902480602,0.0007431271951645613
16183,0.001274959184229374,0.00048796343617141247
16184,0.001367863966152072,0.00033583928598091006
16185,0.0013602552935481071,0.00035618257243186235
16186,0.0012750314781442285,0.0004850609111599624
16187,0.0012433960800990462,0.0005943317664787173
16188,0.0012823081342503428,0.0005958616966381669
16189,0.0013165860436856747,0.0004964091349393129
16190,0.0013079129857942462,0.00037717021768912673
16191,0.0012697225902229548,0.00032132939668372273
16192,0.0012396202655509114,0.0003476733108982444
16193,0.0012462669983506203,0.00041288172360509634
16194,0.001273725414648652,0.00046230514999479055
16195,0.0012762267142534256,0.00047019432531669736
16196,0.0012466209009289742,0.00043551356066018343
16197,0.0012269682483747602,0.00038341761683113873
16198,0.00124079966917634,0.00033739209175109863
16199,0.0012606558157131076,0.0003136805025860667
16200,0.0012565824436023831,0.0003124761860817671
16201,0.0012374762445688248,0.0003280986857134849
16202,0.0012287943391129375,0.0003556181618478149
16203,0.0012347050942480564,0.0003912278334610164
16204,0.001241473015397787,0.0004373479459900409
16205,0.0012404880253598094,0.0004976728232577443
16206,0.0012341508409008384,0.0005884801503270864
16207,0.0012282641837373376,0.0007084730314090848
16208,0.00122748757712543,0.0008813489112071693
16209,0.0012318913359194994,0.0010541067458689213
16210,0.0012351354816928506,0.0012097700964659452
16211,0.001231745583936572,0.0011800904758274555
16212,0.001225738786160946,0.0009692818857729435
16213,0.0012244775425642729,0.0006287021096795797
16214,0.001227864297106862,0.00037888865335844457
16215,0.0012298524379730225,0.0003465892805252224
16216,0.0012279455550014973,0.0004876994644291699
16217,0.0012249592691659927,0.0006556411390192807
16218,0.0012237268965691328,0.0007160751265473664
16219,0.001224364503286779,0.0006187310209497809
16220,0.0012255635811015964,0.00045074213994666934
16221,0.0012258185306563973,0.0003389143093954772
16222,0.0012244642712175846,0.00033979042200371623
16223,0.001222678110934794,0.0004125924897380173
16224,0.0012223352678120136,0.0004882974899373949
16225,0.0012234391178935766,0.0005184348556213081
16226,0.0012240716023370624,0.0004920616047456861
16227,0.001223237020894885,0.00042295572347939014
16228,0.0012219713535159826,0.00035666103940457106
16229,0.001221577636897564,0.0003191220748703927
16230,0.001221950864419341,0.0003128587268292904
16231,0.0012222155928611755,0.0003310783358756453
16232,0.0012220193166285753,0.00036742177326232195
16233,0.0012215732131153345,0.0004152997280471027
16234,0.0012210881104692817,0.00047088961582630873
16235,0.0012207922991365194,0.0005467741284519434
16236,0.0012208435218781233,0.0006441041477955878
16237,0.0012210318818688393,0.0007820825558155775
16238,0.0012209108099341393,0.0009273009491153061
16239,0.0012204698286950588,0.001081771682947874
16240,0.0012200730852782726,0.0011152594815939665
16241,0.0012200003257021308,0.0010069385170936584
16242,0.0012200914788991213,0.0007283332524821162
16243,0.0012200558558106422,0.0004494960594456643
16244,0.0012198267504572868,0.00032723965705372393
16245,0.0012195706367492676,0.00039672659477218986
16246,0.0012193691218271852,0.0005535767413675785
16247,0.0012192659778520465,0.0006568171083927155
16248,0.0012192169670015574,0.0006259004585444927
16249,0.0012191536370664835,0.0004937838530167937
16250,0.0012190164998173714,0.00036364185507409275
16251,0.0012188004329800606,0.00032229526550509036
16252,0.0012186167296022177,0.00036897999234497547
16253,0.001218508929014206,0.0004431376582942903
16254,0.001218449673615396,0.0004888296243734658
16255,0.0012183610815554857,0.000485970638692379
16256,0.0012182132340967655,0.00043712876504287124
16257,0.0012180553749203682,0.0003750890609808266
16258,0.0012179063633084297,0.00032834551529958844
16259,0.0012177934404462576,0.0003105923824477941
16260,0.0012177033349871635,0.00031746449531055987
16261,0.0012175972806289792,0.00034197873901575804
16262,0.0012174826115369797,0.0003791782073676586
16263,0.0012173380237072706,0.0004242120194248855
16264,0.0012171914568170905,0.00048219430027529597
16265,0.001217065379023552,0.0005573366652242839
16266,0.00121696840506047,0.0006684499676339328
16267,0.0012168653775006533,0.0008025274728424847
16268,0.0012167464010417461,0.0009762841509655118
16269,0.0012166309170424938,0.0011011691531166434
16270,0.0012165021616965532,0.0011458346853032708
16271,0.0012163766659796238,0.000981270452030003
16272,0.0012162625789642334,0.000691528373863548
16273,0.0012161463964730501,0.0004210706683807075
16274,0.0012160337064415216,0.0003276437637396157
16275,0.0012159205507487059,0.00042018608655780554
16276,0.0012157981982454658,0.0005811885930597782
16277,0.0012156658340245485,0.0006714590126648545
16278,0.0012155554722994566,0.0006259841611608863
16279,0.0012154371943324804,0.0004822051851078868
16280,0.001215336611494422,0.00035529833985492587
16281,0.0012152093695476651,0.00032391020795330405
16282,0.001215095049701631,0.00037630106089636683
16283,0.0012149778194725513,0.00045064487494528294
16284,0.0012148568639531732,0.0004961973172612488
16285,0.0012147350935265422,0.0004884338122792542
16286,0.0012146176304668188,0.0004395532014314085
16287,0.0012145133223384619,0.0003750816686078906
16288,0.0012143993517383933,0.0003286279388703406
16289,0.001214275136590004,0.0003102370537817478
16290,0.0012141566257923841,0.0003157511237077415
16291,0.001214036252349615,0.0003395606763660908
16292,0.0012139228638261557,0.0003761405823752284
16293,0.0012138055171817541,0.0004225930606480688
16294,0.0012136894511058927,0.000480046117445454
16295,0.001213581534102559,0.000563799578230828
16296,0.0012134606949985027,0.0006736937211826444
16297,0.001213345560245216,0.0008317812462337315
16298,0.0012132265837863088,0.0009965342469513416
16299,0.0012131081894040108,0.001161165302619338
16300,0.0012129956157878041,0.0011707732919603586
16301,0.0012128829257562757,0.0010113046737387776
16302,0.0012127645313739777,0.0006905117188580334
16303,0.0012126470683142543,0.00041268375935032964
16304,0.0012125272769480944,0.00033027835888788104
16305,0.0012124120257794857,0.00043905648635700345
16306,0.0012123025953769684,0.0006091489922255278
16307,0.0012121811741963029,0.0006996552692726254
16308,0.0012120646424591541,0.0006391287897713482
16309,0.0012119484599679708,0.0004838576423935592
16310,0.0012118394952267408,0.0003525925276335329
16311,0.001211720984429121,0.0003262961108703166
16312,0.0012116050347685814,0.00038597328239120543
16313,0.0012114811688661575,0.00046349657350219786
16314,0.0012113736011087894,0.0005058588576503098
16315,0.0012112556723877788,0.000496107735671103
16316,0.0012111363466829062,0.0004382577317301184
16317,0.0012110258685424924,0.00037094458821229637
16318,0.0012109035160392523,0.00032464973628520966
16319,0.0012107872171327472,0.00030963573954068124
16320,0.0012106705689802766,0.00031951459823176265
16321,0.0012105631176382303,0.0003480806481093168
16322,0.0012104331981390715,0.0003901966556441039
16323,0.001210325863212347,0.0004402132472023368
16324,0.0012102050241082907,0.0005055166548117995
16325,0.0012100889580324292,0.0005904415738768876
16326,0.001209971378557384,0.0007142634713090956
16327,0.0012098615989089012,0.0008553322986699641
16328,0.0012097409926354885,0.0010249760234728456
16329,0.0012096159625798464,0.0011148947523906827
16330,0.00120950723066926,0.00109305907972157
16331,0.0012093901168555021,0.0008686383953318
16332,0.001209282549098134,0.000568558054510504
16333,0.0012091633398085833,0.00035757460864260793
16334,0.0012090388918295503,0.0003429267671890557
16335,0.001208924688398838,0.00047714379616081715
16336,0.001208815025165677,0.0006233061430975795
16337,0.0012086976785212755,0.0006617473554797471
16338,0.0012085734633728862,0.0005705356015823781
16339,0.001208453206345439,0.0004225725424475968
16340,0.0012083511101081967,0.0003287851286586374
16341,0.0012082270113751292,0.0003346932353451848
16342,0.0012081105960533023,0.0004023680812679231
16343,0.001207990339025855,0.00046859373105689883
16344,0.0012078738072887063,0.0004950414295308292
16345,0.0012077682185918093,0.0004689634661190212
16346,0.0012076477287337184,0.0004120738012716174
16347,0.001207530964165926,0.000352594128344208
16348,0.00120741524733603,0.0003168692346662283
16349,0.0012072962708771229,0.000308345741359517
16350,0.0012071779929101467,0.00032089161686599255
16351,0.0012070643715560436,0.0003492869436740875
16352,0.0012069448130205274,0.0003883864847011864
16353,0.0012068267678841949,0.0004377894219942391
16354,0.0012067134957760572,0.0005003762780688703
16355,0.0012065909104421735,0.0005931410705670714
16356,0.00120647344738245,0.0007128358702175319
16357,0.0012063554022461176,0.0008810163708403707
16358,0.0012062452733516693,0.001041569048538804
16359,0.0012061268789693713,0.001177178812213242
16360,0.001206012675538659,0.001128748874180019
16361,0.001205894281156361,0.0009097202564589679
16362,0.0012057737912982702,0.0005852908361703157
16363,0.0012056517880409956,0.00036112763336859643
16364,0.001205546548590064,0.00034604454413056374
16365,0.0012054312974214554,0.00048776340554468334
16366,0.0012053088285028934,0.0006436667172238231
16367,0.0012051976518705487,0.0006916036363691092
16368,0.0012050799559801817,0.0005936170346103609
16369,0.0012049628421664238,0.00043466646457090974
16370,0.0012048475909978151,0.00033167190849781036
16371,0.0012047253549098969,0.00033523893216624856
16372,0.0012046139454469085,0.00040543527575209737
16373,0.001204481814056635,0.0004764309269376099
16374,0.0012043670285493135,0.0005047844024375081
16375,0.0012042531743645668,0.00048234561108984053
16376,0.0012041416484862566,0.0004197156522423029
16377,0.0012040208093822002,0.00035656787804327905
16378,0.0012039062567055225,0.00031794843380339444
16379,0.0012037894921377301,0.0003081605536863208
16380,0.0012036749394610524,0.0003206997353117913
16381,0.0012035558465868235,0.00035052731982432306
16382,0.0012034355895593762,0.00039278314216062427
16383,0.001203315332531929,0.0004433013964444399
16384,0.0012031940277665854,0.0005119612906128168
16385,0.0012030825018882751,0.0006030414369888604
16386,0.001202968182042241,0.0007365408819168806
16387,0.001202853163704276,0.0008880737004801631
16388,0.001202734187245369,0.0010665777372196317
16389,0.0012026160256937146,0.0011494469363242388
16390,0.0012025006581097841,0.0011023111874237657
16391,0.0012023914605379105,0.0008469940512441099
16392,0.0012022672453895211,0.000534895109012723
16393,0.0012021412840113044,0.00034283724380657077
16394,0.0012020337162539363,0.00035823744838126004
16395,0.001201904146000743,0.0005099509726278484
16396,0.001201794482767582,0.0006533479318022728
16397,0.0012016769032925367,0.0006734838243573904
16398,0.0012015615357086062,0.0005632149404846132
16399,0.001201442675665021,0.00040866227936930954
16400,0.0012013302184641361,0.0003236529300920665
16401,0.0012012057704851031,0.0003423918387852609
16402,0.0012010906357318163,0.00041598855750635266
16403,0.0012009742204099894,0.0004802499315701425
16404,0.0012008561752736568,0.0005009311134926975
16405,0.0012007449986413121,0.00046769698383286595
16406,0.0012006332399323583,0.0004057521582581103
16407,0.001200515660457313,0.00034587091067805886
16408,0.001200405415147543,0.0003131240082439035
16409,0.0012002899311482906,0.00030817967490293086
16410,0.0012001844588667154,0.0003240701335016638
16411,0.0012000855058431625,0.0003560178738553077
16412,0.0011999917915090919,0.0003984911018051207
16413,0.0011998976115137339,0.00045180984307080507
16414,0.0011998321861028671,0.0005195754929445684
16415,0.0011997870169579983,0.0006201416836120188
16416,0.0011997900437563658,0.000746306439395994
16417,0.0011998380068689585,0.0009174564620479941
16418,0.0011999808484688401,0.00106407783459872
16419,0.0012002631556242704,0.0011619486613199115
16420,0.0012007583864033222,0.0010610773460939527
16421,0.0012016079854220152,0.0008043083944357932
16422,0.0012030038051307201,0.0004985371488146484
16423,0.0012053000973537564,0.0003327615559101105
16424,0.0012089976808056235,0.00037125436938367784
16425,0.0012150424299761653,0.0005283112404868007
16426,0.0012247569393366575,0.0006588466931134462
16427,0.0012406655587255955,0.0006643036031164229
16428,0.0012663500383496284,0.0005410743760876358
16429,0.001308698789216578,0.0003917968715541065
16430,0.0013766806805506349,0.00032013014424592257
16431,0.0014887027209624648,0.000348044210113585
16432,0.0016635507345199585,0.00042276375461369753
16433,0.0019432774279266596,0.00048374108155258
16434,0.00234089489094913,0.0004965961561538279
16435,0.0029075180646032095,0.00046237398055382073
16436,0.003505044849589467,0.0003980470064561814
16437,0.004048163071274757,0.00034135900205001235
16438,0.004024024121463299,0.00031127131660468876
16439,0.003441737499088049,0.00030770673765800893
16440,0.0023616282269358635,0.000324180000461638
16441,0.0015015022363513708,0.0003559450269676745
16442,0.0012152233393862844,0.00039889116305857897
16443,0.0014926105504855514,0.0004506936529651284
16444,0.0022487579844892025,0.0005232450203038752
16445,0.0035798363387584686,0.0006198988994583488
16446,0.005630081985145807,0.0007613608613610268
16447,0.006914206314831972,0.000918667356017977
16448,0.00589995039626956,0.0010962460655719042
16449,0.0026087991427630186,0.001159550971351564
16450,0.001684800605289638,0.0010774624533951283
16451,0.003981562331318855,0.0007967273704707623
16452,0.007465829141438007,0.0004892648430541158
16453,0.011862138286232948,0.00033025030279532075
16454,0.012907850556075573,0.00037794469972141087
16455,0.007862051948904991,0.0005400131922215223
16456,0.0030878200195729733,0.0006711696041747928
16457,0.007043980062007904,0.0006676717894151807
16458,0.010038984008133411,0.0005408240249380469
16459,0.0064599839970469475,0.00038880534702911973
16460,0.0028376723639667034,0.0003193849988747388
16461,0.0015774748753756285,0.0003509947855491191
16462,0.003221881575882435,0.00042707775719463825
16463,0.004360932391136885,0.0004866120871156454
16464,0.0029702314641326666,0.0005006352439522743
16465,0.001553175039589405,0.00046145060332491994
16466,0.0023844705428928137,0.0003973402490373701
16467,0.003460739739239216,0.00033971635275520384
16468,0.003520479891449213,0.00031031176331453025
16469,0.002420119009912014,0.000307503214571625
16470,0.0014888958539813757,0.00032478905632160604
16471,0.0016319584101438522,0.00035800517071038485
16472,0.002227046759799123,0.00040146964602172375
16473,0.002270632889121771,0.00045656473957933486
16474,0.001670890487730503,0.0005279017495922744
16475,0.001331779407337308,0.0006344459834508598
16476,0.0014764610677957535,0.0007669082842767239
16477,0.0019266598392277956,0.0009441804140806198
16478,0.0020004771649837494,0.0010880532208830118
16479,0.0016741794534027576,0.0011693877167999744
16480,0.0012677931226789951,0.0010400796309113503
16481,0.0013562871608883142,0.0007610003813169897
16482,0.0016185111599043012,0.00046219947398640215
16483,0.0017459639348089695,0.00032527721486985683
16484,0.0015218050684779882,0.0003907196514774114
16485,0.0013033343711867929,0.0005554116796702147
16486,0.0012250376166775823,0.0006731541943736374
16487,0.0013565922854468226,0.0006575940060429275
16488,0.0014405387919396162,0.0005207530921325088
16489,0.0014084025751799345,0.00037483772030100226
16490,0.0012783873826265335,0.0003176341997459531
16491,0.0012252931483089924,0.0003570679691620171
16492,0.0012573625426739454,0.0004337884020060301
16493,0.0013366403291001916,0.0004900152562186122
16494,0.0013545718975365162,0.0004953955067321658
16495,0.0013048844411969185,0.0004549183649942279
16496,0.0012279539369046688,0.0003885657642967999
16497,0.0012037015985697508,0.0003341891278978437
16498,0.0012405600864440203,0.0003080745227634907
16499,0.0012794076465070248,0.0003078162553720176
16500,0.0012739941012114286,0.00032702554017305374
16501,0.0012290276354178786,0.0003611251013353467
16502,0.0011994304368272424,0.00040618141065351665
16503,0.0012025085743516684,0.0004605703870765865
16504,0.0012304990086704493,0.000537747866474092
16505,0.0012409365735948086,0.0006398119148798287
16506,0.0012301804963499308,0.0007872347487136722
16507,0.0012050369987264276,0.0009444289607927203
16508,0.001196298748254776,0.0011105338344350457
16509,0.0012009530328214169,0.0011434247717261314
16510,0.0012147706001996994,0.0010211075423285365
16511,0.0012175103183835745,0.0007242748397402465
16512,0.0012117947917431593,0.0004379373276606202
16513,0.0011988211190328002,0.000322628126014024
16514,0.0011927098967134953,0.00040272503974847496
16515,0.0011944589205086231,0.0005675079883076251
16516,0.0012021909933537245,0.0006759834941476583
16517,0.0012051642406731844,0.0006432256195694208
16518,0.0012011834187433124,0.000503481482155621
16519,0.0011937478557229042,0.00036390629247762263
16520,0.0011899835662916303,0.00031705579021945596
16521,0.0011918686795979738,0.0003624649834819138
16522,0.0011955597437918186,0.000438536488218233
16523,0.001197187346406281,0.000489471189212054
16524,0.0011948442552238703,0.0004932238371111453
16525,0.0011915783397853374,0.0004472326545510441
16526,0.0011892373440787196,0.0003830036730505526
16527,0.001189761096611619,0.00033061043359339237
16528,0.0011910931207239628,0.0003066512872464955
16529,0.0011924407444894314,0.0003074989654123783
16530,0.001191852381452918,0.00032719026785343885
16531,0.0011903847334906459,0.0003617354086600244
16532,0.0011885068379342556,0.00040575905586592853
16533,0.0011880096280947328,0.00046248803846538067
16534,0.0011885452549904585,0.000537138432264328
16535,0.0011896190699189901,0.000649032648652792
16536,0.0011897559743374586,0.0007869091932661831
16537,0.001188950496725738,0.0009687611600384116
16538,0.0011877756332978606,0.0011073814239352942
16539,0.0011871537426486611,0.0011695274151861668
16540,0.0011872306931763887,0.0010129899019375443
16541,0.0011875572381541133,0.0007170442841015756
16542,0.001187765272334218,0.0004303704481571913
16543,0.0011875609634444118,0.0003225490509066731
16544,0.001187141751870513,0.0004105944826733321
16545,0.001186578767374158,0.0005784147069789469
16546,0.0011862833052873611,0.0006818444235250354
16547,0.001186198671348393,0.0006470559164881706
16548,0.0011863692197948694,0.0005003557889722288
16549,0.001186412526294589,0.00036048132460564375
16550,0.0011862866813316941,0.00031710590701550245
16551,0.001185934990644455,0.0003653578460216522
16552,0.0011856064666062593,0.00044211052590981126
16553,0.001185394823551178,0.000493597355671227
16554,0.0011853605974465609,0.0004928389098495245
16555,0.0011853562900796533,0.00044779604650102556
16556,0.0011853112373501062,0.00038079387741163373
16557,0.001185176894068718,0.00032900244696065784
16558,0.0011849829461425543,0.00030583926127292216
16559,0.001184775261208415,0.0003074255073443055
16560,0.001184598309919238,0.00032803445355966687
16561,0.0011844782857224345,0.00036327523412182927
16562,0.0011844162363559008,0.0004092752933502197
16563,0.0011843583779409528,0.00046536297304555774
16564,0.0011842531384900212,0.0005462532280944288
16565,0.0011841262457892299,0.0006531015387736261
16566,0.0011839504586532712,0.0008065226720646024
16567,0.0011837971396744251,0.0009664558456279337
16568,0.0011836625635623932,0.0011281917104497552
16569,0.0011835682671517134,0.0011423805262893438
16570,0.0011834814213216305,0.000993296504020691
16571,0.0011833817698061466,0.0006841017166152596
16572,0.0011832740856334567,0.000410171429393813
16573,0.0011831502197310328,0.00032242320594377816
16574,0.0011830065632238984,0.0004230078193359077
16575,0.001182871637865901,0.0005893117631785572
16576,0.0011827565031126142,0.0006834596279077232
16577,0.0011826502159237862,0.0006318263476714492
16578,0.0011825478868559003,0.00048335001338273287
16579,0.0011824371758848429,0.0003507858491502702
16580,0.0011823320528492332,0.0003176438913214952
16581,0.0011822071392089128,0.00037148024421185255
16582,0.001182087231427431,0.00044739586883224547
16583,0.001181961502879858,0.0004928471171297133
16584,0.0011818530037999153,0.0004898786428384483
16585,0.0011817342601716518,0.00043894100235775113
16586,0.0011816241312772036,0.00037398157292045653
16587,0.0011815186589956284,0.00032462115632370114
16588,0.0011814115568995476,0.00030425406293943524
16589,0.0011812892043963075,0.0003078973386436701
16590,0.0011811822187155485,0.0003299342643003911
16591,0.0011810585856437683,0.0003664656251203269
16592,0.0011809414718300104,0.000412149092881009
16593,0.0011808271519839764,0.0004716991097666323
16594,0.0011807122500613332,0.0005505779990926385
16595,0.0011805989779531956,0.0006684466497972608
16596,0.0011804874520748854,0.0008106471505016088
16597,0.0011803708039224148,0.0009929061634466052
16598,0.0011802602093666792,0.001117620151489973
16599,0.0011801528744399548,0.0011491295881569386
16600,0.0011800328502431512,0.000960611505433917
16601,0.0011799263302236795,0.0006539329187944531
16602,0.0011798101477324963,0.0003928265650756657
16603,0.0011796933831647038,0.00032435471075586975
16604,0.0011795773170888424,0.00043660643859766424
16605,0.0011794676538556814,0.0006015754188410938
16606,0.0011793557787314057,0.0006815299857407808
16607,0.0011792418081313372,0.0006217011250555515
16608,0.0011791349388659,0.0004682586877606809
16609,0.0011790196876972914,0.0003425706527195871
16610,0.0011789065320044756,0.00031896185828372836
16611,0.001178791862912476,0.00037703377893194556
16612,0.001178678940050304,0.0004516486369539052
16613,0.001178561826236546,0.0004949126159772277
16614,0.0011784483212977648,0.000484773947391659
16615,0.0011783437803387642,0.0004341579042375088
16616,0.0011782271321862936,0.00036829765303991735
16617,0.0011781114153563976,0.0003215043107047677
16618,0.001178000820800662,0.0003031529486179352
16619,0.0011778805637732148,0.0003080579044762999
16620,0.0011777696199715137,0.0003311054897494614
16621,0.0011776617029681802,0.0003677646745927632
16622,0.0011775424936786294,0.00041486413101665676
16623,0.001177427708171308,0.00047312432434409857
16624,0.0011773065198212862,0.0005584886530414224
16625,0.001177198369987309,0.0006705690757371485
16626,0.001177082653157413,0.000830057542771101
16627,0.0011769805569201708,0.0009906915947794914
16628,0.0011768622789531946,0.0011425496777519584
16629,0.0011767474934458733,0.001130804535932839
16630,0.0011766415555030107,0.0009506553178653121
16631,0.001176528399810195,0.0006334392819553614
16632,0.001176408026367426,0.000380972633138299
16633,0.001176298945210874,0.00032681121956557035
16634,0.0011761845089495182,0.0004476309986785054
16635,0.0011760686757043004,0.0006108467350713909
16636,0.0011759561020880938,0.0006854505045339465
16637,0.0011758424807339907,0.0006128993118181825
16638,0.001175734680145979,0.0004582478431984782
16639,0.001175618963316083,0.0003374069929122925
16640,0.001175503246486187,0.00032036766060627997
16641,0.0011753987055271864,0.00038186722667887807
16642,0.0011752746067941189,0.0004559738445095718
16643,0.0011751699494197965,0.0004947465495206416
16644,0.0011750491103157401,0.0004846065421588719
16645,0.0011749336263164878,0.0004292429657652974
16646,0.001174826524220407,0.0003647462581284344
16647,0.0011747112730517983,0.00031919352477416396
16648,0.0011745996307581663,0.00030226816306822
16649,0.0011744798393920064,0.0003081722534261644
16650,0.0011743723880499601,0.00033199749304912984
16651,0.001174252014607191,0.000369788846001029
16652,0.001174135715700686,0.00041640998097136617
16653,0.0011740360641852021,0.0004782197065651417
16654,0.0011739060282707214,0.000560906482860446
16655,0.0011738019529730082,0.00068427569931373
16656,0.0011736841406673193,0.0008309847326017916
16657,0.0011735772714018822,0.001015087473206222
16658,0.0011734588770195842,0.0011298001045361161
16659,0.001173345372080803,0.00113743357360363
16660,0.0011732259299606085,0.0009238536586053669
16661,0.0011731232516467571,0.0006097427103668451
16662,0.001173011609353125,0.0003690285957418382
16663,0.001172896707430482,0.0003302451514173299
16664,0.0011727847158908844,0.0004594363854266703
16665,0.0011726641096174717,0.0006208172999322414
16666,0.001172577147372067,0.0006823223666287959
16667,0.0011724603828042746,0.0006041302112862468
16668,0.0011723479256033897,0.00044641122804023325
16669,0.0011722545605152845,0.00033167083165608346
16670,0.0011721544433385134,0.0003222848754376173
16671,0.0011720596812665462,0.0003868096391670406
16672,0.0011719621252268553,0.00045933108776807785
16673,0.0011718925088644028,0.0004965150146745145
16674,0.0011718550231307745,0.00047952018212527037
16675,0.0011718124151229858,0.00042475975351408124
16676,0.0011718347668647766,0.00035961877438239753
16677,0.0011719006579369307,0.0003163556393701583
16678,0.001172056421637535,0.0003013567766174674
16679,0.001172351068817079,0.0003086573851760477
16680,0.001172850956209004,0.0003337060334160924
16681,0.0011736692395061255,0.00037177192280068994
16682,0.0011750028934329748,0.00042021169792860746
16683,0.0011770941782742739,0.0004808633239008486
16684,0.001180423772893846,0.0005706702941097319
16685,0.0011856246273964643,0.0006875762483105063
16686,0.0011939185205847025,0.0008521267445757985
16687,0.0012069838121533394,0.0010114852339029312
16688,0.0012279445072636008,0.0011507419403642416
16689,0.001260991208255291,0.00111240369733423
16690,0.0013144323602318764,0.0009044105536304414
16691,0.0013977207709103823,0.0005849857698194683
16692,0.001531474757939577,0.0003574027505237609
16693,0.0017313805874437094,0.00033505563624203205
16694,0.0020387968979775906,0.00047186066512949765
16695,0.002444160869345069,0.0006284000119194388
16696,0.002978322794660926,0.0006822245195508003
16697,0.0034454958513379097,0.0005908024031668901
16698,0.003756411839276552,0.0004336055717431009
16699,0.0034865348134189844,0.0003264716360718012
16700,0.0028019570745527744,0.0003247838467359543
16701,0.001903710886836052,0.0003923150943592191
16702,0.0013150210725143552,0.00046350707998499274
16703,0.0011895268689841032,0.0004948839196003973
16704,0.0014526010490953922,0.0004773247928824276
16705,0.0020587542094290257,0.00041821482591331005
16706,0.003075022716075182,0.0003550956607796252
16707,0.0045218211598694324,0.0003138063184451312
16708,0.00531417690217495,0.0003005326143465936
16709,0.004594596102833748,0.00030906766187399626
16710,0.0023713421542197466,0.00033495359821245074
16711,0.0013191546313464642,0.00037412316305562854
16712,0.002362058265134692,0.00042202280019409955
16713,0.004811570513993502,0.0004867714596912265
16714,0.008796000853180885,0.000573816942051053
16715,0.01255427673459053,0.0007031194982118905
16716,0.011646639555692673,0.0008540038834325969
16717,0.003918791189789772,0.0010378092993050814
16718,0.004745118785649538,0.0011377149494364858
16719,0.010545884259045124,0.0011160083813592792
16720,0.008867401629686356,0.0008769247215241194
16721,0.0044493041932582855,0.0005609173094853759
16722,0.0017240874003618956,0.00034732994390651584
16723,0.0027826321311295033,0.0003408289048820734
16724,0.005010243970900774,0.00048483398859389126
16725,0.003903711214661598,0.0006383366417139769
16726,0.0019302160944789648,0.0006778079550713301
16727,0.0017722909105941653,0.0005808061687275767
16728,0.0035122160334140062,0.0004221141280140728
16729,0.004044740926474333,0.00032193941297009587
16730,0.003319041570648551,0.0003277498180978
16731,0.0017774103907868266,0.00039757473859936
16732,0.001805371604859829,0.00046649083378724754
16733,0.0022865268401801586,0.0004964559338986874
16734,0.0026762932538986206,0.0004720544093288481
16735,0.0019197975052520633,0.00041361211333423853
16736,0.001656288979575038,0.0003503362531773746
16737,0.001457998063415289,0.00031131855212152004
16738,0.0017927756998687983,0.0002998358104377985
16739,0.0018596900627017021,0.00030967892962507904
16740,0.001862267847172916,0.0003368193283677101
16741,0.0015080301091074944,0.00037619596696458757
16742,0.0013745753094553947,0.00042613543337211013
16743,0.0014260333264246583,0.0004897232283838093
16744,0.0016805389896035194,0.0005847262218594551
16745,0.0017293825512751937,0.0007070507854223251
16746,0.0015093049732968211,0.000877057493198663
16747,0.001256534131243825,0.0010342971654608846
16748,0.0012183997314423323,0.0011583085870370269
16749,0.0014104979345574975,0.001090511679649353
16750,0.0014679627493023872,0.0008547726320102811
16751,0.001380442874506116,0.000536985753569752
16752,0.0012150175170972943,0.00033821072429418564
16753,0.0012233280576765537,0.00034826004412025213
16754,0.0012644509552046657,0.0004987473948858678
16755,0.001332379411906004,0.000645460793748498
16756,0.0012975287390872836,0.0006765619618818164
16757,0.0012732036411762238,0.0005668145604431629
16758,0.0012098443694412708,0.00040952832205221057
16759,0.0012064779875800014,0.0003179471241310239
16760,0.0012116276193410158,0.00033137761056423187
16761,0.0012579476460814476,0.0004036021127831191
16762,0.0012524747289717197,0.0004708997148554772
16763,0.0012217725161463022,0.0004944134852848947
16764,0.0011743351351469755,0.00046935700811445713
16765,0.0011747139506042004,0.0004069048445671797
16766,0.0012005236931145191,0.0003457490529399365
16767,0.0012172143906354904,0.0003089312231168151
16768,0.001203938852995634,0.00029925158014521003
16769,0.0011791945435106754,0.00031045021023601294
16770,0.0011723756324499846,0.0003385122399777174
16771,0.0011753622675314546,0.00037913184496574104
16772,0.0011859250953420997,0.0004284749156795442
16773,0.0011857664212584496,0.0004966279957443476
16774,0.0011861923849210143,0.0005884653073735535
16775,0.0011756883468478918,0.0007240921841003001
16776,0.0011699108872562647,0.0008788724080659449
16777,0.0011645285412669182,0.0010607789736241102
16778,0.0011720345355570316,0.0011427205754444003
16779,0.0011764453956857324,0.0010886859381571412
16780,0.0011775883613154292,0.0008254502317868173
16781,0.0011690419632941484,0.0005127420299686491
16782,0.0011638521682471037,0.000330392736941576
16783,0.0011629213113337755,0.00035631266655400395
16784,0.0011668377555906773,0.0005121689173392951
16785,0.001168654765933752,0.0006541016045957804
16786,0.001167805283330381,0.0006692841416224837
16787,0.001165731344372034,0.0005543325678445399
16788,0.0011634266702458262,0.00039786455454304814
16789,0.0011623750906437635,0.00031460850732401013
16790,0.001161669148132205,0.0003354651271365583
16791,0.0011631681118160486,0.00040922456537373364
16792,0.001163883600383997,0.0004732527886517346
16793,0.0011640765005722642,0.0004951021401211619
16794,0.001161887077614665,0.0004630842595361173
16795,0.001160602318122983,0.0004015472950413823
16796,0.001159972627647221,0.00034097288153134286
16797,0.0011610446963459253,0.0003065956407226622
16798,0.0011614325921982527,0.00029876932967454195
16799,0.0011614537797868252,0.0003113600832875818
16800,0.0011606407351791859,0.00034074884024448693
16801,0.0011600173311308026,0.00038154597859829664
16802,0.0011595332762226462,0.0004333815595600754
16803,0.00115935318171978,0.0005004946724511683
16804,0.0011594487586989999,0.0006013083038851619
16805,0.0011595869436860085,0.0007294188835658133
16806,0.0011597257107496262,0.0009046577615663409
16807,0.0011593541130423546,0.0010573642794042826
16808,0.0011588968336582184,0.0011613371316343546
16809,0.0011583659797906876,0.0010604094713926315
16810,0.001158340834081173,0.0007981234812177718
16811,0.0011583692394196987,0.00048821346717886627
16812,0.00115849613212049,0.0003238389326725155
16813,0.0011583358282223344,0.00036689528496935964
16814,0.0011581494472920895,0.0005276930751278996
16815,0.001157874008640647,0.0006600274937227368
16816,0.0011576800607144833,0.0006655779434368014
16817,0.001157501246780157,0.0005386710981838405
16818,0.0011574049713090062,0.0003852250229101628
16819,0.0011573678348213434,0.00031197292264550924
16820,0.0011573260417208076,0.00034035841235890985
16821,0.0011572384973987937,0.00041566276922822
16822,0.0011570381466299295,0.0004775814595632255
16823,0.0011568472255021334,0.0004921526997350156
16824,0.0011566684115678072,0.0004592940676957369
16825,0.0011565907625481486,0.0003943558258470148
16826,0.0011565014719963074,0.00033625197829678655
16827,0.0011564225424081087,0.0003043770557269454
16828,0.0011563162552192807,0.0002984514576382935
16829,0.0011561989085748792,0.00031257112277671695
16830,0.0011560691054910421,0.00034292385680601
16831,0.0011559465201571584,0.0003850851207971573
16832,0.0011557949474081397,0.0004363555053714663
16833,0.0011556772515177727,0.0005087909521535039
16834,0.0011555799283087254,0.0006062152679078281
16835,0.0011554996017366648,0.0007488637929782271
16836,0.001155397854745388,0.0009070832165889442
16837,0.0011552791111171246,0.0010843609925359488
16838,0.0011551667703315616,0.0011428981088101864
16839,0.001155033358372748,0.0010515132453292608
16840,0.0011549217160791159,0.0007657056557945907
16841,0.0011548125185072422,0.0004636505036614835
16842,0.0011546986643224955,0.00031880108872428536
16843,0.0011545969173312187,0.00037800619611516595
16844,0.0011545013403519988,0.0005421052919700742
16845,0.0011543941218405962,0.0006676038610748947
16846,0.0011542814318090677,0.0006555106956511736
16847,0.0011541683925315738,0.0005237509612925351
16848,0.0011540534906089306,0.00037365141906775534
16849,0.0011539449915289879,0.00031016659340821207
16850,0.0011538354447111487,0.00034582006628625095
16851,0.0011537281097844243,0.00042183310142718256
16852,0.0011536173988133669,0.0004793933476321399
16853,0.001153505640104413,0.0004920237697660923
16854,0.0011534015648066998,0.00045215338468551636
16855,0.0011532929493114352,0.0003883641620632261
16856,0.0011531838681548834,0.00033158017322421074
16857,0.0011530783958733082,0.0003022921155206859
16858,0.0011529689654707909,0.00029823192744515836
16859,0.0011528583709150553,0.00031377971754409373
16860,0.0011527470778673887,0.0003454635734669864
16861,0.001152639975771308,0.0003875845577567816
16862,0.0011525297304615378,0.00044156331568956375
16863,0.0011524246074259281,0.0005127079784870148
16864,0.001152318436652422,0.0006199002382345498
16865,0.0011522064451128244,0.0007539897924289107
16866,0.0011521030683070421,0.0009339077514596283
16867,0.00115198886487633,0.001079426845535636
16868,0.0011518823448568583,0.001158796832896769
16869,0.0011517731472849846,0.001022610580548644
16870,0.0011516637168824673,0.0007372562540695071
16871,0.0011515518417581916,0.0004420058394316584
16872,0.0011514537036418915,0.00031597368069924414
16873,0.001151343691162765,0.00039053166983649135
16874,0.0011512390337884426,0.0005572641384787858
16875,0.0011511233169585466,0.000671059766318649
16876,0.0011510152835398912,0.0006497771246358752
16877,0.0011509025935083628,0.000508380588144064
16878,0.001150799449533224,0.00036273582372814417
16879,0.0011506975861266255,0.00030930465436540544
16880,0.0011505743023008108,0.0003513363772071898
16881,0.0011504734866321087,0.0004278557316865772
16882,0.0011503653367981315,0.00048330490244552493
16883,0.0011502590496093035,0.0004884255467914045
16884,0.0011501512490212917,0.0004480115312617272
16885,0.0011500406544655561,0.0003816261305473745
16886,0.0011499380925670266,0.0003273744659963995
16887,0.001149823423475027,0.00030048348708078265
16888,0.0011497207451611757,0.00029818646726198494
16889,0.0011496085207909346,0.0003152372664771974
16890,0.0011495007202029228,0.00034778605913743377
16891,0.0011493921047076583,0.0003914560074917972
16892,0.0011492830235511065,0.0004449837433639914
16893,0.0011491733603179455,0.0005222645122557878
16894,0.0011490604374557734,0.0006257029017433524
16895,0.001148951705545187,0.0007757858838886023
16896,0.0011488490272313356,0.000936929602175951
16897,0.0011487414594739676,0.0011072264751419425
16898,0.0011486394796520472,0.0011389836436137557
16899,0.0011485264403745532,0.001009034225717187
16900,0.0011484124697744846,0.0007047829567454755
16901,0.00114830257371068,0.000419733754824847
16902,0.0011481958208605647,0.0003146593808196485
16903,0.0011480848770588636,0.0004043744702357799
16904,0.0011479746317490935,0.0005720107583329082
16905,0.0011478723026812077,0.0006775360088795424
16906,0.0011477700900286436,0.0006377894314937294
16907,0.0011476549552753568,0.0004922875086776912
16908,0.001147553906776011,0.0003521915932651609
16909,0.0011474450584501028,0.00030935395625419915
16910,0.0011473331833258271,0.0003581467899493873
16911,0.0011472196783870459,0.0004346948699094355
16912,0.001147112576290965,0.00048485476872883737
16913,0.0011470040772110224,0.0004878649488091469
16914,0.0011468997690826654,0.00044045704999007285
16915,0.0011467821896076202,0.00037525405059568584
16916,0.0011466818396002054,0.0003227936977054924
16917,0.0011465660063549876,0.00029861199436709285
16918,0.0011464593699201941,0.00029846953111700714
16919,0.0011463502887636423,0.00031738271354697645
16920,0.0011462438851594925,0.00035175890661776066
16921,0.0011461416725069284,0.0003958043525926769
16922,0.0011460320092737675,0.00045314672752283514
16923,0.0011459325905889273,0.0005296758026815951
16924,0.0011458195513114333,0.0006446450133807957
16925,0.0011457216460257769,0.0007850758265703917
16926,0.0011456120992079377,0.0009678502683527768
16927,0.0011455207131803036,0.0010993812466040254
16928,0.0011454231571406126,0.0011432901956140995
16929,0.0011453361948952079,0.0009657840710133314
16930,0.0011452658800408244,0.0006620400818064809
16931,0.0011451973114162683,0.00039402180118486285
16932,0.0011451519094407558,0.00031593412859365344
16933,0.0011451455065980554,0.00042274303268641233
16934,0.0011451878817752004,0.0005891212495043874
16935,0.0011453101178631186,0.0006757156224921346
16936,0.001145547954365611,0.0006226198165677488
16937,0.001145961694419384,0.00046987843234091997
16938,0.0011466725263744593,0.00033956568222492933
16939,0.0011478172382339835,0.00031069142278283834
16940,0.001149672083556652,0.00036619746242649853
16941,0.0011526496382430196,0.00044135708594694734
16942,0.0011574418749660254,0.00048749917186796665
16943,0.0011651135282590985,0.0004809251695405692
16944,0.0011775500606745481,0.0004325254412833601
16945,0.001197467790916562,0.000366338063031435
16946,0.001230018911883235,0.00031775428215041757
16947,0.0012820062693208456,0.00029682996682822704
16948,0.0013672359054908156,0.00029891918529756367
16949,0.001500393496826291,0.00031955307349562645
16950,0.0017144649755209684,0.0003544736828189343
16951,0.0020256254356354475,0.00039989801007322967
16952,0.002485251985490322,0.0004565072595141828
16953,0.0030206264927983284,0.0005399828078225255
16954,0.00360491662286222,0.0006506075151264668
16955,0.0038396944291889668,0.0008091182680800557
16956,0.003639745991677046,0.0009717033244669437
16957,0.0028011840768158436,0.0011291569098830223
16958,0.0018792306073009968,0.0011251512914896011
16959,0.0012850492494180799,0.0009509774390608072
16960,0.0011949398322030902,0.0006336894002743065
16961,0.0015134613495320082,0.00037723634159192443
16962,0.002212056191638112,0.0003191530704498291
16963,0.003436765167862177,0.00043835435644723475
16964,0.004856186453253031,0.0006030285730957985
16965,0.005596727132797241,0.0006815555389039218
16966,0.00404586736112833,0.0006115629803389311
16967,0.00193378038238734,0.00045611249515786767
16968,0.0014439919032156467,0.00033224423532374203
16969,0.0029119225218892097,0.0003127412055619061
16970,0.005788653157651424,0.00037321035051718354
16971,0.010055623948574066,0.0004477582697290927
16972,0.014176695607602596,0.0004884249065071344
16973,0.009066478349268436,0.0004806008073501289
16974,0.003495344426482916,0.00042616022983565927
16975,0.006231257691979408,0.000361336104106158
16976,0.007933061569929123,0.0003145404625684023
16977,0.007644404657185078,0.00029566112789325416
16978,0.00682487990707159,0.000299316190648824
16979,0.004717628005892038,0.000321404222631827
16980,0.003182407468557358,0.0003579591284506023
16981,0.001772310701198876,0.00040352361975237727
16982,0.0032814485020935535,0.00046437274431809783
16983,0.0031192516908049583,0.0005466401344165206
16984,0.0027849345933645964,0.0006697686039842665
16985,0.0014451825991272926,0.0008169292705133557
16986,0.0019402254838496447,0.001002477016299963
16987,0.002273701364174485,0.001118845073506236
16988,0.0031151901930570602,0.0011267081135883927
16989,0.0024331952445209026,0.0009113741107285023
16990,0.001727907918393612,0.0005962868453934789
16991,0.0014058308443054557,0.0003587193205021322
16992,0.0022360256407409906,0.0003249642613809556
16993,0.0022994312457740307,0.0004570188175421208
16994,0.002002293709665537,0.0006181455682963133
16995,0.0013275179080665112,0.0006771702319383621
16996,0.0013225977309048176,0.0005961528513580561
16997,0.0015174871077761054,0.0004369156376924366
16998,0.001787605113349855,0.00032338863820768893
16999,0.0015820495318621397,0.0003162166685797274
17000,0.0013355319388210773,0.0003815221134573221
17001,0.0012204094091430306,0.0004536760097835213
17002,0.0013970372965559363,0.0004907245165668428
17003,0.0015290408628061414,0.00047348375665023923
17004,0.0015363222919404507,0.0004184414283372462
17005,0.0013903742656111717,0.0003533227136358619
17006,0.0012361755361780524,0.00031014723936095834
17007,0.001215831725858152,0.0002943813451565802
17008,0.0012817498063668609,0.0003004372410941869
17009,0.0013677051756531,0.0003245915286242962
17010,0.0013338503194972873,0.00036198273301124573
17011,0.0012631327845156193,0.00040978100150823593
17012,0.0011617690324783325,0.0004704982857219875
17013,0.0011743318755179644,0.000561220629606396
17014,0.0012085398193448782,0.0006794339860789478
17015,0.0012559178285300732,0.0008457706426270306
17016,0.0012102789478376508,0.0010059259366244078
17017,0.001174340839497745,0.0011425637640058994
17018,0.0011457728687673807,0.0010956914629787207
17019,0.0011768669355660677,0.0008776863687671721
17020,0.0011903310660272837,0.0005582165322266519
17021,0.0012025065952911973,0.00034210365265607834
17022,0.0011810034047812223,0.000333932664943859
17023,0.001164147863164544,0.0004772979882545769
17024,0.0011471954640001059,0.0006304249400272965
17025,0.0011536423116922379,0.0006754247006028891
17026,0.0011657222639769316,0.0005756926257163286
17027,0.001175322337076068,0.00041722290916368365
17028,0.001168080372735858,0.00031608896097168326
17029,0.0011505286674946547,0.0003209710121154785
17030,0.0011396633926779032,0.00039055486558936536
17031,0.0011410992592573166,0.00046029576333239675
17032,0.001152106560766697,0.0004890899872407317
17033,0.001154223456978798,0.0004691371286753565
17034,0.0011505401926115155,0.00040867255302146077
17035,0.0011413434986025095,0.00034625359694473445
17036,0.0011396228801459074,0.00030636886367574334
17037,0.001138657913543284,0.00029339519096538424
17038,0.0011426943819969893,0.0003016082919202745
17039,0.0011432662140578032,0.00032739024027250707
17040,0.001144543057307601,0.000366306136129424
17041,0.0011406640987843275,0.0004140142700634897
17042,0.0011378820054233074,0.00047980097588151693
17043,0.001135420985519886,0.0005691078258678317
17044,0.001137315295636654,0.0007017137832008302
17045,0.0011391295120120049,0.0008554972009733319
17046,0.0011401042575016618,0.0010402225889265537
17047,0.0011384504614397883,0.001132147735916078
17048,0.0011363087687641382,0.0010926055256277323
17049,0.0011349389096722007,0.0008379581267945468
17050,0.0011348288971930742,0.0005226315697655082
17051,0.0011357455514371395,0.0003292187466286123
17052,0.0011362559162080288,0.00034515318111516535
17053,0.0011364070232957602,0.0004982092650607228
17054,0.0011353569570928812,0.0006451114313676953
17055,0.0011345426319167018,0.0006686828564852476
17056,0.0011336775496602058,0.0005588478525169194
17057,0.0011338618351146579,0.0004000758344773203
17058,0.0011339605553075671,0.00031066947849467397
17059,0.0011343881487846375,0.00032681881566531956
17060,0.0011341816280037165,0.0003994179132860154
17061,0.0011338931508362293,0.0004653941432479769
17062,0.0011332124704495072,0.0004908450646325946
17063,0.0011328428518027067,0.00046181821380741894
17064,0.0011326927924528718,0.0004012498538941145
17065,0.001132883015088737,0.00033952141529880464
17066,0.0011329776607453823,0.00030304776737466455
17067,0.0011328619439154863,0.0002927292953245342
17068,0.0011325895320624113,0.0003030146472156048
17069,0.001132275676354766,0.0003306716971565038
17070,0.0011320849880576134,0.00037015406996943057
17071,0.0011319066397845745,0.00042048643808811903
17072,0.0011318782344460487,0.0004861010529566556
17073,0.0011318221222609282,0.0005850900197401643
17074,0.00113183434586972,0.0007117512868717313
17075,0.001131674973294139,0.0008863687398843467
17076,0.0011314984876662493,0.001041896641254425
17077,0.0011312700808048248,0.0011524230940267444
17078,0.0011311431881040335,0.001059043570421636
17079,0.001131033874116838,0.0008009460289031267
17080,0.001130979391746223,0.0004888499388471246
17081,0.0011309084948152304,0.00031951064011082053
17082,0.001130809192545712,0.00035897077759727836
17083,0.0011306917294859886,0.0005193428951315582
17084,0.0011305464431643486,0.0006542773335240781
17085,0.001130413031205535,0.0006635446334257722
17086,0.0011302899802103639,0.0005378159694373608
17087,0.0011301959166303277,0.00038260052679106593
17088,0.0011300928890705109,0.0003067621437367052
17089,0.0011300079058855772,0.00033362823887728155
17090,0.0011299061588943005,0.00040873364196158946
17091,0.0011298131430521607,0.0004717159899882972
17092,0.0011296758893877268,0.0004879980406258255
17093,0.0011295638978481293,0.0004564161936286837
17094,0.0011294495780020952,0.0003915129054803401
17095,0.0011293443385511637,0.00033279118360951543
17096,0.001129254698753357,0.0002998069685418159
17097,0.0011291500413790345,0.00029238095157779753
17098,0.0011290491092950106,0.00030516370316036046
17099,0.0011289417743682861,0.00033466581953689456
17100,0.0011288379319012165,0.0003761017578653991
17101,0.0011287347879260778,0.00042678817408159375
17102,0.0011286282679066062,0.0004988816799595952
17103,0.0011285184882581234,0.0005962629802525043
17104,0.0011284190695732832,0.0007389526581391692
17105,0.0011283151106908917,0.0008975485106930137
17106,0.0011282183695584536,0.0010751483496278524
17107,0.0011281052138656378,0.0011324615916237235
17108,0.0011280057951807976,0.0010378946317359805
17109,0.0011279017198830843,0.0007501309737563133
17110,0.0011277970625087619,0.0004505016258917749
17111,0.001127703464590013,0.00031212036265060306
17112,0.0011275869328528643,0.0003767248126678169
17113,0.001127489609643817,0.0005417567444965243
17114,0.0011273805284872651,0.0006643662927672267
17115,0.0011272745905444026,0.0006476425332948565
17116,0.0011271785479038954,0.0005130383651703596
17117,0.0011270683025941253,0.0003641131042968482
17118,0.0011269700480625033,0.00030432373750954866
17119,0.0011268679518252611,0.00034252877230755985
17120,0.001126765040680766,0.0004186428268440068
17121,0.0011266575893387198,0.0004751283850055188
17122,0.0011265540961176157,0.0004866282979492098
17123,0.0011264533968642354,0.00044562469702214
17124,0.0011263519991189241,0.0003816032549366355
17125,0.0011262486223131418,0.0003255324554629624
17126,0.0011261419858783484,0.0002966741449199617
17127,0.0011260414030402899,0.00029232478118501604
17128,0.0011259287130087614,0.00030752996099181473
17129,0.0011258336016908288,0.00033899571280926466
17130,0.0011257356964051723,0.00038077463977970183
17131,0.001125619630329311,0.0004348146030679345
17132,0.0011255273129791021,0.0005069458275102079
17133,0.0011254223063588142,0.000615907774772495
17134,0.0011253140401095152,0.0007519044447690248
17135,0.0011252128751948476,0.0009337213123217225
17136,0.0011251195101067424,0.0010774083202704787
17137,0.0011250117095187306,0.0011486001312732697
17138,0.0011249068193137646,0.0010001003975048661
17139,0.0011248030932620168,0.000707359635271132
17140,0.0011246915673837066,0.00041960892849601805
17141,0.0011245949426665902,0.00030983041506260633
17142,0.0011244929628446698,0.00039659725734964013
17143,0.0011243897024542093,0.0005645583150908351
17144,0.0011242821346968412,0.0006699415389448404
17145,0.0011241838801652193,0.0006376445526257157
17146,0.0011240800376981497,0.0004906693939119577
17147,0.0011239760788157582,0.00034901738399639726
17148,0.0011238681618124247,0.000304220273392275
17149,0.001123766298405826,0.00035148009192198515
17150,0.001123668858781457,0.00042790552834048867
17151,0.001123563852161169,0.0004807558434549719
17152,0.0011234573321416974,0.0004823155468329787
17153,0.001123349997214973,0.0004390755493659526
17154,0.0011232522083446383,0.0003723240224644542
17155,0.0011231473181396723,0.000319796206895262
17156,0.0011230404488742352,0.00029438931960612535
17157,0.0011229433584958315,0.000292586802970618
17158,0.0011228416115045547,0.00031008219229988754
17159,0.0011227397480979562,0.00034296431113034487
17160,0.0011226285714656115,0.000386637169867754
17161,0.0011225182097405195,0.0004408419190440327
17162,0.0011224292684346437,0.000520370143931359
17163,0.001122327521443367,0.000626663735602051
17164,0.001122219953685999,0.0007802082691341639
17165,0.0011221072636544704,0.0009424573509022593
17166,0.0011220037704333663,0.0011080041294917464
17167,0.0011219085427001119,0.0011239915620535612
17168,0.0011218052823096514,0.0009728746954351664
17169,0.0011216974817216396,0.0006616348982788622
17170,0.001121595734730363,0.0003908972139470279
17171,0.0011214908445253968,0.0003109500394202769
17172,0.00112138781696558,0.00041705300100147724
17173,0.0011212833924219012,0.000583611719775945
17174,0.00112118199467659,0.0006751308683305979
17175,0.0011210767552256584,0.0006190215353854001
17176,0.0011209696531295776,0.00046747937449254096
17177,0.0011208630166947842,0.00033571175299584866
17178,0.0011207686038687825,0.0003057868161704391
17179,0.0011206571944057941,0.00036120525328442454
17180,0.0011205548653379083,0.00043674305197782815
17181,0.0011204516049474478,0.0004820721806026995
17182,0.0011203486938029528,0.0004797184083145112
17183,0.0011202477617189288,0.00042856507934629917
17184,0.0011201419401913881,0.0003635697648860514
17185,0.0011200462467968464,0.00031414226396009326
17186,0.0011199424043297768,0.0002922814164776355
17187,0.0011198461288586259,0.000293187506031245
17188,0.001119740423746407,0.00031291256891563535
17189,0.0011196404229849577,0.0003476276178844273
17190,0.0011195441475138068,0.0003915569977834821
17191,0.0011194510152563453,0.0004499505157582462
17192,0.0011193739483132958,0.0005291628767736256
17193,0.0011193049140274525,0.0006482350872829556
17194,0.0011192563688382506,0.0007926689577288926
17195,0.0011192464735358953,0.0009784832363948226
17196,0.001119270222261548,0.0011041080579161644
17197,0.0011193915270268917,0.0011298861354589462
17198,0.0011196509003639221,0.0009304418927058578
17199,0.0011201431043446064,0.0006181164644658566
17200,0.0011210141237825155,0.00036690806155093014
17201,0.0011225170455873013,0.0003159202169626951
17202,0.0011250795796513557,0.0004392865230329335
17203,0.0011294519063085318,0.0006037678685970604
17204,0.0011368028353899717,0.000674332317430526
17205,0.0011493635829538107,0.0006038658320903778
17206,0.0011705205542966723,0.00044549410813488066
17207,0.001206923509016633,0.0003244144900236279
17208,0.0012680416693910956,0.0003090541285928339
17209,0.0013733671512454748,0.0003709729644469917
17210,0.0015456376131623983,0.0004446295206435025
17211,0.0018359199166297913,0.00048594383406452835
17212,0.002270783530548215,0.00047331946552731097
17213,0.002929728478193283,0.00042078731348738074
17214,0.0036620511673390865,0.00035491626476868987
17215,0.004376869648694992,0.00030930235516279936
17216,0.004348708316683769,0.0002906819572672248
17217,0.003596500726416707,0.0002940552949439734
17218,0.0022298796102404594,0.00031602533999830484
17219,0.001295073889195919,0.00035184979788027704
17220,0.001206846791319549,0.00039803789695724845
17221,0.00187979219481349,0.00045684934593737125
17222,0.003345525823533535,0.000544906419236213
17223,0.005798744037747383,0.0006606124807149172
17224,0.008833016268908978,0.0008248303784057498
17225,0.00783519633114338,0.0009873297531157732
17226,0.0037121865898370743,0.0011328887194395065
17227,0.001920482493005693,0.0011003641411662102
17228,0.004867655225098133,0.0008946048328652978
17229,0.009919674135744572,0.0005738343461416662
17230,0.01598942279815674,0.0003456189879216254
17231,0.01984489895403385,0.00032483297400176525
17232,0.008867527358233929,0.0004632148193195462
17233,0.006229303777217865,0.0006205426179803908
17234,0.013322079554200172,0.000674903392791748
17235,0.006505868397653103,0.0005819298094138503
17236,0.004647084511816502,0.0004226118035148829
17237,0.004042953252792358,0.0003149823169223964
17238,0.006176253780722618,0.00031417032005265355
17239,0.010488421656191349,0.00038204703014343977
17240,0.012078933417797089,0.00045345077523961663
17241,0.0076854173094034195,0.00048570206854492426
17242,0.0058310204185545444,0.00046895293053239584
17243,0.0076685501262545586,0.0004094790783710778
17244,0.005479203071445227,0.0003461119194980711
17245,0.0026555866934359074,0.0003042991447728127
17246,0.006018032319843769,0.0002892975462600589
17247,0.012791258282959461,0.0002956579555757344
17248,0.01846228912472725,0.0003200812207069248
17249,0.011848650872707367,0.00035797551390714943
17250,0.004983783699572086,0.000404606107622385
17251,0.013485122472047806,0.00046885351184755564
17252,0.006968786474317312,0.0005564519669860601
17253,0.00443293247371912,0.0006867494666948915
17254,0.014458047226071358,0.0008389628492295742
17255,0.02043965458869934,0.0010238613467663527
17256,0.010314002633094788,0.0011203780304640532
17257,0.0033527188934385777,0.0010888129472732544
17258,0.01286354474723339,0.0008403672836720943
17259,0.006465249694883823,0.0005255157593637705
17260,0.0039033866487443447,0.00032726681092754006
17261,0.010008045472204685,0.0003378984984010458
17262,0.007649959996342659,0.000488621648401022
17263,0.0031814221292734146,0.0006369479233399034
17264,0.0026353728026151657,0.0006643238593824208
17265,0.0038186556193977594,0.000557533698156476
17266,0.0025536862667649984,0.0003986730589531362
17267,0.0033293659798800945,0.0003070797538384795
17268,0.003154007252305746,0.000321213505230844
17269,0.0021130377426743507,0.00039307575207203627
17270,0.0022254339419305325,0.0004596194194164127
17271,0.0026626153849065304,0.00048647262156009674
17272,0.002393255243077874,0.0004588139709085226
17273,0.0018807045416906476,0.00039895466761663556
17274,0.001829968299716711,0.00033704034285619855
17275,0.0021569915115833282,0.00029980510589666665
17276,0.001695992541499436,0.00028832475072704256
17277,0.001550215412862599,0.00029744848143309355
17278,0.0020764037035405636,0.0003241513331886381
17279,0.0012925490736961365,0.00036275683669373393
17280,0.0015875063836574554,0.0004121389938518405
17281,0.0016512625152245164,0.00047690048813819885
17282,0.001488913781940937,0.0005748796975240111
17283,0.0013812887482345104,0.0007007124950177968
17284,0.0014427721034735441,0.0008750533452257514
17285,0.001425230992026627,0.0010321250883862376
17286,0.0013212049379944801,0.0011458003427833319
17287,0.0013421347830444574,0.0010556577472016215
17288,0.001358657144010067,0.0007992901955731213
17289,0.001302355551160872,0.0004865393857471645
17290,0.0011615731054916978,0.00031574154854752123
17291,0.001371755264699459,0.0003541202750056982
17292,0.0012414456577971578,0.0005141209112480283
17293,0.0012057669227942824,0.000649733527097851
17294,0.0012342531699687243,0.0006603088695555925
17295,0.0012163802748546004,0.0005349653074517846
17296,0.001194930518977344,0.0003792107745539397
17297,0.001199323683977127,0.00030271176365204155
17298,0.0012074995320290327,0.00032906135311350226
17299,0.001163990469649434,0.00040390793583355844
17300,0.0011629934888333082,0.00046729305176995695
17301,0.0011740444460883737,0.00048443645937368274
17302,0.0011927180457860231,0.0004535585467237979
17303,0.0011250250972807407,0.0003888040082529187
17304,0.001159081468358636,0.00033001627889461815
17305,0.0011605253675952554,0.00029642644221894443
17306,0.0011400259099900723,0.00028783900779671967
17307,0.0011441301321610808,0.0002994700043927878
17308,0.0011439549271017313,0.00032809804542921484
17309,0.0011358459014445543,0.0003685977717395872
17310,0.001129250624217093,0.0004183891578577459
17311,0.0011376646580174565,0.0004898002371191978
17312,0.0011336785973981023,0.000586780603043735
17313,0.0011289779795333743,0.0007292124209925532
17314,0.001120091648772359,0.0008887192816473544
17315,0.0011346086394041777,0.0010687664616852999
17316,0.0011226589558646083,0.0011291075497865677
17317,0.0011204546317458153,0.0010365634225308895
17318,0.0011252900585532188,0.0007480615167878568
17319,0.0011217995779588819,0.0004467936232686043
17320,0.001118684303946793,0.0003080607275478542
17321,0.001119735767133534,0.00037334690568968654
17322,0.0011202527675777674,0.0005390727310441434
17323,0.0011167876655235887,0.0006623808294534683
17324,0.0011167994234710932,0.0006456357659772038
17325,0.0011165234027430415,0.0005101286806166172
17326,0.0011186152696609497,0.00036015070509165525
17327,0.0011131477076560259,0.00030027294997125864
17328,0.00111491815187037,0.0003388144832570106
17329,0.0011157025583088398,0.0004150930908508599
17330,0.001114049693569541,0.00047189032193273306
17331,0.0011132234940305352,0.00048382021486759186
17332,0.001113767153583467,0.0004426387313287705
17333,0.0011129789054393768,0.00037829717621207237
17334,0.0011123938020318747,0.0003220709040760994
17335,0.0011126697063446045,0.0002928805770352483
17336,0.0011121989227831364,0.00028783472953364253
17337,0.001112107653170824,0.00030252334545366466
17338,0.0011108198668807745,0.00033369057928211987
17339,0.0011118445545434952,0.00037509878166019917
17340,0.0011113910004496574,0.0004288656928110868
17341,0.0011106429155915976,0.0005011630710214376
17342,0.0011105046141892672,0.0006105015054345131
17343,0.0011108637554571033,0.0007467627292498946
17344,0.0011102615389972925,0.0009287599241361022
17345,0.0011100794654339552,0.0010712840594351292
17346,0.001110002282075584,0.0011387746781110764
17347,0.0011098399991169572,0.0009853829396888614
17348,0.0011097064707428217,0.0006904316251166165
17349,0.0011093481443822384,0.00040724477730691433
17350,0.0011095043737441301,0.0003056732239201665
17351,0.001109209842979908,0.00039810602902434766
17352,0.0011089742183685303,0.0005660377792082727
17353,0.0011089041363447905,0.0006667712004855275
17354,0.001108935452066362,0.0006289632874540985
17355,0.0011085818987339735,0.00047967489808797836
17356,0.0011085227597504854,0.0003405989264138043
17357,0.0011084198486059904,0.0003004702157340944
17358,0.0011083262506872416,0.00035035074688494205
17359,0.0011081697884947062,0.0004265151801519096
17360,0.0011080099502578378,0.00047779682790860534
17361,0.0011079641990363598,0.0004773494438268244
17362,0.0011078296229243279,0.00043268915032967925
17363,0.0011076894588768482,0.00036599341547116637
17364,0.0011075988877564669,0.00031452972325496376
17365,0.0011075283400714397,0.00028990444843657315
17366,0.0011073530185967684,0.00028834582190029323
17367,0.001107285264879465,0.0003060540184378624
17368,0.0011071814224123955,0.00033897283719852567
17369,0.0011070885229855776,0.0003824539599008858
17370,0.001106942305341363,0.00043692870531231165
17371,0.0011068549938499928,0.000517557782586664
17372,0.00110677070915699,0.0006251995800994337
17373,0.0011066719889640808,0.0007804292254149914
17374,0.0011065471917390823,0.0009431088692508638
17375,0.0011064538266509771,0.0011057688388973475
17376,0.0011063753627240658,0.0011129564372822642
17377,0.0011062591802328825,0.0009506489150226116
17378,0.0011061682598665357,0.0006366841844283044
17379,0.0011060740798711777,0.00037494569551199675
17380,0.00110598374158144,0.00030897834221832454
17381,0.0011058816453441978,0.00042337377090007067
17382,0.0011057881638407707,0.000588487193454057
17383,0.0011056944495067,0.0006718349177390337
17384,0.0011056027142331004,0.0006067341309972107
17385,0.0011055035283789039,0.0004524432588368654
17386,0.0011054122587665915,0.0003259733784943819
17387,0.0011053180787712336,0.0003033305692952126
17388,0.001105232979170978,0.00036204542266204953
17389,0.0011051271576434374,0.00043668283615261316
17390,0.0011050376342609525,0.0004791230312548578
17391,0.001104948460124433,0.00047360846656374633
17392,0.0011048595188185573,0.00042044295696541667
17393,0.0011047652224078774,0.000355892552761361
17394,0.0011046815197914839,0.00030833727214485407
17395,0.0011045935098081827,0.0002877025108318776
17396,0.0011045028222724795,0.0002891397743951529
17397,0.0011044131824746728,0.000309348659357056
17398,0.0011043167905882,0.00034421528107486665
17399,0.0011042350670322776,0.0003881212032865733
17400,0.0011041403049603105,0.00044737779535353184
17401,0.0011040519457310438,0.0005284326034598053
17402,0.0011039606761187315,0.0006502707256004214
17403,0.0011038733646273613,0.0007974551408551633
17404,0.0011037839576601982,0.0009852451039478183
17405,0.0011037024669349194,0.0011063315905630589
17406,0.0011036033974960446,0.0011191947851330042
17407,0.0011035229545086622,0.0009052304085344076
17408,0.0011034371564164758,0.0005886812577955425
17409,0.0011033446062356234,0.0003501111059449613
17410,0.001103256014175713,0.0003172525321133435
17411,0.0011031657923012972,0.0004506187979131937
17412,0.0011030805762857199,0.0006126784719526768
17413,0.0011030001332983375,0.0006718083168379962
17414,0.0011029052548110485,0.0005897899391129613
17415,0.0011028253939002752,0.00042862154077738523
17416,0.0011027298169210553,0.00031469494570046663
17417,0.0011026373831555247,0.0003084255149587989
17418,0.0011025527492165565,0.00037422566674649715
17419,0.001102479174733162,0.00044656178215518594
17420,0.001102385576814413,0.0004843107599299401
17421,0.0011022973340004683,0.00046720425598323345
17422,0.0011022151447832584,0.0004117672797292471
17423,0.0011021258542314172,0.0003463647735770792
17424,0.001102049252949655,0.0003029599611181766
17425,0.001101953792385757,0.0002860757813323289
17426,0.001101865665987134,0.0002907057059928775
17427,0.001101780217140913,0.0003139619657304138
17428,0.0011016919743269682,0.00035057513741776347
17429,0.001101606641896069,0.0003975091967731714
17430,0.0011015207273885608,0.0004581318935379386
17431,0.0011014373740181327,0.0005494890501722693
17432,0.0011013536714017391,0.0006684208055958152
17433,0.0011012657778337598,0.000835759041365236
17434,0.001101180212572217,0.000995915150269866
17435,0.0011010966263711452,0.001129096606746316
17436,0.0011010118760168552,0.0010737316915765405
17437,0.001100926543585956,0.0008470095344819129
17438,0.0011008363217115402,0.0005293777794577181
17439,0.0011007513385266066,0.00032607672619633377
17440,0.0011006667045876384,0.0003320907417219132
17441,0.0011005832348018885,0.00048095520469360054
17442,0.0011004959233105183,0.0006291636382229626
17443,0.0011004083789885044,0.0006640783394686878
17444,0.0011003309627994895,0.0005560998688451946
17445,0.0011002435348927975,0.00039773620665073395
17446,0.0011001594830304384,0.00030431197956204414
17447,0.0011000761296600103,0.0003165184170939028
17448,0.001099982880987227,0.00038799119647592306
17449,0.0010999010410159826,0.00045577448327094316
17450,0.001099820132367313,0.000481113645946607
17451,0.0010997334029525518,0.0004579228116199374
17452,0.001099638408049941,0.00039604667108505964
17453,0.0010995633201673627,0.00033497033291496336
17454,0.0010994762415066361,0.0002970646892208606
17455,0.0010993951000273228,0.0002847313298843801
17456,0.0010993073228746653,0.00029299655579961836
17457,0.0010992255993187428,0.00031886587385088205
17458,0.0010991357266902924,0.00035734259290620685
17459,0.0010990462033078074,0.00040475415880791843
17460,0.0010989733273163438,0.00047175693907774985
17461,0.0010988885769620538,0.000563393346965313
17462,0.0010987998684868217,0.0006992437993176281
17463,0.0010987098794430494,0.000855780381243676
17464,0.0010986332781612873,0.0010407940717414021
17465,0.0010985449189320207,0.0011231437092646956
17466,0.0010984623804688454,0.001064219162799418
17467,0.0010983775136992335,0.0007946018595248461
17468,0.0010982910171151161,0.0004828335950151086
17469,0.0010982075473293662,0.00031213031616061926
17470,0.0010981234954670072,0.0003506694920361042
17471,0.0010980360675603151,0.0005109980702400208
17472,0.0010979515500366688,0.0006491607637144625
17473,0.001097862608730793,0.0006553433486260474
17474,0.001097782514989376,0.0005327365361154079
17475,0.001097697066143155,0.0003758289967663586
17476,0.001097614411264658,0.0002991585060954094
17477,0.0010975284967571497,0.0003260659577790648
17478,0.0010974506149068475,0.0004009279946330935
17479,0.0010973671451210976,0.00046342966379597783
17480,0.001097277388907969,0.00048359896754845977
17481,0.0010971867013722658,0.00044902163790538907
17482,0.0010971053270623088,0.0003862370504066348
17483,0.0010970243019983172,0.0003266512358095497
17484,0.0010969428112730384,0.0002930703922174871
17485,0.0010968534043058753,0.0002841947425622493
17486,0.0010967733105644584,0.00029559715767391026
17487,0.0010966802947223186,0.0003243540704715997
17488,0.0010966048575937748,0.0003641370276454836
17489,0.0010965096298605204,0.0004153841291554272
17490,0.0010964268585667014,0.00048386648995801806
17491,0.0010963459499180317,0.0005875796778127551
17492,0.0010962608503177762,0.0007185718277469277
17493,0.0010961713269352913,0.0008968551992438734
17494,0.0010960949584841728,0.0010465560480952263
17495,0.0010960042709484696,0.0011355312308296561
17496,0.0010959241772070527,0.0010099934879690409
17497,0.0010958394268527627,0.0007305587641894817
17498,0.0010957574704661965,0.0004338218132033944
17499,0.001095675164833665,0.0003035554545931518
17500,0.001095589017495513,0.0003749181632883847
17501,0.0010955004254356027,0.0005407680873759091
17502,0.001095420098863542,0.0006564146024174988
17503,0.0010953295277431607,0.0006382489809766412
17504,0.0010952446609735489,0.0004977121134288609
17505,0.0010951547883450985,0.0003510936221573502
17506,0.0010950778378173709,0.00029657004051841795
17507,0.001094995765015483,0.0003376547829248011
17508,0.0010949124116450548,0.00041362032061442733
17509,0.001094821491278708,0.0004699594574049115
17510,0.0010947458213195205,0.0004767620121128857
17511,0.001094652572646737,0.0004376032738946378
17512,0.0010945801623165607,0.0003715560305863619
17513,0.0010944884270429611,0.0003172733704559505
17514,0.0010944022797048092,0.00028902842313982546
17515,0.0010943205561488867,0.00028420882881619036
17516,0.0010942349908873439,0.0002989550121128559
17517,0.0010941487271338701,0.00032969057792797685
17518,0.0010940602514892817,0.0003713575715664774
17519,0.001093981321901083,0.00042338971979916096
17520,0.0010938959894701838,0.0005000039818696678
17521,0.0010938049526885152,0.0006034242687746882
17522,0.0010937275364995003,0.0007542090024799109
17523,0.0010936417384073138,0.0009177632164210081
17524,0.0010935491882264614,0.0010910657001659274
17525,0.0010934725869446993,0.0011219107545912266
17526,0.0010933834128081799,0.000986291910521686
17527,0.0010933054145425558,0.000677573261782527
17528,0.0010932167060673237,0.00039655674481764436
17529,0.0010931235738098621,0.0003029330400750041
17530,0.0010930525604635477,0.00040165995596908033
17531,0.0010929714189842343,0.0005702939233742654
17532,0.0010928779374808073,0.0006707659922540188
17533,0.001092793419957161,0.0006227829144336283
17534,0.0010927135590463877,0.00047216308303177357
17535,0.0010926262475550175,0.0003343218704685569
17536,0.0010925409151241183,0.0002978978445753455
17537,0.0010924553498625755,0.00035045520053245127
17538,0.0010923731606453657,0.00042682356433942914
17539,0.001092284917831421,0.00047541962703689933
17540,0.0010922024957835674,0.00047665537567809224
17541,0.0010921189095824957,0.00042701337952166796
17542,0.0010920313652604818,0.0003615053719840944
17543,0.0010919444030150771,0.00031030218815431
17544,0.0010918588377535343,0.00028622447280213237
17545,0.0010917807230725884,0.0002849094453267753
17546,0.001091695623472333,0.00030309055000543594
17547,0.0010916104074567556,0.00033685716334730387
17548,0.0010915235616266727,0.0003799091500695795
17549,0.0010914424201473594,0.00043732719495892525
17550,0.0010913533624261618,0.0005157188861630857
17551,0.0010912612779065967,0.0006335798534564674
17552,0.0010911887511610985,0.0007767591741867363
17553,0.0010910998098552227,0.000961574784014374
17554,0.0010910138953477144,0.001087015145458281
17555,0.001090926118195057,0.0011127714533358812
17556,0.001090846722945571,0.0009139184840023518
17557,0.0010907606920227408,0.0006035437108948827
17558,0.0010906718671321869,0.0003563879581633955
17559,0.0010905907256528735,0.00030962249729782343
17560,0.0010905115632340312,0.00043457752326503396
17561,0.0010904211085289717,0.0005973091465421021
17562,0.0010903342626988888,0.0006644190871156752
17563,0.0010902481153607368,0.0005913432687520981
17564,0.0010901563800871372,0.0004331796371843666
17565,0.0010900781489908695,0.0003150824340991676
17566,0.0010899899061769247,0.0003028595237992704
17567,0.0010899142362177372,0.00036570278462022543
17568,0.0010898250620812178,0.000438409362686798
17569,0.0010897417087107897,0.000478327798191458
17570,0.0010896583553403616,0.00046427175402641296
17571,0.0010895677842199802,0.0004111398884560913
17572,0.0010894816368818283,0.00034606311237439513
17573,0.0010893945582211018,0.00030163416522555053
17574,0.0010893152793869376,0.0002834346378222108
17575,0.0010892348363995552,0.0002866998838726431
17576,0.0010891417041420937,0.00030856113880872726
17577,0.001089050667360425,0.0003440033760853112
17578,0.0010889725526794791,0.00038972863694652915
17579,0.0010888841934502125,0.00044878374319523573
17580,0.001088801771402359,0.000537894491571933
17581,0.001088714343495667,0.0006549407262355089
17582,0.001088630990125239,0.0008211844251491129
17583,0.0010885463561862707,0.0009843441657721996
17584,0.0010884515941143036,0.0011264816857874393
17585,0.0010883701033890247,0.001083902781829238
17586,0.0010882916394621134,0.0008668096852488816
17587,0.0010882028145715594,0.0005457648076117039
17588,0.0010881198104470968,0.0003299232921563089
17589,0.0010880407644435763,0.0003242997918277979
17590,0.0010879437904804945,0.0004696023534052074
17591,0.0010878624161705375,0.0006230667931959033
17592,0.0010877682361751795,0.000667392450850457
17593,0.00108769116923213,0.0005650449311360717
17594,0.0010875985026359558,0.0004045803507324308
17595,0.0010875260923057795,0.0003042204480152577
17596,0.0010874331928789616,0.0003110046382062137
17597,0.0010873426217585802,0.00038128922460600734
17598,0.001087261363863945,0.00045118993148207664
17599,0.001087177312001586,0.00048014699132181704
17600,0.001087090466171503,0.000459882227005437
17601,0.0010870099067687988,0.0003984798677265644
17602,0.0010869195684790611,0.00033604344935156405
17603,0.0010868244571611285,0.0002961503923870623
17604,0.0010867456439882517,0.0002820078225340694
17605,0.001086655305698514,0.0002888756280299276
17606,0.0010865796357393265,0.0003139459586236626
17607,0.001086486387066543,0.0003519734018482268
17608,0.0010864036157727242,0.00039884759462438524
17609,0.001086317002773285,0.00046488281805068254
17610,0.0010862363269552588,0.0005552120856009424
17611,0.0010861476184800267,0.0006890209042467177
17612,0.0010860639158636332,0.0008435479248873889
17613,0.0010859789326786995,0.0010271969949826598
17614,0.0010858941823244095,0.0011112992651760578
17615,0.0010857961606234312,0.0010570164304226637
17616,0.0010857114102691412,0.000792370003182441
17617,0.001085624797269702,0.0004824745701625943
17618,0.0010855444706976414,0.00030984089244157076
17619,0.0010854676365852356,0.00034533493453636765
17620,0.0010853729909285903,0.0005036814254708588
17621,0.0010852846316993237,0.00064165482763201
17622,0.0010852024424821138,0.0006494983099400997
17623,0.0010851169936358929,0.0005290467524901032
17624,0.0010850271210074425,0.0003732216136995703
17625,0.001084944000467658,0.0002962106082122773
17626,0.001084847841411829,0.0003222906088922173
17627,0.0010847669327631593,0.0003965530777350068
17628,0.0010846757795661688,0.0004588052979670465
17629,0.0010845946380868554,0.00047915062168613076
17630,0.001084506860934198,0.0004452098801266402
17631,0.0010844249045476317,0.00038312305696308613
17632,0.0010843416675925255,0.00032394190202467144
17633,0.0010842513293027878,0.0002903566346503794
17634,0.0010841626208275557,0.0002811894519254565
17635,0.0010840764734894037,0.000292143871774897
17636,0.0010839898604899645,0.0003203892265446484
17637,0.0010839048773050308,0.000359639641828835
17638,0.0010838183807209134,0.0004103833925910294
17639,0.0010837357258424163,0.00047846720553934574
17640,0.0010836448054760695,0.0005818770732730627
17641,0.0010835598222911358,0.0007130575831979513
17642,0.0010834723943844438,0.000892366049811244
17643,0.0010833884589374065,0.0010440980549901724
17644,0.001083299983292818,0.0011357531184330583
17645,0.0010832104599103332,0.001011314569041133
17646,0.0010831276886165142,0.0007309853099286556
17647,0.001083042356185615,0.0004323339380789548
17648,0.0010829528328031301,0.00030101192533038557
17649,0.0010828656377270818,0.000372557551600039
17650,0.001082774717360735,0.0005394379841163754
17651,0.001082688570022583,0.0006563143688254058
17652,0.0010826103389263153,0.0006386166787706316
17653,0.0010825253557413816,0.0004969115252606571
17654,0.0010824326891452074,0.00034890935057774186
17655,0.0010823451448231936,0.000293928780592978
17656,0.0010822603944689035,0.00033519824501127005
17657,0.0010821705218404531,0.0004115502233617008
17658,0.0010820850729942322,0.00046851002844050527
17659,0.0010819999733939767,0.0004755984409712255
17660,0.0010819158051162958,0.0004361452010925859
17661,0.0010818189475685358,0.00036955997347831726
17662,0.0010817371075972915,0.00031497611780650914
17663,0.0010816497961059213,0.00028642272809520364
17664,0.001081561902537942,0.00028123785159550607
17665,0.001081474358215928,0.00029590027406811714
17666,0.00108139228541404,0.00032674524118192494
17667,0.0010813020635396242,0.00036845641443505883
17668,0.0010812217369675636,0.0004206170851830393
17669,0.001081122551113367,0.0004976221243850887
17670,0.001081038499251008,0.000601308245677501
17671,0.0010809606174007058,0.0007520371000282466
17672,0.001080869697034359,0.0009144166833721101
17673,0.001080781570635736,0.0010844131466001272
17674,0.0010806964710354805,0.001109556294977665
17675,0.0010806069476529956,0.0009680843795649707
17676,0.0010805174242705107,0.0006596396560780704
17677,0.001080428482964635,0.0003854379174299538
17678,0.0010803542099893093,0.00030050938948988914
17679,0.0010802599135786295,0.00040372865623794496
17680,0.0010801663156598806,0.0005705385701730847
17681,0.0010800817981362343,0.0006651146104559302
17682,0.0010800022864714265,0.0006117761367931962
17683,0.0010799074079841375,0.0004604865680448711
17684,0.0010798140428960323,0.0003270339802838862
17685,0.0010797356953844428,0.00029567175079137087
17686,0.0010796422138810158,0.00035038343048654497
17687,0.0010795630514621735,0.0004259806592017412
17688,0.0010794723639264703,0.0004723220190498978
17689,0.001079387147910893,0.0004712185764219612
17690,0.0010793008841574192,0.0004204193828627467
17691,0.0010792084503918886,0.00035550276516005397
17692,0.0010791223030537367,0.0003058287256862968
17693,0.0010790367377921939,0.000282878871075809
17694,0.0010789423249661922,0.00028220820240676403
17695,0.0010788578074425459,0.0003007478080689907
17696,0.001078768982551992,0.00033441634150221944
17697,0.0010786824859678745,0.00037715130019932985
17698,0.0010785923805087805,0.00043467775685712695
17699,0.001078499830327928,0.0005135864485055208
17700,0.0010784158948808908,0.000632365932688117
17701,0.0010783260222524405,0.0007767846691422164
17702,0.001078247558325529,0.0009630211861804128
17703,0.001078158849850297,0.0010876315645873547
17704,0.0010780589655041695,0.001109211822040379
17705,0.0010779814328998327,0.0009046305203810334
17706,0.0010778888827189803,0.0005918889655731618
17707,0.0010778005234897137,0.00034896453144028783
17708,0.0010777178686112165,0.0003090150421485305
17709,0.0010776306735351682,0.0004379269666969776
17710,0.001077541266568005,0.0006001900765113533
17711,0.0010774523252621293,0.0006634626188315451
17712,0.0010773699032142758,0.0005860798992216587
17713,0.0010772706009447575,0.0004263168084435165
17714,0.0010771802626550198,0.0003104326606262475
17715,0.0010771044762805104,0.00030142487958073616
17716,0.0010770101798698306,0.0003656430635601282
17717,0.0010769300861284137,0.0004380698665045202
17718,0.0010768347419798374,0.0004771557287313044
17719,0.0010767505737021565,0.00046173573355190456
17720,0.0010766553459689021,0.00040753436041995883
17721,0.001076563261449337,0.000342449638992548
17722,0.0010764857288450003,0.00029855757020413876
17723,0.0010763858444988728,0.0002805444528348744
17724,0.0010763074969872832,0.0002838582149706781
17725,0.0010762186720967293,0.00030593923293054104
17726,0.0010761256562545896,0.00034146002144552767
17727,0.0010760374134406447,0.0003871956723742187
17728,0.0010759532451629639,0.00044671204523183405
17729,0.0010758675634860992,0.0005367699777707458
17730,0.0010757788550108671,0.0006546468357555568
17731,0.0010756952688097954,0.0008215672569349408
17732,0.0010755917755886912,0.0009836469544097781
17733,0.0010755136609077454,0.0011213717516511679
17734,0.0010754236718639731,0.0010712515795603395
17735,0.0010753375245258212,0.0008476844523102045
17736,0.0010752512607723475,0.0005285821971483529
17737,0.0010751578956842422,0.0003219326608814299
17738,0.0010750662768259645,0.0003256132476963103
17739,0.00107498187571764,0.000474011292681098
17740,0.001074885600246489,0.0006236579502001405
17741,0.0010747984051704407,0.0006609571282751858
17742,0.0010747171472758055,0.0005536691751331091
17743,0.001074628671631217,0.000394127971958369
17744,0.0010745326289907098,0.00029919366352260113
17745,0.0010744489263743162,0.0003106138319708407
17746,0.0010743584716692567,0.0003819246485363692
17747,0.0010742724407464266,0.0004502960364334285
17748,0.0010741777950897813,0.00047667825128883123
17749,0.0010740968864411116,0.00045413849875330925
17750,0.0010740046855062246,0.00039205997018143535
17751,0.0010739164426922798,0.0003306996077299118
17752,0.0010738354176282883,0.0002922986459452659
17753,0.0010737396078184247,0.0002790207217913121
17754,0.001073656603693962,0.0002864009002223611
17755,0.0010735795367509127,0.0003117663145530969
17756,0.0010734929237514734,0.00034973258152604103
17757,0.001073413877747953,0.0003966829681303352
17758,0.0010733380913734436,0.0004635601653717458
17759,0.001073267892934382,0.0005552352522499859
17760,0.0010731987422332168,0.0006910464144311845
17761,0.0010731499642133713,0.0008475512731820345
17762,0.0010731085203588009,0.001032225089147687
17763,0.0010731079382821918,0.0011124388547614217
17764,0.0010731406509876251,0.0010494415182620287
17765,0.0010732313385233283,0.0007773389224894345
17766,0.0010734213283285499,0.00046802472206763923
17767,0.0010737550910562277,0.00030438852263614535
17768,0.0010743176098912954,0.0003490936942398548
17769,0.0010752187808975577,0.000510605750605464
17770,0.001076688407920301,0.0006454001413658261
17771,0.0010790086816996336,0.0006462873425334692
17772,0.0010827112710103393,0.0005204486660659313
17773,0.0010885988594964147,0.0003649999853223562
17774,0.001098091946914792,0.00029276078566908836
17775,0.0011132193030789495,0.0003229024005122483
17776,0.0011378652416169643,0.00039805000415071845
17777,0.0011771107092499733,0.0004590352182276547
17778,0.001241424703039229,0.0004772596585098654
17779,0.0013421588810160756,0.0004409185203257948
17780,0.0015058319550007582,0.00037778500700369477
17781,0.001748774666339159,0.0003193494922015816
17782,0.002122419187799096,0.0002868692681659013
17783,0.002593272365629673,0.0002784102689474821
17784,0.0031862184405326843,0.00029011277365498245
17785,0.0035957403015345335,0.00031904387287795544
17786,0.003724445588886738,0.00035861466312780976
17787,0.0031447475776076317,0.0004099726502317935
17788,0.002245669486001134,0.000479388574603945
17789,0.0014137428952381015,0.0005847571883350611
17790,0.0010840558679774404,0.0007175062783062458
17791,0.0012612922582775354,0.0008976306999102235
17792,0.001848640968091786,0.0010454726871103048
17793,0.002948399633169174,0.001126390416175127
17794,0.004559941124171019,0.000988472020253539
17795,0.006235779728740454,0.0007013266440480947
17796,0.005520916543900967,0.0004114885814487934
17797,0.0029740487225353718,0.00029705394990742207
17798,0.0013700001873075962,0.0003805702435784042
17799,0.0026648545172065496,0.0005478951497934759
17800,0.005749179981648922,0.0006553825223818421
17801,0.009850937873125076,0.0006261218804866076
17802,0.014657189138233662,0.0004798060399480164
17803,0.010992051102221012,0.00033711487776599824
17804,0.00404023751616478,0.00029141135746613145
17805,0.005722851492464542,0.00033807585714384913
17806,0.008672073483467102,0.0004142434918321669
17807,0.007601273246109486,0.00046787410974502563
17808,0.004192588850855827,0.00047043993254192173
17809,0.002003082539886236,0.0004277297994121909
17810,0.0012993343407288194,0.00036111133522354066
17811,0.0020526093430817127,0.00030868148314766586
17812,0.002808908000588417,0.00028236210346221924
17813,0.00212094746530056,0.00027885386953130364
17814,0.0012846797471866012,0.00029497957439161837
17815,0.0016784223262220621,0.00032675202237442136
17816,0.002376960590481758,0.00036905668093822896
17817,0.0025025198701769114,0.00042244582436978817
17818,0.0019177303183823824,0.0005019761738367379
17819,0.0013479096814990044,0.0006085227360017598
17820,0.0011668023653328419,0.0007627549348399043
17821,0.0014217140851542354,0.0009257623460143805
17822,0.0016084205126389861,0.0010901347268372774
17823,0.0014696030411869287,0.0010993110481649637
17824,0.0012128730304539204,0.000938168668653816
17825,0.0011428232537582517,0.0006246062112040818
17826,0.0012502518948167562,0.00036432413617148995
17827,0.001394488732330501,0.0003010568907484412
17828,0.0014171747025102377,0.0004172046610619873
17829,0.0012990771792829037,0.0005820294027216733
17830,0.001150595024228096,0.0006639593630097806
17831,0.0011146210599690676,0.0005967055330984294
17832,0.0012091516982764006,0.0004412626149132848
17833,0.0013042191276326776,0.00031595845939591527
17834,0.0013110340805724263,0.00029551133047789335
17835,0.0012067443458363414,0.00035525450948625803
17836,0.0011057788506150246,0.0004297349078115076
17837,0.001081106485798955,0.00047160813119262457
17838,0.0011403716634958982,0.0004652996431104839
17839,0.0011817865306511521,0.0004112141905352473
17840,0.0011689809616655111,0.0003467488568276167
17841,0.0011170865036547184,0.00029981526313349605
17842,0.0010848401580005884,0.0002791566075757146
17843,0.0010804547928273678,0.00028021365869790316
17844,0.001103852642700076,0.0003003036545123905
17845,0.001120962668210268,0.0003348909376654774
17846,0.0011201625457033515,0.00037835497641935945
17847,0.0010952337179332972,0.00043787897448055446
17848,0.0010752741945907474,0.0005198185099288821
17849,0.0010730621870607138,0.0006427212501876056
17850,0.0010901980567723513,0.0007904384401626885
17851,0.0011032476322725415,0.000977460527792573
17852,0.0011019071098417044,0.001092377700842917
17853,0.0010860604234039783,0.0010928530246019363
17854,0.001072396757081151,0.000868454109877348
17855,0.0010691225761547685,0.0005530297057703137
17856,0.0010759508004412055,0.0003301202959846705
17857,0.001082336762920022,0.00031481581390835345
17858,0.0010831948602572083,0.00045525870518758893
17859,0.0010780359152704477,0.0006119144381955266
17860,0.0010712560033425689,0.0006584125221706927
17861,0.0010671482887119055,0.0005661358591169119
17862,0.0010678967228159308,0.00040530035039409995
17863,0.001072014681994915,0.00030090977088548243
17864,0.0010745219187811017,0.00030388796585612
17865,0.001073162886314094,0.0003722581604961306
17866,0.0010689643677324057,0.0004420322657097131
17867,0.0010661196429282427,0.0004755302215926349
17868,0.0010658018290996552,0.0004539359943009913
17869,0.0010676085948944092,0.0003965400392189622
17870,0.0010690441122278571,0.0003329817554913461
17871,0.0010694325901567936,0.0002924152067862451
17872,0.0010681247804313898,0.00027710077119991183
17873,0.001066332682967186,0.0002826558775268495
17874,0.001064790296368301,0.00030666979728266597
17875,0.0010647394228726625,0.0003432283701840788
17876,0.001065592747181654,0.0003901755262631923
17877,0.0010665743611752987,0.00045221016625873744
17878,0.0010664931032806635,0.0005465337890200317
17879,0.0010656474623829126,0.0006687754066661
17880,0.0010645817965269089,0.0008402843959629536
17881,0.0010640344116836786,0.0010000542970374227
17882,0.0010639538522809744,0.0011232806136831641
17883,0.0010642115958034992,0.0010466992389410734
17884,0.001064505078829825,0.0008003372931852937
17885,0.0010645946022123098,0.0004860923800151795
17886,0.0010642694542184472,0.00030698388582095504
17887,0.0010636899387463927,0.0003380347043275833
17888,0.0010632280027493834,0.0004957864875905216
17889,0.0010630920296534896,0.00063465372659266
17890,0.0010632120538502932,0.0006512131076306105
17891,0.001063298201188445,0.0005289296968840063
17892,0.0010632992489263415,0.00037174642784520984
17893,0.0010631498880684376,0.0002919727412518114
17894,0.0010629231110215187,0.00031603971729055047
17895,0.001062624854966998,0.00039025870501063764
17896,0.0010624276474118233,0.0004546890268102288
17897,0.0010623435955494642,0.0004737136187031865
17898,0.0010623715352267027,0.0004441987257450819
17899,0.0010623658308759332,0.0003796484670601785
17900,0.001062304130755365,0.0003206894616596401
17901,0.001062166178599,0.0002862475230358541
17902,0.0010619992390275002,0.0002760890929494053
17903,0.0010618316009640694,0.0002862773253582418
17904,0.0010617075022310019,0.0003138836473226547
17905,0.00106162135489285,0.0003532171540427953
17906,0.0010615781648084521,0.000401955156121403
17907,0.001061528455466032,0.0004727284540422261
17908,0.0010614553466439247,0.0005691839614883065
17909,0.0010613469639793038,0.0007110055885277689
17910,0.001061225077137351,0.0008701240294612944
17911,0.001061110058799386,0.001049243495799601
17912,0.0010609992314130068,0.0011061152908951044
17913,0.0010608992306515574,0.0010078651830554008
17914,0.0010608220472931862,0.0007174037164077163
17915,0.0010607547592371702,0.00042226220830343664
17916,0.00106067827437073,0.0002953580114990473
17917,0.0010605956194922328,0.0003692233585752547
17918,0.001060494570992887,0.0005351452273316681
17919,0.0010603994596749544,0.0006521400064229965
17920,0.0010602951515465975,0.0006270452868193388
17921,0.001060195849277079,0.0004874854057561606
17922,0.001060100388713181,0.00034127995604649186
17923,0.001060020993463695,0.00028887862572446465
17924,0.0010599370580166578,0.00033181009348481894
17925,0.0010598613880574703,0.000407826533773914
17926,0.0010597743093967438,0.00046209414722397923
17927,0.0010596825741231441,0.00047107861610129476
17928,0.0010595942148938775,0.00042735773604363203
17929,0.0010595055064186454,0.00036298672785051167
17930,0.0010594126069918275,0.000308831047732383
17931,0.0010593179613351822,0.00028104172088205814
17932,0.0010592273902148008,0.00027620099717751145
17933,0.001059139147400856,0.0002910920884460211
17934,0.001059061847627163,0.000322239997331053
17935,0.0010589751182124019,0.0003631204308476299
17936,0.0010588816367089748,0.00041722782771103084
17937,0.0010587935103103518,0.000491236278321594
17938,0.0010587092256173491,0.0006032166420482099
17939,0.0010586204007267952,0.0007419852190651
17940,0.001058537745848298,0.0009260902879759669
17941,0.0010584418196231127,0.0010633912170305848
17942,0.001058356137946248,0.001114624203182757
17943,0.001058271387591958,0.0009405157179571688
17944,0.001058183261193335,0.0006367551977746189
17945,0.001058093155734241,0.00037037793663330376
17946,0.0010580094531178474,0.00029717356665059924
17947,0.0010579172521829605,0.0004076408513356
17948,0.0010578344808891416,0.0005741632776334882
17949,0.0010577498469501734,0.0006582814385183156
17950,0.0010576549684628844,0.0006017763516865671
17951,0.0010575694032013416,0.0004459660267457366
17952,0.001057479064911604,0.00031694606877863407
17953,0.0010573903564363718,0.0002921493141911924
17954,0.0010573046747595072,0.00034954046714119613
17955,0.001057217363268137,0.00042419397505000234
17956,0.0010571354068815708,0.00047004540101625025
17957,0.0010570462327450514,0.0004624492721632123
17958,0.0010569533333182335,0.0004127873689867556
17959,0.0010568664874881506,0.00034663465339690447
17960,0.0010567810386419296,0.0002990495995618403
17961,0.0010566913988441229,0.0002774104941636324
17962,0.001056602573953569,0.0002775518805719912
17963,0.0010565246921032667,0.00029695179546251893
17964,0.0010564313270151615,0.0003307135193608701
17965,0.0010563456453382969,0.00037459598388522863
17966,0.001056259498000145,0.0004311947850510478
17967,0.0010561670642346144,0.0005166734335944057
17968,0.0010560799855738878,0.0006297534564509988
17969,0.0010559894144535065,0.0007916881004348397
17970,0.0010559044312685728,0.0009550921386107802
17971,0.0010558122303336859,0.001105010393075645
17972,0.001055727363564074,0.0010788303334265947
17973,0.0010556462220847607,0.0008782322984188795
17974,0.0010555519256740808,0.0005589158972725272
17975,0.0010554662439972162,0.00033102952875196934
17976,0.0010553783504292369,0.0003109420358669013
17977,0.0010552853345870972,0.00044935490586794913
17978,0.0010552010498940945,0.0006060762098059058
17979,0.0010551183950155973,0.0006601980421692133
17980,0.001055029220879078,0.0005662637413479388
17981,0.0010549374856054783,0.0004064031527377665
17982,0.0010548518039286137,0.00029998572426848114
17983,0.00105476810131222,0.0003007487393915653
17984,0.0010546690318733454,0.0003687084245029837
17985,0.001054584514349699,0.0004396273579914123
17986,0.0010544881224632263,0.00047164372517727315
17987,0.0010544154793024063,0.0004546264244709164
17988,0.0010543272364884615,0.00039480486884713173
17989,0.001054239459335804,0.0003321421972941607
17990,0.0010541507508605719,0.00029089144663885236
17991,0.0010540566872805357,0.0002750155399553478
17992,0.0010539728682488203,0.0002800907241180539
17993,0.0010538804344832897,0.0003036521084140986
17994,0.001053802203387022,0.0003403643786441535
17995,0.0010537081398069859,0.0003858387644868344
17996,0.001053625252097845,0.0004500256909523159
17997,0.001053541200235486,0.0005383011302910745
17998,0.0010534606408327818,0.0006695840274915099
17999,0.0010533739114180207,0.0008229868253692985
18000,0.0010532900923863053,0.001008308376185596
18001,0.0010532098822295666,0.0010990240843966603
18002,0.0010531332809478045,0.0010545107070356607
18003,0.0010530614526942372,0.0007955643814057112
18004,0.0010529998689889908,0.0004841267364099622
18005,0.0010529572609812021,0.00030491285724565387
18006,0.0010529163992032409,0.00033473799703642726
18007,0.0010529139544814825,0.0004915572353638709
18008,0.0010529523715376854,0.0006323650013655424
18009,0.0010530409635975957,0.0006448299391195178
18010,0.0010532448068261147,0.000526957621332258
18011,0.0010535928886383772,0.00036969035863876343
18012,0.0010541591327637434,0.00028970709536224604
18013,0.001055087661370635,0.0003137565799988806
18014,0.0010565930278971791,0.0003875526017509401
18015,0.0010589988669380546,0.0004507609992288053
18016,0.0010628722375258803,0.0004727272316813469
18017,0.0010690265335142612,0.00043976298184134066
18018,0.001078987494111061,0.00037782301660627127
18019,0.0010948567651212215,0.0003182506770826876
18020,0.0011207335628569126,0.00028398894937708974
18021,0.0011619708966463804,0.0002738753682933748
18022,0.0012297542998567224,0.0002840720408130437
18023,0.001335888635367155,0.0003118177701253444
18024,0.0015083953039720654,0.00035055054468102753
18025,0.0017629580106586218,0.00040076422737911344
18026,0.0021525551564991474,0.0004685916064772755
18027,0.002633803989738226,0.00057173240929842
18028,0.003225192427635193,0.0007024439400993288
18029,0.0035919025540351868,0.0008812212035991251
18030,0.003642680589109659,0.0010316112311556935
18031,0.0029882106464356184,0.001120265107601881
18032,0.00207584910094738,0.000992144807241857
18033,0.0013114879839122295,0.0007105370168574154
18034,0.0010612887563183904,0.0004165872232988477
18035,0.0012894986430183053,0.0002931347698904574
18036,0.001914985361509025,0.00036992429522797465
18037,0.003074606414884329,0.0005364897078834474
18038,0.004691781476140022,0.0006486997008323669
18039,0.006160529796034098,0.0006256813067011535
18040,0.0050621358677744865,0.00048194508417509496
18041,0.002498767338693142,0.0003368571924511343
18042,0.001338382950052619,0.00028684805147349834
18043,0.0028597554191946983,0.0003308699815534055
18044,0.00600445456802845,0.00040693237679079175
18045,0.01037236861884594,0.00046211484004743397
18046,0.015264448709785938,0.0004667965695261955
18047,0.010463584214448929,0.0004255760577507317
18048,0.0038120246026664972,0.00035909234429709613
18049,0.006630946882069111,0.00030596565920859575
18050,0.008525768294930458,0.00027864566072821617
18051,0.00743434252217412,0.0002741381467785686
18052,0.004917277488857508,0.0002894450444728136
18053,0.0028088465332984924,0.0003206126857548952
18054,0.0017573590157553554,0.00036231341073289514
18055,0.0014895341591909528,0.0004150135791860521
18056,0.0023351937998086214,0.0004935817560181022
18057,0.0021400018595159054,0.0005990086356177926
18058,0.0015661485958844423,0.0007519411155954003
18059,0.0013067005202174187,0.0009145106887444854
18060,0.001899968134239316,0.0010798650328069925
18061,0.0023055572528392076,0.001091902842745185
18062,0.002404984552413225,0.0009342543198727071
18063,0.0019410301465541124,0.0006221674848347902
18064,0.0014947886811569333,0.0003611985011957586
18065,0.0012676527258008718,0.0002963560982607305
18066,0.0015722349053248763,0.00041128048906102777
18067,0.0016362299211323261,0.0005758206825703382
18068,0.0015470292419195175,0.0006584655493497849
18069,0.0012612376594915986,0.00059213035274297
18070,0.0011834449833258986,0.0004371362738311291
18071,0.0011806526454165578,0.00031177682103589177
18072,0.0013886191882193089,0.00029110119794495404
18073,0.00139355577994138,0.00035057205241173506
18074,0.0012759467354044318,0.0004248797195032239
18075,0.0010771055240184069,0.00046682151150889695
18076,0.0011304672807455063,0.0004606691945809871
18077,0.001240984769538045,0.0004066372930537909
18078,0.001336982473731041,0.000342338316841051
18079,0.001251439331099391,0.00029558606911450624
18080,0.0011541162384673953,0.00027485989267006516
18081,0.0010861724149435759,0.000275730446446687
18082,0.001114507089368999,0.0002956976823043078
18083,0.0011516213417053223,0.0003300884854979813
18084,0.001173543743789196,0.000373291433788836
18085,0.0011575956596061587,0.00043272023322060704
18086,0.0011162098962813616,0.0005146936746314168
18087,0.0010753722162917256,0.0006376540404744446
18088,0.0010605056304484606,0.0007853046990931034
18089,0.0010885894298553467,0.000971944653429091
18090,0.0011088579194620252,0.0010850708931684494
18091,0.0011028696317225695,0.001082219765521586
18092,0.0010673945071175694,0.000855260354001075
18093,0.0010543812531977892,0.0005406832788139582
18094,0.0010589973535388708,0.00032268144423142076
18095,0.0010800131130963564,0.0003125074435956776
18096,0.001081384951248765,0.00045481769484467804
18097,0.0010766477789729834,0.0006097275763750076
18098,0.0010608427692204714,0.0006523774936795235
18099,0.001055623171851039,0.0005570687353610992
18100,0.001052242238074541,0.00039651512634009123
18101,0.0010601951507851481,0.00029517264920286834
18102,0.0010651048505678773,0.0003009371866937727
18103,0.001067254925146699,0.0003699496737681329
18104,0.001058177906088531,0.00043881754390895367
18105,0.0010499521158635616,0.00047089194413274527
18106,0.0010467588435858488,0.00044778193114325404
18107,0.0010511712171137333,0.0003897795977536589
18108,0.0010548161808401346,0.0003269034205004573
18109,0.001054657157510519,0.0002873324847314507
18110,0.001051759347319603,0.00027263013180345297
18111,0.001048621954396367,0.00027864211006090045
18112,0.0010470910929143429,0.00030302436789497733
18113,0.001046353136189282,0.00033962822635658085
18114,0.0010478990152478218,0.00038674811366945505
18115,0.0010490665445104241,0.00044952865573577583
18116,0.0010495971655473113,0.0005451565375551581
18117,0.0010473588481545448,0.0006686522392556071
18118,0.0010455942247062922,0.000841443077661097
18119,0.0010445317020639777,0.0009999311296269298
18120,0.0010456119198352098,0.0011174689279869199
18121,0.001046252204105258,0.001031159539707005
18122,0.0010467146057635546,0.0007771233795210719
18123,0.0010460126213729382,0.00046628908603452146
18124,0.0010453599970787764,0.0002989826607517898
18125,0.0010444029467180371,0.0003405690658837557
18126,0.0010439958423376083,0.0005008942680433393
18127,0.0010440374026075006,0.0006343985442072153
18128,0.001044542994350195,0.0006423717131838202
18129,0.001044789096340537,0.0005146664916537702
18130,0.001044491888023913,0.0003595129819586873
18131,0.0010439365869387984,0.0002864989801310003
18132,0.001043418305926025,0.0003154587757308036
18133,0.00104324531275779,0.0003902923490386456
18134,0.0010431613773107529,0.0004527344717644155
18135,0.0010432901326566935,0.0004684717277996242
18136,0.0010433271527290344,0.00043603481026366353
18137,0.0010433380957692862,0.0003708121948875487
18138,0.0010430336697027087,0.0003133128921035677
18139,0.0010427481029182673,0.00028068298706784844
18140,0.0010424843057990074,0.0002717931638471782
18141,0.001042418647557497,0.00028314031078480184
18142,0.0010423772037029266,0.0003115649160463363
18143,0.0010423918720334768,0.00035127659793943167
18144,0.0010423343628644943,0.0004007852403447032
18145,0.001042249146848917,0.0004734459216706455
18146,0.00104208302218467,0.0005721143679693341
18147,0.001041898736730218,0.0007167925359681249
18148,0.001041750074364245,0.0008769950363785028
18149,0.0010416609002277255,0.0010527707636356354
18150,0.0010416159639135003,0.0010970772709697485
18151,0.001041558338329196,0.0009810077026486397
18152,0.0010414961725473404,0.0006828865152783692
18153,0.0010414086282253265,0.0003973577986471355
18154,0.0010412917472422123,0.00029041082598268986
18155,0.0010411555413156748,0.0003785917069762945
18156,0.0010410473914816976,0.0005451443139463663
18157,0.00104093411937356,0.0006516054272651672
18158,0.0010408733505755663,0.0006127602537162602
18159,0.0010408037342131138,0.0004670618218369782
18160,0.0010407250374555588,0.0003269652952440083
18161,0.0010406449437141418,0.0002854089834727347
18162,0.0010405429638922215,0.00033452064963057637
18163,0.001040455885231495,0.0004103000392206013
18164,0.0010403509950265288,0.0004605104331858456
18165,0.0010402491316199303,0.00046426081098616123
18166,0.0010401647305116057,0.0004165561986155808
18167,0.0010400849860161543,0.00035186769673600793
18168,0.0010400061728432775,0.00030037728720344603
18169,0.0010399247985333204,0.0002752762520685792
18170,0.0010398441227152944,0.0002725660160649568
18171,0.0010397564619779587,0.0002894387289416045
18172,0.0010396590223535895,0.00032192724756896496
18173,0.0010395718272775412,0.0003636606561485678
18174,0.0010394762502983212,0.00041970767779275775
18175,0.00103938824031502,0.0004967607092112303
18176,0.0010393064003437757,0.000612968928180635
18177,0.0010392186231911182,0.0007550345035269856
18178,0.0010391399264335632,0.0009399701375514269
18179,0.0010390612296760082,0.0010670407209545374
18180,0.0010389749659225345,0.001094977487809956
18181,0.0010388888185843825,0.0008970902999863029
18182,0.001038796384818852,0.0005874417838640511
18183,0.0010387031361460686,0.0003426952753216028
18184,0.001038621529005468,0.0002991044893860817
18185,0.0010385309578850865,0.0004254337400197983
18186,0.0010384477209299803,0.0005874834023416042
18187,0.0010383623884990811,0.0006526543293148279
18188,0.0010382755426689982,0.0005775646422989666
18189,0.0010381978936493397,0.0004185934376437217
18190,0.0010381059255450964,0.0003022359451279044
18191,0.00103802140802145,0.00029235926922410727
18192,0.001037935959175229,0.0003558507014531642
18193,0.0010378494625911117,0.0004280551802366972
18194,0.001037765177898109,0.0004674351366702467
18195,0.001037675654515624,0.0004522579547483474
18196,0.001037590205669403,0.000398289441363886
18197,0.0010374970734119415,0.00033359896042384207
18198,0.0010374161647632718,0.0002900131803471595
18199,0.001037333277054131,0.0002718609757721424
18200,0.0010372430551797152,0.00027488369960337877
18201,0.001037159701809287,0.0002967602340504527
18202,0.0010370651725679636,0.000331900198943913
18203,0.0010369864758104086,0.00037722953129559755
18204,0.0010369052179157734,0.0004367184592410922
18205,0.0010368137154728174,0.0005270816618576646
18206,0.0010367234935984015,0.0006451679510064423
18207,0.0010366416536271572,0.0008124954765662551
18208,0.0010365538764744997,0.000973591988440603
18209,0.0010364712215960026,0.0011072931811213493
18210,0.0010363869369029999,0.0010496788891032338
18211,0.0010363042820245028,0.0008197464048862457
18212,0.0010362075408920646,0.0005035927169956267
18213,0.0010361273307353258,0.0003079773741774261
18214,0.00103603838942945,0.00032233045203611255
18215,0.001035953056998551,0.0004740080039482564
18216,0.0010358724975958467,0.0006190792773850262
18217,0.0010357857681810856,0.000648236891720444
18218,0.001035696710459888,0.0005349487764760852
18219,0.0010356149869039655,0.00037656378117389977
18220,0.0010355194099247456,0.00028836034471169114
18221,0.0010354421101510525,0.0003052778192795813
18222,0.0010353517718613148,0.00037757866084575653
18223,0.001035269582644105,0.00044409462134353817
18224,0.0010351829696446657,0.0004672314098570496
18225,0.001035097404383123,0.00044153412454761565
18226,0.0010350075317546725,0.0003783465945161879
18227,0.0010349201038479805,0.00031842722091823816
18228,0.0010348325595259666,0.0002820999070536345
18229,0.0010347459465265274,0.0002701762714423239
18230,0.0010346646886318922,0.00027881140704266727
18231,0.001034589484333992,0.00030524813337251544
18232,0.0010344980983063579,0.00034371274523437023
18233,0.0010344068286940455,0.0003914913977496326
18234,0.0010343147441744804,0.0004606974544003606
18235,0.001034229644574225,0.0005552860093303025
18236,0.0010341446613892913,0.0006947922520339489
18237,0.0010340642184019089,0.000852716329973191
18238,0.0010339729487895966,0.0010332557139918208
18239,0.0010338888969272375,0.0010963010136038065
18240,0.0010338074062019587,0.0010071039432659745
18241,0.0010337178828194737,0.0007213651551865041
18242,0.0010336191626265645,0.00042379897786304355
18243,0.001033540815114975,0.00029018474742770195
18244,0.0010334550170227885,0.0003587839601095766
18245,0.0010333717800676823,0.0005238168523646891
18246,0.0010332876117900014,0.0006440359866246581
18247,0.0010331987868994474,0.0006234575412236154
18248,0.0010331100784242153,0.00048612465616315603
18249,0.0010330243967473507,0.0003383717266842723
18250,0.0010329373180866241,0.00028304685838520527
18251,0.0010328508215025067,0.0003240370424464345
18252,0.0010327671188861132,0.0003997056628577411
18253,0.0010326812043786049,0.0004548510769382119
18254,0.001032599713653326,0.000465131044620648
18255,0.0010325057664886117,0.0004222713178023696
18256,0.0010324249742552638,0.0003581449273042381
18257,0.0010323396418243647,0.00030378313385881484
18258,0.0010322604794055223,0.00027555724955163896
18259,0.0010321917943656445,0.00027018290711566806
18260,0.001032121479511261,0.0002846287388820201
18261,0.0010320565197616816,0.0003153800207655877
18262,0.0010320100700482726,0.0003557928721420467
18263,0.0010319964494556189,0.00040941836778074503
18264,0.00103199970908463,0.00048301549395546317
18265,0.001032080384902656,0.0005944825825281441
18266,0.0010322574526071548,0.0007326285704039037
18267,0.001032612519338727,0.0009161824127659202
18268,0.0010332291712984443,0.0010528764687478542
18269,0.0010343273170292377,0.0011031844187527895
18270,0.0010362154571339488,0.0009282098617404699
18271,0.001039450871758163,0.0006249721045605838
18272,0.0010449630208313465,0.00036150473169982433
18273,0.0010544483084231615,0.0002918412210419774
18274,0.0010705749737098813,0.0004039905616082251
18275,0.0010985661065205932,0.0005696616135537624
18276,0.0011460513342171907,0.0006513685220852494
18277,0.0012288596481084824,0.000592693395446986
18278,0.0013666830491274595,0.00043654421460814774
18279,0.0016039512120187283,0.0003094041021540761
18280,0.0019724660087376833,0.0002869002928491682
18281,0.002559906104579568,0.00034512762795202434
18282,0.0032829921692609787,0.00041926041012629867
18283,0.0041227820329368114,0.00046410999493673444
18284,0.004405416082590818,0.00045523856533691287
18285,0.003994016442447901,0.00040473806438967586
18286,0.002636552322655916,0.00033889562473632395
18287,0.0014328098623082042,0.0002922275452874601
18288,0.0010571546154096723,0.00027130136732012033
18289,0.0015812214696779847,0.0002719997428357601
18290,0.002923936815932393,0.00029197928961366415
18291,0.005339395254850388,0.00032609363552182913
18292,0.009046523831784725,0.0003703238908201456
18293,0.009533621370792389,0.00042771417065523565
18294,0.005468002054840326,0.000514599378220737
18295,0.001959046348929405,0.0006289022276178002
18296,0.004856835585087538,0.0007918857736513019
18297,0.010353940539062023,0.0009533519623801112
18298,0.01510948222130537,0.001096049090847373
18299,0.017562106251716614,0.001057158224284649
18300,0.007584294304251671,0.0008452897891402245
18301,0.005417401436716318,0.0005286760278977454
18302,0.011361859738826752,0.0003157691680826247
18303,0.005730355624109507,0.00031122908694669604
18304,0.0032780123874545097,0.0004553769249469042
18305,0.0040701040998101234,0.0006064895424060524
18306,0.008396230638027191,0.0006491183885373175
18307,0.017662081867456436,0.0005464912974275649
18308,0.01964753121137619,0.00038763240445405245
18309,0.009909506887197495,0.00029010657453909516
18310,0.010449698194861412,0.0002987375482916832
18311,0.011086486279964447,0.00036882178392261267
18312,0.004618518985807896,0.00043752515921369195
18313,0.006587771233171225,0.00046511393156833947
18314,0.019304415211081505,0.0004437790485098958
18315,0.05909516662359238,0.0003823096922133118
18316,0.07609330117702484,0.0003211520961485803
18317,0.022806236520409584,0.0002825576229952276
18318,0.07691630721092224,0.0002688033855520189
18319,0.11868776381015778,0.0002757534384727478
18320,0.03759277984499931,0.0003007954510394484
18321,0.027531232684850693,0.0003383093571756035
18322,0.03092934563755989,0.0003848294145427644
18323,0.012520678341388702,0.00045149546349421144
18324,0.034732844680547714,0.0005428825388662517
18325,0.04065775126218796,0.000678177282679826
18326,0.011525268666446209,0.0008334688609465957
18327,0.015582358464598656,0.0010155182098969817
18328,0.018155615776777267,0.0010902148205786943
18329,0.006737782619893551,0.0010201174300163984
18330,0.014576058834791183,0.0007460156339220703
18331,0.0104074627161026,0.0004431509878486395
18332,0.013950941152870655,0.000291468168143183
18333,0.006274744868278503,0.0003447283525019884
18334,0.008552195504307747,0.0005065305158495903
18335,0.00512395054101944,0.000634999480098486
18336,0.006345717236399651,0.0006276126368902624
18337,0.008522242307662964,0.000497951521538198
18338,0.0059952763840556145,0.00034650496672838926
18339,0.006074685603380203,0.00028175552142784
18340,0.006921830587089062,0.0003163621877320111
18341,0.003711467841640115,0.0003913596738129854
18342,0.003355257445946336,0.0004496406763792038
18343,0.0031986436806619167,0.00046447498607449234
18344,0.003116661449894309,0.00042538094567134976
18345,0.0040227267891168594,0.0003620940842665732
18346,0.0039053065702319145,0.00030587188666686416
18347,0.003190496936440468,0.0002754577435553074
18348,0.0024578305892646313,0.00026826420798897743
18349,0.0017294439021497965,0.0002810375299304724
18350,0.0020534638315439224,0.0003105641808360815
18351,0.0022243941202759743,0.00035016436595469713
18352,0.0025924635119736195,0.00040226729470305145
18353,0.0022319299168884754,0.0004734538379125297
18354,0.002060510450974107,0.0005815026233904064
18355,0.0016796756535768509,0.0007166158757172525
18356,0.0014323402428999543,0.0008983801235444844
18357,0.0016538792988285422,0.0010404093191027641
18358,0.0014818585477769375,0.0011050724424421787
18359,0.0018431146163493395,0.0009467394556850195
18360,0.0015974785201251507,0.0006504199700430036
18361,0.0016627867007628083,0.0003758898237720132
18362,0.001365905161947012,0.0002879131061490625
18363,0.0012898051645606756,0.0003885654150508344
18364,0.0012990732211619616,0.0005551945650950074
18365,0.001282860990613699,0.0006477835704572499
18366,0.0014358520274981856,0.0006012170924805105
18367,0.0013399389572441578,0.0004485952958930284
18368,0.0013176437932997942,0.00031489573302678764
18369,0.0012267602141946554,0.0002832902828231454
18370,0.001178882783278823,0.0003370639169588685
18371,0.0011727873934432864,0.0004120247904211283
18372,0.0011908230371773243,0.00046050758101046085
18373,0.0012100610183551908,0.00045621307799592614
18374,0.0012125989887863398,0.00040868233190849423
18375,0.0011601598234847188,0.0003425217291805893
18376,0.001141911605373025,0.0002937698445748538
18377,0.001086799893528223,0.0002707066014409065
18378,0.0011251248652115464,0.000269511976512149
18379,0.0011220823507755995,0.0002877789083868265
18380,0.0011323262006044388,0.0003207240952178836
18381,0.001131917699240148,0.0003637762856669724
18382,0.001086758216843009,0.00041928657446987927
18383,0.0010960521176457405,0.0005031606997363269
18384,0.0010690459748730063,0.0006143231294117868
18385,0.0010853116400539875,0.0007740277796983719
18386,0.0010829520178958774,0.0009365328587591648
18387,0.0010817933361977339,0.0010880272602662444
18388,0.0010831969557330012,0.0010665945010259748
18389,0.0010679233819246292,0.0008716691518202424
18390,0.0010676716919988394,0.0005546651664189994
18391,0.0010587912984192371,0.0003253033210057765
18392,0.0010602260008454323,0.0003022919117938727
18393,0.0010635515209287405,0.00043862982420250773
18394,0.0010608903830870986,0.0005952584324404597
18395,0.0010604840936139226,0.0006511077517643571
18396,0.0010555190965533257,0.0005590690998360515
18397,0.0010507048573344946,0.0003999433829449117
18398,0.0010525449179112911,0.00029303281917236745
18399,0.001048217061907053,0.00029295837157405913
18400,0.0010518627241253853,0.00036035117227584124
18401,0.0010487951803952456,0.0004311670199967921
18402,0.001048174686729908,0.00046338472748175263
18403,0.0010472607100382447,0.0004465930687729269
18404,0.0010433732531964779,0.00038690559449605644
18405,0.0010450355475768447,0.0003244907420594245
18406,0.0010425107320770621,0.0002834554179571569
18407,0.0010439815232530236,0.0002676417352631688
18408,0.0010425971122458577,0.00027279622736386955
18409,0.0010410794056952,0.00029647760675288737
18410,0.0010405542561784387,0.000333182280883193
18411,0.0010392088443040848,0.00037871787208132446
18412,0.0010396736906841397,0.00044332450488582253
18413,0.0010393087286502123,0.0005321012577041984
18414,0.0010386250214651227,0.0006639453931711614
18415,0.0010381408501416445,0.0008170303190127015
18416,0.0010370711097493768,0.0010003147181123495
18417,0.0010367229115217924,0.0010848806705325842
18418,0.001036504632793367,0.0010312742087990046
18419,0.0010359614389017224,0.0007676920504309237
18420,0.0010361280292272568,0.00046093741548247635
18421,0.001035315333865583,0.00029378331964835525
18422,0.001035141060128808,0.0003334622597321868
18423,0.0010345695773139596,0.0004919547354802489
18424,0.0010341050801798701,0.0006271161837503314
18425,0.0010341020533815026,0.0006310364697128534
18426,0.0010336079867556691,0.0005083591677248478
18427,0.0010336077539250255,0.00035404053051024675
18428,0.001033116364851594,0.00028113703592680395
18429,0.0010328344069421291,0.00030998134752735496
18430,0.0010325830662623048,0.00038414139999076724
18431,0.0010322703747078776,0.00044486718252301216
18432,0.001032141037285328,0.0004633674107026309
18433,0.0010318593122065067,0.0004273939994163811
18434,0.0010316437110304832,0.00036489026388153434
18435,0.0010314248502254486,0.0003072383115068078
18436,0.0010311473160982132,0.00027513649547472596
18437,0.00103095849044621,0.0002666069776751101
18438,0.0010307555785402656,0.00027818235685117543
18439,0.0010305631440132856,0.00030689395498484373
18440,0.0010304143652319908,0.00034603921812959015
18441,0.0010301750153303146,0.00039726070826873183
18442,0.0010299895657226443,0.00046698443475179374
18443,0.0010297908447682858,0.0005729634431190789
18444,0.0010296017862856388,0.000706178427208215
18445,0.0010294782696291804,0.0008867046562954783
18446,0.001029283506795764,0.0010316476691514254
18447,0.001029142295010388,0.0011047183070331812
18448,0.0010289530036970973,0.0009565729415044188
18449,0.0010287901386618614,0.0006650290451943874
18450,0.0010286347242072225,0.0003843779268208891
18451,0.0010284774471074343,0.00028562985244207084
18452,0.0010283429874107242,0.0003793424693867564
18453,0.0010282021248713136,0.0005462245317175984
18454,0.0010280568385496736,0.0006448466447182
18455,0.001027911202982068,0.0006052574026398361
18456,0.0010277573019266129,0.00045492721255868673
18457,0.0010276123648509383,0.0003176954633090645
18458,0.0010274986270815134,0.0002808881690725684
18459,0.0010273600928485394,0.00033212569542229176
18460,0.001027228427119553,0.00040758418617770076
18461,0.0010270989732816815,0.00045796885387971997
18462,0.0010269609047099948,0.0004559428780339658
18463,0.001026845769956708,0.00040979727054946125
18464,0.0010267198085784912,0.00034334740485064685
18465,0.0010265973396599293,0.00029351672856137156
18466,0.0010264782467857003,0.0002695690200198442
18467,0.0010263588046655059,0.0002678103046491742
18468,0.001026239711791277,0.00028568541165441275
18469,0.0010261202696710825,0.00031851959647610784
18470,0.0010260127019137144,0.0003615304594859481
18471,0.0010258980328217149,0.0004166542203165591
18472,0.0010257913963869214,0.0004996451898477972
18473,0.0010256817331537604,0.0006095886346884072
18474,0.0010255753295496106,0.000767436227761209
18475,0.0010254570515826344,0.0009282785467803478
18476,0.001025354373268783,0.0010792401153594255
18477,0.0010252573993057013,0.0010602222755551338
18478,0.0010251542553305626,0.0008695423020981252
18479,0.0010250461054965854,0.0005553200026042759
18480,0.00102495145983994,0.0003252154274377972
18481,0.0010248481994494796,0.00029924922273494303
18482,0.0010247430764138699,0.0004332184325903654
18483,0.0010246426099911332,0.000589342147577554
18484,0.0010245471494272351,0.0006463696481660008
18485,0.001024453085847199,0.000556590617634356
18486,0.0010243585566058755,0.0003989749529864639
18487,0.001024268800392747,0.0002918439859058708
18488,0.0010241703130304813,0.00029064013506285846
18489,0.001024077646434307,0.0003572389832697809
18490,0.0010239880066365004,0.00042780389776453376
18491,0.0010238925460726023,0.00046020947047509253
18492,0.0010238045360893011,0.00044394703581929207
18493,0.0010237145470455289,0.0003849875647574663
18494,0.001023631077259779,0.0003229856083635241
18495,0.0010235400404781103,0.00028199152438901365
18496,0.0010234499350190163,0.0002661068574525416
18497,0.0010233684442937374,0.00027108326321467757
18498,0.0010232736822217703,0.0002943956933449954
18499,0.0010231907945126295,0.00033069661003537476
18500,0.0010230999905616045,0.0003757841477636248
18501,0.0010230219922959805,0.00043968475074507296
18502,0.0010229353792965412,0.0005276363808661699
18503,0.001022848067805171,0.0006586301606148481
18504,0.0010227737948298454,0.0008115570526570082
18505,0.0010226843878626823,0.0009959898889064789
18506,0.0010226040612906218,0.0010840558679774404
18507,0.001022515818476677,0.0010355639969930053
18508,0.0010224418947473168,0.0007745482143945992
18509,0.001022357726469636,0.0004659798869397491
18510,0.0010222748387604952,0.0002938967081718147
18511,0.0010222019627690315,0.0003293899353593588
18512,0.0010221246629953384,0.0004870017000939697
18513,0.001022040145471692,0.0006247202400118113
18514,0.0010219677351415157,0.0006325015565380454
18515,0.0010218870593234897,0.0005118791596032679
18516,0.0010218083625659347,0.00035614476655609906
18517,0.0010217297822237015,0.0002802241360768676
18518,0.0010216510854661465,0.00030698830960318446
18519,0.0010215817019343376,0.0003808675392065197
18520,0.0010215056827291846,0.0004426998784765601
18521,0.00102141872048378,0.00046276679495349526
18522,0.0010213511995971203,0.00042788509745150805
18523,0.00102127343416214,0.0003655319451354444
18524,0.0010211947374045849,0.00030722288647666574
18525,0.0010211276821792126,0.00027431483613327146
18526,0.0010210457257926464,0.00026504206471145153
18527,0.0010209794854745269,0.00027599980239756405
18528,0.0010209032334387302,0.00030426919693127275
18529,0.0010208303574472666,0.0003430954529903829
18530,0.0010207593441009521,0.0003938192967325449
18531,0.001020682044327259,0.00046283419942483306
18532,0.0010206068400293589,0.000567750190384686
18533,0.0010205443250015378,0.0006998492171987891
18534,0.0010204680729657412,0.0008793320739641786
18535,0.0010203830897808075,0.0010250190971419215
18536,0.0010203185956925154,0.0011014348128810525
18537,0.0010202494449913502,0.0009581154445186257
18538,0.0010201791301369667,0.000669564469717443
18539,0.0010201047407463193,0.0003870982036460191
18540,0.0010200346587225795,0.0002838828368112445
18541,0.0010199653916060925,0.0003742024418897927
18542,0.001019892981275916,0.0005406237323768437
18543,0.0010198261588811874,0.0006415562820620835
18544,0.001019759802147746,0.0006051950040273368
18545,0.0010196913499385118,0.00045640842290595174
18546,0.0010196220828220248,0.00031805888283997774
18547,0.0010195457143709064,0.0002790275029838085
18548,0.0010194833157584071,0.00032884860411286354
18549,0.0010194139322265983,0.0004040872445330024
18550,0.001019342103973031,0.0004550339945126325
18551,0.0010192764457315207,0.0004541013913694769
18552,0.0010192020563408732,0.0004089119320269674
18553,0.0010191366309300065,0.00034270805190317333
18554,0.0010190667817369103,0.00029261497547850013
18555,0.001018999144434929,0.0002683074271772057
18556,0.0010189288295805454,0.00026613217778503895
18557,0.0010188622400164604,0.0002835165068972856
18558,0.0010188035666942596,0.0003159499610774219
18559,0.0010187331354245543,0.0003585693775676191
18560,0.0010186616564169526,0.0004131573368795216
18561,0.0010185935534536839,0.0004954205360263586
18562,0.0010185276623815298,0.0006047955830581486
18563,0.001018462935462594,0.0007623382844030857
18564,0.0010184001876041293,0.0009241430088877678
18565,0.0010183332487940788,0.0010781472083181143
18566,0.0010182650294154882,0.0010636689839884639
18567,0.0010181957622990012,0.0008767368271946907
18568,0.0010181278921663761,0.0005614961846731603
18569,0.0010180623503401875,0.0003268578730057925
18570,0.0010179972741752863,0.0002965297899208963
18571,0.0010179332457482815,0.00042899366235360503
18572,0.0010178653756156564,0.0005867708241567016
18573,0.0010178048396483064,0.0006471070228144526
18574,0.0010177409276366234,0.000559471023734659
18575,0.0010176694486290216,0.00040125151281245053
18576,0.0010176096111536026,0.0002916502417065203
18577,0.0010175365023314953,0.0002884984132833779
18578,0.001017473521642387,0.000354608753696084
18579,0.001017409609630704,0.0004257190157659352
18580,0.0010173472110182047,0.0004591137112583965
18581,0.0010172813199460506,0.0004436295130290091
18582,0.0010172179900109768,0.0003846887266263366
18583,0.0010171530302613974,0.0003222189552616328
18584,0.0010170834138989449,0.0002807972196023911
18585,0.0010170158930122852,0.0002647139481268823
18586,0.0010169539600610733,0.0002696454175747931
18587,0.0010168978478759527,0.00029311529942788184
18588,0.0010168318403884768,0.00032973341876640916
18589,0.0010167616419494152,0.000375137577066198
18590,0.0010167029686272144,0.0004393842536956072
18591,0.0010166428983211517,0.0005276447045616806
18592,0.0010165686253458261,0.0006588641554117203
18593,0.0010165080893784761,0.000811198609881103
18594,0.0010164414998143911,0.0009937016293406487
18595,0.0010163795668631792,0.0010780096054077148
18596,0.0010163227561861277,0.0010249254992231727
18597,0.0010162503458559513,0.0007625414291396737
18598,0.0010161898098886013,0.00045704314834438264
18599,0.0010161290410906076,0.0002905993605963886
18600,0.0010160671081393957,0.000330311682773754
18601,0.0010159962112084031,0.0004884133231826127
18602,0.001015936490148306,0.0006230376311577857
18603,0.0010158747900277376,0.0006265693227760494
18604,0.0010158021468669176,0.000504025025293231
18605,0.0010157390497624874,0.0003503398911561817
18606,0.0010156800271943212,0.0002780170179903507
18607,0.0010156211210414767,0.0003070214297622442
18608,0.001015553716570139,0.00038094224873930216
18609,0.0010154987685382366,0.0004412073758430779
18610,0.0010154277551919222,0.00045918257092125714
18611,0.001015367335639894,0.00042291413410566747
18612,0.0010153017938137054,0.0003605338861234486
18613,0.001015235437080264,0.0003033401444554329
18614,0.0010151767637580633,0.0002717493916861713
18615,0.001015119138173759,0.00026366685051470995
18616,0.0010150494053959846,0.00027558289002627134
18617,0.0010149918962270021,0.0003044619516003877
18618,0.0010149347363039851,0.0003436786646489054
18619,0.0010148666333407164,0.0003950947429984808
18620,0.001014804351143539,0.0004651548224501312
18621,0.0010147425346076488,0.0005717079038731754
18622,0.0010146819986402988,0.0007053924491629004
18623,0.0010146137792617083,0.0008860814850777388
18624,0.0010145525448024273,0.0010293624363839626
18625,0.001014492241665721,0.0010985261760652065
18626,0.0010144254192709923,0.0009457431733608246
18627,0.001014364417642355,0.000652387214358896
18628,0.0010142999235540628,0.00037558734766207635
18629,0.0010142375249415636,0.00028296170057728887
18630,0.0010141826933249831,0.000380530022084713
18631,0.0010141179664060473,0.000547174597159028
18632,0.0010140580125153065,0.0006422752048820257
18633,0.0010139968944713473,0.0005986670730635524
18634,0.0010139250662177801,0.0004470038984436542
18635,0.0010138691868633032,0.0003119717293884605
18636,0.001013810047879815,0.0002784350363072008
18637,0.0010137399658560753,0.00033126873313449323
18638,0.001013676985166967,0.00040635280311107635
18639,0.0010136156342923641,0.0004552891477942467
18640,0.0010135630145668983,0.0004514310276135802
18641,0.0010134975891560316,0.0004041142819914967
18642,0.0010134353069588542,0.00033788784639909863
18643,0.0010133725591003895,0.0002890667237807065
18644,0.001013308297842741,0.0002661226026248187
18645,0.001013255910947919,0.0002652000985108316
18646,0.001013188622891903,0.00028379709692671895
18647,0.0010131364688277245,0.00031708451570011675
18648,0.0010130666196346283,0.0003605433157645166
18649,0.001012999564409256,0.0004164326819591224
18650,0.0010129341389983892,0.0005007393192499876
18651,0.0010128774447366595,0.0006119963945820928
18652,0.0010128188878297806,0.0007711853832006454
18653,0.0010127569548785686,0.0009310037130489945
18654,0.0010126973502337933,0.0010767943458631635
18655,0.001012632274068892,0.0010479266056790948
18656,0.001012571039609611,0.0008478962117806077
18657,0.0010125096887350082,0.000534569495357573
18658,0.0010124478721991181,0.0003149199765175581
18659,0.0010123883839696646,0.0003004299651365727
18660,0.001012320164591074,0.00043898081639781594
18661,0.001012257533147931,0.0005913565400987864
18662,0.0010122014209628105,0.0006400893907994032
18663,0.0010121404193341732,0.0005438162479549646
18664,0.0010120756924152374,0.0003866503539029509
18665,0.0010120157385244966,0.0002857651561498642
18666,0.001011955551803112,0.00029028774588368833
18667,0.0010118940845131874,0.00035852586734108627
18668,0.0010118319187313318,0.0004274563689250499
18669,0.0010117768542841077,0.00045652076369151473
18670,0.0010117078199982643,0.00043703237315639853
18671,0.0010116478661075234,0.0003768318856600672
18672,0.0010115879122167826,0.0003158771723974496
18673,0.0010115294717252254,0.0002769285056274384
18674,0.0010114610195159912,0.0002628407091833651
18675,0.0010113962925970554,0.00026939762756228447
18676,0.0010113435564562678,0.0002939923433586955
18677,0.0010112804593518376,0.00033115423866547644
18678,0.0010112220188602805,0.0003772595664486289
18679,0.001011157059110701,0.0004432034329511225
18680,0.0010110929142683744,0.0005337062757462263
18681,0.0010110398288816214,0.0006681176600977778
18682,0.00101097219157964,0.0008228824590332806
18683,0.0010109106078743935,0.001005261787213385
18684,0.0010108437854796648,0.0010814520064741373
18685,0.0010107859270647168,0.0010136885102838278
18686,0.0010107203852385283,0.0007409040699712932
18687,0.0010106642730534077,0.00043802050640806556
18688,0.0010106037370860577,0.00028567490517161787
18689,0.0010105434339493513,0.00033836468355730176
18690,0.0010104852262884378,0.0005000956589356065
18691,0.0010104228276759386,0.000629157992079854
18692,0.0010103527456521988,0.0006223178934305906
18693,0.0010103002423420548,0.0004927465924993157
18694,0.0010102363303303719,0.00034091962152160704
18695,0.0010101693915203214,0.0002758870250545442
18696,0.0010101101361215115,0.00031033530831336975
18697,0.001010050531476736,0.0003852653899230063
18698,0.0010099917417392135,0.0004435570153873414
18699,0.0010099296923726797,0.0004582323890645057
18700,0.0010098670609295368,0.0004187059821560979
18701,0.0010098069906234741,0.0003552112611941993
18702,0.0010097495978698134,0.00029921269742771983
18703,0.001009683357551694,0.00026918307412415743
18704,0.0010096295736730099,0.0002624003973323852
18705,0.0010095610050484538,0.0002756629546638578
18706,0.0010095068719238043,0.0003056334098801017
18707,0.0010094395838677883,0.0003455354308243841
18708,0.0010093783494085073,0.00039814782212488353
18709,0.0010093223536387086,0.00047003483632579446
18710,0.0010092577431350946,0.0005789666320197284
18711,0.001009192317724228,0.0007141796522773802
18712,0.001009127707220614,0.0008947158348746598
18713,0.001009072526358068,0.0010313696693629026
18714,0.0010090069845318794,0.0010861356277018785
18715,0.001008949358947575,0.0009188965777866542
18716,0.001008888240903616,0.0006215560133568943
18717,0.0010088301496580243,0.0003575639857444912
18718,0.0010087601840496063,0.0002830841694958508
18719,0.0010087024420499802,0.00039074092637747526
18720,0.001008644700050354,0.0005549503839574754
18721,0.0010085757821798325,0.0006386741297319531
18722,0.0010085257235914469,0.0005837427452206612
18723,0.001008455059491098,0.0004301440203562379
18724,0.001008397899568081,0.0003028505598194897
18725,0.0010083350352942944,0.00027868038159795105
18726,0.0010082765948027372,0.00033557190909050405
18727,0.0010082151275128126,0.0004091350710950792
18728,0.00100815505720675,0.0004538602370303124
18729,0.0010080919601023197,0.0004453858418855816
18730,0.0010080256033688784,0.00039559809374623
18731,0.0010079694911837578,0.0003304029814898968
18732,0.0010079063940793276,0.0002841896493919194
18733,0.0010078512132167816,0.00026365721714682877
18734,0.0010077869519591331,0.0002646668872330338
18735,0.0010077310726046562,0.0002847585710696876
18736,0.0010076521430164576,0.00031882020994089544
18737,0.0010076058097183704,0.000363016442861408
18738,0.0010075478348881006,0.00042041478445753455
18739,0.00100747961550951,0.0005074079963378608
18740,0.0010074122110381722,0.000621759332716465
18741,0.001007355167530477,0.0007848541135899723
18742,0.0010072898585349321,0.0009451996302232146
18743,0.0010072372388094664,0.0010849821846932173
18744,0.001007172977551818,0.0010410523973405361
18745,0.0010071077849715948,0.0008250277605839074
18746,0.00100705458316952,0.0005104049923829734
18747,0.0010069897398352623,0.00030454195803031325
18748,0.0010069303680211306,0.000306767295114696
18749,0.0010068629635497928,0.00045311852591112256
18750,0.0010068059200420976,0.0006016036495566368
18751,0.0010067445691674948,0.0006393353105522692
18752,0.001006685197353363,0.0005329643026925623
18753,0.0010066227987408638,0.0003747059963643551
18754,0.0010065570240840316,0.00028116567409597337
18755,0.001006497535854578,0.0002930979535449296
18756,0.0010064337402582169,0.0003638011694420129
18757,0.0010063746012747288,0.00043127406388521194
18758,0.001006320700980723,0.00045658781891688704
18759,0.0010062492219731212,0.0004329608636908233
18760,0.0010061924112960696,0.000370672729332
18761,0.0010061217471957207,0.0003104896459262818
18762,0.0010060600470751524,0.00027355493512004614
18763,0.0010060119675472379,0.0002612192474771291
18764,0.0010059421183541417,0.0002694927388802171
18765,0.0010058850748464465,0.0002956019598059356
18766,0.0010058205807581544,0.00033382626133970916
18767,0.0010057557374238968,0.00038121710531413555
18768,0.0010056968312710524,0.0004496419569477439
18769,0.0010056367609649897,0.0005429823650047183
18770,0.001005571335554123,0.0006806249730288982
18771,0.0010055121965706348,0.0008359480416402221
18772,0.0010054543381556869,0.0010132527677342296
18773,0.0010053913574665785,0.0010736819822341204
18774,0.0010053255828097463,0.0009838036494329572
18775,0.0010052660945802927,0.0007013243739493191
18776,0.0010052035795524716,0.00040929808164946735
18777,0.001005144091323018,0.00028045906219631433
18778,0.0010050798300653696,0.000350528716808185
18779,0.0010050239507108927,0.0005136644467711449
18780,0.0010049610864371061,0.0006304592825472355
18781,0.0010048944968730211,0.0006074381526559591
18782,0.0010048281401395798,0.000470589438918978
18783,0.0010047740070149302,0.0003260205849073827
18784,0.0010047121904790401,0.0002738693146966398
18785,0.001004655146971345,0.0003160323831252754
18786,0.001004589139483869,0.0003909918596036732
18787,0.0010045267408713698,0.00044435937888920307
18788,0.0010044632945209742,0.00045268848771229386
18789,0.001004400197416544,0.0004087177512701601
18790,0.001004339661449194,0.00034498475724831223
18791,0.0010042767971754074,0.0002921543491538614
18792,0.001004219288006425,0.00026554337819106877
18793,0.0010041584027931094,0.0002616065612528473
18794,0.00100409344304353,0.00027722970116883516
18795,0.0010040372144430876,0.0003087316872552037
18796,0.0010039692278951406,0.0003497172729112208
18797,0.0010039065964519978,0.00040452100802212954
18798,0.0010038481559604406,0.00047974890912882984
18799,0.0010037895990535617,0.0005935839144513011
18800,0.0010037235915660858,0.0007333664689213037
18801,0.001003659563139081,0.0009167831158265471
18802,0.0010035972809419036,0.0010455999290570617
18803,0.0010035375598818064,0.0010794781846925616
18804,0.0010034814476966858,0.0008883135742507875
18805,0.0010034124134108424,0.000582012115046382
18806,0.0010033510625362396,0.0003352007770445198
18807,0.0010032880818471313,0.0002872456389013678
18808,0.001003227662295103,0.0004106039123144001
18809,0.0010031629353761673,0.0005727720563299954
18810,0.0010031037963926792,0.0006405441090464592
18811,0.00100305350497365,0.0005683596828021109
18812,0.0010029763216152787,0.00041018170304596424
18813,0.0010029179975390434,0.00029270589584484696
18814,0.0010028481483459473,0.0002812814782373607
18815,0.0010027907555922866,0.00034391850931569934
18816,0.0010027356911450624,0.0004160853859502822
18817,0.0010026737581938505,0.0004557359789032489
18818,0.0010026077507063746,0.000440640258602798
18819,0.0010025480296462774,0.0003866209299303591
18820,0.0010024760849773884,0.00032204994931817055
18821,0.0010024214861914515,0.0002788799174595624
18822,0.0010023547802120447,0.00026123644784092903
18823,0.0010022959904745221,0.00026486488059163094
18824,0.0010022370843216777,0.0002873734920285642
18825,0.0010021744528785348,0.0003229860158171505
18826,0.0010021133348345757,0.00036883720895275474
18827,0.0010020502377301455,0.00042901356937363744
18828,0.0010019798064604402,0.0005203736363910139
18829,0.0010019243927672505,0.0006387342582456768
18830,0.0010018623434007168,0.0008051885524764657
18831,0.0010018001776188612,0.0009608989348635077
18832,0.0010017352178692818,0.0010830853134393692
18833,0.001001679920591414,0.0010110063012689352
18834,0.0010016178712248802,0.0007726249750703573
18835,0.0010015557054430246,0.00046567863319069147
18836,0.0010014951694756746,0.00028990599093958735
18837,0.001001424971036613,0.0003200523788109422
18838,0.0010013636201620102,0.0004744225007016212
18839,0.0010013016872107983,0.0006098976009525359
18840,0.0010012410348281264,0.000625203363597393
18841,0.0010011798003688455,0.0005047839367762208
18842,0.0010011198464781046,0.0003514326235745102
18843,0.001001051627099514,0.0002749091654550284
18844,0.001000996446236968,0.0002997620031237602
18845,0.001000929158180952,0.000372726412024349
18846,0.001000862568616867,0.0004351805546320975
18847,0.0010008006356656551,0.00045220868196338415
18848,0.0010007439414039254,0.00042159881559200585
18849,0.0010006852680817246,0.00035785295767709613
18850,0.0010006178636103868,0.0003009648062288761
18851,0.0010005501098930836,0.00026850897120311856
18852,0.0010004928335547447,0.0002597547718323767
18853,0.001000426709651947,0.00027104371110908687
18854,0.001000366173684597,0.00029921261011622846
18855,0.0010003045899793506,0.00033871515188366175
18856,0.0010002420749515295,0.0003880457079503685
18857,0.001000181888230145,0.00046051532262936234
18858,0.0010001189075410366,0.0005589558277279139
18859,0.0010000600013881922,0.0007035457529127598
18860,0.0009999900357797742,0.0008628751384094357
18861,0.0009999294998124242,0.0010366220958530903
18862,0.0009998639579862356,0.0010761669836938381
18863,0.000999807147309184,0.0009545411448925734
18864,0.0009997396264225245,0.0006557138403877616
18865,0.0009996852604672313,0.00037640638765878975
18866,0.0009996083099395037,0.00027866344316862524
18867,0.000999552896246314,0.0003721629036590457
18868,0.0009994904976338148,0.0005378441419452429
18869,0.0009994301944971085,0.0006393687799572945
18870,0.000999363954178989,0.0005946751916781068
18871,0.0009993051644414663,0.0004470592539291829
18872,0.000999239506199956,0.0003105845826212317
18873,0.000999179668724537,0.0002741512726061046
18874,0.0009991145925596356,0.00032562052365392447
18875,0.000999051844701171,0.0004007623647339642
18876,0.000998983858153224,0.000448644335847348
18877,0.0009989248355850577,0.00044941858504898846
18878,0.0009988618548959494,0.00039953060331754386
18879,0.0009987999219447374,0.00033503587474115193
18880,0.0009987321682274342,0.00028551198192872107
18881,0.0009986765217036009,0.00026234204415231943
18882,0.0009986162185668945,0.0002613397082313895
18883,0.0009985457872971892,0.00027984578628093004
18884,0.0009984849020838737,0.00031345104798674583
18885,0.0009984216885641217,0.0003560224431566894
18886,0.0009983608033508062,0.00041391653940081596
18887,0.0009982993360608816,0.0004934669123031199
18888,0.0009982397314161062,0.00061289023142308
18889,0.0009981708135455847,0.0007561997626908123
18890,0.000998112722299993,0.0009384076111018658
18891,0.0009980443865060806,0.0010506578255444765
18892,0.0009979814058169723,0.0010520388605073094
18893,0.0009979178430512547,0.0008331799181178212
18894,0.000997857074253261,0.0005255647702142596
18895,0.0009977909503504634,0.00030946737388148904
18896,0.0009977291338145733,0.00029699940932914615
18897,0.000997666036710143,0.00043583460501395166
18898,0.0009976048022508621,0.0005883452831767499
18899,0.000997544964775443,0.0006310130702331662
18900,0.00099747977219522,0.0005380070651881397
18901,0.0009974143467843533,0.0003804975131060928
18902,0.0009973490377888083,0.00028103802469559014
18903,0.0009972902480512857,0.0002870146417990327
18904,0.0009972208645194769,0.00035519999801181257
18905,0.0009971577674150467,0.00042271235724911094
18906,0.0009971006074920297,0.00045319751370698214
18907,0.0009970322716981173,0.0004290327487979084
18908,0.000996968476101756,0.00037122057983651757
18909,0.0009969078237190843,0.00030977014102973044
18910,0.000996844144538045,0.00027194482390768826
18911,0.0009967787191271782,0.00025892528356052935
18912,0.0009967186488211155,0.00026641503791324794
18913,0.000996655784547329,0.0002918513782788068
18914,0.0009965926874428988,0.00032913798349909484
18915,0.0009965229546651244,0.00037729472387582064
18916,0.000996460672467947,0.0004415366565808654
18917,0.0009963959455490112,0.0005394176696427166
18918,0.000996340299025178,0.0006646927795372903
18919,0.0009962748736143112,0.0008383937529288232
18920,0.0009962135227397084,0.0009905792539939284
18921,0.0009961449541151524,0.0010918572079390287
18922,0.0009960803436115384,0.0009835087694227695
18923,0.000996019458398223,0.0007164974231272936
18924,0.000995962880551815,0.0004188033053651452
18925,0.000995897687971592,0.00027959191356785595
18926,0.0009958326118066907,0.00034265758586116135
18927,0.0009957666043192148,0.0005059628165327013
18928,0.0009956990834325552,0.0006255344487726688
18929,0.0009956338908523321,0.0006141072371974587
18930,0.0009955677669495344,0.00047670258209109306
18931,0.000995512818917632,0.00032894028117880225
18932,0.0009954493725672364,0.0002716468879953027
18933,0.0009953849948942661,0.00031051848782226443
18934,0.0009953223634511232,0.00038566539296880364
18935,0.0009952574037015438,0.0004425781371537596
18936,0.000995198148302734,0.000449978222604841
18937,0.0009951299289241433,0.0004109133733436465
18938,0.0009950604289770126,0.0003450524527579546
18939,0.0009950021049007773,0.0002915853401646018
18940,0.000994937145151198,0.00026383064687252045
18941,0.000994869158603251,0.0002591021475382149
18942,0.0009948116494342685,0.00027427589520812035
18943,0.0009947470389306545,0.0003054090484511107
18944,0.0009946782374754548,0.0003471738309599459
18945,0.0009946171194314957,0.00039983904571272433
18946,0.0009945532074198127,0.00047826231457293034
18947,0.0009944915072992444,0.0005830154404975474
18948,0.0009944250341504812,0.0007345858030021191
18949,0.0009943628683686256,0.0008932860800996423
18950,0.0009943065233528614,0.0010513528250157833
18951,0.0009942277101799846,0.001053225714713335
18952,0.0009941703174263239,0.0008875369094312191
18953,0.0009941146709024906,0.0005796549376100302
18954,0.0009940369054675102,0.0003334377834107727
18955,0.0009939747396856546,0.0002838832442648709
18956,0.0009939083829522133,0.0004047368129249662
18957,0.000993847963400185,0.0005641976022161543
18958,0.0009937845170497894,0.000635896809399128
18959,0.0009937238646671176,0.0005608843057416379
18960,0.0009936528513208032,0.00040656948112882674
18961,0.000993597088381648,0.00029031658777967095
18962,0.0009935300331562757,0.0002784017997328192
18963,0.000993459951132536,0.00034055477590300143
18964,0.0009933948749676347,0.0004123360267840326
18965,0.0009933363180607557,0.00044894713209941983
18966,0.0009932713583111763,0.0004373812407720834
18967,0.0009932080283761024,0.00038106372812762856
18968,0.0009931439999490976,0.00031860562739893794
18969,0.0009930768283084035,0.000275825266726315
18970,0.0009930140804499388,0.0002587157941889018
18971,0.0009929526131600142,0.0002627488283906132
18972,0.000992889516055584,0.0002852743782568723
18973,0.0009928279323503375,0.00032130611361935735
18974,0.0009927618084475398,0.0003661598020698875
18975,0.0009926933562383056,0.0004290227370802313
18976,0.0009926259517669678,0.0005153786041773856
18977,0.0009925642516463995,0.0006442825542762876
18978,0.0009924968471750617,0.0007948672282509506
18979,0.000992434099316597,0.0009775204816833138
18980,0.0009923747275024652,0.0010667650494724512
18981,0.000992298242636025,0.0010229168692603707
18982,0.0009922458557412028,0.0007671571220271289
18983,0.000992180546745658,0.0004608442250173539
18984,0.000992117333225906,0.0002868954325094819
18985,0.000992049346677959,0.0003191749274265021
18986,0.000991983339190483,0.00047498467029072344
18987,0.0009919105796143413,0.0006129716639406979
18988,0.000991850858554244,0.000622460269369185
18989,0.0009917882271111012,0.000503803719766438
18990,0.0009917295537889004,0.00034891488030552864
18991,0.0009916635463014245,0.00027251854771748185
18992,0.0009915977716445923,0.00029843865195289254
18993,0.0009915349073708057,0.0003718336811289191
18994,0.0009914677357301116,0.0004332919779699296
18995,0.0009913950925692916,0.00045287059037946165
18996,0.0009913358371704817,0.0004177830123808235
18997,0.0009912734385579824,0.00035562796983867884
18998,0.0009912089444696903,0.0002978750562760979
18999,0.0009911400265991688,0.00026576174423098564
19000,0.0009910715743899345,0.0002575125254224986
19001,0.0009910082444548607,0.0002694391005206853
19002,0.0009909453801810741,0.0002984735183417797
19003,0.0009908750653266907,0.00033795367926359177
19004,0.0009908218635246158,0.0003895157715305686
19005,0.0009907495696097612,0.00045935032540000975
19006,0.0009906846098601818,0.0005652520339936018
19007,0.0009906142950057983,0.0006972755654715002
19008,0.0009905574843287468,0.0008748238906264305
19009,0.0009904843755066395,0.0010132323950529099
19010,0.0009904270991683006,0.0010767318308353424
19011,0.0009903626050800085,0.0009219452040269971
19012,0.0009902967140078545,0.0006319716339930892
19013,0.0009902289602905512,0.0003628478734754026
19014,0.000990169937722385,0.00027658080216497183
19015,0.0009900984587147832,0.0003757397353183478
19016,0.0009900408331304789,0.0005394049221649766
19017,0.0009899747092276812,0.0006295019993558526
19018,0.0009899047436192632,0.0005826923297718167
19019,0.0009898397838696837,0.0004326644993852824
19020,0.0009897735435515642,0.00030225791851989925
19021,0.0009897116106003523,0.00027243641670793295
19022,0.0009896410629153252,0.000326127017615363
19023,0.0009895780822262168,0.00039975575054995716
19024,0.0009895134717226028,0.00044619443360716105
19025,0.000989448046311736,0.00044015306048095226
19026,0.0009893820388242602,0.0003921890747733414
19027,0.0009893107926473022,0.00032721724710427225
19028,0.0009892507223412395,0.0002802898525260389
19029,0.0009891921654343605,0.00025915593141689897
19030,0.0009891192894428968,0.0002597102429717779
19031,0.0009890543296933174,0.00027926190523430705
19032,0.0009889849461615086,0.00031299906549975276
19033,0.0009889230132102966,0.00035695702536031604
19034,0.0009888592176139355,0.00041371118277311325
19035,0.000988794257864356,0.0004995170747861266
19036,0.0009887253399938345,0.00061250408180058
19037,0.0009886641055345535,0.0007740064174868166
19038,0.0009886004263535142,0.000933581031858921
19039,0.000988523941487074,0.0010746800107881427
19040,0.000988465966656804,0.001034779823385179
19041,0.000988404848612845,0.0008234222186729312
19042,0.0009883339516818523,0.0005100768757984042
19043,0.000988270272500813,0.0003016123955603689
19044,0.0009882062440738082,0.0003000454744324088
19045,0.0009881388396024704,0.0004443598445504904
19046,0.0009880696889013052,0.0005935316439718008
19047,0.0009880049619823694,0.0006338197272270918
19048,0.0009879398858174682,0.000529823824763298
19049,0.000987871317192912,0.0003720228560268879
19050,0.0009878096170723438,0.0002770456485450268
19051,0.000987744191661477,0.0002874065248761326
19052,0.000987677718512714,0.0003575207374524325
19053,0.0009876141557469964,0.0004250725614838302
19054,0.0009875475661829114,0.0004507451958488673
19055,0.000987486564554274,0.00042754519381560385
19056,0.0009874104289337993,0.0003655361942946911
19057,0.000987348728813231,0.00030540896113961935
19058,0.0009872775990515947,0.00026858376804739237
19059,0.0009872177615761757,0.00025655102217569947
19060,0.000987149542197585,0.0002651504473760724
19061,0.0009870852809399366,0.00029154971707612276
19062,0.0009870086796581745,0.0003301122924312949
19063,0.0009869523346424103,0.00037782188155688345
19064,0.000986887258477509,0.0004465941747184843
19065,0.0009868190390989184,0.0005401985836215317
19066,0.0009867548942565918,0.0006780789699405432
19067,0.0009866836480796337,0.0008324614609591663
19068,0.0009866252075880766,0.0010070611024275422
19069,0.000986553030088544,0.001062260358594358
19070,0.0009864862076938152,0.0009664749959483743
19071,0.0009864228777587414,0.0006829692283645272
19072,0.0009863569866865873,0.00039605796337127686
19073,0.0009862855076789856,0.00027496227994561195
19074,0.0009862252045422792,0.00034975435119122267
19075,0.000986155471764505,0.000512345926836133
19076,0.0009860906284302473,0.0006247058627195656
19077,0.000986020895652473,0.0005967589095234871
19078,0.0009859614074230194,0.0004584687121678144
19079,0.00098589644767344,0.0003170522104483098
19080,0.0009858205448836088,0.00026918601361103356
19081,0.000985755817964673,0.0003134768921881914
19082,0.000985697377473116,0.00038797681918367743
19083,0.0009856248507276177,0.0004392437112983316
19084,0.0009855638490989804,0.00044504139805212617
19085,0.0009854952804744244,0.0003996147133875638
19086,0.000985426246188581,0.0003361750568728894
19087,0.0009853600058704615,0.0002848715812433511
19088,0.0009853001683950424,0.00025990745052695274
19089,0.0009852300863713026,0.00025746042956598103
19090,0.0009851576760411263,0.0002743299992289394
19091,0.0009850957430899143,0.0003067150537390262
19092,0.0009850268252193928,0.0003484554763417691
19093,0.0009849605849012733,0.0004045188252348453
19094,0.000984899583272636,0.0004813671694137156
19095,0.0009848314803093672,0.00059748615603894
19096,0.0009847698966041207,0.0007387188961729407
19097,0.000984699698165059,0.0009216390899382532
19098,0.0009846335742622614,0.0010430122492834926
19099,0.0009845613967627287,0.0010623212438076735
19100,0.0009844943415373564,0.0008581889560446143
19101,0.0009844244923442602,0.0005507977330125868
19102,0.0009843616280704737,0.00031825219048187137
19103,0.0009843000443652272,0.00028723382274620235
19104,0.0009842331055551767,0.0004183643322903663
19105,0.0009841611608862877,0.0005765846581198275
19106,0.0009840965503826737,0.0006327320006676018
19107,0.0009840296115726233,0.0005504317814484239
19108,0.0009839595295488834,0.0003920129965990782
19109,0.0009838967816904187,0.0002828111464623362
19110,0.0009838247206062078,0.00027972969110123813
19111,0.0009837523102760315,0.0003452459932304919
19112,0.0009836913086473942,0.0004153866902925074
19113,0.000983626232482493,0.00045056783710606396
19114,0.0009835537057369947,0.00043070901301689446
19115,0.0009834903758019209,0.00037444947520270944
19116,0.0009834227384999394,0.00031128060072660446
19117,0.000983355101197958,0.0002709246182348579
19118,0.0009832942159846425,0.0002559835556894541
19119,0.0009832218056544662,0.0002620528975967318
19120,0.0009831563802435994,0.0002865406859200448
19121,0.0009830829221755266,0.00032344754436053336
19122,0.00098302005790174,0.00037091478588990867
19123,0.0009829497430473566,0.00043358892435207963
19124,0.000982880825176835,0.0005288024549372494
19125,0.0009828226175159216,0.0006507356301881373
19126,0.0009827536996454,0.0008201184682548046
19127,0.0009826853638514876,0.0009707966819405556
19128,0.000982619822025299,0.0010760402074083686
19129,0.0009825488086789846,0.0009785671718418598
19130,0.0009824825683608651,0.0007223933353088796
19131,0.0009824295993894339,0.0004253598744980991
19132,0.0009823543950915337,0.00027759873773902655
19133,0.0009822769789025187,0.00033125447225756943
19134,0.0009822121355682611,0.0004905915702693164
19135,0.0009821511339396238,0.000612915784586221
19136,0.0009820798877626657,0.0006082839099690318
19137,0.0009820099221542478,0.0004768806975334883
19138,0.0009819462429732084,0.00032955105416476727
19139,0.000981876510195434,0.0002682361810002476
19140,0.0009818071266636252,0.0003034799883607775
19141,0.000981742050498724,0.00037745427107438445
19142,0.0009816773235797882,0.0004347887879703194
19143,0.0009816080564633012,0.00044390131370164454
19144,0.0009815400699153543,0.00040694023482501507
19145,0.0009814684744924307,0.00034230458550155163
19146,0.000981405726633966,0.00028881532489322126
19147,0.000981336459517479,0.00026075763162225485
19148,0.000981274526566267,0.0002557708940003067
19149,0.0009812070056796074,0.0002703457430470735
19150,0.0009811308700591326,0.0003007838677149266
19151,0.0009810669580474496,0.00034196494380012155
19152,0.0009809995535761118,0.00039376699714921415
19153,0.0009809315670281649,0.0004707886546384543
19154,0.0009808577597141266,0.0005742542562074959
19155,0.0009807997848838568,0.00072482880204916
19156,0.0009807264432311058,0.0008843946852721274
19157,0.0009806640446186066,0.0010469346307218075
19158,0.0009805925656110048,0.0010569258593022823
19159,0.0009805250447243452,0.0008994017844088376
19160,0.000980451935902238,0.0005916410591453314
19161,0.00098038325086236,0.00033775551128201187
19162,0.0009803184075281024,0.00027884700102731586
19163,0.0009802487911656499,0.000395191484130919
19164,0.0009801855776458979,0.0005570076173171401
19165,0.0009801194537431002,0.0006354805082082748
19166,0.0009800463449209929,0.0005660433671437204
19167,0.0009799787076190114,0.0004118889628443867
19168,0.0009799104882404208,0.000290746073005721
19169,0.0009798399405553937,0.00027380193932913244
19170,0.0009797685779631138,0.00033402832923457026
19171,0.0009797061793506145,0.00040680228266865015
19172,0.0009796373778954148,0.0004458875337149948
19173,0.000979570671916008,0.0004366041684988886
19174,0.0009795037331059575,0.00038101040991023183
19175,0.0009794384241104126,0.0003177959006279707
19176,0.0009793713688850403,0.0002737669856287539
19177,0.0009792984928935766,0.00025577464839443564
19178,0.0009792230557650328,0.00025924734654836357
19179,0.0009791599586606026,0.0002815132902469486
19180,0.0009790868498384953,0.00031762197613716125
19181,0.0009790228214114904,0.00036252810969017446
19182,0.000978946452960372,0.0004250739293638617
19183,0.000978891970589757,0.0005107689066790044
19184,0.0009788197930902243,0.0006384840817190707
19185,0.000978745287284255,0.0007871176348999143
19186,0.0009786866139620543,0.0009671446168795228
19187,0.000978610827587545,0.001054632244631648
19188,0.0009785406291484833,0.0010109213180840015
19189,0.000978476949967444,0.000758142676204443
19190,0.0009784072171896696,0.00045535387471318245
19191,0.0009783401619642973,0.0002831792808137834
19192,0.0009782714769244194,0.00031513290014117956
19193,0.0009782003471627831,0.0004693500231951475
19194,0.000978127121925354,0.000605431676376611
19195,0.0009780670516192913,0.0006142174242995679
19196,0.0009779969695955515,0.000496663386002183
19197,0.00097792805172503,0.0003438721760176122
19198,0.0009778570383787155,0.00026889133732765913
19199,0.000977788702584803,0.00029510026797652245
19200,0.0009777196682989597,0.00036793516483157873
19201,0.0009776570368558168,0.00042823428520932794
19202,0.0009775791550055146,0.00044659135164693
19203,0.000977513031102717,0.00041115988278761506
19204,0.000977447722107172,0.00034949800465255976
19205,0.0009773698402568698,0.0002926937595475465
19206,0.0009773133788257837,0.00026166197494603693
19207,0.0009772467892616987,0.00025447760708630085
19208,0.000977162504568696,0.0002671613183338195
19209,0.000977102667093277,0.0002965825842693448
19210,0.000977032701484859,0.00033636801526881754
19211,0.0009769618045538664,0.0003884203906636685
19212,0.0009768906747922301,0.00045884118298999965
19213,0.0009768292075023055,0.0005657756701111794
19214,0.0009767591254785657,0.0006988274399191141
19215,0.0009766865987330675,0.0008770731510594487
19216,0.0009766146540641785,0.0010134842013940215
19217,0.0009765452123247087,0.001071901060640812
19218,0.0009764715214259923,0.0009107983205467463
19219,0.0009764051646925509,0.0006180175696499646
19220,0.0009763456182554364,0.0003532327536959201
19221,0.0009762697154656053,0.0002742274955380708
19222,0.0009762010304257274,0.0003779891994781792
19223,0.0009761342080309987,0.0005415483610704541
19224,0.0009760655811987817,0.0006275914493016899
19225,0.0009759982349351048,0.0005760120693594217
19226,0.0009759203530848026,0.00042429976747371256
19227,0.0009758528904058039,0.00029631692450493574
19228,0.0009757959051057696,0.0002700818586163223
19229,0.0009757223888300359,0.0003255843184888363
19230,0.0009756485815159976,0.00039895219379104674
19231,0.0009755832143127918,0.00044384185457602143
19232,0.0009755092905834317,0.00043556169839575887
19233,0.0009754394413903356,0.0003860178985632956
19234,0.0009753714548423886,0.00032110646134242415
19235,0.0009752964833751321,0.00027525797486305237
19236,0.0009752272162586451,0.00025544455274939537
19237,0.0009751614416018128,0.0002573567908257246
19238,0.0009750905446708202,0.00027818401576951146
19239,0.0009750233730301261,0.0003128476382698864
19240,0.0009749477612785995,0.0003577760944608599
19241,0.0009748829179443419,0.00041583628626540303
19242,0.0009748174343258142,0.000503616756759584
19243,0.000974745606072247,0.0006182474899105728
19244,0.0009746738942340016,0.0007807576330378652
19245,0.0009746083524078131,0.0009368304163217545
19246,0.000974531751126051,0.0010676109232008457
19247,0.0009744675480760634,0.0010122895473614335
19248,0.0009743962436914444,0.0007892728899605572
19249,0.0009743261616677046,0.0004811534599866718
19250,0.00097425258718431,0.0002899644314311445
19251,0.0009741865796968341,0.0003040227456949651
19252,0.0009741183603182435,0.0004526124685071409
19253,0.0009740395471453667,0.0005942226853221655
19254,0.0009739748202264309,0.000621743209194392
19255,0.0009739084052853286,0.0005100587150081992
19256,0.0009738312801346183,0.0003554727300070226
19257,0.000973762886133045,0.0002705185324884951
19258,0.0009736927459016442,0.0002883699780795723
19259,0.000973629648797214,0.0003596983151510358
19260,0.0009735542698763311,0.00042410098831169307
19261,0.0009734923951327801,0.00044465961400419474
19262,0.0009734114864841104,0.00041718766442500055
19263,0.0009733541519381106,0.00035441218642517924
19264,0.0009732816834002733,0.0002964847953990102
19265,0.0009732017060741782,0.0002627467329148203
19266,0.0009731360478326678,0.0002533764345571399
19267,0.0009730651509016752,0.0002642179315444082
19268,0.0009729976300150156,0.0002921286504715681
19269,0.0009729229495860636,0.0003316954243928194
19270,0.0009728596778586507,0.0003807451867032796
19271,0.0009727864526212215,0.00045210617827251554
19272,0.0009727149736136198,0.0005488147144205868
19273,0.000972650945186615,0.0006908098584972322
19274,0.0009725738782435656,0.0008467909647151828
19275,0.0009725035633891821,0.0010173587361350656
19276,0.0009724385454319417,0.0010569813894107938
19277,0.0009723688126541674,0.000939272518735379
19278,0.0009722933173179626,0.0006462156306952238
19279,0.0009722321410663426,0.0003701748210005462
19280,0.0009721543174237013,0.0002715889422688633
19281,0.0009720842353999615,0.00036227566306479275
19282,0.0009720149682834744,0.0005256514996290207
19283,0.0009719547815620899,0.0006264783442020416
19284,0.0009718806832097471,0.0005833472823724151
19285,0.0009718133369460702,0.00043843890307471156
19286,0.0009717515204101801,0.00030372722540050745
19287,0.0009716770146042109,0.0002672628324944526
19288,0.0009716127533465624,0.00031791668152436614
19289,0.000971551809925586,0.00039213240961544216
19290,0.0009714901680126786,0.00043899010051973164
19291,0.0009714295738376677,0.00043906900100409985
19292,0.0009713813196867704,0.0003895313129760325
19293,0.0009713362669572234,0.0003258815559092909
19294,0.00097130355425179,0.0002773632586468011
19295,0.0009712837636470795,0.0002553481317590922
19296,0.0009712932514958084,0.00025549897691234946
19297,0.0009713274776004255,0.0002747427497524768
19298,0.0009714087937027216,0.00030885019805282354
19299,0.0009715748019516468,0.0003519323654472828
19300,0.000971851171925664,0.00041048292769119143
19301,0.0009722826653160155,0.0004906061803922057
19302,0.000972975161857903,0.0006109387613832951
19303,0.0009740496752783656,0.0007543667452409863
19304,0.0009757235529832542,0.0009350584587082267
19305,0.0009783454006537795,0.001041538082063198
19306,0.000982412020675838,0.0010338840074837208
19307,0.000988804385997355,0.0008089628536254168
19308,0.0009987764060497284,0.0005034444620832801
19309,0.0010146349668502808,0.0002973495575133711
19310,0.0010395568097010255,0.00029432724113576114
19311,0.0010795192793011665,0.00043617183109745383
19312,0.0011420358205214143,0.0005851146997883916
19313,0.0012425523018464446,0.0006206856924109161
19314,0.0013961452059447765,0.0005227327346801758
19315,0.0016374997794628143,0.00036655247095040977
19316,0.00197902275249362,0.0002725100493989885
19317,0.002469427417963743,0.0002827536372933537
19318,0.00302001740783453,0.00035179004771634936
19319,0.0035911642480641603,0.0004175706417299807
19320,0.0037718983367085457,0.00044512772001326084
19321,0.003470940049737692,0.0004182232078164816
19322,0.0025302530266344547,0.0003594964218791574
19323,0.0015475406544283032,0.0002993320522364229
19324,0.0010151609312742949,0.00026352732675150037
19325,0.0011194682447239757,0.0002524586161598563
19326,0.001706571551039815,0.0002617077552713454
19327,0.002631265204399824,0.0002885079011321068
19328,0.00394896324723959,0.00032669349457137287
19329,0.005184609908610582,0.0003760622930712998
19330,0.005529699847102165,0.00044200767297297716
19331,0.0035753934644162655,0.0005424015107564628
19332,0.001553923124447465,0.0006695908377878368
19333,0.0017311361152678728,0.0008439203957095742
19334,0.003299528732895851,0.0009897961281239986
19335,0.0046850768849253654,0.001075799809768796
19336,0.005177974235266447,0.0009489803924225271
19337,0.004885892383754253,0.0006730520399287343
19338,0.003384952899068594,0.00038773263804614544
19339,0.0016874433495104313,0.0002709206019062549
19340,0.0012672937009483576,0.0003492942778393626
19341,0.0022504322696477175,0.0005129679921083152
19342,0.0030568819493055344,0.0006203632219694555
19343,0.00267636775970459,0.0005941925919614732
19344,0.001773390220478177,0.0004514201427809894
19345,0.0010831226827576756,0.00031096197199076414
19346,0.0010577416978776455,0.0002654006239026785
19347,0.0015231468714773655,0.0003106683143414557
19348,0.0019365549087524414,0.00038516009226441383
19349,0.0019154788460582495,0.0004373221891000867
19350,0.0014736911980435252,0.0004384940257295966
19351,0.00107160909101367,0.00039516660035587847
19352,0.0010353781981393695,0.0003296570503152907
19353,0.0012927548959851265,0.00027945946203544736
19354,0.0015537613071501255,0.0002554172242525965
19355,0.0015858523547649384,0.00025389279471710324
19356,0.0014030294260010123,0.000271735800197348
19357,0.0011393921449780464,0.00030458258697763085
19358,0.000989821506664157,0.0003478270664345473
19359,0.0010249458719044924,0.00040271528996527195
19360,0.0011708734091371298,0.00048499778495170176
19361,0.0012910030782222748,0.0005937474779784679
19362,0.0012831129133701324,0.0007497051847167313
19363,0.0011651134118437767,0.0009066222119145095
19364,0.0010279120178893209,0.001052023028023541
19365,0.0009728416334837675,0.0010273423977196217
19366,0.0010136697674170136,0.0008343304507434368
19367,0.0010904554510489106,0.0005256852018646896
19368,0.0011385841062292457,0.0003054860862903297
19369,0.0011288016103208065,0.00028709054458886385
19370,0.0010750971268862486,0.00042230403050780296
19371,0.0010098558850586414,0.0005740670021623373
19372,0.0009715090272948146,0.0006248470745049417
19373,0.0009759450331330299,0.0005316833849065006
19374,0.0010069010313600302,0.00037644582334905863
19375,0.0010339254513382912,0.0002751182473730296
19376,0.0010361522436141968,0.0002781022049020976
19377,0.0010163969127461314,0.0003452382516115904
19378,0.0009892074158415198,0.00041353999404236674
19379,0.0009706827695481479,0.0004421129124239087
19380,0.0009677883354015648,0.00042233694694004953
19381,0.0009776789229363203,0.0003624084056355059
19382,0.00099102221429348,0.0003020768635906279
19383,0.0009979435708373785,0.0002642210165504366
19384,0.0009941693861037493,0.00025168241700157523
19385,0.0009824911830946803,0.0002597936545498669
19386,0.0009708665893413126,0.0002855987986549735
19387,0.0009656759211793542,0.00032390831620432436
19388,0.0009680368239060044,0.0003712003235705197
19389,0.0009742284892126918,0.0004386811633594334
19390,0.000979675562120974,0.0005305398954078555
19391,0.0009815323865041137,0.0006663286476396024
19392,0.0009791218908503652,0.0008190945372916758
19393,0.0009737563086673617,0.0009939036099240184
19394,0.0009681872325018048,0.0010536262998357415
19395,0.0009651213185861707,0.0009658144554123282
19396,0.000965508574154228,0.0006873545935377479
19397,0.0009681039955466986,0.00039864593418315053
19398,0.0009708830621093512,0.0002705492661334574
19399,0.0009723157854750752,0.0003393249644432217
19400,0.0009718723013065755,0.000500895082950592
19401,0.0009698603535071015,0.0006169019034132361
19402,0.0009672383312135935,0.0005942502757534385
19403,0.000965115032158792,0.0004589000891428441
19404,0.0009642321965657175,0.000315818382659927
19405,0.0009645760292187333,0.0002640500897541642
19406,0.0009656145703047514,0.0003057164722122252
19407,0.0009666547412052751,0.00037997064646333456
19408,0.0009671560255810618,0.0004324191831983626
19409,0.0009669525898061693,0.0004396233125589788
19410,0.0009661531657911837,0.0003952137485612184
19411,0.0009650997235439718,0.0003319215611554682
19412,0.0009641453507356346,0.000280184845905751
19413,0.0009635821916162968,0.000255004211794585
19414,0.0009635037276893854,0.0002526440948713571
19415,0.0009637735784053802,0.00026960507966578007
19416,0.0009641441283747554,0.00030212942510843277
19417,0.0009644109522923827,0.0003440434520598501
19418,0.0009644714300520718,0.0004000705957878381
19419,0.0009643040248192847,0.0004764499608427286
19420,0.000963954022154212,0.0005917391972616315
19421,0.0009635156602598727,0.0007313697133213282
19422,0.0009631143184378743,0.0009116061264649034
19423,0.0009628540719859302,0.0010296845575794578
19424,0.0009627366671338677,0.0010462702484801412
19425,0.00096274190582335,0.0008427416323684156
19426,0.0009627981344237924,0.0005390704609453678
19427,0.0009628697298467159,0.00031109212432056665
19428,0.0009628972038626671,0.00028244726127013564
19429,0.0009628500556573272,0.00041305358172394335
19430,0.0009627303807064891,0.0005688662640750408
19431,0.00096257368568331,0.0006225542747415602
19432,0.0009624044178053737,0.0005397086497396231
19433,0.0009622322395443916,0.00038331723771989346
19434,0.0009620910277590156,0.0002767587429843843
19435,0.0009619693737477064,0.00027499982388690114
19436,0.0009618909098207951,0.00034025340573862195
19437,0.0009618441108614206,0.0004091310838703066
19438,0.0009618058684282005,0.00044269877253100276
19439,0.0009617663454264402,0.00042181299068033695
19440,0.0009617295581847429,0.00036559923319146037
19441,0.0009616740280762315,0.0003035004483535886
19442,0.000961613841354847,0.00026449543656781316
19443,0.0009615320013836026,0.0002509121841285378
19444,0.0009614424197934568,0.00025809602811932564
19445,0.0009613558650016785,0.00028327113250270486
19446,0.0009612646535970271,0.0003205918474122882
19447,0.0009611673885956407,0.0003686269628815353
19448,0.0009610744891688228,0.00043199502397328615
19449,0.0009609834523871541,0.0005282973870635033
19450,0.0009609190747141838,0.0006512750987894833
19451,0.0009608485270291567,0.0008215201669372618
19452,0.0009607700631022453,0.0009700627415440977
19453,0.0009607081883586943,0.0010692739160731435
19454,0.0009606498060747981,0.0009631284628994763
19455,0.000960579956881702,0.0007015055743977427
19456,0.000960518722422421,0.00040881437598727643
19457,0.0009604571387171745,0.0002710178086999804
19458,0.0009603796643204987,0.00033237755997106433
19459,0.0009603211656212807,0.0004930002032779157
19460,0.0009602503851056099,0.0006107068620622158
19461,0.0009601798956282437,0.0005995320971123874
19462,0.0009601134806871414,0.0004646711749956012
19463,0.000960043165832758,0.00031953456345945597
19464,0.0009599628392606974,0.00026317714946344495
19465,0.0009599024197086692,0.0003015839902218431
19466,0.0009598264587111771,0.00037568906554952264
19467,0.0009597563766874373,0.00043119548354297876
19468,0.0009596932213753462,0.00043745903531089425
19469,0.0009596192394383252,0.00039814019692130387
19470,0.0009595464216545224,0.00033314325264655054
19471,0.0009594827424734831,0.00028094215667806566
19472,0.000959410797804594,0.0002547146868892014
19473,0.0009593541617505252,0.00025152304442599416
19474,0.000959287048317492,0.0002678004384506494
19475,0.0009592206915840507,0.00029957579681649804
19476,0.0009591588750481606,0.0003419741988182068
19477,0.0009590936824679375,0.0003953002451453358
19478,0.0009590458357706666,0.00047468431876040995
19479,0.0009589887340553105,0.0005803161766380072
19480,0.0009589425171725452,0.0007327762432396412
19481,0.0009588932152837515,0.0008896075887605548
19482,0.0009588702814653516,0.001041793148033321
19483,0.0009588557295501232,0.0010329446522518992
19484,0.0009588669054210186,0.0008570663048885763
19485,0.0009588935063220561,0.0005502205458469689
19486,0.0009589724941179156,0.0003156011225655675
19487,0.0009591025300323963,0.00027899895212613046
19488,0.0009593218564987183,0.00040539694600738585
19489,0.0009596591698937118,0.0005613432731479406
19490,0.000960170233156532,0.0006243989919312298
19491,0.0009609402040950954,0.0005421395762823522
19492,0.0009620760101824999,0.00038790423423051834
19493,0.0009637943003326654,0.0002781676594167948
19494,0.0009663359960541129,0.00027247006073594093
19495,0.0009701856761239469,0.0003365779703017324
19496,0.000975943636149168,0.0004066856927238405
19497,0.0009847426554188132,0.00043950590770691633
19498,0.000997982220724225,0.00042398227378726006
19499,0.0010184189304709435,0.00036595153505913913
19500,0.001049242215231061,0.00030458709807135165
19501,0.0010972036980092525,0.0002644837659318
19502,0.0011688116937875748,0.00025014078710228205
19503,0.0012798458337783813,0.00025674441712908447
19504,0.0014396142214536667,0.0002813282480929047
19505,0.0016792987007647753,0.00031890213722363114
19506,0.0019895422738045454,0.0003653167514130473
19507,0.002402994781732559,0.00043081058538518846
19508,0.0027944177854806185,0.0005201056483201683
19509,0.003131822682917118,0.0006526003126055002
19510,0.003093905281275511,0.0008033178164623678
19511,0.002724891295656562,0.000979406526312232
19512,0.0020099212415516376,0.0010487023973837495
19513,0.0013585255946964025,0.000976606155745685
19514,0.0010033814469352365,0.0007074772147461772
19515,0.00100382836535573,0.000414080306654796
19516,0.0012842598371207714,0.00027090247021988034
19517,0.0018150544492527843,0.0003270613378845155
19518,0.0026912828907370567,0.00048614369006827474
19519,0.003785546403378248,0.000609171052929014
19520,0.004713684320449829,0.0005974654341116548
19521,0.004159522242844105,0.00046828706399537623
19522,0.002487414050847292,0.00032191723585128784
19523,0.0011840274091809988,0.000262332585407421
19524,0.00154865684453398,0.00029886793345212936
19525,0.0031192742753773928,0.000372652051737532
19526,0.0052698221988976,0.00042761280201375484
19527,0.008183329366147518,0.00043835840187966824
19528,0.00956884678453207,0.0003968234814237803
19529,0.007097532972693443,0.00033404529676772654
19530,0.0022566630505025387,0.00028079774347133934
19531,0.0036639152094721794,0.0002540480636525899
19532,0.007040922995656729,0.0002505386946722865
19533,0.005414770916104317,0.00026646614423952997
19534,0.002468156162649393,0.0002983141166623682
19535,0.0011192617239430547,0.0003398508997634053
19536,0.0019779647700488567,0.0003948986413888633
19537,0.003996428567916155,0.0004696275573223829
19538,0.0047557721845805645,0.0005826146225444973
19539,0.0035139527171850204,0.0007201886037364602
19540,0.0013976192567497492,0.0008993110386654735
19541,0.001851947046816349,0.0010211850749328732
19542,0.0033621196635067463,0.0010474754963070154
19543,0.003231632523238659,0.0008539932314306498
19544,0.0018926833290606737,0.0005530294147320092
19545,0.0010301732691004872,0.00031690706964582205
19546,0.0013297870755195618,0.0002770581631921232
19547,0.0022325548343360424,0.00040181103395298123
19548,0.0025797528214752674,0.0005595545517280698
19549,0.002058273646980524,0.0006206372636370361
19550,0.0012085745111107826,0.0005448185838758945
19551,0.0010872045531868935,0.00038942243554629385
19552,0.0016151468735188246,0.0002780731883831322
19553,0.0019075367599725723,0.00027095834957435727
19554,0.0016087621916085482,0.0003341978881508112
19555,0.0011306508677080274,0.00040407455526292324
19556,0.0009920254815369844,0.0004399043682496995
19557,0.0012316957581788301,0.0004215418884996325
19558,0.0015084301121532917,0.00036668076063506305
19559,0.0015309585724025965,0.00030404020799323916
19560,0.0012823260622099042,0.00026382488431409
19561,0.0010263202711939812,0.0002493198844604194
19562,0.0010047287214547396,0.000255773076787591
19563,0.0011622861493378878,0.0002803291426971555
19564,0.0012722192332148552,0.000317350059049204
19565,0.0011964156292378902,0.0003649727441370487
19566,0.0010457572061568499,0.0004273903905414045
19567,0.0009650259744375944,0.0005221109604462981
19568,0.001011979067698121,0.0006434127571992576
19569,0.0011079474352300167,0.0008118441328406334
19570,0.0011529409093782306,0.0009606427629478276
19571,0.0011024981504306197,0.0010638006497174501
19572,0.0010094050085172057,0.0009649550775066018
19573,0.0009613687871024013,0.000709314423147589
19574,0.0009909063810482621,0.00041520653758198023
19575,0.001043790834955871,0.0002704304060898721
19576,0.0010586280841380358,0.00032537340302951634
19577,0.0010246405145153403,0.0004843045608140528
19578,0.0009779890533536673,0.0006052781245671213
19579,0.0009564069914631546,0.0005993747618049383
19580,0.0009685041150078177,0.000467767909867689
19581,0.000995673006400466,0.00032151828054338694
19582,0.0010066141840070486,0.0002614925033412874
19583,0.0009919514413923025,0.0002972985676024109
19584,0.000965875166002661,0.00037103131762705743
19585,0.0009538665763102472,0.0004274722596164793
19586,0.0009619896300137043,0.00043531120172701776
19587,0.0009785606525838375,0.0003973801794927567
19588,0.0009860784048214555,0.0003327329468447715
19589,0.0009790477342903614,0.00028002020553685725
19590,0.0009642801014706492,0.00025324191665276885
19591,0.0009540008613839746,0.0002497047826182097
19592,0.0009542806074023247,0.00026562914717942476
19593,0.0009616424213163555,0.00029713500407524407
19594,0.0009674590546637774,0.0003393720253370702
19595,0.0009664357639849186,0.0003922823816537857
19596,0.0009602701757103205,0.00047081185039132833
19597,0.000954158662352711,0.0005754749290645123
19598,0.0009523523040115833,0.0007267874898388982
19599,0.0009546215296722949,0.0008830304723232985
19600,0.0009582503116689622,0.0010361145250499249
19601,0.0009596521267667413,0.0010307218180969357
19602,0.0009579662000760436,0.0008593553793616593
19603,0.0009545045904815197,0.0005540300626307726
19604,0.0009520069579593837,0.00031679030507802963
19605,0.0009517614962533116,0.000275862606940791
19606,0.0009533210541121662,0.0003997024614363909
19607,0.0009549353271722794,0.0005562221631407738
19608,0.0009552704868838191,0.0006220724899321795
19609,0.0009541072649881244,0.0005427069845609367
19610,0.0009522968321107328,0.0003892062231898308
19611,0.0009510587551631033,0.00027770159067586064
19612,0.0009509622468613088,0.0002698133757803589
19613,0.0009517775615677238,0.0003329682513140142
19614,0.0009525537607260048,0.00040331599302589893
19615,0.0009526544017717242,0.00043703080154955387
19616,0.0009519914747215807,0.00042247757664881647
19617,0.0009510960662737489,0.00036498959525488317
19618,0.0009504712070338428,0.0003035348781850189
19619,0.0009503909386694431,0.00026304874336346984
19620,0.0009506592759862542,0.00024847188615240157
19621,0.0009509787196293473,0.00025492836721241474
19622,0.0009510619565844536,0.0002793921739794314
19623,0.0009508378570899367,0.00031696687801741064
19624,0.0009504127083346248,0.00036339290090836585
19625,0.0009500007145106792,0.0004286689800210297
19626,0.0009498063009232283,0.0005175150581635535
19627,0.0009498189901933074,0.0006493245018646121
19628,0.0009499341249465942,0.0007991676684468985
19629,0.0009500108426436782,0.0009744068374857306
19630,0.0009499496663920581,0.001043758587911725
19631,0.0009497536811977625,0.0009728585719130933
19632,0.0009495181730017066,0.0007054020534269512
19633,0.0009493184043094516,0.0004128775908611715
19634,0.0009492291137576103,0.0002692392736207694
19635,0.0009492160752415657,0.00032436876790598035
19636,0.0009492253884673119,0.0004827821394428611
19637,0.0009491961682215333,0.0006057888967916369
19638,0.0009491253877058625,0.0005946909077465534
19639,0.000949016073718667,0.0004663526779040694
19640,0.0009488713694736362,0.0003203795640729368
19641,0.0009487531497143209,0.0002605597546789795
19642,0.0009486568160355091,0.0002966795873362571
19643,0.0009486105991527438,0.00037018765578977764
19644,0.0009485710761509836,0.0004249724152032286
19645,0.0009485246846452355,0.0004356512217782438
19646,0.0009484657202847302,0.00039427835145033896
19647,0.0009483742760494351,0.00033173992414958775
19648,0.0009482833556830883,0.00027871609199792147
19649,0.0009481863817200065,0.00025220453971996903
19650,0.0009480965090915561,0.000248910509981215
19651,0.0009480271255597472,0.000264914968283847
19652,0.000947962689679116,0.00029671896481886506
19653,0.0009479025611653924,0.0003381661372259259
19654,0.0009478447027504444,0.00039306050166487694
19655,0.0009477781713940203,0.0004675562959164381
19656,0.0009477060521021485,0.0005802556406706572
19657,0.0009476224659010768,0.0007175228092819452
19658,0.0009475465049035847,0.0008963420405052602
19659,0.0009474714752286673,0.0010181242832913995
19660,0.0009474002872593701,0.0010447800159454346
19661,0.0009473293321207166,0.000851973076350987
19662,0.0009472606470808387,0.0005515819066204131
19663,0.0009472016827203333,0.0003154960577376187
19664,0.0009471306693740189,0.00027515931287780404
19665,0.0009470674558542669,0.0003993866848759353
19666,0.0009469921351410449,0.0005570034263655543
19667,0.0009469172218814492,0.0006184231024235487
19668,0.000946843414567411,0.0005431243916973472
19669,0.0009467717027291656,0.0003879691648762673
19670,0.0009467022027820349,0.00027650067931972444
19671,0.0009466265328228474,0.00026912830071523786
19672,0.0009465675102546811,0.0003321340773254633
19673,0.0009464984759688377,0.0004018650797661394
19674,0.0009464260656386614,0.0004376419528853148
19675,0.0009463620954193175,0.00041931724990718067
19676,0.0009462954476475716,0.00036449823528528214
19677,0.000946218497119844,0.0003019447030965239
19678,0.000946145795751363,0.00026189160416834056
19679,0.0009460771689191461,0.0002476134686730802
19680,0.0009460056899115443,0.0002542696020100266
19681,0.0009459407301619649,0.00027896877145394683
19682,0.0009458645945414901,0.00031611486338078976
19683,0.0009457980049774051,0.0003639080678112805
19684,0.0009457261185161769,0.00042652618139982224
19685,0.0009456593543291092,0.0005215780693106353
19686,0.0009455864783376455,0.0006431756191886961
19687,0.0009455210529267788,0.000811866600997746
19688,0.0009454512037336826,0.0009601407800801098
19689,0.0009453722159378231,0.0010617453372105956
19690,0.0009453070233576,0.0009605055674910545
19691,0.0009452324593439698,0.0007032577996142209
19692,0.000945165054872632,0.00041024567326530814
19693,0.0009451034711673856,0.0002682238700799644
19694,0.0009450351353734732,0.0003254074836149812
19695,0.0009449605131521821,0.00048477883683517575
19696,0.0009448903147131205,0.0006043490138836205
19697,0.0009448275668546557,0.0005964244483038783
19698,0.0009447503252886236,0.00046377695980481803
19699,0.0009446797193959355,0.0003182351356372237
19700,0.0009446135372854769,0.0002597389102447778
19701,0.0009445420000702143,0.00029654547688551247
19702,0.0009444719180464745,0.00037034659180790186
19703,0.0009444014867767692,0.00042616104474291205
19704,0.0009443371091037989,0.0004329837393015623
19705,0.0009442605078220367,0.0003942188050132245
19706,0.0009441986330784857,0.0003294156340416521
19707,0.00094412243925035,0.00027715429314412177
19708,0.0009440501453354955,0.0002511001075617969
19709,0.0009439765708521008,0.0002483336138539016
19710,0.0009439180139452219,0.00026497553335502744
19711,0.0009438389679417014,0.00029707205248996615
19712,0.0009437747066840529,0.00033990354859270155
19713,0.0009437068365514278,0.00039353317697532475
19714,0.0009436282562091947,0.00047309783985838294
19715,0.0009435623069293797,0.0005786354304291308
19716,0.0009434906532987952,0.0007306165643967688
19717,0.0009434252278879285,0.0008854666375555098
19718,0.0009433558443561196,0.0010338606080040336
19719,0.000943289021961391,0.0010204864665865898
19720,0.0009432207443751395,0.0008418465149588883
19721,0.0009431431535631418,0.0005375203909352422
19722,0.0009430830250494182,0.00030853424686938524
19723,0.0009430123027414083,0.00027656136080622673
19724,0.0009429401834495366,0.0004041025822516531
19725,0.0009428707999177277,0.0005577920819632709
19726,0.0009428098564967513,0.0006170702981762588
19727,0.0009427354671061039,0.0005326347309164703
19728,0.0009426706237718463,0.0003795659577008337
19729,0.000942608923651278,0.00027306744595989585
19730,0.0009425377356819808,0.0002697712916415185
19731,0.00094247778179124,0.00033427003654651344
19732,0.0009424250456504524,0.00040324454312212765
19733,0.0009423716692253947,0.00043420871952548623
19734,0.0009423314477317035,0.0004170637985225767
19735,0.000942296115681529,0.00035872755688615143
19736,0.0009422801085747778,0.00029821216594427824
19737,0.0009422932052984834,0.0002595069236122072
19738,0.0009423323208466172,0.00024659125483594835
19739,0.0009424259187653661,0.00025446340441703796
19740,0.0009425890166312456,0.0002799367648549378
19741,0.0009428851772099733,0.00031814564135856926
19742,0.0009433539235033095,0.00036524629103951156
19743,0.0009440923458896577,0.000431834370829165
19744,0.0009452509693801403,0.0005223026382736862
19745,0.000947082182392478,0.0006562857888638973
19746,0.0009499257430434227,0.0008070576004683971
19747,0.000954402785282582,0.0009803611319512129
19748,0.0009614168084226549,0.0010413468116894364
19749,0.0009725740528665483,0.0009579351171851158
19750,0.0009901269804686308,0.0006840805872343481
19751,0.0010183937847614288,0.00039658474270254374
19752,0.0010627228766679764,0.00026563089340925217
19753,0.0011344824451953173,0.00033062094007618725
19754,0.0012449314817786217,0.0004904119414277375
19755,0.0014214959228411317,0.0006073698168620467
19756,0.001677282969467342,0.0005875732749700546
19757,0.0020610385108739138,0.00045480168773792684
19758,0.0025248166639357805,0.00031204678816720843
19759,0.0030796313658356667,0.00025874533457681537
19760,0.0034105773083865643,0.0002989382192026824
19761,0.003431307850405574,0.00037265740684233606
19762,0.002803920768201351,0.0004251060599926859
19763,0.0019304633606225252,0.0004325022455304861
19764,0.0011962451972067356,0.00038859411142766476
19765,0.0009497449500486255,0.0003257391508668661
19766,0.001170679577626288,0.000274284539045766
19767,0.0017764989752322435,0.0002495639491826296
19768,0.0028811851516366005,0.0002478175738360733
19769,0.004487606696784496,0.0002652104594744742
19770,0.006204737816005945,0.00029802543576806784
19771,0.005638227332383394,0.00034022529143840075
19772,0.0030647600069642067,0.00039645825745537877
19773,0.0012984725181013346,0.0004727750492747873
19774,0.002521231072023511,0.0005879179225303233
19775,0.005287373438477516,0.0007266544853337109
19776,0.008272554725408554,0.0009048104984685779
19777,0.011464254930615425,0.0010190618922933936
19778,0.009551160968840122,0.001031122519634664
19779,0.0038959041703492403,0.0008258885936811566
19780,0.0031521443743258715,0.0005248929955996573
19781,0.006789626553654671,0.0003026450867764652
19782,0.006480940617620945,0.000278311112197116
19783,0.003039747942239046,0.0004095332114957273
19784,0.0012367703020572662,0.0005628566141240299
19785,0.0018404792062938213,0.0006130526307970285
19786,0.0038269911892712116,0.0005284773069433868
19787,0.0051390728913247585,0.00037367898039519787
19788,0.0034346363972872496,0.00027023706934414804
19789,0.0014259228482842445,0.0002705348888412118
19790,0.0023287103977054358,0.00033595465356484056
19791,0.0035051649902015924,0.0004035937017761171
19792,0.0028595554176717997,0.0004352793621364981
19793,0.0014591077342629433,0.0004129530570935458
19794,0.0010529779829084873,0.0003564966609701514
19795,0.0018272378947585821,0.00029538964736275375
19796,0.0026834779419004917,0.0002578279236331582
19797,0.002680376172065735,0.00024572410620748997
19798,0.0016207131557166576,0.0002541692811064422
19799,0.0010339971631765366,0.0002802129019983113
19800,0.0015492138918489218,0.00031811906956136227
19801,0.0021041594445705414,0.00036691565765067935
19802,0.0018500156002119184,0.00043120002374053
19803,0.0011967236641794443,0.0005288777756504714
19804,0.0009654986206442118,0.0006529155652970076
19805,0.0012853421503677964,0.000823518552351743
19806,0.0016420428873971105,0.0009683210519142449
19807,0.0016149315051734447,0.0010588023578748107
19808,0.0012506128987297416,0.0009420072892680764
19809,0.0009829957270994782,0.0006750545580871403
19810,0.0010618572123348713,0.0003893317189067602
19811,0.0012762085534632206,0.0002643378684297204
19812,0.0013161437818780541,0.0003345405275467783
19813,0.0011357128387317061,0.0004956162301823497
19814,0.000979902339167893,0.0006066627101972699
19815,0.0009930958040058613,0.0005871867761015892
19816,0.0011159328278154135,0.00044907545088790357
19817,0.001195411547087133,0.0003078642475884408
19818,0.0011499286629259586,0.00025805708719417453
19819,0.001031810068525374,0.000300107552902773
19820,0.0009535918943583965,0.00037388299824669957
19821,0.0009806717280298471,0.00042668404057621956
19822,0.0010504951933398843,0.00042930748895742
19823,0.0010639696847647429,0.0003874299000017345
19824,0.0010077999904751778,0.00032252114033326507
19825,0.0009513153927400708,0.0002722344361245632
19826,0.0009484774200245738,0.00024837785167619586
19827,0.0009884259197860956,0.00024737458443269134
19828,0.0010189162567257881,0.00026555921067483723
19829,0.001008851919323206,0.0002986981417052448
19830,0.0009699490619823337,0.00034240010427311063
19831,0.0009432925144210458,0.0003974716237280518
19832,0.000949577079154551,0.0004796312714461237
19833,0.0009718109504319727,0.0005879750242456794
19834,0.0009816671954467893,0.0007430313853546977
19835,0.0009699211805127561,0.000897224701475352
19836,0.0009504464687779546,0.0010383215267211199
19837,0.0009392217034474015,0.0010091908043250442
19838,0.0009430798818357289,0.0008142630103975534
19839,0.0009541910258121789,0.0005092899082228541
19840,0.0009597167372703552,0.0002953646471723914
19841,0.0009534107521176338,0.00028144934913143516
19842,0.0009420309215784073,0.00041725364280864596
19843,0.00093665043823421,0.000566279049962759
19844,0.0009406712488271296,0.0006132841226644814
19845,0.0009478736319579184,0.0005183517932891846
19846,0.0009502707980573177,0.00036481654387898743
19847,0.0009459555149078369,0.0002668797387741506
19848,0.0009392802021466196,0.0002720829506870359
19849,0.0009359887917526066,0.00033941128640435636
19850,0.000937578734010458,0.00040633586468175054
19851,0.0009411610080860555,0.0004326167399995029
19852,0.0009426142205484211,0.0004108697175979614
19853,0.0009407651959918439,0.00035066198324784636
19854,0.0009374805958941579,0.0002914699143730104
19855,0.0009355258662253618,0.00025548008852638304
19856,0.0009359391406178474,0.00024487474001944065
19857,0.0009375998051837087,0.00025466413353569806
19858,0.0009386673918925226,0.0002815988555084914
19859,0.0009381360141560435,0.0003207791014574468
19860,0.0009365860023535788,0.00036900246050208807
19861,0.00093521096277982,0.0004378855228424072
19862,0.0009348989115096629,0.0005311710992828012
19863,0.0009354798821732402,0.0006686701090075076
19864,0.0009362110868096352,0.0008205967606045306
19865,0.0009363755816593766,0.0009900658624246716
19866,0.0009357769740745425,0.0010371127864345908
19867,0.0009348776657134295,0.0009338048403151333
19868,0.000934276613406837,0.0006509573431685567
19869,0.0009342995472252369,0.0003728730953298509
19870,0.0009346946026198566,0.00026246244669891894
19871,0.0009349925676360726,0.000342513871146366
19872,0.0009348548483103514,0.0005034237983636558
19873,0.0009344011195935309,0.0006097492296248674
19874,0.0009339458192698658,0.0005758810439147055
19875,0.0009337412193417549,0.0004368238151073456
19876,0.0009337901719845831,0.0003001682343892753
19877,0.0009339286480098963,0.0002576036786194891
19878,0.0009339840617030859,0.0003040007723029703
19879,0.0009338678792119026,0.00037745467852801085
19880,0.000933632836677134,0.000425604113843292
19881,0.0009333767229691148,0.00042765570105984807
19882,0.0009332312038168311,0.0003801143611781299
19883,0.0009332004701718688,0.0003171841090079397
19884,0.000933224568143487,0.0002684520441107452
19885,0.0009332317858934402,0.00024662917712703347
19886,0.0009331592009402812,0.00024733488680794835
19887,0.0009330068714916706,0.0002668070956133306
19888,0.0009328462183475494,0.0003010734508279711
19889,0.0009327178704552352,0.00034439616138115525
19890,0.0009326537256129086,0.000402764679165557
19891,0.0009326348081231117,0.00048207261716015637
19892,0.0009326013969257474,0.0006013187230564654
19893,0.0009325462160632014,0.0007427535601891577
19894,0.0009324492421001196,0.0009202658548019826
19895,0.0009323336416855454,0.001022942247800529
19896,0.0009322369005531073,0.0010126825654879212
19897,0.0009321550605818629,0.0007890232373028994
19898,0.0009320951066911221,0.0004880444030277431
19899,0.0009320476674474776,0.0002869199379347265
19900,0.0009319917298853397,0.00028606236446648836
19901,0.0009319246746599674,0.00042695945012383163
19902,0.0009318437660112977,0.0005732844583690166
19903,0.0009317467920482159,0.0006064843037165701
19904,0.000931665999814868,0.0005083874566480517
19905,0.0009315951610915363,0.000354581541614607
19906,0.0009315311908721924,0.00026317426818422973
19907,0.0009314713533967733,0.0002744616649579257
19908,0.0009314079070463777,0.0003430228098295629
19909,0.0009313406189903617,0.00040734108188189566
19910,0.0009312611655332148,0.0004329172952566296
19911,0.0009311842732131481,0.0004046937683597207
19912,0.0009311131434515119,0.0003459544968791306
19913,0.000931035028770566,0.0002870718890335411
19914,0.000930971116758883,0.0002530907513573766
19915,0.0009309091838076711,0.00024411137565039098
19916,0.0009308415465056896,0.00025527027901262045
19917,0.0009307729778811336,0.00028351438231766224
19918,0.0009306948632001877,0.0003228848800063133
19919,0.0009306249557994306,0.0003737930383067578
19920,0.0009305598796345294,0.000441388925537467
19921,0.000930482114199549,0.0005440244567580521
19922,0.0009304104605689645,0.000672388356178999
19923,0.0009303403785452247,0.0008457214571535587
19924,0.0009302769904024899,0.000982707948423922
19925,0.0009302085964009166,0.0010512123117223382
19926,0.0009301332174800336,0.0009066505590453744
19927,0.0009300719830207527,0.0006253800820559263
19928,0.0009299946250393987,0.0003559169126674533
19929,0.0009299264056608081,0.0002620199229568243
19930,0.0009298577788285911,0.00035381573252379894
19931,0.0009297899669036269,0.0005156591651029885
19932,0.0009297208162024617,0.0006096751312725246
19933,0.0009296478820033371,0.0005693034618161619
19934,0.0009295872878283262,0.0004232549690641463
19935,0.0009295118506997824,0.00029176881071180105
19936,0.0009294408373534679,0.00025790598010644317
19937,0.000929372850805521,0.00030870537739247084
19938,0.0009293023613281548,0.0003816671669483185
19939,0.0009292299509979784,0.0004282393492758274
19940,0.0009291631286032498,0.0004228104662615806
19941,0.0009290907764807343,0.00037558365147560835
19942,0.0009290229063481092,0.0003111606929451227
19943,0.0009289526497013867,0.00026483394321985543
19944,0.0009288898436352611,0.0002451218606438488
19945,0.0009288106230087578,0.00024753669276833534
19946,0.0009287457214668393,0.0002686138905119151
19947,0.0009286728454753757,0.0003036309499293566
19948,0.0009286109707318246,0.00034905289066955447
19949,0.0009285379201173782,0.0004069190181326121
19950,0.0009284773259423673,0.0004938844940625131
19951,0.000928397465031594,0.000607082387432456
19952,0.0009283277322538197,0.0007670282502658665
19953,0.0009282616665586829,0.0009183731162920594
19954,0.0009281869861297309,0.0010433628922328353
19955,0.0009281194070354104,0.000984417973086238
19956,0.0009280584054067731,0.000762482057325542
19957,0.0009279825026169419,0.00046124073560349643
19958,0.0009279120713472366,0.00027729111025109887
19959,0.0009278409415856004,0.0002944949083030224
19960,0.0009277727222070098,0.00044172880006954074
19961,0.0009276991477236152,0.0005793774034827948
19962,0.0009276315686292946,0.0006033541285432875
19963,0.0009275667835026979,0.0004916723701171577
19964,0.0009274933254346251,0.00034052482806146145
19965,0.0009274230105802417,0.00025927493697963655
19966,0.0009273483301512897,0.0002786286931950599
19967,0.0009272817405872047,0.000349320936948061
19968,0.0009272167808376253,0.00041164486901834607
19969,0.0009271455928683281,0.0004295381368137896
19970,0.0009270751615986228,0.00040025339694693685
19971,0.0009270039736293256,0.0003377932880539447
19972,0.0009269320871680975,0.0002815759216900915
19973,0.0009268689318560064,0.00025030248798429966
19974,0.0009267975110560656,0.0002436003414914012
19975,0.000926726555917412,0.0002567159535828978
19976,0.0009266558918170631,0.00028616568306460977
19977,0.0009265866247005761,0.00032711870153434575
19978,0.000926521432120353,0.0003776956000365317
19979,0.0009264461696147919,0.00045120343565940857
19980,0.000926378823351115,0.000549882766790688
19981,0.000926310196518898,0.0006939064478501678
19982,0.0009262373205274343,0.0008473646594211459
19983,0.0009261715458706021,0.001008067512884736
19984,0.0009260975057259202,0.0010278677800670266
19985,0.0009260310907848179,0.0008887640433385968
19986,0.0009259614162147045,0.0005934244254603982
19987,0.0009258903446607292,0.00033628620440140367
19988,0.0009258291684091091,0.0002630579692777246
19989,0.0009257536148652434,0.0003673678438644856
19990,0.0009256827179342508,0.0005270068650133908
19991,0.000925613334402442,0.0006124640349298716
19992,0.0009255477925762534,0.0005542715662159026
19993,0.0009254798060283065,0.00040676380740478635
19994,0.0009254218311980367,0.0002829855075106025
19995,0.0009253510506823659,0.00025914079742506146
19996,0.0009252928430214524,0.0003150386328343302
19997,0.0009252291056327522,0.0003871181979775429
19998,0.0009251739829778671,0.00042746239341795444
19999,0.0009251227602362633,0.0004202774434816092
