epoch,standard_pinn_loss,curriculum_pinn_loss
0,18.962982177734375,17.084375381469727
1,14.475635528564453,12.149009704589844
2,11.202985763549805,8.847475051879883
3,8.856266021728516,6.6349921226501465
4,7.1948137283325195,5.135002613067627
5,6.0236406326293945,4.1000075340271
6,5.189483642578125,3.369793653488159
7,4.575948715209961,2.841010332107544
8,4.0993428230285645,2.4470903873443604
9,3.70442271232605,2.1451704502105713
10,3.3589329719543457,1.9076932668685913
11,3.047304630279541,1.7169511318206787
12,2.7643165588378906,1.5614572763442993
13,2.5096254348754883,1.4335095882415771
14,2.283936023712158,1.3275636434555054
15,2.0870378017425537,1.2391897439956665
16,1.917316198348999,1.1644916534423828
17,1.7720515727996826,1.099879264831543
18,1.6479074954986572,1.0420929193496704
19,1.5413168668746948,0.9883729219436646
20,1.4487946033477783,0.9366672039031982
21,1.3672935962677002,0.885784387588501
22,1.2945424318313599,0.8354138731956482
23,1.2291733026504517,0.7859895825386047
24,1.170531153678894,0.7384216785430908
25,1.1182548999786377,0.6937690377235413
26,1.0718512535095215,0.6529327630996704
27,1.0304807424545288,0.6164418458938599
28,0.9930353164672852,0.5843641757965088
29,0.9584245681762695,0.5563423037528992
30,0.9258735179901123,0.5317212343215942
31,0.8950638771057129,0.5097169280052185
32,0.8660554885864258,0.48957502841949463
33,0.8390629291534424,0.4706852436065674
34,0.814225435256958,0.45263540744781494
35,0.7914999127388,0.4352114796638489
36,0.7707080841064453,0.4183598756790161
37,0.751664400100708,0.4021311104297638
38,0.73427414894104,0.38662493228912354
39,0.7185298204421997,0.3719463348388672
40,0.7044177055358887,0.3581792116165161
41,0.6918129324913025,0.34537291526794434
42,0.6804400086402893,0.33353814482688904
43,0.6699357032775879,0.3226450979709625
44,0.6599786281585693,0.31262338161468506
45,0.6504078507423401,0.30336493253707886
46,0.6412602663040161,0.2947338819503784
47,0.6327030658721924,0.28658515214920044
48,0.6249006986618042,0.2787882685661316
49,0.6178948879241943,0.2712506055831909
50,0.6115660071372986,0.2639312744140625
51,0.605692982673645,0.25684022903442383
52,0.600066065788269,0.2500225901603699
53,0.5945799350738525,0.24353250861167908
54,0.5892550945281982,0.23740631341934204
55,0.5841861367225647,0.2316438853740692
56,0.5794607400894165,0.22620555758476257
57,0.5751020908355713,0.22102291882038116
58,0.571062445640564,0.21602016687393188
59,0.5672608613967896,0.21113654971122742
60,0.5636296272277832,0.20634078979492188
61,0.5601416826248169,0.20163458585739136
62,0.5568075180053711,0.19704300165176392
63,0.553651750087738,0.1925988495349884
64,0.5506903529167175,0.1883269101381302
65,0.547920286655426,0.18423405289649963
66,0.5453217029571533,0.18030792474746704
67,0.542866587638855,0.17652368545532227
68,0.5405259728431702,0.17285385727882385
69,0.5382735729217529,0.1692778319120407
70,0.5360890030860901,0.16578683257102966
71,0.5339612364768982,0.16238364577293396
72,0.5318910479545593,0.15907837450504303
73,0.5298888087272644,0.1558825671672821
74,0.5279678106307983,0.1528041809797287
75,0.5261366963386536,0.14984486997127533
76,0.5243947505950928,0.14699986577033997
77,0.5227334499359131,0.1442597210407257
78,0.5211414098739624,0.14161309599876404
79,0.5196091532707214,0.1390489637851715
80,0.5181304812431335,0.1365584433078766
81,0.5167011022567749,0.13413549959659576
82,0.5153168439865112,0.13177692890167236
83,0.5139738321304321,0.12948188185691833
84,0.5126692056655884,0.1272510290145874
85,0.5114010572433472,0.12508541345596313
86,0.5101680755615234,0.12298578768968582
87,0.5089675784111023,0.12095172703266144
88,0.5077959299087524,0.11898127943277359
89,0.5066496133804321,0.1170712560415268
90,0.505527913570404,0.11521779000759125
91,0.5044324398040771,0.1134173572063446
92,0.5033664107322693,0.11166747659444809
93,0.5023314356803894,0.10996689647436142
94,0.5013260841369629,0.10831519216299057
95,0.5003466606140137,0.10671187937259674
96,0.49938881397247314,0.10515561699867249
97,0.49844956398010254,0.10364396870136261
98,0.497527539730072,0.10217370092868805
99,0.49662256240844727,0.10074175894260406
100,0.49573400616645813,0.09934599697589874
101,0.49486130475997925,0.09798534214496613
102,0.49400386214256287,0.09665966033935547
103,0.49316170811653137,0.09536876529455185
104,0.49233534932136536,0.09411197900772095
105,0.49152517318725586,0.09288781881332397
106,0.4907306134700775,0.09169431775808334
107,0.48995092511177063,0.09052962809801102
108,0.4891848564147949,0.08939224481582642
109,0.48843151330947876,0.08828134089708328
110,0.4876900911331177,0.0871962308883667
111,0.4869603216648102,0.08613623678684235
112,0.48624175786972046,0.0851004421710968
113,0.48553407192230225,0.08408766984939575
114,0.48483702540397644,0.08309681713581085
115,0.4841502606868744,0.0821269080042839
116,0.4834735095500946,0.08117716014385223
117,0.48280656337738037,0.08024697005748749
118,0.4821488857269287,0.07933565229177475
119,0.481500506401062,0.0784425139427185
120,0.48086118698120117,0.07756674289703369
121,0.48023104667663574,0.07670760154724121
122,0.47960978746414185,0.07586444914340973
123,0.47899729013442993,0.07503670454025269
124,0.4783932566642761,0.07422386109828949
125,0.4777972102165222,0.07342544198036194
126,0.4772089421749115,0.07264094054698944
127,0.4766281545162201,0.07186984270811081
128,0.4760546386241913,0.07111169397830963
129,0.47548842430114746,0.07036608457565308
130,0.4749292731285095,0.0696326196193695
131,0.4743771553039551,0.06891095638275146
132,0.47383177280426025,0.0682007446885109
133,0.4732930064201355,0.06750158965587616
134,0.4727606773376465,0.0668131560087204
135,0.47223448753356934,0.06613510847091675
136,0.4717146158218384,0.06546716392040253
137,0.47120073437690735,0.06480903923511505
138,0.4706929326057434,0.06416049599647522
139,0.4701908230781555,0.06352125853300095
140,0.46969443559646606,0.06289111077785492
141,0.46920350193977356,0.062269847840070724
142,0.46871793270111084,0.06165723875164986
143,0.46823757886886597,0.061053112149238586
144,0.467762291431427,0.06045728549361229
145,0.46729207038879395,0.059869516640901566
146,0.46682679653167725,0.059289637953042984
147,0.4663664400577545,0.05871744453907013
148,0.46591079235076904,0.05815279483795166
149,0.4654598534107208,0.05759548023343086
150,0.46501344442367554,0.05704544484615326
151,0.46457141637802124,0.05650251358747482
152,0.4641337990760803,0.05596655607223511
153,0.46370047330856323,0.055437441915273666
154,0.4632713198661804,0.05491502583026886
155,0.4628462791442871,0.054399169981479645
156,0.46242523193359375,0.053889743983745575
157,0.4620080888271332,0.05338665470480919
158,0.461594820022583,0.052889809012413025
159,0.4611853361129761,0.05239906907081604
160,0.4607795476913452,0.051914315670728683
161,0.46037736535072327,0.051435474306344986
162,0.4599788188934326,0.0509624108672142
163,0.45958369970321655,0.05049504339694977
164,0.4591920077800751,0.05003325641155243
165,0.458803653717041,0.049577005207538605
166,0.4584186375141144,0.049126170575618744
167,0.45803678035736084,0.048680663108825684
168,0.4576581120491028,0.04824041575193405
169,0.45728254318237305,0.04780532047152519
170,0.45691001415252686,0.04737532138824463
171,0.45654040575027466,0.04695030301809311
172,0.45617377758026123,0.046530209481716156
173,0.45580995082855225,0.0461149588227272
174,0.4554489850997925,0.045704469084739685
175,0.4550906717777252,0.04529867693781853
176,0.45473504066467285,0.04489751160144806
177,0.45438215136528015,0.044500891119241714
178,0.4540317952632904,0.04410874843597412
179,0.45368391275405884,0.04372101649641991
180,0.4533385634422302,0.0433376282453537
181,0.452995628118515,0.04295849800109863
182,0.45265501737594604,0.04258359968662262
183,0.45231688022613525,0.04221285134553909
184,0.4519808888435364,0.04184618592262268
185,0.45164722204208374,0.041483547538518906
186,0.4513157308101654,0.04112487658858299
187,0.450986385345459,0.04077010229229927
188,0.4506591260433197,0.04041918367147446
189,0.4503338932991028,0.04007205367088318
190,0.4500107765197754,0.039728663861751556
191,0.4496895968914032,0.039388954639434814
192,0.44937026500701904,0.03905286639928818
193,0.44905292987823486,0.03872036933898926
194,0.4487374424934387,0.03839137777686119
195,0.44842374324798584,0.03806585446000099
196,0.4481118321418762,0.03774375841021538
197,0.4478016495704651,0.037425026297569275
198,0.44749313592910767,0.037109628319740295
199,0.44718635082244873,0.03679749742150307
200,0.44688114523887634,0.0364886038005352
201,0.44657760858535767,0.03618287667632103
202,0.44627559185028076,0.03588029742240906
203,0.445975124835968,0.03558081388473511
204,0.4456760883331299,0.0352843701839447
205,0.44537854194641113,0.03499094396829605
206,0.445082426071167,0.03470047935843468
207,0.4447877109050751,0.034412931650877
208,0.444494366645813,0.03412827104330063
209,0.4442023038864136,0.033846452832221985
210,0.443911612033844,0.03356744721531868
211,0.4436221122741699,0.033291205763816833
212,0.44333383440971375,0.03301769122481346
213,0.44304680824279785,0.03274687007069588
214,0.4427609443664551,0.03247871994972229
215,0.4424762725830078,0.032213181257247925
216,0.4421926736831665,0.03195023536682129
217,0.44191017746925354,0.0316898375749588
218,0.44162875413894653,0.03143196552991867
219,0.4413483142852783,0.031176576390862465
220,0.44106894731521606,0.03092365525662899
221,0.4407905042171478,0.03067314624786377
222,0.44051307439804077,0.03042503260076046
223,0.44023650884628296,0.03017929196357727
224,0.43996089696884155,0.02993588149547577
225,0.4396861791610718,0.029694782570004463
226,0.4394122362136841,0.02945595420897007
227,0.43913915753364563,0.029219381511211395
228,0.43886682391166687,0.028985030949115753
229,0.43859532475471497,0.028752876445651054
230,0.43832454085350037,0.028522897511720657
231,0.43805450201034546,0.02829504944384098
232,0.43778514862060547,0.028069328516721725
233,0.4375165104866028,0.027845710515975952
234,0.43724846839904785,0.02762415260076523
235,0.43698105216026306,0.027404651045799255
236,0.4367142915725708,0.027187170460820198
237,0.4364480972290039,0.02697169780731201
238,0.43618243932724,0.026758193969726562
239,0.43591734766960144,0.026546664535999298
240,0.4356527328491211,0.02633706107735634
241,0.43538859486579895,0.026129376143217087
242,0.4351249635219574,0.025923587381839752
243,0.4348617196083069,0.025719664990901947
244,0.43459898233413696,0.02551761083304882
245,0.4343366026878357,0.02531738579273224
246,0.4340745508670807,0.025118986144661903
247,0.4338129758834839,0.02492237463593483
248,0.4335516095161438,0.024727556854486465
249,0.43329060077667236,0.02453448809683323
250,0.43302980065345764,0.02434316650032997
251,0.43276941776275635,0.0241535734385252
252,0.432509183883667,0.02396569214761257
253,0.43224918842315674,0.023779502138495445
254,0.4319893717765808,0.023594990372657776
255,0.4317297339439392,0.02341214194893837
256,0.43147027492523193,0.02323092706501484
257,0.431210994720459,0.023051351308822632
258,0.43095171451568604,0.02287338674068451
259,0.4306926131248474,0.02269701659679413
260,0.4304335415363312,0.022522231563925743
261,0.43017446994781494,0.022349022328853607
262,0.42991548776626587,0.022177357226610184
263,0.4296565055847168,0.022007228806614876
264,0.42939746379852295,0.021838629618287086
265,0.42913833260536194,0.021671544760465622
266,0.4288792014122009,0.021505948156118393
267,0.42861995100975037,0.021341845393180847
268,0.42836058139801025,0.02117919735610485
269,0.4281010627746582,0.021018020808696747
270,0.4278413653373718,0.0208582803606987
271,0.4275815188884735,0.02069997787475586
272,0.4273213744163513,0.02054307796061039
273,0.4270610809326172,0.020387601107358932
274,0.42680051922798157,0.020233500748872757
275,0.4265395998954773,0.020080795511603355
276,0.42627841234207153,0.01992945373058319
277,0.42601683735847473,0.019779467955231667
278,0.4257549047470093,0.01963082328438759
279,0.42549264430999756,0.01948351226747036
280,0.42522984743118286,0.019337520003318787
281,0.4249666929244995,0.01919284090399742
282,0.4247030019760132,0.019049450755119324
283,0.4244387745857239,0.01890735886991024
284,0.4241740107536316,0.018766529858112335
285,0.42390868067741394,0.018626976758241653
286,0.4236428141593933,0.01848866418004036
287,0.423376202583313,0.018351595848798752
288,0.4231089949607849,0.018215760588645935
289,0.42284107208251953,0.018081143498420715
290,0.42257237434387207,0.017947735264897346
291,0.42230290174484253,0.017815526574850082
292,0.4220326542854309,0.01768450066447258
293,0.42176157236099243,0.01755465194582939
294,0.42148953676223755,0.01742597669363022
295,0.42121657729148865,0.017298461869359016
296,0.42094266414642334,0.01717207208275795
297,0.42066770792007446,0.017046840861439705
298,0.4203917682170868,0.0169227197766304
299,0.4201146960258484,0.01679973490536213
300,0.4198364317417145,0.016677837818861008
301,0.41955697536468506,0.016557037830352783
302,0.41927632689476013,0.016437334939837456
303,0.41899430751800537,0.016318708658218384
304,0.41871100664138794,0.016201147809624672
305,0.4184262752532959,0.016084646806120872
306,0.4181400537490845,0.01596919260919094
307,0.41785234212875366,0.015854766592383385
308,0.41756299138069153,0.01574138179421425
309,0.41727203130722046,0.01562901958823204
310,0.4169793725013733,0.015517663210630417
311,0.41668492555618286,0.015407311730086803
312,0.416388601064682,0.01529795490205288
313,0.41609036922454834,0.015189585275948048
314,0.4157900810241699,0.015082186087965965
315,0.41548776626586914,0.014975757338106632
316,0.41518327593803406,0.014870285987854004
317,0.4148765504360199,0.014765763655304909
318,0.4145674705505371,0.014662184752523899
319,0.4142560064792633,0.014559529721736908
320,0.41394200921058655,0.01445781160145998
321,0.41362541913986206,0.014357000589370728
322,0.4133061170578003,0.014257092028856277
323,0.4129840135574341,0.014158092439174652
324,0.4126589894294739,0.014059983193874359
325,0.4123310446739197,0.013962745666503906
326,0.4119999408721924,0.013866396620869637
327,0.411665678024292,0.013770909048616886
328,0.4113280773162842,0.01367627177387476
329,0.41098710894584656,0.013582494109869003
330,0.4106425642967224,0.013489559292793274
331,0.41029444336891174,0.013397456146776676
332,0.409942626953125,0.013306183740496635
333,0.40958693623542786,0.013215739279985428
334,0.4092274308204651,0.013126090168952942
335,0.4088638424873352,0.01303725503385067
336,0.408496230840683,0.012949211522936821
337,0.40812447667121887,0.012861967086791992
338,0.4077484905719757,0.012775495648384094
339,0.4073683023452759,0.012689808383584023
340,0.4069836735725403,0.01260488573461771
341,0.40659472346305847,0.012520724907517433
342,0.4062013626098633,0.01243731752038002
343,0.4058036208152771,0.012354656122624874
344,0.40540146827697754,0.012272735126316547
345,0.4049948751926422,0.012191549874842167
346,0.40458399057388306,0.01211109571158886
347,0.40416866540908813,0.012031354941427708
348,0.4037490785121918,0.011952325701713562
349,0.4033252000808716,0.011874008923768997
350,0.4028971493244171,0.011796392500400543
351,0.40246501564979553,0.011719460599124432
352,0.4020288586616516,0.011643226258456707
353,0.4015887379646301,0.011567670851945877
354,0.40114474296569824,0.011492785066366196
355,0.4006970524787903,0.011418566107749939
356,0.40024563670158386,0.011345017701387405
357,0.3997906446456909,0.011272125877439976
358,0.39933210611343384,0.011199875734746456
359,0.39887017011642456,0.011128272861242294
360,0.3984048664569855,0.011057308875024319
361,0.39793628454208374,0.010986974462866783
362,0.39746445417404175,0.010917263105511665
363,0.3969893157482147,0.010848176665604115
364,0.3965110778808594,0.01077970676124096
365,0.3960297107696533,0.010711836628615856
366,0.39554521441459656,0.010644576512277126
367,0.3950576186180115,0.01057791244238615
368,0.3945668935775757,0.010511839762330055
369,0.3940731883049011,0.010446353815495968
370,0.39357638359069824,0.010381446219980717
371,0.3930765390396118,0.010317116044461727
372,0.39257359504699707,0.010253358632326126
373,0.3920676112174988,0.010190161876380444
374,0.3915587067604065,0.010127531364560127
375,0.3910467326641083,0.010065444745123386
376,0.39053183794021606,0.010003916919231415
377,0.3900139331817627,0.009942930191755295
378,0.38949307799339294,0.009882474318146706
379,0.3889693021774292,0.00982256792485714
380,0.38844263553619385,0.009763182140886784
381,0.3879131078720093,0.009704320691525936
382,0.38738080859184265,0.00964597798883915
383,0.3868457078933716,0.009588152170181274
384,0.38630789518356323,0.009530837647616863
385,0.3857673406600952,0.009474022313952446
386,0.38522422313690186,0.009417710825800896
387,0.3846784830093384,0.009361892007291317
388,0.38413017988204956,0.009306569583714008
389,0.38357946276664734,0.009251730516552925
390,0.3830263316631317,0.009197376668453217
391,0.3824707865715027,0.009143494069576263
392,0.3819129765033722,0.009090087376534939
393,0.3813529312610626,0.009037146344780922
394,0.380790650844574,0.008984674699604511
395,0.3802262842655182,0.008932657539844513
396,0.3796599507331848,0.008881100453436375
397,0.37909162044525146,0.008829996921122074
398,0.3785213232040405,0.008779332041740417
399,0.37794917821884155,0.008729112334549427
400,0.3773753046989441,0.008679335936903954
401,0.3767997622489929,0.008629986084997654
402,0.37622252106666565,0.008581074886023998
403,0.375643789768219,0.008532588370144367
404,0.37506359815597534,0.008484521880745888
405,0.3744819760322571,0.008436881005764008
406,0.3738989233970642,0.008389651775360107
407,0.37331467866897583,0.008342825807631016
408,0.37272918224334717,0.008296409621834755
409,0.3721426725387573,0.008250400424003601
410,0.37155503034591675,0.008204792626202106
411,0.37096646428108215,0.00815957598388195
412,0.37037694454193115,0.008114751428365707
413,0.3697866201400757,0.008070317097008228
414,0.36919552087783813,0.008026260882616043
415,0.3686037063598633,0.007982591167092323
416,0.3680112361907959,0.007939294911921024
417,0.36741822957992554,0.00789637677371502
418,0.36682477593421936,0.007853825576603413
419,0.3662307858467102,0.007811645045876503
420,0.3656364977359772,0.007769821211695671
421,0.3650418519973755,0.007728359661996365
422,0.3644469380378723,0.0076872543431818485
423,0.3638519048690796,0.007646504323929548
424,0.36325669288635254,0.007606102153658867
425,0.36266136169433594,0.007566042710095644
426,0.36206603050231934,0.0075263334438204765
427,0.36147069931030273,0.007486958056688309
428,0.36087551712989807,0.007447920739650726
429,0.3602803647518158,0.00740921963006258
430,0.359685480594635,0.007370840758085251
431,0.3590906858444214,0.00733279250562191
432,0.3584962487220764,0.007295066956430674
433,0.35790205001831055,0.0072576627135276794
434,0.3573082387447357,0.0072205765172839165
435,0.35671481490135193,0.007183803245425224
436,0.3561217784881592,0.007147340103983879
437,0.355529248714447,0.007111189421266317
438,0.3549371659755707,0.00707534234970808
439,0.3543456792831421,0.007039794698357582
440,0.3537546694278717,0.007004551123827696
441,0.3531642258167267,0.006969598587602377
442,0.3525744080543518,0.006934942677617073
443,0.35198527574539185,0.0069005754776299
444,0.3513967990875244,0.006866500712931156
445,0.3508089780807495,0.00683270487934351
446,0.3502218723297119,0.006799191236495972
447,0.349635511636734,0.00676596537232399
448,0.3490498661994934,0.006733008660376072
449,0.3484650254249573,0.006700331345200539
450,0.347881019115448,0.006667920853942633
451,0.34729766845703125,0.006635775789618492
452,0.34671515226364136,0.0066039059311151505
453,0.3461334705352783,0.006572296377271414
454,0.34555262327194214,0.006540942005813122
455,0.34497252106666565,0.006509851198643446
456,0.3443933129310608,0.0064790151081979275
457,0.3438149392604828,0.0064484355971217155
458,0.34323737025260925,0.006418098695576191
459,0.34266066551208496,0.006388014182448387
460,0.34208470582962036,0.0063581750728189945
461,0.3415095806121826,0.006328579969704151
462,0.3409353792667389,0.006299223750829697
463,0.3403618335723877,0.006270109675824642
464,0.33978909254074097,0.006241231225430965
465,0.3392171859741211,0.006212580017745495
466,0.3386459946632385,0.006184165365993977
467,0.3380754888057709,0.006155974697321653
468,0.3375057280063629,0.0061280191875994205
469,0.33693671226501465,0.006100283470004797
470,0.33636826276779175,0.006072767078876495
471,0.33580052852630615,0.006045473273843527
472,0.3352333903312683,0.0060183946043252945
473,0.33466672897338867,0.0059915389865636826
474,0.3341006636619568,0.005964890122413635
475,0.3335351347923279,0.005938454065471888
476,0.3329700231552124,0.005912222899496555
477,0.33240529894828796,0.005886206403374672
478,0.33184096217155457,0.005860387813299894
479,0.33127695322036743,0.005834776442497969
480,0.3307132124900818,0.005809361580759287
481,0.33014965057373047,0.005784147884696722
482,0.32958632707595825,0.005759131629019976
483,0.3290230631828308,0.0057343109510838985
484,0.32845985889434814,0.00570968072861433
485,0.3278966546058655,0.005685243755578995
486,0.32733336091041565,0.005660988390445709
487,0.32676997780799866,0.005636930000036955
488,0.32620638608932495,0.005613045766949654
489,0.32564249634742737,0.005589349195361137
490,0.3250783681869507,0.00556583609431982
491,0.32451367378234863,0.00554249994456768
492,0.32394862174987793,0.005519339349120855
493,0.3233829736709595,0.005496355704963207
494,0.32281678915023804,0.005473553203046322
495,0.3222498893737793,0.005450912285596132
496,0.3216822147369385,0.00542844831943512
497,0.3211137056350708,0.005406146869063377
498,0.3205443024635315,0.005384019110351801
499,0.31997382640838623,0.005362055264413357
500,0.31940239667892456,0.0053402455523610115
501,0.3188297748565674,0.005318605341017246
502,0.3182559311389923,0.00529712438583374
503,0.31768080592155457,0.005275798961520195
504,0.3171042799949646,0.005254637449979782
505,0.3165263235569,0.00523362448439002
506,0.31594690680503845,0.005212769843637943
507,0.31536585092544556,0.005192061420530081
508,0.3147832155227661,0.005171507131308317
509,0.31419867277145386,0.0051511009223759174
510,0.3136124312877655,0.005130842328071594
511,0.31302425265312195,0.0051107280887663364
512,0.31243422627449036,0.0050907619297504425
513,0.31184208393096924,0.005070935003459454
514,0.31124788522720337,0.005051249172538519
515,0.310651570558548,0.005031707230955362
516,0.3100530505180359,0.005012304522097111
517,0.30945220589637756,0.004993029870092869
518,0.30884912610054016,0.004973898641765118
519,0.30824363231658936,0.004954897798597813
520,0.307635635137558,0.004936033859848976
521,0.3070251941680908,0.004917300771921873
522,0.3064121603965759,0.004898697137832642
523,0.3057965934276581,0.004880222491919994
524,0.30517834424972534,0.004861875437200069
525,0.3045574426651001,0.004843651317059994
526,0.3039337992668152,0.004825552459806204
527,0.30330735445022583,0.004807581193745136
528,0.30267810821533203,0.004789729602634907
529,0.3020460903644562,0.004772000480443239
530,0.30141112208366394,0.004754392430186272
531,0.3007732629776001,0.004736900329589844
532,0.3001323938369751,0.004719529766589403
533,0.2994886040687561,0.004702270962297916
534,0.29884177446365356,0.004685127176344395
535,0.2981919050216675,0.004668101668357849
536,0.2975390553474426,0.004651185590773821
537,0.2968830466270447,0.004634379409253597
538,0.2962239980697632,0.004617690108716488
539,0.295561820268631,0.00460110604763031
540,0.2948964834213257,0.004584631882607937
541,0.2942280173301697,0.004568264354020357
542,0.2935563623905182,0.004552002530544996
543,0.2928815484046936,0.004535841289907694
544,0.2922035753726959,0.004519791807979345
545,0.291522353887558,0.004503842908889055
546,0.29083794355392456,0.004487995523959398
547,0.29015031456947327,0.004472246393561363
548,0.2894594073295593,0.004456598777323961
549,0.2887653112411499,0.004441048949956894
550,0.28806793689727783,0.004425605293363333
551,0.2873673439025879,0.004410246387124062
552,0.2866634428501129,0.004394989460706711
553,0.2859562635421753,0.0043798284605145454
554,0.28524577617645264,0.004364759661257267
555,0.28453195095062256,0.004349782131612301
556,0.2838149070739746,0.004334902856498957
557,0.28309452533721924,0.004320111125707626
558,0.28237077593803406,0.00430540693923831
559,0.28164368867874146,0.004290801472961903
560,0.28091326355934143,0.004276275634765625
561,0.280179500579834,0.004261838272213936
562,0.27944231033325195,0.004247490782290697
563,0.2787017822265625,0.004233228042721748
564,0.2779577970504761,0.004219052381813526
565,0.27721041440963745,0.004204956814646721
566,0.27645957469940186,0.004190951120108366
567,0.2757052779197693,0.004177028778940439
568,0.2749475836753845,0.004163183271884918
569,0.27418628334999084,0.004149417392909527
570,0.2734215259552002,0.004135739058256149
571,0.272653192281723,0.004122134763747454
572,0.27188125252723694,0.004108610562980175
573,0.27110570669174194,0.004095165058970451
574,0.2703266143798828,0.004081796854734421
575,0.2695438265800476,0.004068504553288221
576,0.2687574028968811,0.00405528862029314
577,0.267967164516449,0.004042149521410465
578,0.26717326045036316,0.0040290821343660355
579,0.26637551188468933,0.004016091115772724
580,0.26557403802871704,0.0040031722746789455
581,0.2647685408592224,0.0039903270080685616
582,0.2639593482017517,0.003977552987635136
583,0.26314598321914673,0.003964847885072231
584,0.2623288035392761,0.003952215891331434
585,0.2615075409412384,0.003939650487154722
586,0.26068222522735596,0.003927157260477543
587,0.2598528265953064,0.0039147320203483105
588,0.2590191960334778,0.0039023724384605885
589,0.2581813633441925,0.0038900827057659626
590,0.2573392689228058,0.003877858864143491
591,0.25649294257164,0.003865699516609311
592,0.2556421756744385,0.003853605128824711
593,0.25478696823120117,0.003841578494757414
594,0.2539273202419281,0.00382961705327034
595,0.2530632019042969,0.0038177138194441795
596,0.25219446420669556,0.003805877175182104
597,0.25132104754447937,0.0037941019982099533
598,0.2504429817199707,0.0037823899183422327
599,0.2495601773262024,0.0037707393057644367
600,0.2486724853515625,0.0037591480650007725
601,0.24778002500534058,0.0037476196885108948
602,0.2468826174736023,0.0037361469585448503
603,0.24598020315170288,0.0037247370928525925
604,0.24507279694080353,0.00371338683180511
605,0.24416032433509827,0.0037020910531282425
606,0.24324268102645874,0.0036908546462655067
607,0.24231985211372375,0.0036796771455556154
608,0.2413918375968933,0.003668554127216339
609,0.2404584288597107,0.0036574851255863905
610,0.23951970040798187,0.003646475961431861
611,0.23857563734054565,0.003635522210970521
612,0.2376260608434677,0.003624623641371727
613,0.23667098581790924,0.0036137751303613186
614,0.23571036756038666,0.0036029820330441
615,0.23474422097206116,0.0035922459792345762
616,0.2337724268436432,0.0035815592855215073
617,0.23279497027397156,0.003570928005501628
618,0.2318117469549179,0.0035603437572717667
619,0.2308228313922882,0.0035498153883963823
620,0.22982805967330933,0.00353933684527874
621,0.22882750630378723,0.0035289085935801268
622,0.22782109677791595,0.003518531797453761
623,0.2268088459968567,0.003508202964439988
624,0.22579064965248108,0.0034979230258613825
625,0.22476649284362793,0.003487695474177599
626,0.22373634576797485,0.0034775168169289827
627,0.22270026803016663,0.003467385657131672
628,0.2216581404209137,0.0034572992008179426
629,0.22061002254486084,0.0034472616389393806
630,0.21955588459968567,0.00343727576546371
631,0.2184956669807434,0.0034273311030119658
632,0.21742945909500122,0.0034174364991486073
633,0.21635720133781433,0.003407588228583336
634,0.21527895331382751,0.0033977816347032785
635,0.21419471502304077,0.0033880232367664576
636,0.21310453116893768,0.003378308843821287
637,0.21200838685035706,0.003368642646819353
638,0.21090638637542725,0.0033590144012123346
639,0.20979848504066467,0.0033494329545646906
640,0.20868489146232605,0.0033398959785699844
641,0.20756559073925018,0.0033304020762443542
642,0.20644059777259827,0.003320947289466858
643,0.2053101658821106,0.0033115404658019543
644,0.2041742503643036,0.003302173223346472
645,0.20303303003311157,0.0032928476575762033
646,0.2018866389989853,0.003283563069999218
647,0.20073527097702026,0.0032743215560913086
648,0.19957897067070007,0.003265119157731533
649,0.19841796159744263,0.003255961462855339
650,0.1972523331642151,0.003246838692575693
651,0.19608242809772491,0.0032377622555941343
652,0.19490835070610046,0.0032287174835801125
653,0.19373032450675964,0.0032197213731706142
654,0.19254863262176514,0.003210759488865733
655,0.1913633793592453,0.003201837185770273
656,0.19017493724822998,0.0031929519027471542
657,0.18898352980613708,0.0031841048039495945
658,0.1877894401550293,0.003175295889377594
659,0.1865929216146469,0.0031665274873375893
660,0.1853942722082138,0.0031577935442328453
661,0.18419387936592102,0.003149097552523017
662,0.1829918771982193,0.0031404418405145407
663,0.18178875744342804,0.0031318191904574633
664,0.18058474361896515,0.003123235423117876
665,0.17938022315502167,0.0031146840192377567
666,0.17817553877830505,0.0031061682384461164
667,0.17697101831436157,0.0030976906418800354
668,0.17576701939105988,0.003089248202741146
669,0.1745639145374298,0.0030808441806584597
670,0.17336204648017883,0.003072470659390092
671,0.17216187715530396,0.0030641332268714905
672,0.1709636151790619,0.0030558323487639427
673,0.16976779699325562,0.003047563135623932
674,0.16857467591762543,0.003039328381419182
675,0.16738463938236237,0.003031127154827118
676,0.16619810461997986,0.003022959688678384
677,0.16501544415950775,0.0030148241203278303
678,0.1638370305299759,0.003006723476573825
679,0.16266319155693054,0.002998656826093793
680,0.16149434447288513,0.0029906174167990685
681,0.16033077239990234,0.0029826159588992596
682,0.1591728925704956,0.0029746468644589186
683,0.15802103281021118,0.0029667047783732414
684,0.1568755805492401,0.002958799945190549
685,0.1557367891073227,0.0029509232845157385
686,0.15460506081581116,0.002943080384284258
687,0.153480663895607,0.002935265190899372
688,0.15236395597457886,0.0029274856206029654
689,0.15125516057014465,0.0029197323601692915
690,0.15015465021133423,0.0029120114631950855
691,0.14906266331672668,0.0029043233953416348
692,0.14797940850257874,0.0028966637328267097
693,0.14690527319908142,0.0028890317771583796
694,0.14584043622016907,0.002881427528336644
695,0.14478518068790436,0.0028738579712808132
696,0.14373964071273804,0.002866318915039301
697,0.1427040696144104,0.002858805935829878
698,0.14167864620685577,0.002851321594789624
699,0.14066359400749207,0.00284386589191854
700,0.13965903222560883,0.0028364427853375673
701,0.13866513967514038,0.0028290448244661093
702,0.13768206536769867,0.002821676665917039
703,0.1367100030183792,0.002814333653077483
704,0.13574892282485962,0.002807019976899028
705,0.1347990483045578,0.002799736335873604
706,0.13386043906211853,0.0027924794703722
707,0.13293319940567017,0.0027852491475641727
708,0.1320173293352127,0.002778046065941453
709,0.13111291825771332,0.002770871389657259
710,0.13022007048130035,0.0027637232560664415
711,0.12933874130249023,0.0027566023636609316
712,0.12846897542476654,0.002749507548287511
713,0.12761075794696808,0.0027424392756074667
714,0.12676411867141724,0.00273539568297565
715,0.12592901289463043,0.0027283835224807262
716,0.12510547041893005,0.002721392083913088
717,0.12429340183734894,0.0027144288178533316
718,0.1234927624464035,0.0027074930258095264
719,0.12270347774028778,0.0027005779556930065
720,0.12192559242248535,0.0026936933863908052
721,0.12115892022848129,0.002686828840523958
722,0.12040338665246964,0.0026799964252859354
723,0.11965896189212799,0.002673184499144554
724,0.11892548948526382,0.002666396088898182
725,0.11820289492607117,0.002659636316820979
726,0.11749103665351868,0.0026528979651629925
727,0.11678985506296158,0.002646186389029026
728,0.11609916388988495,0.002639499492943287
729,0.11541879177093506,0.002632834017276764
730,0.11474862694740295,0.0026261936873197556
731,0.11408855766057968,0.0026195792015641928
732,0.11343836784362793,0.002612986834719777
733,0.11279794573783875,0.002606417052447796
734,0.11216709762811661,0.002599871950224042
735,0.11154566705226898,0.0025933498982340097
736,0.11093342304229736,0.0025868539232760668
737,0.1103302463889122,0.0025803782045841217
738,0.10973592102527618,0.002573928330093622
739,0.109150230884552,0.0025674975477159023
740,0.10857304185628891,0.0025610902812331915
741,0.10800407826900482,0.00255470909178257
742,0.10744321346282959,0.002548344898968935
743,0.10689026862382889,0.002542009111493826
744,0.10634520649909973,0.0025356910191476345
745,0.10580842196941376,0.002529396675527096
746,0.10528171062469482,0.002523123286664486
747,0.10477236658334732,0.0025168738793581724
748,0.10430793464183807,0.0025106470566242933
749,0.1039942055940628,0.002504440024495125
750,0.10425160825252533,0.0024982555769383907
751,0.10668350756168365,0.002492091618478298
752,0.11721450090408325,0.002485949080437422
753,0.14756321907043457,0.002479829592630267
754,0.19584253430366516,0.002473729196935892
755,0.15865938365459442,0.002467651152983308
756,0.10278978943824768,0.002461592899635434
757,0.14155235886573792,0.0024555574636906385
758,0.12583333253860474,0.0024495404213666916
759,0.10641074925661087,0.0024435461964458227
760,0.13182294368743896,0.0024375722277909517
761,0.10176423192024231,0.0024316178169101477
762,0.12009769678115845,0.0024256824981421232
763,0.10847760736942291,0.002419770462438464
764,0.10589437186717987,0.00241387658752501
765,0.11182747036218643,0.0024080052971839905
766,0.09767425060272217,0.0024021496064960957
767,0.10934451222419739,0.0023963162675499916
768,0.09451834112405777,0.002390502020716667
769,0.1031579077243805,0.002384708495810628
770,0.09363092482089996,0.002378934295848012
771,0.09545381367206573,0.0023731798864901066
772,0.09281596541404724,0.002367444336414337
773,0.0886230617761612,0.0023617271799594164
774,0.09155909717082977,0.0023560330737382174
775,0.08444102108478546,0.002350353403016925
776,0.088719442486763,0.0023446932900696993
777,0.08291654288768768,0.002339052502065897
778,0.08412644267082214,0.002333430340513587
779,0.08291929960250854,0.002327829133719206
780,0.07979254424571991,0.002322243992239237
781,0.08211003243923187,0.0023166784085333347
782,0.07792052626609802,0.0023111319169402122
783,0.07907792925834656,0.0023056031204760075
784,0.07802490144968033,0.0023000913206487894
785,0.07574012875556946,0.0022946002427488565
786,0.07713957875967026,0.0022891266271471977
787,0.07451622933149338,0.002283670473843813
788,0.07432578504085541,0.0022782322484999895
789,0.07431194186210632,0.0022728138137608767
790,0.07212923467159271,0.002267410047352314
791,0.07261315733194351,0.002262026770040393
792,0.0715789943933487,0.002256660722196102
793,0.07024597376585007,0.002251308411359787
794,0.07060234248638153,0.0022459756582975388
795,0.06931760162115097,0.0022406617645174265
796,0.06861328333616257,0.0022353683598339558
797,0.06866755336523056,0.0022300879936665297
798,0.06744645535945892,0.002224824856966734
799,0.06699836254119873,0.002219576621428132
800,0.06682582199573517,0.0022143481764942408
801,0.06578242778778076,0.002209137659519911
802,0.0654119998216629,0.0022039401810616255
803,0.06515505164861679,0.002198763657361269
804,0.06427328288555145,0.0021936013363301754
805,0.06389164179563522,0.0021884567104279995
806,0.06361069530248642,0.0021833281498402357
807,0.0628567710518837,0.0021782179828733206
808,0.06241391599178314,0.002173122251406312
809,0.06214864179491997,0.0021680439822375774
810,0.061524223536252975,0.002162980381399393
811,0.061017174273729324,0.0021579330787062645
812,0.06074347347021103,0.0021529062651097775
813,0.06025712192058563,0.002147887833416462
814,0.05971222743391991,0.002142890589311719
815,0.05938661843538284,0.002137906150892377
816,0.05902468413114548,0.002132939640432596
817,0.05851483717560768,0.0021279894281178713
818,0.058099281042814255,0.0021230545826256275
819,0.05778583884239197,0.002118137199431658
820,0.05737943574786186,0.002113234717398882
821,0.0569230392575264,0.0021083413157612085
822,0.05656024068593979,0.002103468170389533
823,0.056235358119010925,0.00209861365146935
824,0.05584149807691574,0.002093769144266844
825,0.05542714148759842,0.002088941168040037
826,0.055075183510780334,0.002084131119772792
827,0.05475069582462311,0.002079331548884511
828,0.05438738316297531,0.0020745540969073772
829,0.054001323878765106,0.002069785725325346
830,0.05364673584699631,0.0020650355145335197
831,0.05332409590482712,0.0020602985750883818
832,0.052993517369031906,0.0020555751398205757
833,0.052638858556747437,0.002050866838544607
834,0.05228433758020401,0.0020461748354136944
835,0.051952213048934937,0.002041496802121401
836,0.05163681507110596,0.0020368341356515884
837,0.05131819099187851,0.0020321859046816826
838,0.05098791420459747,0.0020275507122278214
839,0.05065469443798065,0.002022931817919016
840,0.05033039301633835,0.002018324099481106
841,0.05001869797706604,0.002013733610510826
842,0.04971418157219887,0.002009154763072729
843,0.0494096577167511,0.0020045917481184006
844,0.0491018109023571,0.002000044798478484
845,0.04879194125533104,0.001995508559048176
846,0.048483654856681824,0.001990987453609705
847,0.04817954823374748,0.0019864817149937153
848,0.04788082093000412,0.0019819866865873337
849,0.047587037086486816,0.001977506559342146
850,0.047297149896621704,0.001973040634766221
851,0.047010477632284164,0.00196858961135149
852,0.04672650992870331,0.0019641511607915163
853,0.04644554480910301,0.001959725748747587
854,0.04616842418909073,0.0019553164020180702
855,0.04589691758155823,0.0019509198609739542
856,0.04563421010971069,0.0019465334480628371
857,0.04538711905479431,0.0019421615870669484
858,0.04516910761594772,0.0019378052093088627
859,0.04500986635684967,0.001933463616296649
860,0.04497646912932396,0.0019291314529255033
861,0.04522063583135605,0.001924813026562333
862,0.0461108461022377,0.0019205085700377822
863,0.048474885523319244,0.0019162168027833104
864,0.05427202954888344,0.0019119372591376305
865,0.06668063253164291,0.0019076727330684662
866,0.089152991771698,0.001903418218716979
867,0.10876129567623138,0.0018991774413734674
868,0.0994480773806572,0.0018949504010379314
869,0.056390430778265,0.0018907375633716583
870,0.047600843012332916,0.001886535668745637
871,0.0753219723701477,0.001882346230559051
872,0.07161940634250641,0.0018781712278723717
873,0.04549431800842285,0.0018740054219961166
874,0.05064539983868599,0.0018698552157729864
875,0.06663205474615097,0.001865715254098177
876,0.054676614701747894,0.0018615908920764923
877,0.04188675433397293,0.0018574760761111975
878,0.05317353457212448,0.0018533734837546945
879,0.057515256106853485,0.001849285326898098
880,0.044094204902648926,0.0018452067160978913
881,0.043066173791885376,0.0018411448691040277
882,0.05218856781721115,0.0018370910547673702
883,0.04766102880239487,0.0018330474849790335
884,0.04016752541065216,0.0018290192820131779
885,0.04483305662870407,0.0018250031862407923
886,0.04780115932226181,0.0018209961708635092
887,0.04172522574663162,0.0018170044058933854
888,0.039788395166397095,0.0018130255630239844
889,0.04420869052410126,0.0018090532394126058
890,0.043733127415180206,0.0018050968647003174
891,0.039159566164016724,0.0018011524807661772
892,0.039594851434230804,0.0017972169443964958
893,0.04232170060276985,0.0017932950286194682
894,0.040510065853595734,0.0017893847543746233
895,0.037860654294490814,0.0017854837933555245
896,0.03899917006492615,0.0017815983155742288
897,0.04032304883003235,0.0017777211032807827
898,0.03865573927760124,0.0017738556489348412
899,0.03699295222759247,0.0017700007883831859
900,0.03779301792383194,0.0017661596648395061
901,0.03864462673664093,0.0017623298335820436
902,0.03753717616200447,0.001758509548380971
903,0.036226458847522736,0.0017547004390507936
904,0.03646232932806015,0.0017509044846519828
905,0.03711980581283569,0.00174711795989424
906,0.03666086494922638,0.0017433417961001396
907,0.035600148141384125,0.0017395805334672332
908,0.035284459590911865,0.001735825790092349
909,0.0356818251311779,0.0017320833867415786
910,0.03574805706739426,0.001728353090584278
911,0.03514144942164421,0.0017246331553906202
912,0.034482672810554504,0.0017209234647452831
913,0.03433869034051895,0.001717225182801485
914,0.034516431391239166,0.0017135378438979387
915,0.034488946199417114,0.0017098598182201385
916,0.03408641368150711,0.0017061937833204865
917,0.03358600661158562,0.0017025383422151208
918,0.0333130918443203,0.0016988925635814667
919,0.03329094499349594,0.0016952571459114552
920,0.03330078348517418,0.0016916338354349136
921,0.033152833580970764,0.0016880210023373365
922,0.032837554812431335,0.0016844171332195401
923,0.03248465806245804,0.0016808253712952137
924,0.032218724489212036,0.0016772417584434152
925,0.03207292780280113,0.0016736732795834541
926,0.031997524201869965,0.0016701098065823317
927,0.031916260719299316,0.0016665577422827482
928,0.03178107738494873,0.0016630170866847038
929,0.03158343583345413,0.0016594864428043365
930,0.03134728595614433,0.0016559670912101865
931,0.031101716682314873,0.0016524562379345298
932,0.03087031841278076,0.0016489551635459065
933,0.030663952231407166,0.0016454649157822132
934,0.03048267588019371,0.0016419840976595879
935,0.030321981757879257,0.0016385127091780305
936,0.030176375061273575,0.0016350538935512304
937,0.030043575912714005,0.0016316028777509928
938,0.029925061389803886,0.0016281616408377886
939,0.029828418046236038,0.0016247308813035488
940,0.029769092798233032,0.0016213099006563425
941,0.02977977693080902,0.0016178973019123077
942,0.029918573796749115,0.001614496111869812
943,0.030314652249217033,0.001611104584299028
944,0.031196415424346924,0.001607723766937852
945,0.033098071813583374,0.0016043513314798474
946,0.03686685860157013,0.0016009870450943708
947,0.044423360377550125,0.0015976334689185023
948,0.05693603307008743,0.0015942900208756328
949,0.07542905956506729,0.0015909564681351185
950,0.08515670895576477,0.001587630482390523
951,0.07414774596691132,0.001584316254593432
952,0.04135826602578163,0.0015810074983164668
953,0.030306458473205566,0.0015777122462168336
954,0.04888716712594032,0.001574426656588912
955,0.0553363673388958,0.0015711472369730473
956,0.03796136751770973,0.0015678791096433997
957,0.028893426060676575,0.0015646193642169237
958,0.04131843149662018,0.0015613685827702284
959,0.046759188175201416,0.001558126648887992
960,0.033930279314517975,0.0015548953088000417
961,0.027841955423355103,0.0015516718849539757
962,0.03648530691862106,0.0015484585892409086
963,0.04021473973989487,0.0015452553052455187
964,0.03245391696691513,0.0015420576091855764
965,0.02704494632780552,0.0015388722531497478
966,0.03184972703456879,0.0015356922522187233
967,0.03576178103685379,0.0015325217973440886
968,0.03090626373887062,0.0015293655451387167
969,0.026501432061195374,0.0015262136003002524
970,0.028975851833820343,0.0015230716671794653
971,0.03193205967545509,0.0015199354384094477
972,0.029458824545145035,0.0015168101526796818
973,0.026078645139932632,0.001513694878667593
974,0.027136851102113724,0.001510587171651423
975,0.029480155557394028,0.0015074907569214702
976,0.028346359729766846,0.0015043994644656777
977,0.02577473223209381,0.0015013170195743442
978,0.025556277483701706,0.0014982458669692278
979,0.027190275490283966,0.0014951813500374556
980,0.027654331177473068,0.001492124516516924
981,0.02610740065574646,0.0014890781603753567
982,0.024768441915512085,0.00148603820707649
983,0.025032266974449158,0.0014830086147412658
984,0.02597660757601261,0.0014799869386479259
985,0.025975069031119347,0.001476972596719861
986,0.02494284138083458,0.001473967102356255
987,0.02410532906651497,0.001470969757065177
988,0.024217750877141953,0.0014679826563224196
989,0.024749422445893288,0.0014650013763457537
990,0.02483315020799637,0.001462028012610972
991,0.024264954030513763,0.0014590652426704764
992,0.02360069379210472,0.0014561095740646124
993,0.023379109799861908,0.0014531610067933798
994,0.023565301671624184,0.0014502230333164334
995,0.02378116548061371,0.0014472892507910728
996,0.023679694160819054,0.0014443665277212858
997,0.023307230323553085,0.0014414512552320957
998,0.022889669984579086,0.0014385449467226863
999,0.022654568776488304,0.001435643876902759
1000,0.02263149619102478,0.001432754099369049
1001,0.0227058082818985,0.0014298716560006142
1002,0.022733405232429504,0.0014269951498135924
1003,0.022630270570516586,0.0014241260942071676
1004,0.022417433559894562,0.001421267632395029
1005,0.022155195474624634,0.001418416970409453
1006,0.02192598208785057,0.001415572827681899
1007,0.021764816716313362,0.001412734156474471
1008,0.02167753502726555,0.0014099060790613294
1009,0.021634887903928757,0.0014070846373215318
1010,0.021610843017697334,0.0014042722759768367
1011,0.02158173732459545,0.0014014673652127385
1012,0.02153785526752472,0.0013986695557832718
1013,0.021480068564414978,0.0013958789641037583
1014,0.02141210250556469,0.0013930968707427382
1015,0.021347299218177795,0.0013903215294703841
1016,0.02129063755273819,0.0013875544536858797
1017,0.021259721368551254,0.001384794944897294
1018,0.021263282746076584,0.0013820440508425236
1019,0.021335965022444725,0.0013792985118925571
1020,0.021505046635866165,0.0013765598414465785
1021,0.021855827420949936,0.0013738289708271623
1022,0.022472742944955826,0.0013711072970181704
1023,0.023604581132531166,0.0013683937722817063
1024,0.025483720004558563,0.0013656860683113337
1025,0.028789006173610687,0.0013629822060465813
1026,0.03374403715133667,0.0013602905673906207
1027,0.04140400514006615,0.0013576042838394642
1028,0.04913294315338135,0.001354925218038261
1029,0.05495164915919304,0.0013522545341402292
1030,0.04886461794376373,0.0013495890889316797
1031,0.034056004136800766,0.0013469336554408073
1032,0.021309029310941696,0.0013442847412079573
1033,0.023247230798006058,0.0013416409492492676
1034,0.03278518095612526,0.001339002512395382
1035,0.03335320204496384,0.0013363772304728627
1036,0.02479022927582264,0.0013337546261027455
1037,0.019660085439682007,0.0013311407528817654
1038,0.02399440109729767,0.0013285322347655892
1039,0.02889559045433998,0.0013259317493066192
1040,0.026058975607156754,0.001323338714428246
1041,0.020442958921194077,0.001320752315223217
1042,0.019698720425367355,0.0013181723188608885
1043,0.023320484906435013,0.0013155997730791569
1044,0.02504846081137657,0.0013130336301401258
1045,0.02214232087135315,0.0013104735407978296
1046,0.019040755927562714,0.0013079221826046705
1047,0.01941506564617157,0.0013053774600848556
1048,0.021686110645532608,0.0013028383255004883
1049,0.02223297953605652,0.0013003054773434997
1050,0.020244020968675613,0.0012977814767509699
1051,0.01844191551208496,0.001295263646170497
1052,0.01863393560051918,0.0012927502393722534
1053,0.01998175121843815,0.0012902474263682961
1054,0.020593557506799698,0.0012877461267635226
1055,0.019743241369724274,0.0012852572835981846
1056,0.018419791013002396,0.0012827712344005704
1057,0.017768558114767075,0.001280293334275484
1058,0.018095243722200394,0.0012778202071785927
1059,0.018803758546710014,0.0012753574410453439
1060,0.019115598872303963,0.0012728965375572443
1061,0.018791181966662407,0.0012704432010650635
1062,0.01805851049721241,0.0012679985957220197
1063,0.01742793619632721,0.0012655587634071708
1064,0.01719854399561882,0.001263126847334206
1065,0.017351727932691574,0.0012607001699507236
1066,0.01766398921608925,0.0012582798954099417
1067,0.017880722880363464,0.0012558667222037911
1068,0.017890848219394684,0.0012534591369330883
1069,0.017676040530204773,0.0012510577216744423
1070,0.01734679937362671,0.001248664571903646
1071,0.01699494570493698,0.0012462751474231482
1072,0.016711819916963577,0.0012438930571079254
1073,0.016528252512216568,0.0012415176024660468
1074,0.016442693769931793,0.0012391484342515469
1075,0.016430770978331566,0.0012367849703878164
1076,0.016468163579702377,0.001234428258612752
1077,0.01653916947543621,0.0012320776004344225
1078,0.016637103632092476,0.0012297321809455752
1079,0.016775283962488174,0.0012273938627913594
1080,0.016967402771115303,0.0012250614818185568
1081,0.01727140136063099,0.0012227363185957074
1082,0.017730601131916046,0.0012204154627397656
1083,0.018494851887226105,0.0012181003112345934
1084,0.019662274047732353,0.0012157942401245236
1085,0.02161252126097679,0.0012134904973208904
1086,0.024445893242955208,0.0012111940886825323
1087,0.02886425144970417,0.001208903850056231
1088,0.033967819064855576,0.0012066204799339175
1089,0.03974474221467972,0.0012043442111462355
1090,0.04102566838264465,0.001202070969156921
1091,0.03667282685637474,0.0011998041300103068
1092,0.025318942964076996,0.001197543228045106
1093,0.016636241227388382,0.0011952882632613182
1094,0.017433255910873413,0.001193040399812162
1095,0.02368256077170372,0.001190796261653304
1096,0.025555100291967392,0.0011885601561516523
1097,0.02006560191512108,0.001186329172924161
1098,0.015628166496753693,0.0011841035448014736
1099,0.017490478232502937,0.0011818839702755213
1100,0.0211222842335701,0.0011796691687777638
1101,0.02061513438820839,0.0011774614686146379
1102,0.016787394881248474,0.0011752598220482469
1103,0.015186486765742302,0.0011730624828487635
1104,0.017101705074310303,0.001170871313661337
1105,0.01895744353532791,0.0011686854995787144
1106,0.018137531355023384,0.0011665057390928268
1107,0.015771392732858658,0.001164331566542387
1108,0.014788606204092503,0.0011621625162661076
1109,0.015814416110515594,0.0011600004509091377
1110,0.01708485372364521,0.0011578422272577882
1111,0.01705479808151722,0.0011556915706023574
1112,0.015784962102770805,0.0011535442899912596
1113,0.01462351344525814,0.001151404227130115
1114,0.014448479749262333,0.0011492675403133035
1115,0.015096008777618408,0.0011471384204924107
1116,0.015793997794389725,0.0011450137244537473
1117,0.015905067324638367,0.0011428950820118189
1118,0.015426801517605782,0.001140782842412591
1119,0.014677360653877258,0.0011386738624423742
1120,0.014108225703239441,0.001136570586822927
1121,0.013925972394645214,0.0011344742961227894
1122,0.01409054733812809,0.0011323824292048812
1123,0.014418110251426697,0.0011302955681458116
1124,0.01471271738409996,0.0011282132472842932
1125,0.014878877438604832,0.0011261384934186935
1126,0.014865322038531303,0.0011240679305046797
1127,0.014731284230947495,0.0011220009764656425
1128,0.014499872922897339,0.0011199406580999494
1129,0.0142477136105299,0.0011178887216374278
1130,0.013995886780321598,0.0011158372508361936
1131,0.013779530301690102,0.0011137939291074872
1132,0.013599053025245667,0.0011117537505924702
1133,0.01345708966255188,0.0011097202077507973
1134,0.013345055282115936,0.0011076917871832848
1135,0.013257138431072235,0.0011056673247367144
1136,0.013186674565076828,0.0011036497307941318
1137,0.01313115656375885,0.0011016374919563532
1138,0.013090040534734726,0.0010996278142556548
1139,0.013068001717329025,0.0010976246558129787
1140,0.013076323084533215,0.0010956277837976813
1141,0.013142351061105728,0.0010936327744275331
1142,0.013317165896296501,0.0010916460305452347
1143,0.013718684203922749,0.0010896625462919474
1144,0.014569442719221115,0.0010876846499741077
1145,0.016411874443292618,0.001085710828192532
1146,0.020182684063911438,0.0010837430600076914
1147,0.028216395527124405,0.0010817802976816893
1148,0.042778149247169495,0.001079822308383882
1149,0.06818397343158722,0.0010778680443763733
1150,0.08851418644189835,0.0010759193683043122
1151,0.08301670849323273,0.0010739772114902735
1152,0.03281664103269577,0.0010720383143052459
1153,0.018379714339971542,0.0010701065184548497
1154,0.04723869636654854,0.0010681768180802464
1155,0.03177382051944733,0.0010662523563951254
1156,0.0180264413356781,0.0010643344139680266
1157,0.036713749170303345,0.0010624201968312263
1158,0.021957077085971832,0.0010605090064927936
1159,0.02108217217028141,0.001058605033904314
1160,0.030083797872066498,0.0010567066492512822
1161,0.01597975566983223,0.0010548097779974341
1162,0.024430666118860245,0.001052919658832252
1163,0.02273637428879738,0.0010510350111871958
1164,0.015696898102760315,0.0010491530410945415
1165,0.02308446541428566,0.0010472765425220132
1166,0.018802866339683533,0.0010454064467921853
1167,0.015156169421970844,0.001043538679368794
1168,0.021366296336054802,0.001041677314788103
1169,0.01600291207432747,0.001039818860590458
1170,0.015035713091492653,0.0010379652958363295
1171,0.019068516790866852,0.0010361168533563614
1172,0.01536179706454277,0.001034273998811841
1173,0.013926682993769646,0.001032434869557619
1174,0.017498664557933807,0.001030600513331592
1175,0.014977999031543732,0.001028770231641829
1176,0.01312129944562912,0.0010269450722262263
1177,0.01555637363344431,0.001025123056024313
1178,0.015106277540326118,0.0010233065113425255
1179,0.012591519393026829,0.0010214954381808639
1180,0.0137767493724823,0.0010196883231401443
1181,0.01476389542222023,0.0010178855154663324
1182,0.01296607218682766,0.0010160874808207154
1183,0.012308255769312382,0.0010142928222194314
1184,0.013630308210849762,0.0010125034023076296
1185,0.013480065390467644,0.0010107191046699882
1186,0.012147631496191025,0.0010089369025081396
1187,0.012103216722607613,0.001007160870358348
1188,0.01295396313071251,0.0010053901933133602
1189,0.012778261676430702,0.0010036226594820619
1190,0.01183618139475584,0.0010018583852797747
1191,0.01170622743666172,0.0010000986512750387
1192,0.012263856828212738,0.0009983449708670378
1193,0.012318190187215805,0.0009965929202735424
1194,0.011716100387275219,0.0009948485530912876
1195,0.01136094145476818,0.0009931070962920785
1196,0.011581026948988438,0.0009913693647831678
1197,0.011860903352499008,0.0009896368719637394
1198,0.011673087254166603,0.0009879071731120348
1199,0.01127420924603939,0.0009861842263489962
1200,0.011095864698290825,0.0009844634914770722
1201,0.011242994107306004,0.0009827477624639869
1202,0.011390628293156624,0.0009810351766645908
1203,0.011315014213323593,0.0009793260833248496
1204,0.011063320562243462,0.0009776238584890962
1205,0.010874563828110695,0.0009759240783751011
1206,0.010853193700313568,0.0009742295369505882
1207,0.010943694971501827,0.0009725380805321038
1208,0.01098762545734644,0.0009708508150652051
1209,0.010922771878540516,0.0009691679151728749
1210,0.010774128139019012,0.000967488856986165
1211,0.010636651888489723,0.0009658145136199892
1212,0.0105668343603611,0.0009641424985602498
1213,0.010566113516688347,0.0009624776430428028
1214,0.010593831539154053,0.0009608149994164705
1215,0.010601853020489216,0.0009591566631570458
1216,0.010570982471108437,0.0009575016447342932
1217,0.01049960870295763,0.0009558501187711954
1218,0.010413914918899536,0.0009542046464048326
1219,0.01032971404492855,0.0009525628411211073
1220,0.010267268866300583,0.0009509250521659851
1221,0.010224273428320885,0.0009492899989709258
1222,0.010202022269368172,0.0009476598934270442
1223,0.010187488049268723,0.0009460327564738691
1224,0.010178334079682827,0.0009444099268876016
1225,0.010165777988731861,0.0009427920449525118
1226,0.010151226073503494,0.0009411770151928067
1227,0.010132376104593277,0.0009395662928000093
1228,0.010112913325428963,0.0009379587136209011
1229,0.010094545781612396,0.000936355150770396
1230,0.010080723091959953,0.0009347561281174421
1231,0.010076017118990421,0.0009331630426459014
1232,0.010085020214319229,0.0009315695497207344
1233,0.01011869590729475,0.0009299811208620667
1234,0.010187717154622078,0.0009283973486162722
1235,0.0103205107152462,0.000926819397136569
1236,0.010549567639827728,0.0009252411546185613
1237,0.01095860730856657,0.0009236690821126103
1238,0.011643151752650738,0.0009221024811267853
1239,0.012854505330324173,0.0009205371607095003
1240,0.01483445055782795,0.0009189759148284793
1241,0.01828090287744999,0.0009174183942377567
1242,0.023375380784273148,0.0009158642496913671
1243,0.031157301738858223,0.0009143142960965633
1244,0.03855786845088005,0.0009127683006227016
1245,0.04338045418262482,0.0009112256811931729
1246,0.03540295735001564,0.0009096876019611955
1247,0.019646434113383293,0.0009081515017896891
1248,0.010136923752725124,0.0009066195925697684
1249,0.01649170182645321,0.0009050930966623127
1250,0.02303163893520832,0.0009035692783072591
1251,0.015859387814998627,0.0009020480792969465
1252,0.010371638461947441,0.0009005324682220817
1253,0.01587371900677681,0.0008990184869617224
1254,0.017154082655906677,0.0008975086966529489
1255,0.011319966986775398,0.0008960021077655256
1256,0.011511413380503654,0.0008945003501139581
1257,0.015351461246609688,0.0008930015028454363
1258,0.013056660071015358,0.0008915060898289084
1259,0.009975929744541645,0.00089001574087888
1260,0.01227862760424614,0.0008885275456123054
1261,0.013670907355844975,0.0008870419696904719
1262,0.010900340974330902,0.0008855605265125632
1263,0.009822875261306763,0.0008840832160785794
1264,0.011798523366451263,0.0008826084667816758
1265,0.012221535667777061,0.0008811383740976453
1266,0.01031997986137867,0.000879670144058764
1267,0.009456079453229904,0.0008782069780863822
1268,0.010626441799104214,0.0008767473045736551
1269,0.011412088759243488,0.0008752901339903474
1270,0.010471859946846962,0.0008738369797356427
1271,0.009321584366261959,0.00087238714331761
1272,0.009399973787367344,0.000870940275490284
1273,0.010235186666250229,0.0008694985299371183
1274,0.010539118200540543,0.0008680572500452399
1275,0.009923073463141918,0.0008666217909194529
1276,0.009158465079963207,0.0008651902317069471
1277,0.008976060897111893,0.0008637591963633895
1278,0.009356273338198662,0.0008623332832939923
1279,0.009776037186384201,0.0008609120850451291
1280,0.009793300181627274,0.0008594918763265014
1281,0.009439283050596714,0.0008580746944062412
1282,0.0089870011433959,0.0008566616452299058
1283,0.00873032957315445,0.0008552527870051563
1284,0.008749475702643394,0.0008538474794477224
1285,0.008944433182477951,0.0008524438599124551
1286,0.009148521348834038,0.0008510444895364344
1287,0.0092343520373106,0.000849648320581764
1288,0.009179455228149891,0.000848254538141191
1289,0.009013173170387745,0.0008468659361824393
1290,0.008810554631054401,0.0008454788476228714
1291,0.008623198606073856,0.0008440955425612628
1292,0.008487587794661522,0.0008427156135439873
1293,0.00841154158115387,0.0008413396426476538
1294,0.008386494591832161,0.000839965941850096
1295,0.00839928723871708,0.0008385939290747046
1296,0.008438278920948505,0.0008372272714041173
1297,0.00849920604377985,0.0008358641644008458
1298,0.0085828248411417,0.0008345029782503843
1299,0.008704721927642822,0.0008331458084285259
1300,0.008883573114871979,0.0008317913161590695
1301,0.009173059836030006,0.0008304393268190324
1302,0.009631405584514141,0.0008290914120152593
1303,0.010416805744171143,0.0008277472225017846
1304,0.011687489226460457,0.0008264057105407119
1305,0.01390711311250925,0.0008250661194324493
1306,0.017363425344228745,0.0008237300207838416
1307,0.0230718944221735,0.0008223970653489232
1308,0.030162140727043152,0.0008210698142647743
1309,0.03848225250840187,0.0008197416318580508
1310,0.039895717054605484,0.0008184177568182349
1311,0.031787287443876266,0.0008170992368832231
1312,0.015281200408935547,0.0008157799020409584
1313,0.008858026005327702,0.0008144665043801069
1314,0.016911864280700684,0.000813156133517623
1315,0.020386338233947754,0.0008118474506773055
1316,0.012357590720057487,0.0008105425513349473
1317,0.009516465477645397,0.0008092402131296694
1318,0.015522249974310398,0.0008079414255917072
1319,0.014602494426071644,0.0008066445589065552
1320,0.00910418201237917,0.0008053524070419371
1321,0.011456726118922234,0.0008040617103688419
1322,0.014126279391348362,0.0008027756121009588
1323,0.01028328575193882,0.0008014919585548341
1324,0.008955202996730804,0.000800209294538945
1325,0.011971019208431244,0.0007989312871359289
1326,0.011501599103212357,0.0007976564229466021
1327,0.008677290752530098,0.0007963840616866946
1328,0.009142360650002956,0.000795114494394511
1329,0.011032969690859318,0.0007938472554087639
1330,0.01021911296993494,0.0007925844402052462
1331,0.008313742466270924,0.0007913220324553549
1332,0.008565477095544338,0.0007900649798102677
1333,0.00992985162883997,0.0007888111285865307
1334,0.009817153215408325,0.0007875586161389947
1335,0.008498597890138626,0.0007863085484132171
1336,0.007894322276115417,0.0007850633119232953
1337,0.008555819280445576,0.0007838186575099826
1338,0.009272548370063305,0.0007825772045180202
1339,0.009028559550642967,0.0007813401753082871
1340,0.008201438002288342,0.0007801052997820079
1341,0.007693914696574211,0.0007788736838847399
1342,0.007873831316828728,0.0007776444545015693
1343,0.00837293453514576,0.0007764174952171743
1344,0.008611194789409637,0.000775194144807756
1345,0.008414660580456257,0.0007739735301584005
1346,0.007952000945806503,0.0007727527990937233
1347,0.0075733899138867855,0.0007715378887951374
1348,0.0074564265087246895,0.0007703242008574307
1349,0.007590644061565399,0.0007691159262321889
1350,0.007820427417755127,0.0007679086411371827
1351,0.007993223145604134,0.0007667040918022394
1352,0.008033668622374535,0.0007655016961507499
1353,0.007935775443911552,0.0007643017452210188
1354,0.007760629057884216,0.0007631064509041607
1355,0.007561055477708578,0.0007619126117788255
1356,0.007389265578240156,0.0007607221486978233
1357,0.0072663649916648865,0.000759533722884953
1358,0.007196033373475075,0.0007583480910398066
1359,0.007169446442276239,0.000757165311370045
1360,0.007175921928137541,0.0007559852674603462
1361,0.007207127287983894,0.000754808890633285
1362,0.007259545847773552,0.0007536328630521894
1363,0.007339491043239832,0.000752460618969053
1364,0.00745802978053689,0.0007512910524383187
1365,0.007648165337741375,0.0007501236977986991
1366,0.007951494306325912,0.0007489604176953435
1367,0.00847308337688446,0.0007477980107069016
1368,0.009337633848190308,0.0007466390961781144
1369,0.010878642089664936,0.000745483033824712
1370,0.013424973003566265,0.0007443282520398498
1371,0.017907891422510147,0.0007431766716763377
1372,0.024472365155816078,0.0007420291658490896
1373,0.034205008298158646,0.0007408810779452324
1374,0.0418669730424881,0.0007397382287308574
1375,0.0432279109954834,0.0007385993376374245
1376,0.027980931103229523,0.0007374590495601296
1377,0.010460556484758854,0.0007363241165876389
1378,0.01041318103671074,0.0007351895910687745
1379,0.020801503211259842,0.0007340590236708522
1380,0.017548657953739166,0.0007329309592023492
1381,0.008263900876045227,0.0007318053394556046
1382,0.01330995187163353,0.0007306813495233655
1383,0.016565240919589996,0.0007295609102584422
1384,0.009235173463821411,0.0007284424500539899
1385,0.010302424430847168,0.000727327074855566
1386,0.014412105083465576,0.000726215832401067
1387,0.00972144864499569,0.0007251031347550452
1388,0.008561397902667522,0.0007239948026835918
1389,0.01231125183403492,0.0007228902541100979
1390,0.010191775858402252,0.0007217851816676557
1391,0.007613864727318287,0.0007206847658380866
1392,0.010058634914457798,0.000719586736522615
1393,0.010487772524356842,0.0007184920250438154
1394,0.007818495854735374,0.0007173967314884067
1395,0.007825471460819244,0.0007163058617152274
1396,0.00967014953494072,0.0007152166217565536
1397,0.009050948545336723,0.0007141298847272992
1398,0.00725969672203064,0.0007130461162887514
1399,0.007527791894972324,0.0007119645015336573
1400,0.008790766820311546,0.0007108857971616089
1401,0.008528314530849457,0.0007098097703419626
1402,0.007260343059897423,0.0007087341509759426
1403,0.006925176829099655,0.0007076622569002211
1404,0.007684169802814722,0.0007065928657539189
1405,0.00817647110670805,0.0007055248133838177
1406,0.007664869539439678,0.0007044611847959459
1407,0.006891065742820501,0.0007033987785689533
1408,0.00669115548953414,0.0007023387006483972
1409,0.007098053582012653,0.0007012800197117031
1410,0.007507840171456337,0.0007002252386882901
1411,0.007458843290805817,0.0006991717964410782
1412,0.007043494842946529,0.0006981194019317627
1413,0.006618641782552004,0.0006970725953578949
1414,0.0064821322448551655,0.0006960253231227398
1415,0.006631045136600733,0.0006949816597625613
1416,0.006876821629703045,0.0006939402665011585
1417,0.007020814809948206,0.0006929009105078876
1418,0.006976644042879343,0.0006918631261214614
1419,0.006792786996811628,0.0006908290670253336
1420,0.006562558934092522,0.0006897964631207287
1421,0.006380153354257345,0.0006887649651616812
1422,0.0062883831560611725,0.0006877368432469666
1423,0.006286936346441507,0.0006867109332233667
1424,0.006345685571432114,0.0006856880499981344
1425,0.006432873196899891,0.0006846671458333731
1426,0.0065222978591918945,0.000683647464029491
1427,0.006599860265851021,0.0006826295866630971
1428,0.00666740071028471,0.0006816154927946627
1429,0.006725872866809368,0.0006806034361943603
1430,0.006795184221118689,0.0006795938243158162
1431,0.0068793161772191525,0.0006785846780985594
1432,0.00701136514544487,0.0006775789661332965
1433,0.0071999626234173775,0.0006765752332285047
1434,0.007505303248763084,0.0006755735957995057
1435,0.007949961349368095,0.0006745738792233169
1436,0.008664937689900398,0.0006735771312378347
1437,0.009692950174212456,0.0006725830025970936
1438,0.011305595748126507,0.0006715891067869961
1439,0.013450806960463524,0.0006705982377752662
1440,0.016531413421034813,0.0006696109194308519
1441,0.01968149095773697,0.0006686242413707078
1442,0.02277548611164093,0.0006676393677480519
1443,0.02275051735341549,0.0006666582194156945
1444,0.019322959706187248,0.0006656774203293025
1445,0.012230738997459412,0.0006646982510574162
1446,0.006859882734715939,0.0006637249607592821
1447,0.007066655438393354,0.000662750331684947
1448,0.010786032304167747,0.0006617792532779276
1449,0.012158367782831192,0.0006608099793083966
1450,0.009089597500860691,0.0006598419276997447
1451,0.006362192332744598,0.0006588762043975294
1452,0.007408852688968182,0.0006579131004400551
1453,0.009540277533233166,0.0006569522083736956
1454,0.009065186604857445,0.0006559927714988589
1455,0.0068329814821481705,0.0006550358375534415
1456,0.006264382041990757,0.000654081639368087
1457,0.0076360395178198814,0.0006531294202432036
1458,0.008403442800045013,0.0006521774921566248
1459,0.007473123725503683,0.000651230220682919
1460,0.006202667485922575,0.000650282483547926
1461,0.006145071238279343,0.0006493365508504212
1462,0.007018744014203548,0.0006483953911811113
1463,0.007539217360317707,0.0006474539986811578
1464,0.007160065695643425,0.0006465157493948936
1465,0.006327913608402014,0.0006455786642618477
1466,0.005843430291861296,0.0006446444313041866
1467,0.0059878588654100895,0.0006437108386307955
1468,0.006469216663390398,0.0006427810876630247
1469,0.006843818351626396,0.0006418518605642021
1470,0.0068482751958072186,0.0006409254274331033
1471,0.0065500978380441666,0.0006400017300620675
1472,0.006130467168986797,0.0006390798953361809
1473,0.0057977791875600815,0.0006381579441949725
1474,0.005647038109600544,0.0006372383213602006
1475,0.0056776017881929874,0.0006363223074004054
1476,0.005828389432281256,0.000635407050140202
1477,0.006031603552401066,0.0006344941793940961
1478,0.00624621007591486,0.0006335835787467659
1479,0.006442901212722063,0.0006326748989522457
1480,0.006640453822910786,0.000631766626611352
1481,0.00683338288217783,0.0006308613228611648
1482,0.0070782192051410675,0.0006299595697782934
1483,0.007371061481535435,0.0006290586898103356
1484,0.0078027136623859406,0.0006281592650339007
1485,0.008356776088476181,0.0006272605969570577
1486,0.009180827997624874,0.0006263651885092258
1487,0.01020355336368084,0.0006254703039303422
1488,0.011644920334219933,0.0006245801923796535
1489,0.01317706797271967,0.0006236893823370337
1490,0.014949776232242584,0.0006228025304153562
1491,0.01591142639517784,0.0006219157949090004
1492,0.01596125401556492,0.0006210305145941675
1493,0.013812783174216747,0.000620148261077702
1494,0.010399567894637585,0.0006192674627527595
1495,0.006943322718143463,0.0006183887016959488
1496,0.005530904047191143,0.0006175132002681494
1497,0.006552043836563826,0.0006166376988403499
1498,0.008390713483095169,0.0006157644093036652
1499,0.00906292349100113,0.0006148939137347043
1500,0.007869481109082699,0.0006140233017504215
1501,0.006167680490761995,0.0006131567643024027
1502,0.005479991436004639,0.0006122888880781829
1503,0.00613587349653244,0.0006114257266744971
1504,0.007163272239267826,0.0006105635548010468
1505,0.007456590421497822,0.0006097033037804067
1506,0.006865240167826414,0.0006088446825742722
1507,0.005927029065787792,0.0006079882732592523
1508,0.005375017412006855,0.0006071325042285025
1509,0.00546044809743762,0.0006062803440727293
1510,0.005953211337327957,0.0006054279510863125
1511,0.0064552584663033485,0.0006045785266906023
1512,0.006668601185083389,0.0006037309067323804
1513,0.006572145968675613,0.0006028837524354458
1514,0.006232298444956541,0.0006020391010679305
1515,0.005831485614180565,0.0006011958466842771
1516,0.005479702726006508,0.0006003567250445485
1517,0.005251134745776653,0.0005995171377435327
1518,0.005151926539838314,0.0005986805190332234
1519,0.005159811116755009,0.0005978448898531497
1520,0.005246886983513832,0.0005970111815258861
1521,0.0053929416462779045,0.0005961785791441798
1522,0.005599508062005043,0.0005953487707301974
1523,0.005883069708943367,0.0005945193115621805
1524,0.00630800798535347,0.0005936935194768012
1525,0.0069472030736505985,0.0005928671453148127
1526,0.008009718731045723,0.0005920441471971571
1527,0.009679319337010384,0.0005912218475714326
1528,0.012527125887572765,0.000590402283705771
1529,0.016726674512028694,0.000589583592955023
1530,0.023225752636790276,0.0005887677543796599
1531,0.029975123703479767,0.0005879524978809059
1532,0.035518959164619446,0.0005871395114809275
1533,0.03101172298192978,0.000586328562349081
1534,0.017909834161400795,0.0005855172639712691
1535,0.006348463241010904,0.0005847093416377902
1536,0.009406052529811859,0.0005839017103426158
1537,0.016919178888201714,0.0005830982117913663
1538,0.012426547706127167,0.0005822948878630996
1539,0.006034010089933872,0.0005814922624267638
1540,0.010016921907663345,0.0005806914414279163
1541,0.012419704347848892,0.0005798948113806546
1542,0.007341609336435795,0.0005790971918031573
1543,0.006839059293270111,0.0005783037049695849
1544,0.010444896295666695,0.0005775098688900471
1545,0.008509128354489803,0.000576717488002032
1546,0.005767615512013435,0.0005759268533438444
1547,0.007983461022377014,0.0005751391290687025
1548,0.00893019512295723,0.0005743526853621006
1549,0.006303153932094574,0.0005735660088248551
1550,0.0058335913345217705,0.0005727829411625862
1551,0.007738200481981039,0.0005720004555769265
1552,0.007553924340754747,0.000571220472920686
1553,0.005717422813177109,0.0005704419454559684
1554,0.005520842038094997,0.0005696642328985035
1555,0.006785317324101925,0.0005688893143087626
1556,0.007038983516395092,0.000568114803172648
1557,0.005879491567611694,0.0005673426785506308
1558,0.0051150089129805565,0.0005665718927048147
1559,0.005572000052779913,0.0005658018053509295
1560,0.006317058578133583,0.0005650338716804981
1561,0.006328553427010775,0.0005642678588628769
1562,0.005624781828373671,0.0005635031266137958
1563,0.005022349301725626,0.0005627404898405075
1564,0.005008505191653967,0.0005619785515591502
1565,0.005425530951470137,0.0005612184177152812
1566,0.005799341481178999,0.0005604601465165615
1567,0.005809534806758165,0.0005597039125859737
1568,0.0055060675367712975,0.0005589475040324032
1569,0.005099930800497532,0.0005581944715231657
1570,0.004827451892197132,0.0005574414972215891
1571,0.004776759538799524,0.0005566909676417708
1572,0.004904941190034151,0.0005559417186304927
1573,0.005107753910124302,0.0005551937501877546
1574,0.00528084859251976,0.0005544465966522694
1575,0.005380118265748024,0.0005537034594453871
1576,0.005383549258112907,0.0005529593327082694
1577,0.005324968136847019,0.000552216952200979
1578,0.005219022743403912,0.0005514773656614125
1579,0.005104495212435722,0.0005507388268597424
1580,0.0049912831746041775,0.0005500022671185434
1581,0.004894973710179329,0.0005492657073773444
1582,0.004815651569515467,0.0005485315341502428
1583,0.0047553787007927895,0.0005477990489453077
1584,0.004710853099822998,0.0005470673204399645
1585,0.004680890589952469,0.0005463387933559716
1586,0.004663469269871712,0.0005456089274957776
1587,0.004660573322325945,0.0005448824376799166
1588,0.004674195311963558,0.0005441565299406648
1589,0.004714164417237043,0.0005434327758848667
1590,0.004794469103217125,0.0005427111755125225
1591,0.004948540590703487,0.0005419881199486554
1592,0.005227280780673027,0.000541269313544035
1593,0.0057479809038341045,0.0005405513802543283
1594,0.00668604951351881,0.0005398335051722825
1595,0.008462896570563316,0.0005391197046265006
1596,0.011605233885347843,0.0005384053220041096
1597,0.01745576225221157,0.0005376928020268679
1598,0.026512861251831055,0.0005369813297875226
1599,0.040351495146751404,0.0005362726515159011
1600,0.05056147649884224,0.0005355646135285497
1601,0.04898450896143913,0.0005348568083718419
1602,0.023756802082061768,0.0005341522046364844
1603,0.005796006415039301,0.0005334481247700751
1604,0.017342709004878998,0.000532745267264545
1605,0.02238309197127819,0.0005320439231581986
1606,0.008198884315788746,0.000531344732735306
1607,0.01142120361328125,0.000530647172126919
1608,0.0170480664819479,0.0005299491458572447
1609,0.007690011523663998,0.0005292522837407887
1610,0.010730622336268425,0.0005285590887069702
1611,0.01329754013568163,0.0005278664175421
1612,0.006647101603448391,0.0005271743284538388
1613,0.010260144248604774,0.0005264853243716061
1614,0.010488269850611687,0.0005257966695353389
1615,0.005993464961647987,0.0005251092370599508
1616,0.009490864351391792,0.0005244226194918156
1617,0.008498470298945904,0.000523738213814795
1618,0.005768155679106712,0.0005230547394603491
1619,0.008244603872299194,0.0005223727785050869
1620,0.007634840440005064,0.0005216921563260257
1621,0.005566607695072889,0.0005210124072618783
1622,0.006776107475161552,0.0005203351029194891
1623,0.007430822588503361,0.0005196582642383873
1624,0.005509581416845322,0.0005189829389564693
1625,0.0054713403806090355,0.0005183106986805797
1626,0.006796046160161495,0.0005176362465135753
1627,0.006027851719409227,0.0005169654614292085
1628,0.004962684586644173,0.0005162945599295199
1629,0.00538389990106225,0.000515627907589078
1630,0.006138698197901249,0.0005149604403413832
1631,0.005548101384192705,0.0005142936133779585
1632,0.004714359529316425,0.0005136289400979877
1633,0.004934743046760559,0.0005129646160639822
1634,0.005459446460008621,0.0005123025039210916
1635,0.00544119905680418,0.0005116418469697237
1636,0.004817367997020483,0.0005109824705868959
1637,0.004501397721469402,0.0005103250732645392
1638,0.0047356318682432175,0.0005096681416034698
1639,0.005044467747211456,0.0005090130725875497
1640,0.005047958344221115,0.0005083581781946123
1641,0.004680018872022629,0.0005077050882391632
1642,0.004404519684612751,0.0005070529296062887
1643,0.004382452927529812,0.0005064028664492071
1644,0.004568145610392094,0.0005057536181993783
1645,0.004728721454739571,0.0005051042535342276
1646,0.004693133756518364,0.0005044573335908353
1647,0.004535181447863579,0.0005038123927079141
1648,0.004331212490797043,0.0005031683249399066
1649,0.004236514680087566,0.0005025254213251173
1650,0.004250348079949617,0.0005018836236558855
1651,0.004332142882049084,0.0005012431647628546
1652,0.004416338168084621,0.0005006041028536856
1653,0.004433817230165005,0.0004999663215130568
1654,0.0044003133662045,0.0004993292968720198
1655,0.004311941564083099,0.0004986936110071838
1656,0.004220648668706417,0.0004980601952411234
1657,0.004145427141338587,0.0004974264302290976
1658,0.0040993583388626575,0.0004967944114468992
1659,0.0040902988985180855,0.0004961636732332408
1660,0.004098257515579462,0.0004955352051183581
1661,0.00412422139197588,0.0004949074937030673
1662,0.004148785024881363,0.0004942804807797074
1663,0.0041717649437487125,0.0004936548066325486
1664,0.004189337603747845,0.0004930287250317633
1665,0.004199557937681675,0.0004924065433442593
1666,0.004208582453429699,0.0004917836631648242
1667,0.004215337336063385,0.0004911639844067395
1668,0.0042256321758031845,0.0004905433161184192
1669,0.004242707043886185,0.0004899252089671791
1670,0.0042695943266153336,0.0004893078003078699
1671,0.004317583050578833,0.0004886911483481526
1672,0.004387831315398216,0.00048807612620294094
1673,0.004503361880779266,0.0004874627629760653
1674,0.004674960393458605,0.00048684992361813784
1675,0.00494820810854435,0.00048623932525515556
1676,0.005354705732315779,0.0004856270388700068
1677,0.0060047865845263,0.00048501897254027426
1678,0.006963133811950684,0.0004844109935220331
1679,0.008481359109282494,0.0004838047025259584
1680,0.010591181926429272,0.00048319852794520557
1681,0.013743794523179531,0.00048259415780194104
1682,0.017298458144068718,0.00048199124285019934
1683,0.02133515663444996,0.00048138853162527084
1684,0.0227632038295269,0.00048078669351525605
1685,0.020767755806446075,0.0004801882023457438
1686,0.013436996378004551,0.0004795899149030447
1687,0.0061349100433290005,0.0004789919184986502
1688,0.0045101223513484,0.0004783953772857785
1689,0.008444193750619888,0.0004778006114065647
1690,0.011016013100743294,0.0004772062529809773
1691,0.008016727864742279,0.0004766127385664731
1692,0.004521499387919903,0.00047602131962776184
1693,0.0054961019195616245,0.00047542984248138964
1694,0.00800380576401949,0.00047484104288741946
1695,0.007284670602530241,0.00047425238881260157
1696,0.0047125061973929405,0.0004736650735139847
1697,0.004586705472320318,0.0004730770888272673
1698,0.006365898530930281,0.0004724928585346788
1699,0.006565090734511614,0.00047190909390337765
1700,0.004971012007445097,0.00047132602776400745
1701,0.004102893173694611,0.0004707440675701946
1702,0.00493600545451045,0.00047016292228363454
1703,0.0058434586971998215,0.00046958279563114047
1704,0.00544251361861825,0.0004690051428042352
1705,0.00439800601452589,0.00046842728625051677
1706,0.003971422556787729,0.0004678514087572694
1707,0.004446957726031542,0.00046727556036785245
1708,0.00506608048453927,0.00046670198207721114
1709,0.005097922403365374,0.00046612753067165613
1710,0.004588943440467119,0.0004655560478568077
1711,0.00402740016579628,0.00046498453593812883
1712,0.003847354557365179,0.0004644152941182256
1713,0.004068457987159491,0.0004638463433366269
1714,0.004419784992933273,0.00046327823656611145
1715,0.004630924202501774,0.00046271184692159295
1716,0.004574489314109087,0.0004621458356268704
1717,0.0043321577832102776,0.00046158049372024834
1718,0.004034234676510096,0.000461017363704741
1719,0.003813741263002157,0.00046045551425777376
1720,0.003726851660758257,0.00045989317004568875
1721,0.0037643564864993095,0.0004593329213093966
1722,0.0038794882129877806,0.00045877540833316743
1723,0.00401738565415144,0.00045821518870070577
1724,0.0041425940580666065,0.00045765790855512023
1725,0.004229757934808731,0.00045710208360105753
1726,0.004284460097551346,0.0004565466661006212
1727,0.004305006004869938,0.00045599305303767323
1728,0.004314837511628866,0.0004554398765321821
1729,0.004313643556088209,0.0004548870783764869
1730,0.0043241968378424644,0.0004543368995655328
1731,0.004342489410191774,0.00045378683716990054
1732,0.004391492810100317,0.00045323665835894644
1733,0.00446668965741992,0.00045268909889273345
1734,0.004598872270435095,0.00045214235433377326
1735,0.00478621618822217,0.00045159616274759173
1736,0.005082385614514351,0.00045105163007974625
1737,0.0054906210862100124,0.0004505075339693576
1738,0.006114634685218334,0.0004499643691815436
1739,0.006945937406271696,0.00044942303793504834
1740,0.00817413255572319,0.0004488813574425876
1741,0.009674706496298313,0.00044834197615273297
1742,0.011695992201566696,0.00044780291500501335
1743,0.013584303669631481,0.00044726510532200336
1744,0.015357565134763718,0.0004467286344151944
1745,0.015331435017287731,0.0004461914941202849
1746,0.013528775423765182,0.00044565676944330335
1747,0.00942232459783554,0.0004451225104276091
1748,0.005408058408647776,0.0004445897357072681
1749,0.003727939445525408,0.00044405797962099314
1750,0.005011608358472586,0.0004435263108462095
1751,0.007201644126325846,0.0004429968830663711
1752,0.007624662946909666,0.0004424672806635499
1753,0.006009207572788,0.00044193948269821703
1754,0.004114940296858549,0.00044141197577118874
1755,0.003846297040581703,0.00044088641880080104
1756,0.0050068991258740425,0.00044036019244231284
1757,0.0059474557638168335,0.0004398367600515485
1758,0.005667183548212051,0.0004393142880871892
1759,0.004522156435996294,0.0004387910012155771
1760,0.0036943641025573015,0.00043827001354657114
1761,0.003775740507990122,0.0004377478617243469
1762,0.0044453805312514305,0.00043722952250391245
1763,0.005002396181225777,0.000436711183283478
1764,0.004989761859178543,0.00043619339703582227
1765,0.004520519636571407,0.00043567686225287616
1766,0.00392608717083931,0.0004351613170001656
1767,0.003557216376066208,0.00043464655755087733
1768,0.0035322578623890877,0.0004341326712165028
1769,0.0037689353339374065,0.0004336193669587374
1770,0.004097353667020798,0.0004331075761001557
1771,0.004362483508884907,0.00043259665835648775
1772,0.004506006836891174,0.0004320867592468858
1773,0.0044966572895646095,0.00043157715117558837
1774,0.004392577335238457,0.00043106949306093156
1775,0.004218409303575754,0.0004305615439079702
1776,0.004035279154777527,0.00043005499173887074
1777,0.0038582345005124807,0.00042954948730766773
1778,0.0037125502713024616,0.0004290450015105307
1779,0.003596685128286481,0.00042854101047851145
1780,0.003511700313538313,0.00042803792166523635
1781,0.0034505664370954037,0.00042753657908178866
1782,0.0034083733335137367,0.000427035876782611
1783,0.0033789160661399364,0.00042653566924855113
1784,0.0033582299947738647,0.00042603581096045673
1785,0.003343082033097744,0.0004255390085745603
1786,0.003331407904624939,0.0004250416241120547
1787,0.0033220783807337284,0.00042454429785721004
1788,0.003314741188660264,0.0004240484267938882
1789,0.0033093318343162537,0.00042355412733741105
1790,0.0033067180775105953,0.00042306064278818667
1791,0.0033089241478592157,0.0004225670709274709
1792,0.003319940995424986,0.00042207614751532674
1793,0.0033474741503596306,0.00042158481664955616
1794,0.0034080459736287594,0.0004210948827676475
1795,0.003533428069204092,0.0004206045705359429
1796,0.003793867537751794,0.00042011664481833577
1797,0.004324138164520264,0.00041962903924286366
1798,0.00543926702812314,0.0004191426851321012
1799,0.007701992057263851,0.0004186558653600514
1800,0.012500480748713017,0.00041817111195996404
1801,0.02163286693394184,0.00041768685332499444
1802,0.03940019756555557,0.00041720346780493855
1803,0.06268791854381561,0.00041672057705000043
1804,0.08397776633501053,0.00041623981087468565
1805,0.060158636420965195,0.0004157595394644886
1806,0.012887496501207352,0.00041527868597768247
1807,0.017181748524308205,0.00041479969513602555
1808,0.034968726336956024,0.00041432189755141735
1809,0.010240865871310234,0.00041384497308172286
1810,0.01917351596057415,0.0004133684851694852
1811,0.02113894373178482,0.00041289295768365264
1812,0.008918335661292076,0.0004124174010939896
1813,0.02052236907184124,0.00041194315417669713
1814,0.00991725642234087,0.00041147106094285846
1815,0.01401601079851389,0.0004109988803975284
1816,0.012855335138738155,0.0004105278931092471
1817,0.009212973527610302,0.00041005678940564394
1818,0.01340598426759243,0.00040958658792078495
1819,0.00798263493925333,0.00040911746327765286
1820,0.010710129514336586,0.0004086498520337045
1821,0.009292230941355228,0.000408182357205078
1822,0.007336450740695,0.0004077159974258393
1823,0.009709091857075691,0.0004072506562806666
1824,0.006627366878092289,0.00040678514051251113
1825,0.007404315285384655,0.0004063216911163181
1826,0.008117172867059708,0.0004058575432281941
1827,0.0052747176960110664,0.0004053967713844031
1828,0.007317901588976383,0.000404934718972072
1829,0.006597776897251606,0.000404473626986146
1830,0.00466262549161911,0.000404014193918556
1831,0.006931803189218044,0.0004035556339658797
1832,0.0055321864783763885,0.00040309608448296785
1833,0.004539478104561567,0.0004026392998639494
1834,0.005989265162497759,0.0004021820204798132
1835,0.0052536590956151485,0.000401726778363809
1836,0.004343111999332905,0.00040127249667420983
1837,0.0049168807454407215,0.0004008168471045792
1838,0.005285131745040417,0.0004003641661256552
1839,0.0042317528277635574,0.000399910903070122
1840,0.004066928755491972,0.0003994597354903817
1841,0.004892273806035519,0.0003990078985225409
1842,0.004342240747064352,0.0003985571092925966
1843,0.003832170506939292,0.0003981086774729192
1844,0.004001576919108629,0.0003976589359808713
1845,0.0043233358301222324,0.000397211144445464
1846,0.004084366373717785,0.0003967639058828354
1847,0.0035626052413135767,0.0003963175986427814
1848,0.003795839613303542,0.0003958724264521152
1849,0.004019843880087137,0.000395427574403584
1850,0.0038411261048167944,0.0003949831589125097
1851,0.0035438011400401592,0.00039454022771678865
1852,0.0034772148355841637,0.00039409700548276305
1853,0.0037334540393203497,0.0003936559660360217
1854,0.003707350930199027,0.00039321481017395854
1855,0.0035180943086743355,0.00039277420728467405
1856,0.003364499192684889,0.0003923337790183723
1857,0.0033884444274008274,0.0003918958827853203
1858,0.0035291104577481747,0.0003914575499948114
1859,0.0034890661481767893,0.0003910207306034863
1860,0.0033740615472197533,0.00039058455149643123
1861,0.003262537531554699,0.0003901480231434107
1862,0.00326373684220016,0.0003897136775776744
1863,0.003343402873724699,0.0003892789827659726
1864,0.003344090422615409,0.00038884449168108404
1865,0.003298393450677395,0.00038841241621412337
1866,0.0032087075524032116,0.0003879806026816368
1867,0.003167803166434169,0.00038754992419853806
1868,0.0031890368554741144,0.0003871201479341835
1869,0.003209820482879877,0.0003866900806315243
1870,0.0032213954254984856,0.00038626021705567837
1871,0.003178671933710575,0.0003858311101794243
1872,0.0031324434094130993,0.00038540532113984227
1873,0.003101885784417391,0.0003849772911053151
1874,0.003093200968578458,0.00038455091998912394
1875,0.0031098576728254557,0.0003841255384031683
1876,0.0031139589846134186,0.00038370126276277006
1877,0.0031075896695256233,0.00038327742367982864
1878,0.003084953408688307,0.0003828535263892263
1879,0.0030550314113497734,0.00038243134622462094
1880,0.0030376906506717205,0.0003820095444098115
1881,0.0030253040604293346,0.0003815879172179848
1882,0.0030269897542893887,0.0003811682399827987
1883,0.003028435632586479,0.0003807484172284603
1884,0.0030261294450610876,0.0003803299041464925
1885,0.003019757568836212,0.0003799104306381196
1886,0.00300502497702837,0.0003794941876549274
1887,0.002990913577377796,0.00037907701334916055
1888,0.002976533491164446,0.0003786605375353247
1889,0.0029653613455593586,0.0003782456915359944
1890,0.0029592139180749655,0.0003778309328481555
1891,0.0029538245871663094,0.0003774169890675694
1892,0.0029516350477933884,0.0003770036273635924
1893,0.0029480839148163795,0.00037659064400941133
1894,0.002943802159279585,0.0003761790576390922
1895,0.0029386754613369703,0.0003757683443836868
1896,0.0029312274418771267,0.0003753576020244509
1897,0.0029239451978355646,0.00037494816933758557
1898,0.0029154575895518064,0.0003745384165085852
1899,0.002907190937548876,0.0003741297696251422
1900,0.0028994448948651552,0.00037372251972556114
1901,0.0028915393631905317,0.00037331582279875875
1902,0.002884688088670373,0.00037290906766429543
1903,0.002877869177609682,0.00037250356399454176
1904,0.002871521981433034,0.0003720984095707536
1905,0.0028656867798417807,0.00037169508868828416
1906,0.002859699074178934,0.0003712906618602574
1907,0.002854317892342806,0.0003708883305080235
1908,0.002848779782652855,0.0003704851842485368
1909,0.0028434800915420055,0.0003700828237924725
1910,0.00283838901668787,0.00036968252970837057
1911,0.0028332467190921307,0.00036928168265149
1912,0.0028285018634051085,0.00036888199974782765
1913,0.00282386620528996,0.00036848336458206177
1914,0.002819639630615711,0.0003680851950775832
1915,0.00281606731005013,0.0003676876949612051
1916,0.0028132579755038023,0.0003672913007903844
1917,0.0028120470233261585,0.0003668946446850896
1918,0.0028131045401096344,0.00036649906542152166
1919,0.00281819561496377,0.00036610435927286744
1920,0.002830017823725939,0.0003657097404357046
1921,0.002853464800864458,0.0003653159365057945
1922,0.002897048369050026,0.0003649223654065281
1923,0.002977092517539859,0.0003645310353022069
1924,0.003120414912700653,0.0003641393850557506
1925,0.0033832029439508915,0.0003637474437709898
1926,0.0038530617021024227,0.0003633583546616137
1927,0.004727761726826429,0.000362968014087528
1928,0.0062764729373157024,0.0003625784593168646
1929,0.009172746911644936,0.0003621897485572845
1930,0.013998515903949738,0.0003618021437432617
1931,0.02248309925198555,0.0003614140732679516
1932,0.033393677324056625,0.00036102853482589126
1933,0.04648049175739288,0.0003606419777497649
1934,0.0468004010617733,0.0003602580400183797
1935,0.03056451492011547,0.00035987255978398025
1936,0.007306205574423075,0.00035948934964835644
1937,0.008394316770136356,0.0003591056156437844
1938,0.021531229838728905,0.0003587229293771088
1939,0.012747641652822495,0.00035834067966789007
1940,0.004872089251875877,0.0003579582553356886
1941,0.014253144152462482,0.0003575778391677886
1942,0.01068071834743023,0.0003571987326722592
1943,0.0047886185348033905,0.00035681846202351153
1944,0.011472361162304878,0.00035643973387777805
1945,0.008061722852289677,0.00035606062738224864
1946,0.0047615449875593185,0.0003556839074008167
1947,0.009647326543927193,0.0003553062560968101
1948,0.006396113894879818,0.00035492959432303905
1949,0.004578343126922846,0.0003545535437297076
1950,0.0080964220687747,0.0003541788028087467
1951,0.005514232441782951,0.00035380403278395534
1952,0.0041684340685606,0.000353429262759164
1953,0.006811376661062241,0.0003530561225488782
1954,0.005253591574728489,0.0003526831860654056
1955,0.0036808557342737913,0.00035231144283898175
1956,0.005546665750443935,0.00035193871008232236
1957,0.005263463594019413,0.0003515683929435909
1958,0.0034791522193700075,0.00035119790118187666
1959,0.004235111176967621,0.0003508278459776193
1960,0.005084398202598095,0.0003504592168610543
1961,0.0038841888308525085,0.0003500904713291675
1962,0.003285435028374195,0.00034972155117429793
1963,0.004212717059999704,0.0003493552503641695
1964,0.004364817403256893,0.0003489879600238055
1965,0.0034006661735475063,0.00034862098982557654
1966,0.0031700152903795242,0.00034825605689547956
1967,0.0038134981878101826,0.00034789048368111253
1968,0.003927331417798996,0.00034752648207359016
1969,0.0033091753721237183,0.00034716204390861094
1970,0.0029825037345290184,0.00034679894451983273
1971,0.003312763525173068,0.00034643575781956315
1972,0.0036014243960380554,0.00034607440466061234
1973,0.0033623012714087963,0.00034571244032122195
1974,0.0029689217917621136,0.00034535216400399804
1975,0.002917223609983921,0.00034499133471399546
1976,0.0031616222113370895,0.00034463193151168525
1977,0.003299284726381302,0.0003442722954787314
1978,0.0031430553644895554,0.0003439141728449613
1979,0.00289501016959548,0.0003435559628996998
1980,0.0028101105708628893,0.0003431978984735906
1981,0.0029180184938013554,0.00034284155117347836
1982,0.003044217824935913,0.0003424840106163174
1983,0.003035005647689104,0.0003421289147809148
1984,0.002905371133238077,0.0003417740808799863
1985,0.0027729796711355448,0.00034141875221394
1986,0.002736995229497552,0.0003410648787394166
1987,0.002790881786495447,0.0003407118783798069
1988,0.0028578501660376787,0.0003403587033972144
1989,0.0028707815799862146,0.00034000686719082296
1990,0.0028165720868855715,0.00033965398324653506
1991,0.0027373405173420906,0.0003393028164282441
1992,0.0026809251867234707,0.00033895246451720595
1993,0.002670691581442952,0.00033860240364447236
1994,0.0026955734938383102,0.00033825222635641694
1995,0.0027255755849182606,0.00033790283487178385
1996,0.002736060880124569,0.0003375549567863345
1997,0.002718362957239151,0.000337206176482141
1998,0.0026821941137313843,0.00033686019014567137
1999,0.002643671352416277,0.0003365123993717134
2000,0.0026167151518166065,0.00033616641303524375
2001,0.0026066575665026903,0.0003358205722179264
2002,0.002610380994156003,0.0003354748769197613
2003,0.0026201382279396057,0.0003351297928020358
2004,0.0026280831079930067,0.0003347868041601032
2005,0.0026293329428881407,0.0003344427968841046
2006,0.0026222618762403727,0.0003341004194226116
2007,0.002608885522931814,0.0003337569651193917
2008,0.0025920032057911158,0.00033341607195325196
2009,0.0025751180946826935,0.00033307395642623305
2010,0.002560391090810299,0.0003327331505715847
2011,0.002549039898440242,0.0003323923738207668
2012,0.0025413045659661293,0.0003320528194308281
2013,0.002536553656682372,0.000331714196363464
2014,0.002533962018787861,0.0003313750203233212
2015,0.002532687969505787,0.0003310366300866008
2016,0.002532053040340543,0.00033069902565330267
2017,0.0025315876118838787,0.00033036258537322283
2018,0.0025311235804110765,0.0003300253883935511
2019,0.0025306828320026398,0.00032968950108624995
2020,0.0025305808521807194,0.00032935390481725335
2021,0.002531020436435938,0.0003290178719907999
2022,0.002532712649554014,0.000328684167470783
2023,0.0025361471343785524,0.0003283499972894788
2024,0.0025425725616514683,0.0003280167584307492
2025,0.002553110709413886,0.0003276835195720196
2026,0.002570382785052061,0.0003273512120358646
2027,0.002597054000943899,0.0003270192537456751
2028,0.002639337442815304,0.00032668805215507746
2029,0.0027039144188165665,0.00032635644311085343
2030,0.00280653964728117,0.00032602643477730453
2031,0.002964087761938572,0.00032569721224717796
2032,0.0032187453471124172,0.00032536720391362906
2033,0.003612399334087968,0.00032503801048733294
2034,0.004260193556547165,0.00032470966107212007
2035,0.005252109374850988,0.00032438209746032953
2036,0.0068904934450984,0.00032405456295236945
2037,0.009262004867196083,0.0003237276105210185
2038,0.013000844046473503,0.000323401385685429
2039,0.017464324831962585,0.0003230755974072963
2040,0.023073963820934296,0.00032275135163217783
2041,0.025705166161060333,0.0003224257961846888
2042,0.02435358799993992,0.0003221015795134008
2043,0.015257158316671848,0.00032177730463445187
2044,0.0055643292143940926,0.0003214541357010603
2045,0.003328085644170642,0.00032113201450556517
2046,0.008609266020357609,0.00032080960227176547
2047,0.011583314277231693,0.0003204864333383739
2048,0.007036444265395403,0.00032016646582633257
2049,0.0030841557309031487,0.0003198446938768029
2050,0.005447519477456808,0.00031952414428815246
2051,0.008061371743679047,0.0003192049916833639
2052,0.005745619535446167,0.00031888557714410126
2053,0.0029980153776705265,0.0003185667737852782
2054,0.0044059730134904385,0.0003182483487762511
2055,0.006342887878417969,0.00031793018570169806
2056,0.004947765730321407,0.000317612400976941
2057,0.0029393502045422792,0.00031729525653645396
2058,0.00347153446637094,0.0003169792180415243
2059,0.004967459477484226,0.0003166633832734078
2060,0.004718611016869545,0.00031634766492061317
2061,0.0032031829468905926,0.0003160334308631718
2062,0.002732211956754327,0.00031571832369081676
2063,0.0036190468817949295,0.00031540432246401906
2064,0.004266984760761261,0.00031509133987128735
2065,0.0037853391841053963,0.00031477800803259015
2066,0.0028628716245293617,0.0003144646470900625
2067,0.0026015201583504677,0.000314153207000345
2068,0.003091036109253764,0.00031384144676849246
2069,0.003578715957701206,0.00031352994847111404
2070,0.0035143292043358088,0.0003132187994197011
2071,0.0029966540168970823,0.0003129092510789633
2072,0.0025619904045015574,0.0003125994116999209
2073,0.0025362856686115265,0.0003122898633591831
2074,0.0028210331220179796,0.0003119808388873935
2075,0.003096766769886017,0.0003116730076726526
2076,0.003116857260465622,0.00031136456527747214
2077,0.0029011419974267483,0.00031105775269679725
2078,0.002614635741338134,0.00031075006700120866
2079,0.0024417031090706587,0.0003104433708358556
2080,0.002447711070999503,0.00031013728585094213
2081,0.002576451050117612,0.0003098317829426378
2082,0.0027200444601476192,0.00030952601809985936
2083,0.002787244040518999,0.0003092222905252129
2084,0.00275603961199522,0.00030891766073182225
2085,0.0026470364537090063,0.00030861448612995446
2086,0.002517780987545848,0.00030831072945147753
2087,0.0024142926558852196,0.0003080075257457793
2088,0.0023630340583622456,0.00030770618468523026
2089,0.0023649015929549932,0.0003074033302254975
2090,0.0024029696360230446,0.0003071023675147444
2091,0.0024551539681851864,0.0003068006772082299
2092,0.002501132432371378,0.0003065010823775083
2093,0.002530409023165703,0.00030619974131695926
2094,0.002537151100113988,0.0003059003211092204
2095,0.002525836694985628,0.00030560066807083786
2096,0.002499430440366268,0.0003053019754588604
2097,0.002466422040015459,0.0003050032537430525
2098,0.0024302974343299866,0.0003047061327379197
2099,0.002396316034719348,0.000304408255033195
2100,0.002365805907174945,0.00030411130865104496
2101,0.002340499311685562,0.0003038140421267599
2102,0.0023198584094643593,0.0003035185218323022
2103,0.0023036424536257982,0.0003032231761608273
2104,0.0022908058017492294,0.00030292716110125184
2105,0.0022807540372014046,0.00030263178632594645
2106,0.0022726154420524836,0.00030233809957280755
2107,0.002265926683321595,0.00030204476206563413
2108,0.0022602160461246967,0.0003017509588971734
2109,0.0022551892325282097,0.0003014578251168132
2110,0.0022507146932184696,0.0003011646040249616
2111,0.0022467290982604027,0.0003008725179824978
2112,0.0022432736586779356,0.00030058043194003403
2113,0.0022404692135751247,0.0003002900048159063
2114,0.0022386768832802773,0.0002999983844347298
2115,0.0022384498734027147,0.00029970769537612796
2116,0.0022407788783311844,0.0002994181413669139
2117,0.002247435040771961,0.000299128849292174
2118,0.002261492656543851,0.00029883903334848583
2119,0.0022888039238750935,0.0002985505270771682
2120,0.0023391637951135635,0.00029826234094798565
2121,0.002432373585179448,0.0002979740092996508
2122,0.0026011369191110134,0.00029768634703941643
2123,0.0029158962424844503,0.0002973986847791821
2124,0.0034870379604399204,0.00029711308889091015
2125,0.0045723081566393375,0.0002968260960187763
2126,0.00651762168854475,0.00029654058744199574
2127,0.010227286256849766,0.00029625455499626696
2128,0.016377152875065804,0.0002959695993922651
2129,0.027211185544729233,0.00029568513855338097
2130,0.04000748693943024,0.0002954006486106664
2131,0.05327307805418968,0.0002951174683403224
2132,0.04659987986087799,0.00029483408434316516
2133,0.0220700241625309,0.00029455081676132977
2134,0.0038312957622110844,0.0002942673163488507
2135,0.015382673591375351,0.0002939865516964346
2136,0.022440630942583084,0.0002937038370873779
2137,0.007091662380844355,0.00029342283960431814
2138,0.008787241764366627,0.00029314192943274975
2139,0.016573771834373474,0.0002928613976109773
2140,0.006326565518975258,0.00029258133145049214
2141,0.007919195108115673,0.0002923017891589552
2142,0.01260543242096901,0.0002920225088018924
2143,0.00496783759444952,0.0002917447709478438
2144,0.007515118457376957,0.0002914640645030886
2145,0.009816141799092293,0.0002911869960371405
2146,0.004317506682127714,0.00029090928728692234
2147,0.006656554993242025,0.0002906314912252128
2148,0.007954465225338936,0.00029035459738224745
2149,0.003984182141721249,0.00029007779085077345
2150,0.005537364631891251,0.00028980293427594006
2151,0.006855626590549946,0.00028952755383215845
2152,0.0038816442247480154,0.00028925147489644587
2153,0.004308387637138367,0.0002889768802560866
2154,0.006037202663719654,0.00028870164533145726
2155,0.0039869449101388454,0.0002884271671064198
2156,0.003281777026131749,0.0002881542022805661
2157,0.005120077636092901,0.0002878809464164078
2158,0.004278445150703192,0.00028760769055224955
2159,0.002815307816490531,0.0002873350749723613
2160,0.0039000092074275017,0.0002870635362342
2161,0.004304942674934864,0.0002867912990041077
2162,0.0031791457440704107,0.00028651990578509867
2163,0.0028913933783769608,0.00028624985134229064
2164,0.003528531175106764,0.0002859777305275202
2165,0.0036960281431674957,0.00028570849099196494
2166,0.0029252597596496344,0.0002854380290955305
2167,0.0025834522675722837,0.000285168964182958
2168,0.0031862810719758272,0.0002848996955435723
2169,0.00329557154327631,0.000284631154499948
2170,0.002760678995400667,0.000284362758975476
2171,0.0025074267759919167,0.0002840951783582568
2172,0.002705139108002186,0.00028382669552229345
2173,0.0029785484075546265,0.00028356051188893616
2174,0.0028313242364674807,0.00028329386259429157
2175,0.0024473420344293118,0.0002830268640536815
2176,0.0024144556373357773,0.00028276100056245923
2177,0.002604374196380377,0.000282495457213372
2178,0.0026955087669193745,0.0002822304959408939
2179,0.0025888888631016016,0.00028196602943353355
2180,0.0023615891113877296,0.0002817006316035986
2181,0.002302139066159725,0.0002814364561345428
2182,0.0024163261987268925,0.0002811730373650789
2183,0.002489548409357667,0.0002809090365190059
2184,0.0024614729918539524,0.00028064631624147296
2185,0.002335985889658332,0.0002803837996907532
2186,0.0022350121289491653,0.0002801215450745076
2187,0.002254362916573882,0.0002798589412122965
2188,0.0023086557630449533,0.00027959790895693004
2189,0.0023414562456309795,0.00027933664387091994
2190,0.00231825839728117,0.0002790760772768408
2191,0.002239325549453497,0.0002788154815789312
2192,0.002187571953982115,0.0002785554970614612
2193,0.002179186325520277,0.00027829621103592217
2194,0.0021989825181663036,0.0002780365466605872
2195,0.002229571808129549,0.00027777746436186135
2196,0.0022268861066550016,0.00027751762536354363
2197,0.0021977555006742477,0.0002772599982563406
2198,0.0021630802657455206,0.00027700254577212036
2199,0.002131560817360878,0.00027674445300363004
2200,0.0021242001093924046,0.00027648796094581485
2201,0.0021327014546841383,0.0002762304211501032
2202,0.0021414877846837044,0.00027597419102676213
2203,0.002147394698113203,0.0002757182519417256
2204,0.0021391583140939474,0.00027546248747967184
2205,0.0021213791333138943,0.0002752067521214485
2206,0.0021037987899035215,0.00027495171525515616
2207,0.0020868629217147827,0.0002746971440501511
2208,0.002078158315271139,0.00027444196166470647
2209,0.002076644916087389,0.0002741889329627156
2210,0.0020770342089235783,0.0002739356132224202
2211,0.0020796426106244326,0.00027368185692466795
2212,0.002079383935779333,0.0002734290319494903
2213,0.0020751641131937504,0.00027317655622027814
2214,0.002069218549877405,0.000272924080491066
2215,0.002060299040749669,0.00027267253608442843
2216,0.0020509851165115833,0.00027242093347012997
2217,0.0020428267307579517,0.00027216976741328835
2218,0.0020350487902760506,0.0002719179028645158
2219,0.0020294312853366137,0.00027166868676431477
2220,0.0020252210088074207,0.0002714186266530305
2221,0.002021603286266327,0.0002711688575800508
2222,0.0020193022210150957,0.00027091961237601936
2223,0.002017065417021513,0.00027067033806815743
2224,0.002014872618019581,0.00027042129659093916
2225,0.0020130546763539314,0.0002701719640754163
2226,0.002010808791965246,0.0002699242904782295
2227,0.0020086723379790783,0.00026967679150402546
2228,0.002006759401410818,0.00026942926342599094
2229,0.0020047295838594437,0.00026918199728243053
2230,0.002003277884796262,0.0002689349639695138
2231,0.002002342604100704,0.00026868924032896757
2232,0.002002182649448514,0.00026844319654628634
2233,0.0020034427288919687,0.0002681964833755046
2234,0.002006529364734888,0.0002679515746422112
2235,0.0020122488494962454,0.0002677069860510528
2236,0.0020222761668264866,0.00026746265939436853
2237,0.0020381291396915913,0.0002672180416993797
2238,0.0020636976696550846,0.0002669735986273736
2239,0.002103249542415142,0.0002667297376319766
2240,0.0021661436185240746,0.00026648715720511973
2241,0.0022632619366049767,0.00026624329620972276
2242,0.0024198489263653755,0.00026600033743306994
2243,0.0026632603257894516,0.0002657574077602476
2244,0.00306387129239738,0.0002655161079019308
2245,0.0036858152598142624,0.00026527451700530946
2246,0.004725523758679628,0.0002650331298355013
2247,0.006296180188655853,0.00026479276129975915
2248,0.008893760852515697,0.00026455114129930735
2249,0.012428690679371357,0.00026431141304783523
2250,0.017747128382325172,0.00026407066616229713
2251,0.02277633175253868,0.00026383157819509506
2252,0.027401063591241837,0.00026359205367043614
2253,0.024987585842609406,0.0002633528201840818
2254,0.016771987080574036,0.0002631140814628452
2255,0.00588209880515933,0.0002628754300531
2256,0.0027288340497761965,0.0002626368950586766
2257,0.008135062642395496,0.00026239905855618417
2258,0.011640689335763454,0.00026216168771497905
2259,0.007667850703001022,0.00026192443328909576
2260,0.0028022127225995064,0.0002616873534861952
2261,0.00452452851459384,0.0002614505647215992
2262,0.007982959039509296,0.00026121485279873013
2263,0.006195190362632275,0.00026097841328009963
2264,0.002764002187177539,0.0002607429341878742
2265,0.0033973287791013718,0.00026050827000290155
2266,0.0058390432968735695,0.00026027188869193196
2267,0.005331105086952448,0.00026003882521763444
2268,0.0028944197110831738,0.00025980378268286586
2269,0.0025452706031501293,0.0002595696714706719
2270,0.004179555457085371,0.0002593359968159348
2271,0.004699963144958019,0.0002591023803688586
2272,0.003388556418940425,0.00025886966614052653
2273,0.0022268113680183887,0.00025863631162792444
2274,0.002657844452187419,0.000258404528722167
2275,0.0036787553690373898,0.00025817251298576593
2276,0.0037139994092285633,0.0002579405845608562
2277,0.0028340572025626898,0.00025770897627808154
2278,0.0021304262336343527,0.0002574777463451028
2279,0.002305722562596202,0.0002572464873082936
2280,0.0029199044220149517,0.00025701618869788945
2281,0.003159577026963234,0.00025678559904918075
2282,0.0028098616749048233,0.0002565556496847421
2283,0.0022554832976311445,0.000256325991358608
2284,0.002020111307501793,0.0002560966240707785
2285,0.0022065669763833284,0.00025586746050976217
2286,0.002534658182412386,0.0002556383260525763
2287,0.00267032184638083,0.0002554104430601001
2288,0.002507738536223769,0.0002551822690293193
2289,0.0022107569966465235,0.00025495397858321667
2290,0.0019939285703003407,0.0002547266776673496
2291,0.0019760834984481335,0.0002544988237787038
2292,0.002108311513438821,0.00025427236687391996
2293,0.002260497072711587,0.0002540457353461534
2294,0.0023233923129737377,0.0002538191038183868
2295,0.0022611774038523436,0.00025359331630170345
2296,0.0021255433093756437,0.0002533670049160719
2297,0.001990416320040822,0.00025314194499514997
2298,0.001914194435812533,0.000252916564932093
2299,0.0019132709130644798,0.0002526925236452371
2300,0.0019653746858239174,0.0002524671726860106
2301,0.0020302459597587585,0.0002522424329072237
2302,0.00207392405718565,0.00025201853713952005
2303,0.002080524805933237,0.00025179446674883366
2304,0.0020493590272963047,0.0002515712985768914
2305,0.0019963968079537153,0.0002513480721972883
2306,0.0019382120808586478,0.00025112589355558157
2307,0.001890168758109212,0.0002509028709027916
2308,0.0018602528143674135,0.00025068080867640674
2309,0.0018492829985916615,0.00025045883376151323
2310,0.0018537419382482767,0.0002502367424312979
2311,0.0018680349458009005,0.0002500157570466399
2312,0.0018857294926419854,0.0002497952082194388
2313,0.0019024757202714682,0.0002495736407581717
2314,0.0019158232025802135,0.00024935390683822334
2315,0.001924298470839858,0.0002491334453225136
2316,0.0019288533367216587,0.000248913187533617
2317,0.0019296659156680107,0.0002486941230017692
2318,0.0019288957118988037,0.0002484740107320249
2319,0.0019268784672021866,0.000248255004407838
2320,0.0019260495901107788,0.00024803655105642974
2321,0.0019264239817857742,0.00024781719548627734
2322,0.0019305109744891524,0.0002475992077961564
2323,0.001938210567459464,0.00024738171487115324
2324,0.001952980412170291,0.00024716430925764143
2325,0.0019754683598876,0.0002469460014253855
2326,0.002011391334235668,0.00024672868312336504
2327,0.0020633249077945948,0.00024651247076690197
2328,0.002143380232155323,0.000246296520344913
2329,0.0022585431579500437,0.0002460801915731281
2330,0.0024365796707570553,0.0002458637463860214
2331,0.0026939897798001766,0.0002456473303027451
2332,0.003097457578405738,0.0002454323403071612
2333,0.0036797476932406425,0.00024521752493456006
2334,0.004603986628353596,0.00024500262225046754
2335,0.005896350834518671,0.00024478815612383187
2336,0.00791991502046585,0.0002445736899971962
2337,0.010468472726643085,0.00024435939849354327
2338,0.01411393191665411,0.00024414522340521216
2339,0.01738104410469532,0.00024393225612584502
2340,0.02046941965818405,0.00024371876497752964
2341,0.019472915679216385,0.0002435058995615691
2342,0.015154456719756126,0.00024329333973582834
2343,0.007613901514559984,0.0002430805761832744
2344,0.0025602676905691624,0.00024286868574563414
2345,0.0031390651129186153,0.0002426566497888416
2346,0.007002786733210087,0.0002424456033622846
2347,0.00884704664349556,0.00024223432410508394
2348,0.006199692841619253,0.00024202292843256146
2349,0.002756326925009489,0.00024181207118090242
2350,0.002455620327964425,0.00024160151951946318
2351,0.004736128728836775,0.0002413917682133615
2352,0.00599333643913269,0.0002411817549727857
2353,0.004525723867118359,0.00024097165442071855
2354,0.002467522630468011,0.00024076216504909098
2355,0.00212665181607008,0.0002405532286502421
2356,0.003393537597730756,0.0002403440303169191
2357,0.004398706369102001,0.00024013539950829
2358,0.003908519633114338,0.00023992710339371115
2359,0.0026534756179898977,0.00023971888003870845
2360,0.0019151924643665552,0.00023951147159095854
2361,0.002229636535048485,0.00023930397583171725
2362,0.0030177542939782143,0.00023909605806693435
2363,0.0033919834531843662,0.00023888882424216717
2364,0.0030733963940292597,0.0002386823616689071
2365,0.002373926807194948,0.00023847569536883384
2366,0.0018873832887038589,0.00023826988763175905
2367,0.0018872441723942757,0.0002380633814027533
2368,0.0022382009774446487,0.00023785815574228764
2369,0.002598811173811555,0.00023765287187416106
2370,0.002687817206606269,0.00023744736972730607
2371,0.0024938657879829407,0.00023724231868982315
2372,0.002149732317775488,0.0002370373986195773
2373,0.001868783263489604,0.00023683310428168625
2374,0.0017694325651973486,0.0002366285480093211
2375,0.0018500288715586066,0.00023642492305953056
2376,0.00202029081992805,0.00023622090520802885
2377,0.0021692682057619095,0.0002360177895752713
2378,0.0022311522625386715,0.00023581419372931123
2379,0.002181524410843849,0.00023561122361570597
2380,0.002061690902337432,0.00023540949041489512
2381,0.0019168572034686804,0.00023520644754171371
2382,0.0017980113625526428,0.00023500403040088713
2383,0.0017305867513641715,0.00023480270465370268
2384,0.0017187664052471519,0.00023460100055672228
2385,0.0017494132043793797,0.00023439970391336828
2386,0.0018021822907030582,0.00023419881472364068
2387,0.0018582470947876573,0.00023399745987262577
2388,0.001902228337712586,0.00023379687627311796
2389,0.0019293538061901927,0.0002335966710234061
2390,0.0019356408156454563,0.00023339632025454193
2391,0.0019275140948593616,0.00023319615866057575
2392,0.001905967714264989,0.00023299622989725322
2393,0.0018792402697727084,0.00023279740707948804
2394,0.0018486840417608619,0.0002325984532944858
2395,0.0018199235200881958,0.00023239990696310997
2396,0.0017928577726706862,0.0002322002110304311
2397,0.0017702151089906693,0.0002320019411854446
2398,0.0017513136845082045,0.0002318039769306779
2399,0.0017370765563100576,0.00023160575074143708
2400,0.0017265412025153637,0.00023140868870541453
2401,0.0017203075112774968,0.00023121113190427423
2402,0.001717929495498538,0.00023101369151845574
2403,0.0017204422038048506,0.0002308164694113657
2404,0.0017282734625041485,0.00023062006221152842
2405,0.0017441378440707922,0.00023042391694616526
2406,0.0017703450284898281,0.00023022737877909094
2407,0.001813446986488998,0.0002300315536558628
2408,0.0018801057012751698,0.00022983628150541335
2409,0.001987439813092351,0.00022964066010899842
2410,0.0021529695950448513,0.00022944474767427891
2411,0.002423099707812071,0.0002292500139446929
2412,0.0028418689034879208,0.0002290554839419201
2413,0.003539125435054302,0.00022886096849106252
2414,0.004609784577041864,0.0002286657691001892
2415,0.006407258566468954,0.00022847235959488899
2416,0.009014280512928963,0.00022827796055935323
2417,0.013226998038589954,0.00022808471112512052
2418,0.018260668963193893,0.00022789169452153146
2419,0.024898061528801918,0.0002276992454426363
2420,0.028163490816950798,0.00022750590869691223
2421,0.027422165498137474,0.00022731325589120388
2422,0.01741163060069084,0.000227121461648494
2423,0.006092438008636236,0.00022692873608320951
2424,0.0023560558911412954,0.0002267368254251778
2425,0.007774633821099997,0.00022654507483821362
2426,0.012469342909753323,0.0002263540809508413
2427,0.008725294843316078,0.00022616275236941874
2428,0.002963799284771085,0.00022597188944928348
2429,0.0035259141586720943,0.00022578109928872436
2430,0.0075461906380951405,0.0002255902800243348
2431,0.007299894466996193,0.0002254005812574178
2432,0.003332261461764574,0.0002252103149658069
2433,0.002332457806915045,0.0002250205143354833
2434,0.004917105194181204,0.00022483101929537952
2435,0.005897408351302147,0.00022464121866505593
2436,0.003766894107684493,0.0002244515053462237
2437,0.0020229893270879984,0.00022426401847042143
2438,0.002907420974224806,0.00022407415963243693
2439,0.0044311536476016045,0.0002238867455162108
2440,0.004126256797462702,0.00022369898215401918
2441,0.0025774273090064526,0.00022351014195010066
2442,0.0018571596592664719,0.00022332236403599381
2443,0.0026268132496625185,0.00022313493536785245
2444,0.003512872848659754,0.00022294712834991515
2445,0.003276880830526352,0.0002227602672064677
2446,0.0023426213301718235,0.0002225733333034441
2447,0.001782529172487557,0.00022238760720938444
2448,0.0020629186183214188,0.00022220103710424155
2449,0.0026611327193677425,0.00022201458341442049
2450,0.00280842836946249,0.00022182798420544714
2451,0.0024020385462790728,0.000221642927499488
2452,0.0018854737281799316,0.00022145693947095424
2453,0.0017112905625253916,0.0002212720864918083
2454,0.0019316828111186624,0.00022108672419562936
2455,0.0022402293980121613,0.00022090249694883823
2456,0.0023276819847524166,0.00022071761486586183
2457,0.002126801759004593,0.0002205336932092905
2458,0.0018380031688138843,0.00022034863650333136
2459,0.001664336770772934,0.00022016478760633618
2460,0.0016937549225986004,0.00021998192823957652
2461,0.00184765481390059,0.00021979809389449656
2462,0.00197454821318388,0.0002196147688664496
2463,0.0019878919702023268,0.00021943190949968994
2464,0.001884273486211896,0.0002192480897065252
2465,0.0017382241785526276,0.0002190664818044752
2466,0.0016309143975377083,0.00021888368064537644
2467,0.001606262056156993,0.00021870194177608937
2468,0.001648997189477086,0.0002185196935897693
2469,0.0017179995775222778,0.00021833766368217766
2470,0.001768248388543725,0.00021815633226651698
2471,0.0017718132585287094,0.00021797553927171975
2472,0.001733927521854639,0.00021779451344627887
2473,0.0016723903827369213,0.0002176126290578395
2474,0.0016122632659971714,0.00021743342222180218
2475,0.0015722003299742937,0.00021725191618315876
2476,0.0015588360838592052,0.0002170711086364463
2477,0.001567355589941144,0.00021689158165827394
2478,0.0015888249035924673,0.00021671215654350817
2479,0.001611633924767375,0.00021653251315001398
2480,0.0016270368359982967,0.00021635250595863909
2481,0.0016323360614478588,0.00021617437596432865
2482,0.0016263372963294387,0.00021599514002446085
2483,0.0016119397478178144,0.00021581651526503265
2484,0.0015926924534142017,0.0002156372502213344
2485,0.001572257955558598,0.00021546002244576812
2486,0.0015528250951319933,0.00021528148499783128
2487,0.0015366707229986787,0.00021510354417841882
2488,0.0015240972861647606,0.00021492571977432817
2489,0.0015149181708693504,0.0002147486520698294
2490,0.0015089791268110275,0.00021457087132148445
2491,0.0015054611722007394,0.0002143939636880532
2492,0.0015036420663818717,0.00021421712881419808
2493,0.0015032704686746001,0.0002140402648365125
2494,0.0015038741985335946,0.00021386375010479242
2495,0.0015053472016006708,0.00021368757006712258
2496,0.0015079142758622766,0.00021351189934648573
2497,0.001511724665760994,0.0002133353555109352
2498,0.0015173818683251739,0.00021316083439160138
2499,0.0015257785562425852,0.00021298491628840566
2500,0.0015384205617010593,0.00021281035151332617
2501,0.0015571363037452102,0.00021263469534460455
2502,0.0015858894912526011,0.00021245970856398344
2503,0.001628972589969635,0.00021228559489827603
2504,0.0016963506350293756,0.00021211143757682294
2505,0.0017987980972975492,0.0002119370037689805
2506,0.0019625250715762377,0.00021176350128371269
2507,0.00221448321826756,0.00021158935851417482
2508,0.0026275068521499634,0.0002114162198267877
2509,0.0032638071570545435,0.00021124214981682599
2510,0.00432578707113862,0.00021106981148477644
2511,0.005918152164667845,0.0002108966000378132
2512,0.008558865636587143,0.00021072349045425653
2513,0.012139360420405865,0.00021055062825325876
2514,0.017605159431695938,0.00021037906117271632
2515,0.022884570062160492,0.0002102061698678881
2516,0.028248542919754982,0.00021003486472181976
2517,0.026793986558914185,0.0002098628756357357
2518,0.019631577655673027,0.00020969175966456532
2519,0.007893337868154049,0.0002095201489282772
2520,0.002033079508692026,0.00020934951317030936
2521,0.005668477155268192,0.00020917791698593646
2522,0.011289968155324459,0.00020900745585095137
2523,0.01055177766829729,0.00020883670367766172
2524,0.004531654063612223,0.00020866637350991368
2525,0.0021700900979340076,0.0002084967854898423
2526,0.005554404575377703,0.0002083261642837897
2527,0.007851586677134037,0.0002081568818539381
2528,0.005273676943033934,0.00020798767218366265
2529,0.0020923707634210587,0.00020781812781933695
2530,0.002833615755662322,0.00020764893270097673
2531,0.005255038384348154,0.0002074794319923967
2532,0.005139182321727276,0.00020731109543703496
2533,0.002910604700446129,0.0002071428461931646
2534,0.0017951915506273508,0.000206974073080346
2535,0.0028828843496739864,0.00020680630404967815
2536,0.0041615404188632965,0.00020663789473474026
2537,0.0037086070515215397,0.00020647022756747901
2538,0.0022843549959361553,0.00020630299695767462
2539,0.0016688327305018902,0.0002061348786810413
2540,0.0023328191600739956,0.00020596857939381152
2541,0.00314243882894516,0.000205801276024431
2542,0.0030244295485317707,0.00020563470025081187
2543,0.0022252423223108053,0.00020546728046610951
2544,0.0016265490557998419,0.00020530176698230207
2545,0.0017650036606937647,0.00020513462368398905
2546,0.0022883564233779907,0.00020496937213465571
2547,0.0025265435688197613,0.00020480362582020462
2548,0.0022750806529074907,0.00020463693363126367
2549,0.0018024854362010956,0.00020447169663384557
2550,0.0015414007939398289,0.00020430664881132543
2551,0.0016475158045068383,0.00020414171740412712
2552,0.0019262372516095638,0.00020397728076204658
2553,0.0020811455324292183,0.00020381202921271324
2554,0.001982353627681732,0.0002036474907072261
2555,0.0017400062642991543,0.00020348301040939987
2556,0.001535871997475624,0.00020331914129201323
2557,0.0014966987073421478,0.0002031552721746266
2558,0.0016011262778192759,0.00020299144671298563
2559,0.0017295586876571178,0.00020282715559005737
2560,0.0017841599183157086,0.00020266392675694078
2561,0.001729718642309308,0.0002025011635851115
2562,0.0016108613926917315,0.00020233806571923196
2563,0.0014998080441728234,0.00020217543351463974
2564,0.001450168783776462,0.00020201227744109929
2565,0.0014671331737190485,0.0002018498198594898
2566,0.0015225759707391262,0.0002016872604144737
2567,0.001575259491801262,0.0002015252539422363
2568,0.0015923541504889727,0.00020136342209298164
2569,0.0015711176674813032,0.00020120202680118382
2570,0.0015226069372147322,0.00020104076247662306
2571,0.0014686735812574625,0.00020087849406991154
2572,0.0014286463847383857,0.0002007178118219599
2573,0.00141233264002949,0.0002005563728744164
2574,0.0014167225454002619,0.00020039583614561707
2575,0.0014342444483190775,0.00020023470278829336
2576,0.0014546350575983524,0.00020007470448035747
2577,0.001468488248065114,0.00019991488079540431
2578,0.0014724857173860073,0.00019975438772235066
2579,0.0014659003354609013,0.00019959454948548228
2580,0.0014513698406517506,0.0001994346093852073
2581,0.0014325962401926517,0.00019927488756366074
2582,0.0014138470869511366,0.0001991154276765883
2583,0.0013971978332847357,0.0001989566080737859
2584,0.0013846427900716662,0.00019879714818671346
2585,0.0013765759067609906,0.00019863889610860497
2586,0.0013722581788897514,0.00019848036754410714
2587,0.0013710175408050418,0.0001983208057936281
2588,0.0013720529386773705,0.0001981636742129922
2589,0.0013742195442318916,0.00019800479640252888
2590,0.0013770500663667917,0.00019784759206231683
2591,0.0013802937464788556,0.0001976893108803779
2592,0.0013836072757840157,0.00019753210654016584
2593,0.0013872124254703522,0.00019737420370802283
2594,0.0013913451693952084,0.00019721688295248896
2595,0.0013965250691398978,0.0001970597222680226
2596,0.0014031397877261043,0.00019690283806994557
2597,0.0014124619774520397,0.00019674644863698632
2598,0.001425179885700345,0.00019658998644445091
2599,0.0014436336932703853,0.00019643359701149166
2600,0.0014695231802761555,0.00019627760048024356
2601,0.0015077699208632112,0.00019612160394899547
2602,0.0015621662605553865,0.0001959651563083753
2603,0.0016441920306533575,0.00019581022206693888
2604,0.0017626523040235043,0.00019565421098377556
2605,0.0019448050297796726,0.000195499203982763
2606,0.0022102282382547855,0.0001953434111783281
2607,0.0026275867130607367,0.00019518846238497645
2608,0.003233722411096096,0.0001950333680724725
2609,0.004199627321213484,0.00019487948156893253
2610,0.005557363852858543,0.00019472494022920728
2611,0.007695490960031748,0.0001945706899277866
2612,0.010396796278655529,0.00019441642507445067
2613,0.014307773672044277,0.00019426258222665638
2614,0.01785934343934059,0.0001941090595209971
2615,0.021423382684588432,0.00019395512936171144
2616,0.0207658801227808,0.00019380236335564405
2617,0.016774283722043037,0.0001936486951308325
2618,0.008858587592840195,0.0001934958272613585
2619,0.0027584924828261137,0.00019334233365952969
2620,0.002104168990626931,0.00019318959675729275
2621,0.005812007933855057,0.00019303745648358017
2622,0.008977477438747883,0.0001928844430949539
2623,0.007736864499747753,0.00019273266661912203
2624,0.0038994555361568928,0.00019258077372796834
2625,0.0016435569850727916,0.00019242842972744256
2626,0.0029020137153565884,0.00019227729353588074
2627,0.005279518663883209,0.00019212489132769406
2628,0.0055472892709076405,0.0001919733767863363
2629,0.0036431471817195415,0.00019182285177521408
2630,0.0017809068085625768,0.00019167171558365226
2631,0.001802976941689849,0.00019152079767081887
2632,0.0031504316721111536,0.00019136995251756161
2633,0.003984352573752403,0.00019121944205835462
2634,0.003458034712821245,0.00019106875697616488
2635,0.002178716007620096,0.00019091869762632996
2636,0.001466523390263319,0.0001907689293147996
2637,0.0017774117877706885,0.00019061840430367738
2638,0.0025369066279381514,0.0001904689270304516
2639,0.0029182301368564367,0.0001903188822325319
2640,0.002567477524280548,0.0001901706273201853
2641,0.0018866766477003694,0.0001900211354950443
2642,0.0014356315368786454,0.00018987158546224236
2643,0.0014879652298986912,0.00018972270481754094
2644,0.0018607315141707659,0.00018957394058816135
2645,0.0021678514312952757,0.00018942543829325587
2646,0.0021748009603470564,0.00018927696510218084
2647,0.001888837432488799,0.000189128695637919
2648,0.0015494280960410833,0.00018898090638685971
2649,0.0013634877977892756,0.00018883254961110651
2650,0.00140055560041219,0.00018868471670430154
2651,0.0015752215404063463,0.0001885374658741057
2652,0.0017374802846461535,0.00018838979303836823
2653,0.0017857414204627275,0.00018824184371624142
2654,0.0016977202612906694,0.00018809540779329836
2655,0.0015409642364829779,0.0001879484043456614
2656,0.0013948780251666903,0.00018780176469590515
2657,0.0013219454558566213,0.00018765468848869205
2658,0.0013332401867955923,0.00018750783056020737
2659,0.0013988848077133298,0.00018736206402536482
2660,0.0014739863108843565,0.00018721615197136998
2661,0.0015193435829132795,0.00018706973060034215
2662,0.0015200205380097032,0.0001869239058578387
2663,0.0014785343082621694,0.00018677813932299614
2664,0.001416509854607284,0.00018663254741113633
2665,0.0013535917969420552,0.00018648739205673337
2666,0.0013073959853500128,0.00018634155276231468
2667,0.0012854638043791056,0.0001861969503806904
2668,0.0012864123564213514,0.0001860520278569311
2669,0.0013029457768425345,0.00018590693071018904
2670,0.0013261514250189066,0.00018576257571112365
2671,0.0013481106143444777,0.0001856187591329217
2672,0.0013629026943817735,0.00018547396757639945
2673,0.0013690738705918193,0.00018532975809648633
2674,0.0013659992255270481,0.00018518517026677728
2675,0.00135640031658113,0.00018504176114220172
2676,0.0013419216265901923,0.00018489871581550688
2677,0.0013256748206913471,0.00018475440447218716
2678,0.0013089908752590418,0.00018461133004166186
2679,0.001293796463869512,0.00018446818285156041
2680,0.0012805156875401735,0.00018432567594572902
2681,0.0012694664765149355,0.00018418222316540778
2682,0.001260565361008048,0.00018403949798084795
2683,0.0012536306167021394,0.0001838965545175597
2684,0.0012481544399634004,0.00018375471699982882
2685,0.0012438541743904352,0.00018361241382081062
2686,0.0012404867447912693,0.0001834701542975381
2687,0.0012377093080431223,0.0001833285205066204
2688,0.0012353616766631603,0.00018318604270461947
2689,0.001233342569321394,0.00018304445256944746
2690,0.0012315378990024328,0.00018290364823769778
2691,0.0012299009831622243,0.0001827618107199669
2692,0.001228461042046547,0.0001826207444537431
2693,0.0012272110907360911,0.0001824790087994188
2694,0.001226229825988412,0.0001823391648940742
2695,0.0012256728950887918,0.00018219805497210473
2696,0.0012257278431206942,0.00018205714877694845
2697,0.0012267337879166007,0.0001819161552703008
2698,0.0012292799074202776,0.00018177660240326077
2699,0.0012342287227511406,0.00018163665663450956
2700,0.001243166858330369,0.00018149612878914922
2701,0.001258539268746972,0.00018135635764338076
2702,0.001284905825741589,0.00018121661560144275
2703,0.0013291997602209449,0.0001810771063901484
2704,0.0014052169863134623,0.0001809373643482104
2705,0.0015332247130572796,0.0001807981461752206
2706,0.0017565519083291292,0.00018065923359245062
2707,0.0021346870344132185,0.00018052059749606997
2708,0.0028079182375222445,0.00018038187408819795
2709,0.00393859576433897,0.0001802431943360716
2710,0.005974309518933296,0.00018010451458394527
2711,0.009226095862686634,0.00017996573296841234
2712,0.01490822620689869,0.00017982760618906468
2713,0.02248552069067955,0.00017968943575397134
2714,0.03345128521323204,0.0001795515709090978
2715,0.04000449180603027,0.0001794145064195618
2716,0.0402492880821228,0.00017927621956914663
2717,0.02402397431433201,0.00017913836927618831
2718,0.006303576752543449,0.00017900126113090664
2719,0.0033250327687710524,0.0001788646768545732
2720,0.013417563401162624,0.0001787276123650372
2721,0.01751805655658245,0.0001785903878044337
2722,0.008701195940375328,0.000178453978151083
2723,0.002751357387751341,0.0001783170155249536
2724,0.0075057754293084145,0.00017818062042351812
2725,0.011093620210886002,0.0001780440070433542
2726,0.006448500789701939,0.0001779078593244776
2727,0.0023362943902611732,0.0001777720171958208
2728,0.0052141062915325165,0.0001776360732037574
2729,0.007999274879693985,0.00017750050756148994
2730,0.004790694452822208,0.0001773644908098504
2731,0.0017946551088243723,0.00017722918710205704
2732,0.004175024572759867,0.00017709397070575505
2733,0.005958529654890299,0.0001769583614077419
2734,0.00360717810690403,0.0001768242655089125
2735,0.0019850030075758696,0.0001766886853147298
2736,0.0029646833427250385,0.00017655456031206995
2737,0.00396376010030508,0.00017641947488300502
2738,0.0035491990856826305,0.00017628492787480354
2739,0.0022149516735225916,0.0001761506573529914
2740,0.0016811538953334093,0.00017601648869458586
2741,0.0027869241312146187,0.00017588261107448488
2742,0.0033211717382073402,0.00017574855883140117
2743,0.0022467852104455233,0.00017561481217853725
2744,0.0015406245365738869,0.000175480789039284
2745,0.0019033995922654867,0.00017534758080728352
2746,0.0023774090223014355,0.00017521438712719828
2747,0.0023989996407181025,0.00017508093151263893
2748,0.001832455163821578,0.00017494762141723186
2749,0.0013735664542764425,0.00017481489339843392
2750,0.0016682903515174985,0.00017468235455453396
2751,0.002058484358713031,0.00017454985936637968
2752,0.0019220130052417517,0.00017441670934204012
2753,0.0015895676333457232,0.00017428457795176655
2754,0.0013901388738304377,0.0001741518935887143
2755,0.0014303368516266346,0.00017401998047716916
2756,0.0016787961358204484,0.00017388834385201335
2757,0.0017391128931194544,0.00017375631432514638
2758,0.0015091921668499708,0.0001736248523229733
2759,0.0013333859387785196,0.00017349286645185202
2760,0.0013243370922282338,0.00017336185555905104
2761,0.0014082171255722642,0.00017323078645858914
2762,0.001516166259534657,0.0001730996009428054
2763,0.0014877503272145987,0.00017296851729042828
2764,0.0013436917215585709,0.00017283731722272933
2765,0.001263753161765635,0.00017270656826440245
2766,0.0012726587010547519,0.00017257638683076948
2767,0.0013191434554755688,0.00017244536138605326
2768,0.0013739201240241528,0.00017231525271199644
2769,0.0013614777708426118,0.0001721854932839051
2770,0.0012848295737057924,0.00017205560288857669
2771,0.0012348012533038855,0.00017192571249324828
2772,0.0012249744031578302,0.0001717949635349214
2773,0.001241730758920312,0.00017166582983918488
2774,0.0012770692119374871,0.00017153655062429607
2775,0.0012857404071837664,0.00017140702402684838
2776,0.0012557324953377247,0.0001712776575004682
2777,0.0012240747455507517,0.00017114935326389968
2778,0.0012010443024337292,0.0001710199285298586
2779,0.0011925543658435345,0.0001708909112494439
2780,0.0012067744974046946,0.0001707626215647906
2781,0.0012221061624586582,0.00017063302220776677
2782,0.0012217613402754068,0.0001705048343865201
2783,0.0012137764133512974,0.00017037641373462975
2784,0.0011977391550317407,0.00017024848784785718
2785,0.0011795335449278355,0.00017012062016874552
2786,0.001172617543488741,0.00016999270883388817
2787,0.00117423664778471,0.00016986507398542017
2788,0.0011773931328207254,0.00016973659512586892
2789,0.0011825752444565296,0.0001696095714578405
2790,0.0011835831683129072,0.00016948232951108366
2791,0.001177287893369794,0.00016935488383751363
2792,0.001169565599411726,0.0001692278601694852
2793,0.001162034342996776,0.00016910085105337203
2794,0.001154953963123262,0.00016897388559300452
2795,0.0011522220447659492,0.0001688472693786025
2796,0.0011525345034897327,0.0001687201001914218
2797,0.0011528291506692767,0.00016859383322298527
2798,0.0011535696685314178,0.0001684679155005142
2799,0.001153499586507678,0.00016834138659760356
2800,0.0011508502066135406,0.0001682155707385391
2801,0.0011473444756120443,0.0001680894201854244
2802,0.0011436212807893753,0.0001679639535723254
2803,0.0011392927262932062,0.00016783819592092186
2804,0.001135768834501505,0.000167712481925264
2805,0.001133475685492158,0.0001675871026236564
2806,0.0011315159499645233,0.00016746146138757467
2807,0.0011302330531179905,0.0001673366641625762
2808,0.0011296021984890103,0.00016721116844564676
2809,0.0011286826338618994,0.0001670866913627833
2810,0.0011276056757196784,0.00016696138482075185
2811,0.00112652697134763,0.0001668368058744818
2812,0.0011249566450715065,0.0001667131728027016
2813,0.0011230641975998878,0.00016658833192195743
2814,0.0011212173849344254,0.00016646420408505946
2815,0.0011191465891897678,0.00016634006169624627
2816,0.0011169682256877422,0.00016621558461338282
2817,0.0011149754282087088,0.00016609183512628078
2818,0.0011129968333989382,0.00016596844943705946
2819,0.0011110124178230762,0.0001658447872614488
2820,0.0011092419736087322,0.00016572189633734524
2821,0.0011075391666963696,0.0001655983505770564
2822,0.0011058307718485594,0.00016547561972402036
2823,0.0011042532278224826,0.0001653530925977975
2824,0.0011027473956346512,0.00016523113299626857
2825,0.0011012125760316849,0.00016510974091943353
2826,0.0010997457429766655,0.00016498904733452946
2827,0.0010983319953083992,0.0001648689794819802
2828,0.0010968876304104924,0.0001647512399358675
2829,0.0010954855242744088,0.0001646358286961913
2830,0.0010941189248114824,0.00016452341515105218
2831,0.0010927437106147408,0.00016441696789115667
2832,0.0010913843289017677,0.00016431903350166976
2833,0.001090095960535109,0.00016423438501078635
2834,0.0010888047982007265,0.00016417083679698408
2835,0.0010875551961362362,0.00016414049605373293
2836,0.0010863866191357374,0.00016416503058280796
2837,0.0010853081475943327,0.00016427620721515268
2838,0.0010843509808182716,0.00016452882846351713
2839,0.0010836098808795214,0.0001650128251640126
2840,0.0010831711115315557,0.00016587846039328724
2841,0.0010832196567207575,0.00016737784608267248
2842,0.0010840445756912231,0.00016993017925415188
2843,0.0010861431946977973,0.00017425713303964585
2844,0.0010902612702921033,0.00018156009900849313
2845,0.0010978111531585455,0.00019391614478081465
2846,0.0011109730694442987,0.00021477244445122778
2847,0.0011337934993207455,0.00025009975070133805
2848,0.001172646414488554,0.0003094273852184415
2849,0.0012399486731737852,0.00040880002779886127
2850,0.0013545399997383356,0.0005706701194867492
2851,0.0015559578314423561,0.00082777114585042
2852,0.0019002933986485004,0.001204108353704214
2853,0.0025165309198200703,0.0017034693155437708
2854,0.0035608464386314154,0.0022159013897180557
2855,0.005449204705655575,0.002535245381295681
2856,0.008500300347805023,0.0023465503472834826
2857,0.013872330076992512,0.0016217543743550777
2858,0.021205391734838486,0.0007106146076694131
2859,0.032074589282274246,0.000191422674106434
2860,0.0393674336373806,0.0003064461925532669
2861,0.041283491998910904,0.0007899983320385218
2862,0.026367036625742912,0.0011417774949222803
2863,0.007966667413711548,0.0010318029671907425
2864,0.002432530280202627,0.0005834679468534887
2865,0.011800342239439487,0.0002120461722370237
2866,0.01806756854057312,0.00020973193750251085
2867,0.010587303899228573,0.00047381542390212417
2868,0.0027579227462410927,0.0006712381727993488
2869,0.005873636342585087,0.000595458026509732
2870,0.010957888327538967,0.0003404431336093694
2871,0.007923313416540623,0.00016928640252444893
2872,0.0024917025584727526,0.0002154216927010566
2873,0.003790330607444048,0.0003719149390235543
2874,0.007758040446788073,0.0004436445015016943
2875,0.005999264772981405,0.0003570134285837412
2876,0.001903420314192772,0.00021548013319261372
2877,0.0030274088494479656,0.0001601382391527295
2878,0.00571441138163209,0.00021942227613180876
2879,0.004350000526756048,0.00030112199601717293
2880,0.002085566520690918,0.00030849623726680875
2881,0.002273872494697571,0.00023970333859324455
2882,0.003525810781866312,0.00017090319306589663
2883,0.003739249659702182,0.00016484915977343917
2884,0.002502426039427519,0.0002094566443702206
2885,0.0014342700596898794,0.00024482450680807233
2886,0.0022603939287364483,0.0002324475790373981
2887,0.0031987561378628016,0.00018895635730586946
2888,0.0024228114634752274,0.000159430768690072
2889,0.0014644956681877375,0.0001666705502429977
2890,0.00159385334700346,0.00019323002197779715
2891,0.0021363466512411833,0.0002065363514702767
2892,0.002310606185346842,0.00019339329446665943
2893,0.001811131602153182,0.00016915975720621645
2894,0.001260610530152917,0.0001570965541759506
2895,0.0014422218082472682,0.00016446338850073516
2896,0.0018905424512922764,0.0001787509972928092
2897,0.0018235358875244856,0.0001834908325690776
2898,0.0014639717992395163,0.00017459828814025968
2899,0.0012543211923912168,0.00016165680426638573
2900,0.0013002525083720684,0.00015629874542355537
2901,0.00153463298920542,0.00016094400780275464
2902,0.0016036159358918667,0.0001684407761786133
2903,0.0013690704945474863,0.00017051595204975456
2904,0.0011791696306318045,0.00016550056170672178
2905,0.001204390311613679,0.0001585466234246269
2906,0.001308684004470706,0.0001555734488647431
2907,0.0013877932215109468,0.0001578574738232419
2908,0.0013358701253309846,0.00016182157560251653
2909,0.0011857134522870183,0.0001631541090318933
2910,0.0011197415878996253,0.00016073616279754788
2911,0.001170809962786734,0.00015694716421421617
2912,0.0012281399685889482,0.00015491100202780217
2913,0.0012481246376410127,0.0001556712668389082
2914,0.0012066701892763376,0.00015771534526720643
2915,0.0011257682926952839,0.00015877372061368078
2916,0.001093069789931178,0.0001578672818141058
2917,0.0011204932816326618,0.00015585837536491454
2918,0.0011506876908242702,0.00015436344256158918
2919,0.0011640830198302865,0.0001542737300042063
2920,0.0011459935922175646,0.00015517986321356148
2921,0.0011017888318747282,0.00015596342564094812
2922,0.0010748784989118576,0.0001558371150167659
2923,0.001079287496395409,0.00015489697398152202
2924,0.0010927865514531732,0.0001538705255370587
2925,0.0011061112163588405,0.00015341429389081895
2926,0.0011072944616898894,0.00015362010162789375
2927,0.001088036922737956,0.00015406389138661325
2928,0.0010670970659703016,0.00015422645083162934
2929,0.0010577552020549774,0.00015391122724395245
2930,0.001056543318554759,0.0001533216272946447
2931,0.0010631312616169453,0.00015282767708413303
2932,0.0010710847564041615,0.00015266051923390478
2933,0.0010696066310629249,0.00015277028433047235
2934,0.0010612191399559379,0.00015291778254322708
2935,0.001052066800184548,0.00015289090515580028
2936,0.001043200958520174,0.000152641543536447
2937,0.0010390037205070257,0.000152292923303321
2938,0.00104084936901927,0.00015201342466752976
2939,0.001043261494487524,0.00015189123223535717
2940,0.0010441143531352282,0.0001518924254924059
2941,0.0010433222632855177,0.00015190651174634695
2942,0.0010391755495220423,0.0001518385688541457
2943,0.0010333347599953413,0.00015166820958256721
2944,0.0010289360070601106,0.00015144636563491076
2945,0.001025805831886828,0.00015124937635846436
2946,0.001024062279611826,0.0001511226873844862
2947,0.0010242147836834192,0.00015105915372259915
2948,0.001024516299366951,0.00015101226745173335
2949,0.0010238653048872948,0.00015093749971129
2950,0.0010226836893707514,0.00015081462333910167
2951,0.001020614756271243,0.00015065880143083632
2952,0.0010176508221775293,0.00015050231013447046
2953,0.0010148894507437944,0.00015037175035104156
2954,0.0010125534608960152,0.0001502728118794039
2955,0.0010104652028530836,0.00015019206330180168
2956,0.0010090713622048497,0.00015011017967481166
2957,0.00100820348598063,0.00015000982966739684
2958,0.0010073034791275859,0.00014988970360718668
2959,0.0010064465459436178,0.0001497605990152806
2960,0.0010055603925138712,0.00014963471039664
2961,0.0010043028742074966,0.00014952068158891052
2962,0.0010028310352936387,0.00014942009875085205
2963,0.0010013185674324632,0.00014932685007806867
2964,0.0009996433509513736,0.00014923120033927262
2965,0.0009979320457205176,0.00014912871120031923
2966,0.0009963553166016936,0.00014901756367180496
2967,0.0009948438964784145,0.0001489031274104491
2968,0.0009933854453265667,0.0001487882691435516
2969,0.0009920874144881964,0.00014867878053337336
2970,0.0009908671490848064,0.00014857495261821896
2971,0.0009896716801449656,0.00014847441343590617
2972,0.000988554093055427,0.00014837486378382891
2973,0.0009874789975583553,0.00014827278209850192
2974,0.0009863878367468715,0.00014816762995906174
2975,0.0009853118099272251,0.00014806041144765913
2976,0.0009842710569500923,0.00014795125753153116
2977,0.0009831985225901008,0.0001478445337852463
2978,0.000982140307314694,0.00014773904695175588
2979,0.0009811075869947672,0.00014763583021704108
2980,0.0009800809202715755,0.00014753383584320545
2981,0.000979074276983738,0.0001474316668463871
2982,0.0009781204862520099,0.0001473294396419078
2983,0.0009772070916369557,0.00014722604828421026
2984,0.0009763562120497227,0.000147121463669464
2985,0.0009756062063388526,0.0001470169227104634
2986,0.000974982394836843,0.00014691204705741256
2987,0.0009745346615090966,0.00014680832100566477
2988,0.0009743424598127604,0.00014670526434201747
2989,0.000974516908172518,0.00014660261513199657
2990,0.000975193630438298,0.00014650050434283912
2991,0.0009766550501808524,0.00014639909204561263
2992,0.0009792398195713758,0.00014629661745857447
2993,0.0009835378732532263,0.0001461939828004688
2994,0.0009903731988742948,0.00014609118807129562
2995,0.0010012236889451742,0.00014598890265915543
2996,0.0010180871468037367,0.0001458861370338127
2997,0.0010447332169860601,0.00014578424452338368
2998,0.0010861726477742195,0.00014568172628059983
2999,0.0011524398578330874,0.00014558000839315355
3000,0.001256270450539887,0.00014550598280038685
3001,0.0014254027046263218,0.0001454440935049206
3002,0.0016919875051826239,0.00014537117385771126
3003,0.002134312642738223,0.00014529842883348465
3004,0.002827315591275692,0.00014522761921398342
3005,0.003990234341472387,0.00014515718794427812
3006,0.005746955517679453,0.0001450874115107581
3007,0.008650258183479309,0.00014501904661301523
3008,0.012552311643958092,0.00014495266077574342
3009,0.018376490101218224,0.00014488294254988432
3010,0.023699676617980003,0.00014480984827969223
3011,0.028571659699082375,0.0001447367831133306
3012,0.026004116982221603,0.00014466333959717304
3013,0.01787448115646839,0.00014459008525591344
3014,0.006480297539383173,0.00014451445895247161
3015,0.0014317352324724197,0.00014443884720094502
3016,0.00517025962471962,0.0001443635846953839
3017,0.010863068513572216,0.00014428500435315073
3018,0.011128915473818779,0.00014420524530578405
3019,0.0056232307106256485,0.00014412630116567016
3020,0.0015451830113306642,0.00014404628018382937
3021,0.0032039335928857327,0.00014396522601600736
3022,0.006814124993979931,0.0001438851613784209
3023,0.006714249961078167,0.00014380320499185473
3024,0.003202082123607397,0.00014372175792232156
3025,0.0012913383543491364,0.000143639394082129
3026,0.0028268538881093264,0.00014355668099597096
3027,0.004721833858639002,0.00014347408432513475
3028,0.0041934591718018055,0.0001433900324627757
3029,0.0021298483479768038,0.0001433066645404324
3030,0.0012319341767579317,0.00014322242350317538
3031,0.0022021224722266197,0.00014313755673356354
3032,0.003333236323669553,0.00014305280637927353
3033,0.003054079134017229,0.00014296831795945764
3034,0.0017539997352287173,0.00014288243255577981
3035,0.00112448213621974,0.00014279659080784768
3036,0.0016445978544652462,0.0001427110400982201
3037,0.002353531075641513,0.00014262534386944026
3038,0.002334856428205967,0.00014253915287554264
3039,0.0016403166810050607,0.0001424527436029166
3040,0.001099859131500125,0.0001423659414285794
3041,0.0012241636868566275,0.00014227864448912442
3042,0.0016889134421944618,0.00014219277363736182
3043,0.0018708897987380624,0.0001421057095285505
3044,0.001592329703271389,0.0001420195767423138
3045,0.0011927513405680656,0.00014193341485224664
3046,0.0010350359370931983,0.0001418462925357744
3047,0.0011981124989688396,0.00014176045078784227
3048,0.0014430189039558172,0.00014167401241138577
3049,0.0014850723091512918,0.00014158827252686024
3050,0.0013065815437585115,0.0001415023725712672
3051,0.0010880341287702322,0.0001414159924024716
3052,0.0010045717936009169,0.00014132999058347195
3053,0.0010810737730935216,0.00014124452718533576
3054,0.001211390015669167,0.000141159602208063
3055,0.0012633597943931818,0.0001410736149409786
3056,0.0011936887167394161,0.0001409882097505033
3057,0.0010734928073361516,0.00014090338663663715
3058,0.0009911482920870185,0.00014081862173043191
3059,0.0009874689858406782,0.00014073459897190332
3060,0.0010436747688800097,0.00014065140567254275
3061,0.0011014307383447886,0.00014056911459192634
3062,0.001111622084863484,0.00014048779848963022
3063,0.0010700394632294774,0.00014040860696695745
3064,0.001010877313092351,0.0001403334317728877
3065,0.0009679275681264699,0.0001402611960656941
3066,0.0009601443307474256,0.00014019855007063597
3067,0.0009826291352510452,0.0001401460322085768
3068,0.0010113383177667856,0.00014011282473802567
3069,0.0010246876627206802,0.00014010803715791553
3070,0.0010159824742004275,0.0001401526533300057
3071,0.0009915982373058796,0.00014027206634636968
3072,0.0009638155461288989,0.00014051955076865852
3073,0.000945953419432044,0.00014097258099354804
3074,0.0009429239435121417,0.00014177060802467167
3075,0.0009506647475063801,0.00014313858991954476
3076,0.0009619758347980678,0.00014547175669576973
3077,0.0009697574423626065,0.00014942734560463578
3078,0.00096945243421942,0.00015614954463671893
3079,0.0009614356094971299,0.00016759826394263655
3080,0.0009497946011833847,0.00018714815087150782
3081,0.0009384125005453825,0.00022069031547289342
3082,0.0009304357226938009,0.0002781202201731503
3083,0.0009274494368582964,0.0003767019370570779
3084,0.0009286025306209922,0.0005434309132397175
3085,0.0009316991781815886,0.0008227064972743392
3086,0.0009348198655061424,0.0012678172206506133
3087,0.0009364415891468525,0.0019404605263844132
3088,0.0009356107912026346,0.0028103715740144253
3089,0.0009326119907200336,0.0037081073969602585
3090,0.00092829525237903,0.004107683897018433
3091,0.0009234979515895247,0.00355422287248075
3092,0.0009190140990540385,0.0020518263336271048
3093,0.0009155255393125117,0.0005889158346690238
3094,0.0009131859405897558,0.00016055723244789988
3095,0.0009118480375036597,0.0008152801310643554
3096,0.0009113156702369452,0.0016686945455148816
3097,0.0009112890693359077,0.0017783662769943476
3098,0.000911372248083353,0.0010595666244626045
3099,0.0009113517589867115,0.0002869561722036451
3100,0.0009111311519518495,0.00021243926312308758
3101,0.0009105893550440669,0.0007116461056284606
3102,0.0009097292204387486,0.0010613533668220043
3103,0.0009086181526072323,0.000838739681057632
3104,0.000907336303498596,0.00034034252166748047
3105,0.0009059105068445206,0.00014671793906018138
3106,0.0009044328471645713,0.0003811088972724974
3107,0.0009029798093251884,0.0006466216291300952
3108,0.0009015656542032957,0.000588787836022675
3109,0.0009001900325529277,0.0003011919907294214
3110,0.000898924539797008,0.00014218977594282478
3111,0.0008977418765425682,0.00025077752070501447
3112,0.0008966483874246478,0.00042176758870482445
3113,0.0008956723613664508,0.00041777180740609765
3114,0.0008948234608396888,0.00025587028358131647
3115,0.0008941066917032003,0.00014305148215498775
3116,0.0008935704827308655,0.00018931955855805427
3117,0.0008932661730796099,0.0002945014857687056
3118,0.0008932778728194535,0.00030961399897933006
3119,0.0008937042439356446,0.00022198552323970944
3120,0.0008947419701144099,0.00014480318350251764
3121,0.0008966348832473159,0.00015792320482432842
3122,0.0008997779805213213,0.00022008702217135578
3123,0.0009047275525517762,0.00024148437660187483
3124,0.0009124563075602055,0.00019803154282271862
3125,0.0009242395171895623,0.00014664871559944004
3126,0.0009424693998880684,0.00014282288611866534
3127,0.0009702317765913904,0.00017683014448266476
3128,0.0010135704651474953,0.00019787068595178425
3129,0.0010800758609548211,0.00018037033441942185
3130,0.0011856956407427788,0.0001480532082496211
3131,0.0013492160942405462,0.00013702134310733527
3132,0.0016138545470312238,0.0001526408887002617
3133,0.0020243236795067787,0.00016957505431491882
3134,0.0026990054175257683,0.00016633482300676405
3135,0.0037280600517988205,0.00014829501742497087
3136,0.005420989822596312,0.00013619381934404373
3137,0.007844913750886917,0.00014037371147423983
3138,0.011654632166028023,0.00015150407853070647
3139,0.016154538840055466,0.00015473985695280135
3140,0.021954815834760666,0.000146867023431696
3141,0.02506234496831894,0.00013728132762480527
3142,0.02515885792672634,0.00013544416287913918
3143,0.017622051760554314,0.00014080294931773096
3144,0.007769924122840166,0.0001454315206501633
3145,0.0015824999427422881,0.00014386154362000525
3146,0.0031375056132674217,0.00013822306937072426
3147,0.008623512461781502,0.00013447061064653099
3148,0.010797492228448391,0.00013548176502808928
3149,0.007464014925062656,0.00013872959243599325
3150,0.002531731966882944,0.00013999294606037438
3151,0.0014783628284931183,0.00013795334962196648
3152,0.004405636340379715,0.00013488120748661458
3153,0.00656242948025465,0.00013366006896831095
3154,0.005024235229939222,0.0001347698416793719
3155,0.002022702246904373,0.00013633248454425484
3156,0.001275387010537088,0.0001364550116704777
3157,0.0029101986438035965,0.00013502896763384342
3158,0.004207700956612825,0.00013349171786103398
3159,0.0035434404853731394,0.00013309439236763865
3160,0.0018266037805005908,0.00013376318383961916
3161,0.0010843650670722127,0.00013445985678117722
3162,0.0018516998970881104,0.00013433537969831377
3163,0.002828537952154875,0.0001335053821094334
3164,0.0027317346539348364,0.00013271211355458945
3165,0.0017152880318462849,0.0001325176126556471
3166,0.0010399027960374951,0.00013283408770803362
3167,0.001268608495593071,0.00013313081581145525
3168,0.0018821518169716,0.0001330232189502567
3169,0.0021058267448097467,0.00013256611418910325
3170,0.0016977223567664623,0.00013212017074692994
3171,0.0011338284239172935,0.00013196346117183566
3172,0.0009705941192805767,0.00013206448056735098
3173,0.001251324312761426,0.00013218384992796928
3174,0.0015626974636688828,0.0001321170711889863
3175,0.0015659239143133163,0.00013186958676669747
3176,0.0012999472673982382,0.0001315977715421468
3177,0.0010140992235392332,0.0001314483379246667
3178,0.0009382653515785933,0.00013143531396053731
3179,0.0010821219766512513,0.00013145917910151184
3180,0.0012580547481775284,0.00013141588715370744
3181,0.0012918206630274653,0.00013127717829775065
3182,0.0011656859423965216,0.0001311031519435346
3183,0.0010010730475187302,0.00013096877955831587
3184,0.0009112489642575383,0.00013090074935462326
3185,0.0009374254150316119,0.00013087093248032033
3186,0.0010307037737220526,0.00013082534132990986
3187,0.0010976431658491492,0.00013073922309558839
3188,0.0010863140923902392,0.0001306219055550173
3189,0.0010135492775589228,0.00013050706184003502
3190,0.0009334103669971228,0.00013042037608101964
3191,0.0008892029291018844,0.0001303586468566209
3192,0.0008972414070740342,0.00013030300033278763
3193,0.0009388247271999717,0.0001302337768720463
3194,0.000975240720435977,0.00013014854630455375
3195,0.0009817295940592885,0.00013005317305214703
3196,0.0009578341851010919,0.00012996522127650678
3197,0.0009190757409669459,0.00012989011884201318
3198,0.0008844239637255669,0.00012982376210857183
3199,0.0008694269927218556,0.0001297570124734193
3200,0.0008755475282669067,0.00012968263763468713
3201,0.000892212032340467,0.00012960279127582908
3202,0.000907416979316622,0.00012952048564329743
3203,0.0009132469422183931,0.00012944186164531857
3204,0.0009070554515346885,0.0001293692330364138
3205,0.0008915584185160697,0.00012929878721479326
3206,0.0008744390797801316,0.00012922919995617121
3207,0.0008615873521193862,0.00012915523257106543
3208,0.0008553741499781609,0.00012907969357911497
3209,0.0008559332927688956,0.0001290017389692366
3210,0.0008611103985458612,0.00012892737868241966
3211,0.0008669756352901459,0.00012885530304629356
3212,0.0008704954525455832,0.00012878410052508116
3213,0.000870707503054291,0.0001287134800804779
3214,0.0008675032295286655,0.0001286414626520127
3215,0.0008617191342636943,0.00012856833927799016
3216,0.000855003425385803,0.00012849355698563159
3217,0.0008490196778438985,0.00012842071009799838
3218,0.000844452646560967,0.00012834809604100883
3219,0.0008415895863436162,0.0001282773882849142
3220,0.0008405068656429648,0.0001282067532883957
3221,0.0008407195564359426,0.0001281360164284706
3222,0.000841479399241507,0.00012806488666683435
3223,0.0008423339459113777,0.00012799235992133617
3224,0.0008429945446550846,0.0001279202988371253
3225,0.0008431118330918252,0.0001278484851354733
3226,0.0008426007116213441,0.00012777729716617614
3227,0.0008415815536864102,0.00012770698231179267
3228,0.0008401631494052708,0.00012763658014591783
3229,0.0008384089451283216,0.00012756645446643233
3230,0.0008365012472495437,0.00012749643065035343
3231,0.0008345713722519577,0.00012742538820020854
3232,0.0008326953975483775,0.0001273548259632662
3233,0.0008308774558827281,0.00012728394358418882
3234,0.0008292031707242131,0.00012721403618343174
3235,0.0008276745211333036,0.00012714341573882848
3236,0.0008262594928964972,0.00012707331916317344
3237,0.0008249562233686447,0.00012700413935817778
3238,0.0008237602887675166,0.0001269340282306075
3239,0.0008226641803048551,0.00012686529953498393
3240,0.0008216252317652106,0.0001267953630303964
3241,0.0008206553757190704,0.00012672597949858755
3242,0.0008197611896321177,0.000126655722851865
3243,0.0008189270156435668,0.0001265864266315475
3244,0.0008181532612070441,0.0001265174214495346
3245,0.0008174697868525982,0.0001264486345462501
3246,0.0008168952772393823,0.00012637920735869557
3247,0.0008164482424035668,0.00012631030404008925
3248,0.0008162007434293628,0.0001262419973500073
3249,0.0008162290323525667,0.0001261728029930964
3250,0.000816680840216577,0.00012610387057065964
3251,0.0008177272393368185,0.00012603499635588378
3252,0.0008197098504751921,0.00012596634041983634
3253,0.0008230945677496493,0.00012589812104124576
3254,0.000828681921120733,0.00012582966883201152
3255,0.0008376421174034476,0.00012576165318023413
3256,0.0008520681876689196,0.0001256927935173735
3257,0.0008749666158109903,0.00012562464689835906
3258,0.0009119550231844187,0.00012555703870020807
3259,0.0009709893492981791,0.00012548854283522815
3260,0.001067756093107164,0.00012542118201963603
3261,0.0012234279420226812,0.00012535310816019773
3262,0.0014832767192274332,0.00012528544175438583
3263,0.001902389107272029,0.00012521742610260844
3264,0.0026126382872462273,0.00012515000707935542
3265,0.0037412000820040703,0.0001250821223948151
3266,0.005653892178088427,0.0001250152854481712
3267,0.008508655242621899,0.00012494756083469838
3268,0.013115178793668747,0.0001248804765054956
3269,0.018739307299256325,0.00012481326120905578
3270,0.025999601930379868,0.00012474606046453118
3271,0.029612213373184204,0.00012467872875276953
3272,0.028673440217971802,0.00012461180449463427
3273,0.018082434311509132,0.00012454483658075333
3274,0.006086608860641718,0.00012447810149751604
3275,0.0013377453433349729,0.0001244113373104483
3276,0.006059049163013697,0.0001243448059540242
3277,0.012292109429836273,0.00012427769252099097
3278,0.011534092016518116,0.0001242112775798887
3279,0.005321148317307234,0.0001241444842889905
3280,0.0014646260533481836,0.00012407850590534508
3281,0.0036797767970710993,0.00012401216372381896
3282,0.0073804245330393314,0.0001239460107171908
3283,0.006692150142043829,0.00012388011964503676
3284,0.0026940887328237295,0.0001238135591847822
3285,0.001230336376465857,0.00012374775542411953
3286,0.0034995698370039463,0.00012368183524813503
3287,0.005051122047007084,0.0001236158423125744
3288,0.0035656823311001062,0.0001235497766174376
3289,0.0015417927643284202,0.00012348368181847036
3290,0.0014884885167703032,0.00012341821275185794
3291,0.002746163634583354,0.0001233526272699237
3292,0.003324114950373769,0.00012328776938375086
3293,0.0024522836320102215,0.00012322208203841
3294,0.0012735691852867603,0.00012315678759478033
3295,0.0011761761270463467,0.00012309191515669227
3296,0.0020635954570025206,0.00012302701361477375
3297,0.002480675233528018,0.00012296262138988823
3298,0.0017814660677686334,0.00012289821461308748
3299,0.0010518445633351803,0.00012283393880352378
3300,0.0010988920694217086,0.0001227710017701611
3301,0.0015653632581233978,0.00012270822480786592
3302,0.0017870422452688217,0.0001226471649715677
3303,0.0015351027250289917,0.00012258801143616438
3304,0.0010912672150880098,0.00012253219028934836
3305,0.0009129702812060714,0.00012248061830177903
3306,0.001145141664892435,0.0001224361767526716
3307,0.0014150451170280576,0.000122403449495323
3308,0.001360762515105307,0.0001223885192302987
3309,0.0010907563846558332,0.00012240264913998544
3310,0.0009108513477258384,0.00012246255937498063
3311,0.000925632135476917,0.00012259931827429682
3312,0.0010540429502725601,0.0001228601176990196
3313,0.0011591680813580751,0.00012332752521615475
3314,0.001125927665270865,0.00012413505464792252
3315,0.0009707541321404278,0.0001255165843758732
3316,0.0008558327681384981,0.0001278649433515966
3317,0.0008676074212417006,0.0001318586291745305
3318,0.000943282269872725,0.00013866381777916104
3319,0.0009964925702661276,0.00015030404028948396
3320,0.0009898482821881771,0.00017030196613632143
3321,0.0009269820875488222,0.0002047659654635936
3322,0.000850988959427923,0.00026429121498949826
3323,0.0008228495134972036,0.00036690550041384995
3324,0.0008518242975696921,0.0005426412099041045
3325,0.0008915621438063681,0.0008382468950003386
3326,0.0009060414740815759,0.0013187412405386567
3327,0.0008917963714338839,0.0020491548348218203
3328,0.0008574859239161015,0.003030572086572647
3329,0.0008209259249269962,0.004069208167493343
3330,0.000806824304163456,0.004650861956179142
3331,0.0008186028571799397,0.004202349577099085
3332,0.0008369043935090303,0.002680544275790453
3333,0.0008465091232210398,0.001113810809329152
3334,0.0008444143459200859,0.0006021138979122043
3335,0.000830995268188417,0.0012448530178517103
3336,0.0008114147931337357,0.0020141280256211758
3337,0.0007973532192409039,0.0019013031851500273
3338,0.0007949623977765441,0.0009425347670912743
3339,0.0007998072542250156,0.00022111294674687088
3340,0.0008060184773057699,0.0004388169327285141
3341,0.0008107919711619616,0.0011068135499954224
3342,0.0008110101916827261,0.0012879450805485249
3343,0.0008048935560509562,0.0007493703160434961
3344,0.0007960254442878067,0.00020319725445006043
3345,0.0007888065883889794,0.00025071724667213857
3346,0.0007843151688575745,0.0006449741194956005
3347,0.0007824198110029101,0.0007593123009428382
3348,0.0007833990966901183,0.00045349766151048243
3349,0.0007859483594074845,0.00017588540504220873
3350,0.000787535507697612,0.00025435336283408105
3351,0.0007872448186390102,0.0004831866535823792
3352,0.0007856445154175162,0.0004929938004352152
3353,0.000782910268753767,0.0002730050473473966
3354,0.0007791994721628726,0.00012571267143357545
3355,0.0007756559061817825,0.00020887909340672195
3356,0.0007731468649581075,0.00035152549389749765
3357,0.0007715157698839903,0.00034053190029226243
3358,0.0007704949239268899,0.00020634487736970186
3359,0.0007701871218159795,0.00013405528443399817
3360,0.000770337413996458,0.00019028749375138432
3361,0.0007703296141698956,0.00025935491430573165
3362,0.0007699725101701915,0.00023368293477687985
3363,0.0007694097002968192,0.0001538997603347525
3364,0.00076856161467731,0.0001272753725061193
3365,0.0007673126528970897,0.00017299337196163833
3366,0.000765852746553719,0.00021244800882413983
3367,0.000764409895054996,0.00018955839914269745
3368,0.0007629729225300252,0.00013840380415786058
3369,0.0007615276263095438,0.000122954195830971
3370,0.0007602026453241706,0.00014976422244217247
3371,0.0007590659079141915,0.0001713962119538337
3372,0.0007580225355923176,0.0001575704081915319
3373,0.0007570422603748739,0.00012979275197722018
3374,0.00075618049595505,0.00012352511112112552
3375,0.0007554145995527506,0.00014036837092135102
3376,0.0007546743145212531,0.0001524382532807067
3377,0.0007539515499956906,0.00014285743236541748
3378,0.0007532832678407431,0.00012479994620662183
3379,0.0007526514818891883,0.00011951947817578912
3380,0.0007520202780142426,0.0001289114006794989
3381,0.0007514086901210248,0.0001370995450997725
3382,0.0007508514681831002,0.00013318032142706215
3383,0.0007503386004827917,0.00012331483594607562
3384,0.0007498678169213235,0.00011969350453000516
3385,0.0007494766032323241,0.0001246182364411652
3386,0.0007492153672501445,0.00012966540816705674
3387,0.0007491126889362931,0.0001277916453545913
3388,0.000749220373108983,0.00012149610847700387
3389,0.0007496499456465244,0.00011802683729911223
3390,0.0007505404064431787,0.000120080221677199
3391,0.0007520972867496312,0.0001235936942975968
3392,0.0007545959670096636,0.00012374458310659975
3393,0.0007585515268146992,0.00012063300528097898
3394,0.000764637952670455,0.00011810280557256192
3395,0.0007740347646176815,0.00011861560051329434
3396,0.0007883435464464128,0.00012070457160007209
3397,0.0008104736916720867,0.000121395627502352
3398,0.0008443471742793918,0.00011983764852629974
3399,0.0008974854135885835,0.00011782402725657448
3400,0.0009796216618269682,0.00011731254926417023
3401,0.001110786572098732,0.00011827072739833966
3402,0.0013151627499610186,0.00011910163448192179
3403,0.0016471968265250325,0.00011871204333147034
3404,0.002163897268474102,0.00011756376625271514
3405,0.0030124466866254807,0.00011687071673804894
3406,0.0042999666184186935,0.00011714997526723891
3407,0.006391919683665037,0.0001177945378003642
3408,0.00930857751518488,0.00011794654710683972
3409,0.013699681498110294,0.00011741655907826498
3410,0.018411630764603615,0.0001167618393083103
3411,0.02359597571194172,0.00011654867557808757
3412,0.02452009916305542,0.00011678406735882163
3413,0.021088065579533577,0.00011701975017786026
3414,0.011669554747641087,0.00011689647362800315
3415,0.003266000421717763,0.0001164899513241835
3416,0.0013389242812991142,0.00011614859977271408
3417,0.005576054099947214,0.00011609320063143969
3418,0.010042366571724415,0.00011623020691331476
3419,0.009363987483084202,0.00011630104563664645
3420,0.004702853038907051,0.00011617122072493657
3421,0.0012752655893564224,0.00011592570808716118
3422,0.002271535573527217,0.00011574884410947561
3423,0.005308957304805517,0.00011572654329938814
3424,0.0059116496704518795,0.00011578384874155745
3425,0.0033629611134529114,0.00011579123383853585
3426,0.0011209845542907715,0.0001156883081421256
3427,0.001663221511989832,0.00011553268268471584
3428,0.003445123555138707,0.00011541540152393281
3429,0.0038123191334307194,0.00011537937098182738
3430,0.0024880063720047474,0.00011538474063854665
3431,0.0011852470925077796,0.00011536554666236043
3432,0.0012046159245073795,0.00011528992035891861
3433,0.002107343403622508,0.00011518420797074214
3434,0.0026059860829263926,0.00011509571049828082
3435,0.002100233221426606,0.00011505078873597085
3436,0.0011569999624043703,0.0001150321404566057
3437,0.0008873260812833905,0.00011501127301016822
3438,0.0014106259914115071,0.00011496389197418466
3439,0.0018813731148838997,0.00011490369797684252
3440,0.0017406321130692959,0.00011484899732749909
3441,0.0012100423919036984,0.00011482569243526086
3442,0.0008754435693845153,0.00011482909030746669
3443,0.0009530695388093591,0.00011485409777378663
3444,0.0012454510433599353,0.00011488815653137863
3445,0.0014216938288882375,0.00011494450154714286
3446,0.0012887401971966028,0.00011503803398227319
3447,0.0009799465769901872,0.00011520674888743088
3448,0.0007980751688592136,0.00011547222675289959
3449,0.0008690959075465798,0.00011588097549974918
3450,0.0010440058540552855,0.00011647593055386096
3451,0.00112721708137542,0.0001173544442281127
3452,0.0010668631875887513,0.00011863802501466125
3453,0.0009246397530660033,0.00012055421393597499
3454,0.0008024268317967653,0.00012339971726760268
3455,0.000777294859290123,0.00012767239240929484
3456,0.0008488001185469329,0.00013408639642875642
3457,0.0009334053611382842,0.0001437767787138
3458,0.0009482179302722216,0.00015850250201765448
3459,0.0008937983075156808,0.00018091898527927697
3460,0.0008183787576854229,0.00021532374375965446
3461,0.0007658537360839546,0.00026777174207381904
3462,0.0007560781668871641,0.0003483351320028305
3463,0.0007858472527004778,0.0004693783412221819
3464,0.0008266883669421077,0.0006513781845569611
3465,0.0008432056056335568,0.0009107287041842937
3466,0.0008248974336311221,0.0012720213271677494
3467,0.0007892374414950609,0.0017141441348940134
3468,0.0007572222966700792,0.0022021301556378603
3469,0.000739268260076642,0.002556356368586421
3470,0.0007394519634544849,0.0026237433776259422
3471,0.000754385779146105,0.002200415125116706
3472,0.0007713630329817533,0.0014246748760342598
3473,0.0007779605221003294,0.0006117431330494583
3474,0.0007718141423538327,0.00016673393838573247
3475,0.0007586443680338562,0.00022506066306959838
3476,0.0007433496648445725,0.0006039768340997398
3477,0.0007302718004211783,0.000963609607424587
3478,0.0007239389233291149,0.0010254345834255219
3479,0.0007253799121826887,0.0007691862410865724
3480,0.0007308684289455414,0.0003913759719580412
3481,0.0007360559538938105,0.0001619291870156303
3482,0.0007390715181827545,0.0001896489702630788
3483,0.0007391652325168252,0.00037525169318541884
3484,0.0007358076982200146,0.0005269073299132288
3485,0.0007296929252333939,0.0005165188340470195
3486,0.0007231979398056865,0.00036999175790697336
3487,0.0007180253160186112,0.00020884776313323528
3488,0.0007144606788642704,0.00014463314437307417
3489,0.0007124572293832898,0.0001905641402117908
3490,0.0007121430244296789,0.0002753102744463831
3491,0.0007131359307095408,0.0003170189156662673
3492,0.0007143748225644231,0.00028486447990871966
3493,0.000715159229002893,0.00021231264690868556
3494,0.0007154762279242277,0.00015370665641967207
3495,0.0007152633043006063,0.0001412649726262316
3496,0.0007142842514440417,0.00016640164540149271
3497,0.0007126434938982129,0.0001968614087672904
3498,0.0007107128039933741,0.0002060131955659017
3499,0.0007087631383910775,0.0001888324914034456
3500,0.0007067789556458592,0.00015997678565327078
3501,0.0007048214320093393,0.00013761423178948462
3502,0.000703093595802784,0.00013132007734384388
3503,0.0007016577292233706,0.00013836176367476583
3504,0.0007004098733887076,0.0001489716669311747
3505,0.0006992823327891529,0.00015417423855978996
3506,0.0006983314524404705,0.0001504109095549211
3507,0.0006975604919716716,0.00014014607586432248
3508,0.0006968636298552155,0.00012887295451946557
3509,0.0006961938925087452,0.0001217711906065233
3510,0.0006955833523534238,0.00012100670574000105
3511,0.0006950516253709793,0.00012507286737672985
3512,0.0006945494096726179,0.00013005670916754752
3513,0.0006940546445548534,0.00013206418952904642
3514,0.0006936078425496817,0.00012939295265823603
3515,0.0006932533578947186,0.00012330038589425385
3516,0.0006929889786988497,0.00011704094504239038
3517,0.0006928254151716828,0.00011370352149242535
3518,0.000692829373292625,0.00011437472130637616
3519,0.000693097710609436,0.00011767209798563272
3520,0.0006937178550288081,0.0001208755056723021
3521,0.0006948182126507163,0.00012166680971859023
3522,0.0006966531509533525,0.00011947906750719994
3523,0.0006995742442086339,0.0001156088910647668
3524,0.0007041102508082986,0.00011217623250558972
3525,0.0007110371952876449,0.00011077135422965512
3526,0.0007216575322672725,0.00011161158909089863
3527,0.0007378249429166317,0.00011365085811121389
3528,0.0007628294988535345,0.00011536074453033507
3529,0.0008011652389541268,0.00011567518231458962
3530,0.0008613021345809102,0.0001144912457675673
3531,0.0009545034263283014,0.0001125352646340616
3532,0.001103484770283103,0.00011080819967901334
3533,0.001336027984507382,0.00011000630183843896
3534,0.0017137452960014343,0.00011022094258805737
3535,0.0023014480248093605,0.0001110307639464736
3536,0.003263074206188321,0.00011181877925992012
3537,0.00471586873754859,0.0001121350796893239
3538,0.007047668099403381,0.00011186236224602908
3539,0.010240776464343071,0.00011118694965261966
3540,0.014883787371218204,0.00011043524864362553
3541,0.01953027956187725,0.00010987989662680775
3542,0.023985037580132484,0.00010964232933474705
3543,0.02339259721338749,0.0001096721607609652
3544,0.018117688596248627,0.00010983984975609928
3545,0.008477994240820408,0.00010999967344105244
3546,0.0017594273667782545,0.00011006603017449379
3547,0.0020792263094335794,0.0001100147856050171
3548,0.006942111998796463,0.00010987067071255296
3549,0.010177453979849815,0.00010967771231662482
3550,0.008018623106181622,0.00010947180271614343
3551,0.0032641184516251087,0.00010928620758932084
3552,0.001074151019565761,0.00010913104051724076
3553,0.0029888558201491833,0.00010902098438236862
3554,0.005607612896710634,0.00010895446030190215
3555,0.00522146699950099,0.00010892948921537027
3556,0.0024572578258812428,0.00010893274156842381
3557,0.0009167460375465453,0.00010894378647208214
3558,0.00205236510373652,0.00010894340084632859
3559,0.0036574131809175014,0.00010891186684602872
3560,0.003451123833656311,0.00010884485527640209
3561,0.0018919582944363356,0.00010874276631511748
3562,0.0009587319218553603,0.00010862552881008014
3563,0.0014167705085128546,0.00010850606486201286
3564,0.002264761831611395,0.00010840210597962141
3565,0.0023798132315278053,0.0001083213574020192
3566,0.0017100030090659857,0.00010826630023075268
3567,0.0009828947950154543,0.00010823115007951856
3568,0.0009379279799759388,0.00010820575698744506
3569,0.0014672696124762297,0.00010818400915013626
3570,0.0018168691312894225,0.0001081560185411945
3571,0.0015643610386177897,0.00010812027176143602
3572,0.0010082669323310256,0.00010807382932398468
3573,0.0007759265135973692,0.00010802379983942956
3574,0.0009828032925724983,0.00010796781862154603
3575,0.0012620491907000542,0.00010791215026983991
3576,0.0013147322461009026,0.0001078557688742876
3577,0.0011272989213466644,0.00010780089360196143
3578,0.0008820708026178181,0.00010774568363558501
3579,0.000759369577281177,0.00010769104119390249
3580,0.0008279189933091402,0.00010763652971945703
3581,0.000991709646768868,0.00010758132702903822
3582,0.0010702051222324371,0.00010752698290161788
3583,0.0009814235381782055,0.00010747265332611278
3584,0.000822829024400562,0.00010742004815256223
3585,0.0007314877584576607,0.00010736910189734772
3586,0.0007428995450027287,0.00010731942165875807
3587,0.0008072329219430685,0.00010727097105700523
3588,0.0008646378992125392,0.00010722439765231684
3589,0.000875933445058763,0.0001071780061465688
3590,0.0008306038216687739,0.00010713299707276747
3591,0.0007538576610386372,0.0001070871003321372
3592,0.0007015299052000046,0.00010704127635108307
3593,0.0007028405088931322,0.00010699547419790179
3594,0.0007378346635960042,0.00010694933735067025
3595,0.0007690021302551031,0.00010690353519748896
3596,0.0007771050441078842,0.0001068573837983422
3597,0.0007636770023964345,0.00010681124695111066
3598,0.0007347156060859561,0.00010676651436369866
3599,0.0007021875353530049,0.00010672189091565087
3600,0.0006829712656326592,0.00010667748574633151
3601,0.0006851854268461466,0.00010663424473023042
3602,0.0007001998019404709,0.00010659178224159405
3603,0.0007136735366657376,0.00010655016376404092
3604,0.000718768103979528,0.00010651128832250834
3605,0.0007156850770115852,0.00010647311137290671
3606,0.0007056361064314842,0.0001064394018612802
3607,0.0006908423965796828,0.0001064105163095519
3608,0.0006775726797059178,0.00010638967796694487
3609,0.0006711803143844008,0.00010637982632033527
3610,0.0006717643700540066,0.00010638777166604996
3611,0.0006755978101864457,0.0001064219104591757
3612,0.0006797417299821973,0.00010649863543221727
3613,0.0006832461804151535,0.00010663896682672203
3614,0.0006847810582257807,0.0001068836500053294
3615,0.00068283622385934,0.00010728917550295591
3616,0.0006778993410989642,0.00010795770504046232
3617,0.0006721763638779521,0.00010904371447395533
3618,0.0006672887830063701,0.00011081897537223995
3619,0.0006634336314164102,0.00011371340951882303
3620,0.0006606105016544461,0.00011846389679703861
3621,0.0006592682329937816,0.00012629767297767103
3622,0.0006594727747142315,0.00013928055705036968
3623,0.000660422258079052,0.0001609754835953936
3624,0.0006612282013520598,0.00019724642334040254
3625,0.0006616933387704194,0.0002585197798907757
3626,0.0006619394989684224,0.0003612125292420387
3627,0.0006618197076022625,0.0005349518614821136
3628,0.0006610517739318311,0.0008211770909838378
3629,0.0006597299361601472,0.0012923605972900987
3630,0.0006582379573956132,0.00201316736638546
3631,0.0006567395757883787,0.0030701092910021544
3632,0.0006551786209456623,0.004321075510233641
3633,0.0006535304710268974,0.00548608647659421
3634,0.0006519844173453748,0.005654006730765104
3635,0.0006506716599687934,0.00443598348647356
3636,0.0006495080888271332,0.0021236594766378403
3637,0.0006483986508101225,0.00038596722879447043
3638,0.0006473636021837592,0.00033634246210567653
3639,0.0006464730831794441,0.0015205545350909233
3640,0.0006457028794102371,0.0024524149484932423
3641,0.0006449613720178604,0.002055556047707796
3642,0.0006442174781113863,0.0008429917506873608
3643,0.00064351741457358,0.00014208095672074705
3644,0.0006428788183256984,0.000539901084266603
3645,0.0006422566366381943,0.001272275927476585
3646,0.000641620543319732,0.0013153665931895375
3647,0.0006409803172573447,0.0006626419490203261
3648,0.0006403700681403279,0.00014848611317574978
3649,0.000639786128886044,0.00031050926190800965
3650,0.0006391942733898759,0.0007581794634461403
3651,0.0006385919987224042,0.0008212629472836852
3652,0.0006380047416314483,0.00044597810483537614
3653,0.0006374379736371338,0.00013712537474930286
3654,0.0006368889007717371,0.00023072402109391987
3655,0.0006363442516885698,0.0004957150667905807
3656,0.0006358148530125618,0.0005301109049469233
3657,0.0006353191565722227,0.00030461931601166725
3658,0.0006348811439238489,0.00012280791997909546
3659,0.0006345027941279113,0.00018087704665958881
3660,0.00063423061510548,0.00033961705048568547
3661,0.0006341208936646581,0.00036254050792194903
3662,0.0006342845153994858,0.00022964720847085118
3663,0.0006348878960125148,0.00011729787365766242
3664,0.0006361845880746841,0.00014566672325599939
3665,0.0006386320455931127,0.0002401346282567829
3666,0.0006429938366636634,0.0002609466901049018
3667,0.0006505840574391186,0.00018656672909855843
3668,0.0006635802565142512,0.00011506064038258046
3669,0.0006859292043372989,0.00012375402729958296
3670,0.0007241276325657964,0.0001795673306332901
3671,0.0007903283112682402,0.00020029282313771546
3672,0.0009042026940733194,0.00016187519941013306
3673,0.0011043839622288942,0.00011482009722385556
3674,0.0014504174469038844,0.00011074462963733822
3675,0.002066729823127389,0.0001416825980413705
3676,0.0031236426439136267,0.00016126623086165637
3677,0.005006003193557262,0.00014559067494701594
3678,0.00808353815227747,0.00011599664867389947
3679,0.013309180736541748,0.00010586446296656504
3680,0.020482031628489494,0.00012020339636364952
3681,0.030201805755496025,0.00013590988237410784
3682,0.03626178577542305,0.00013307372864801437
3683,0.03570370376110077,0.00011637095303740352
3684,0.021222224459052086,0.0001050393984769471
3685,0.005443122703582048,0.00010881049820454791
3686,0.0019215530483052135,0.0001192979616462253
3687,0.010600071400403976,0.00012265925761312246
3688,0.01655818521976471,0.00011555109813343734
3689,0.010528715327382088,0.0001065187097992748
3690,0.0026548528112471104,0.0001045373865053989
3691,0.003569778986275196,0.00010947360715363175
3692,0.00841909646987915,0.00011407234705984592
3693,0.008018913678824902,0.0001129584779846482
3694,0.0034798276610672474,0.00010772759560495615
3695,0.0022739171981811523,0.00010393431148258969
3696,0.004956483840942383,0.00010462001955602318
3697,0.005738913547247648,0.00010775720875244588
3698,0.0031650897581130266,0.00010932939039776102
3699,0.0015984718920663,0.00010769968503154814
3700,0.002978003118187189,0.00010475758608663455
3701,0.0042160083539783955,0.00010331242810934782
3702,0.0028577742632478476,0.00010419116006232798
3703,0.0011804464738816023,0.00010584014671621844
3704,0.0018880725838243961,0.00010628579912008718
3705,0.0031655316706746817,0.00010512533481232822
3706,0.00239144591614604,0.00010354598634876311
3707,0.0010053166188299656,0.00010291783837601542
3708,0.0012704659020528197,0.0001034660599543713
3709,0.002267188858240843,0.00010429824033053592
3710,0.002076266333460808,0.00010446153464727104
3711,0.001106060342863202,0.00010379761806689203
3712,0.0009506227215752006,0.00010294189269188792
3713,0.0015101720346137881,0.0001025750461849384
3714,0.0016558264615014195,0.00010282362927682698
3715,0.0012579017784446478,0.00010325400216970593
3716,0.0009576754528097808,0.00010336680134059861
3717,0.000994850997813046,0.00010304367606295273
3718,0.001155638019554317,0.00010255807865178213
3719,0.0012209577253088355,0.00010227814345853403
3720,0.0011020670644938946,0.00010232626664219424
3721,0.0008787374245002866,0.00010253133223159239
3722,0.000785697135142982,0.00010263437434332445
3723,0.0009340273682028055,0.0001025069723255001
3724,0.0010745283216238022,0.00010224124707747251
3725,0.0009591785492375493,0.00010201707482337952
3726,0.0007466988754458725,0.00010195223876507953
3727,0.0007150282617658377,0.00010201660916209221
3728,0.0008400582009926438,0.00010208848107140511
3729,0.0008988730842247605,0.00010206631850451231
3730,0.0008252527914009988,0.00010193961497861892
3731,0.0007406904478557408,0.0001017826289171353
3732,0.0007144047413021326,0.00010167475556954741
3733,0.0007241565035656095,0.0001016474052448757
3734,0.0007472886936739087,0.00010166780703002587
3735,0.0007686937460675836,0.00010167415166506544
3736,0.0007545567932538688,0.00010163165279664099
3737,0.000699507596436888,0.00010154249321203679
3738,0.0006582618225365877,0.00010144664702238515
3739,0.0006748933810740709,0.00010137646313523874
3740,0.0007141169626265764,0.00010134570766240358
3741,0.0007187623996287584,0.00010133549221791327
3742,0.0006894458783790469,0.0001013209403026849
3743,0.0006627945695072412,0.00010128405119758099
3744,0.0006548099918290973,0.00010122716048499569
3745,0.0006565604126080871,0.0001011641143122688
3746,0.0006620297208428383,0.00010111367737408727
3747,0.0006701914826408029,0.00010108255810337141
3748,0.0006713283946737647,0.00010106941044796258
3749,0.0006572965648956597,0.00010106338595505804
3750,0.0006390886264853179,0.00010106061381520703
3751,0.0006334416102617979,0.00010105771798407659
3752,0.0006404860760085285,0.00010107171692652628
3753,0.0006470707594417036,0.00010111351730301976
3754,0.0006463189492933452,0.00010121009108843282
3755,0.0006418540142476559,0.00010137800563825294
3756,0.0006369571783579886,0.00010166067659156397
3757,0.0006310393800958991,0.00010209988249698654
3758,0.0006256530177779496,0.0001027916296152398
3759,0.000624761451035738,0.00010386365465819836
3760,0.0006282783579081297,0.00010555752669461071
3761,0.000630943919532001,0.0001082160379155539
3762,0.0006293033948168159,0.00011244032793911174
3763,0.000625304994173348,0.00011914133210666478
3764,0.0006219686474651098,0.00012986613728571683
3765,0.0006196345202624798,0.00014705983630847186
3766,0.0006176541792228818,0.00017475815548095852
3767,0.000616626173723489,0.0002194766275351867
3768,0.0006172116845846176,0.000291510223178193
3769,0.0006182328797876835,0.0004072792362421751
3770,0.0006178399780765176,0.0005900421529076993
3771,0.0006159253534860909,0.0008732896531000733
3772,0.0006138139287941158,0.0012883159797638655
3773,0.0006122622871771455,0.0018564603524282575
3774,0.0006109615787863731,0.0025140708312392235
3775,0.0006097673322074115,0.003098506946116686
3776,0.0006090899114497006,0.0032590520568192005
3777,0.0006090454990044236,0.0027618990279734135
3778,0.0006090528331696987,0.0016693469369783998
3779,0.0006085054483264685,0.0005869345623068511
3780,0.0006075063720345497,0.0001206569722853601
3781,0.0006064757471904159,0.00040378893027082086
3782,0.0006055263802409172,0.0010147481225430965
3783,0.0006044992478564382,0.0013589852023869753
3784,0.000603449298068881,0.001144947251304984
3785,0.0006026353221386671,0.0005756676546297967
3786,0.0006021345034241676,0.00016323066665790975
3787,0.0006017431733198464,0.00019726826576516032
3788,0.0006012554513290524,0.000517127919010818
3789,0.000600692059379071,0.0007341958698816597
3790,0.0006001496221870184,0.0006249473080970347
3791,0.0005995989195071161,0.00032300109160132706
3792,0.00059893709840253,0.00012645669630728662
3793,0.0005981703870929778,0.0001823299244279042
3794,0.0005974111845716834,0.0003632798616308719
3795,0.0005967306788079441,0.0004447491664905101
3796,0.0005960866110399365,0.00034537524334155023
3797,0.0005954443477094173,0.00017973525973502547
3798,0.0005948148900642991,0.00011086336598964408
3799,0.0005942494608461857,0.00017455386114306748
3800,0.0005937341484241188,0.0002689415996428579
3801,0.0005932305357418954,0.0002826018608175218
3802,0.0005926986341364682,0.00020671616948675364
3803,0.0005921651609241962,0.00012508565851021558
3804,0.0005916479276493192,0.00011158422421431169
3805,0.000591139541938901,0.00015854097728151828
3806,0.0005906132282689214,0.0002006021240958944
3807,0.0005900653195567429,0.00019109183631371707
3808,0.0005895192734897137,0.00014400466170627624
3809,0.0005889813764952123,0.0001082212693290785
3810,0.0005884551210328937,0.0001123965485021472
3811,0.0005879157688468695,0.00014054507482796907
3812,0.0005873763002455235,0.00015679761418141425
3813,0.0005868450971320271,0.00014413885946851224
3814,0.0005863269325345755,0.0001173644486698322
3815,0.000585814006626606,0.000102368721854873
3816,0.0005853015463799238,0.00010904809460043907
3817,0.0005847988650202751,0.00012494671682361513
3818,0.0005843000835739076,0.00013137413770891726
3819,0.0005838232464157045,0.0001222839200636372
3820,0.00058335205540061,0.00010737294360296801
3821,0.0005828906432725489,0.00010015766747528687
3822,0.0005824463441967964,0.00010454328003106639
3823,0.0005820292280986905,0.00011322408681735396
3824,0.0005816419143229723,0.00011656372953439131
3825,0.0005813009338453412,0.00011159394489368424
3826,0.0005810124566778541,0.00010350502998335287
3827,0.0005808125715702772,9.932142711477354e-05
3828,0.0005807369016110897,0.00010135062620975077
3829,0.000580841675400734,0.0001060553258867003
3830,0.0005812135059386492,0.00010829959501279518
3831,0.0005819816142320633,0.00010610327444737777
3832,0.0005833515897393227,0.00010166691936319694
3833,0.0005856293137185276,9.875353862298653e-05
3834,0.0005893394118174911,9.914881229633465e-05
3835,0.0005952312494628131,0.00010159028897760436
3836,0.0006045819027349353,0.00010340903099859133
3837,0.0006193404551595449,0.00010297355765942484
3838,0.0006428759079426527,0.00010083560482598841
3839,0.0006802747375331819,9.879542631097138e-05
3840,0.0007406120421364903,9.82453057076782e-05
3841,0.0008373695309273899,9.913947724271566e-05
3842,0.0009958104928955436,0.00010032225691247731
3843,0.0012517900904640555,0.00010066977120004594
3844,0.001675905892625451,9.992848208639771e-05
3845,0.0023582796566188335,9.87506500678137e-05
3846,0.003488613525405526,9.79827091214247e-05
3847,0.005246955901384354,9.801243868423626e-05
3848,0.0080577302724123,9.856563701760024e-05
3849,0.011949337087571621,9.903866884997115e-05
3850,0.017322668805718422,9.903017053147778e-05
3851,0.02225762978196144,9.855866665020585e-05
3852,0.025615623220801353,9.798679093364626e-05
3853,0.02218863181769848,9.76670125965029e-05
3854,0.013704062439501286,9.771016630111262e-05
3855,0.0040295966900885105,9.795361256692559e-05
3856,0.0010013842256739736,9.812923963181674e-05
3857,0.0052819582633674145,9.808035974856466e-05
3858,0.01009613461792469,9.782981942407787e-05
3859,0.009568757377564907,9.754232451086864e-05
3860,0.004324160050600767,9.736943320604041e-05
3861,0.001025207107886672,9.736078936839476e-05
3862,0.0027506989426910877,9.745194984134287e-05
3863,0.005716944579035044,9.752369078341872e-05
3864,0.005466033238917589,9.750225581228733e-05
3865,0.002507675439119339,9.738138760440052e-05
3866,0.0009704929543659091,9.722642425913364e-05
3867,0.002294468693435192,9.710804442875087e-05
3868,0.0038902764208614826,9.706217679195106e-05
3869,0.003400445217266679,9.707703429739922e-05
3870,0.0016052783466875553,9.71029294305481e-05
3871,0.0008559221168980002,9.709940059110522e-05
3872,0.0017532114870846272,9.704745025373995e-05
3873,0.0026606693863868713,9.696383494883776e-05
3874,0.0022552504669874907,9.68768508755602e-05
3875,0.0011526306625455618,9.681563096819445e-05
3876,0.0007475963793694973,9.678673086455092e-05
3877,0.0013279275735840201,9.678024798631668e-05
3878,0.0019196092616766691,9.677760681370273e-05
3879,0.0017230788944289088,9.676066838437691e-05
3880,0.0010451069101691246,9.672629676060751e-05
3881,0.000679828692227602,9.668008715379983e-05
3882,0.0009183266665786505,9.663597302278504e-05
3883,0.0013261771528050303,9.660720388637856e-05
3884,0.00137764448300004,9.65978397289291e-05
3885,0.001052670180797577,9.661347576184198e-05
3886,0.0007226548041217029,9.664890239946544e-05
3887,0.0006831925129517913,9.671041334513575e-05
3888,0.000878926832228899,9.680194489192218e-05
3889,0.0010457892203703523,9.695313929114491e-05
3890,0.0010147697757929564,9.719368244986981e-05
3891,0.0008315490558743477,9.759074600879103e-05
3892,0.0006660689832642674,9.822482388699427e-05
3893,0.0006405722233466804,9.924681216944009e-05
3894,0.0007344443583860993,0.00010087024566018954
3895,0.0008347748080268502,0.0001034720116876997
3896,0.0008430400630459189,0.00010764921171357855
3897,0.0007529545109719038,0.00011441360402386636
3898,0.000645670632366091,0.0001254533272003755
3899,0.0006006524199619889,0.00014353948063217103
3900,0.0006339199608191848,0.00017352566646877676
3901,0.0006958930171094835,0.00022307579638436437
3902,0.0007265492458827794,0.0003061801544390619
3903,0.0007049508858472109,0.0004433762514963746
3904,0.000652337446808815,0.0006734303897246718
3905,0.0006065501365810633,0.001043367083184421
3906,0.0005900136893615127,0.001642234972678125
3907,0.0006023058667778969,0.0025144724640995264
3908,0.0006275231135077775,0.003737898776307702
3909,0.0006460383301600814,0.005002602934837341
3910,0.0006455553811974823,0.005952749401330948
3911,0.0006264707772061229,0.005527191329747438
3912,0.0005999475251883268,0.0037452939432114363
3913,0.0005805071559734643,0.0013761722948402166
3914,0.0005758694023825228,0.0001679987326497212
3915,0.0005837168428115547,0.0007122437236830592
3916,0.0005953697836957872,0.0019891366828233004
3917,0.0006028308416716754,0.0025039135944098234
3918,0.0006027778144925833,0.0016492034774273634
3919,0.0005960236303508282,0.0004767943755723536
3920,0.0005857463693246245,0.00020583285368047655
3921,0.0005755997844971716,0.0008611471275798976
3922,0.0005686881486326456,0.0014103237772360444
3923,0.000566652393899858,0.0011039997916668653
3924,0.0005688882665708661,0.00039860798278823495
3925,0.0005730229895561934,0.0001458757178625092
3926,0.0005763606750406325,0.0005087720928713679
3927,0.00057731952983886,0.0008677131263539195
3928,0.0005758210318163037,0.000710892491042614
3929,0.0005725797964259982,0.0002832321042660624
3930,0.0005685139913111925,0.00011676042049657553
3931,0.0005644474877044559,0.0003319591050967574
3932,0.0005611007800325751,0.0005579610588029027
3933,0.0005590401706285775,0.0004761679156217724
3934,0.000558377883862704,0.0002189200313296169
3935,0.0005587547784671187,0.00010603445844026282
3936,0.0005595455295406282,0.0002243813796667382
3937,0.0005602261517196894,0.00036568217910826206
3938,0.0005605551414191723,0.0003334155189804733
3939,0.0005604482139460742,0.00018434145022183657
3940,0.0005598899442702532,0.00010382141772424802
3941,0.000558881089091301,0.00016117218183353543
3942,0.0005575251416303217,0.00024890125496312976
3943,0.0005559982964769006,0.0002447919105179608
3944,0.0005545036401599646,0.00016177777433767915
3945,0.0005531603237614036,0.00010291263606632128
3946,0.000551999663002789,0.00012448504276107997
3947,0.0005509996553882957,0.00017886035493575037
3948,0.0005501520354300737,0.00019007158698514104
3949,0.0005494637880474329,0.00014764408115297556
3950,0.000548927579075098,0.00010422199557069689
3951,0.0005485063884407282,0.00010437053424539044
3952,0.0005481470143422484,0.0001353863044641912
3953,0.0005478087696246803,0.0001529339497210458
3954,0.0005474897334352136,0.00013695411325898021
3955,0.0005471935728564858,0.00010809863306349143
3956,0.0005469254683703184,9.737206710269675e-05
3957,0.0005466821021400392,0.0001102311653085053
3958,0.000546462251804769,0.00012596143642440438
3959,0.0005462592234835029,0.00012528580555226654
3960,0.0005461073596961796,0.00011028614972019568
3961,0.0005460347165353596,9.791830962058157e-05
3962,0.0005460655083879828,9.904373291647062e-05
3963,0.0005462383269332349,0.0001084800242097117
3964,0.0005465983995236456,0.00011366723629180342
3965,0.0005472230259329081,0.0001090175865101628
3966,0.0005482326960191131,0.00010016554733738303
3967,0.0005497694946825504,9.592964488547295e-05
3968,0.0005520775448530912,9.887844498734921e-05
3969,0.0005554559757001698,0.00010401179315522313
3970,0.0005604036850854754,0.00010523172386456281
3971,0.0005676177679561079,0.0001014895096886903
3972,0.0005781984655186534,9.677505295258015e-05
3973,0.0005937508540228009,9.528248483547941e-05
3974,0.0006168416002765298,9.738828521221876e-05
3975,0.0006512150284834206,0.00010006651427829638
3976,0.000703003432136029,0.00010036663297796622
3977,0.0007811251562088728,9.815361408982426e-05
3978,0.0009006065083667636,9.56283911364153e-05
3979,0.0010827621445059776,9.487371426075697e-05
3980,0.001364545663818717,9.598818724043667e-05
3981,0.0017949522007256746,9.739604138303548e-05
3982,0.0024611814878880978,9.760091779753566e-05
3983,0.0034599618520587683,9.646455146139488e-05
3984,0.004964958876371384,9.507715731160715e-05
3985,0.007066268473863602,9.453399979975075e-05
3986,0.009937996044754982,9.500647865934297e-05
3987,0.0131486551836133,9.577783930581063e-05
3988,0.016306106001138687,9.601708734408021e-05
3989,0.017326198518276215,9.552241681376472e-05
3990,0.01562725193798542,9.473119280301034e-05
3991,0.010117021389305592,9.426212636753917e-05
3992,0.004182005766779184,9.434690582565963e-05
3993,0.0009087616926990449,9.473691170569509e-05
3994,0.0019051342969760299,9.499962470727041e-05
3995,0.005149563774466515,9.488505747867748e-05
3996,0.006992393173277378,9.449865319766104e-05
3997,0.005812306888401508,9.4126611656975e-05
3998,0.0026768455281853676,9.399375994689763e-05
3999,0.0007813941920176148,9.410109487362206e-05
4000,0.0014722025953233242,9.427241457160562e-05
4001,0.0032963231205940247,9.433105878997594e-05
4002,0.00401347316801548,9.421174763701856e-05
4003,0.0028479525353759527,9.400142153026536e-05
4004,0.001234607771039009,9.382559801451862e-05
4005,0.0007095018518157303,9.37673612497747e-05
4006,0.0014399661449715495,9.381024574395269e-05
4007,0.0023434509057551622,9.387325553689152e-05
4008,0.0023777333553880453,9.388364560436457e-05
4009,0.0016206175787374377,9.381325071444735e-05
4010,0.0008574625244364142,9.36984724830836e-05
4011,0.0007236136589199305,9.359215619042516e-05
4012,0.0011418480426073074,9.353666246170178e-05
4013,0.0015625075902789831,9.353152563562617e-05
4014,0.001594681991264224,9.354762732982635e-05
4015,0.0012602329952642322,9.355092333862558e-05
4016,0.0008533528307452798,9.351809421787038e-05
4017,0.0006648479029536247,9.345755097456276e-05
4018,0.0007487956318072975,9.338640666101128e-05
4019,0.0009693932952359319,9.333171328762546e-05
4020,0.0011266135843470693,9.330014290753752e-05
4021,0.001094644539989531,9.32869006646797e-05
4022,0.0009097735164687037,9.327872248832136e-05
4023,0.0006896427366882563,9.326085273642093e-05
4024,0.0005807136767543852,9.322875848738477e-05
4025,0.0006249086000025272,9.318438969785348e-05
4026,0.0007535100448876619,9.313926420873031e-05
4027,0.0008537136018276215,9.309878805652261e-05
4028,0.0008461469551548362,9.306871652370319e-05
4029,0.0007529202848672867,9.304702689405531e-05
4030,0.0006395000964403152,9.30282476474531e-05
4031,0.0005733091966249049,9.300718375016004e-05
4032,0.0005709825782105327,9.298024087911472e-05
4033,0.0006080487510189414,9.29499656194821e-05
4034,0.0006502339383587241,9.291524474974722e-05
4035,0.000673391972668469,9.288128057960421e-05
4036,0.0006729982560500503,9.285045234719291e-05
4037,0.0006513044936582446,9.282304381486028e-05
4038,0.0006152209243737161,9.279889491153881e-05
4039,0.0005766773247160017,9.277515346184373e-05
4040,0.000548600044567138,9.275149932364002e-05
4041,0.0005408235592767596,9.272580791730434e-05
4042,0.0005527817993424833,9.269896690966561e-05
4043,0.0005742494249716401,9.26698703551665e-05
4044,0.0005923815770074725,9.26410430110991e-05
4045,0.0005985153838992119,9.261319792130962e-05
4046,0.0005928213940933347,9.258568024961278e-05
4047,0.0005800966755487025,9.255970508093014e-05
4048,0.0005658944719471037,9.25345957512036e-05
4049,0.0005531347123906016,9.250989387510344e-05
4050,0.0005424611154012382,9.248574497178197e-05
4051,0.0005343740340322256,9.246122499462217e-05
4052,0.000529705488588661,9.243561362382025e-05
4053,0.0005294126458466053,9.241028601536527e-05
4054,0.0005330374697223306,9.238450729753822e-05
4055,0.0005385834956541657,9.235865582013503e-05
4056,0.0005437158397398889,9.233368473360315e-05
4057,0.0005467754090204835,9.230922296410426e-05
4058,0.000547813018783927,9.228497219737619e-05
4059,0.0005475041689351201,9.226148540619761e-05
4060,0.0005466665606945753,9.223989763995633e-05
4061,0.0005454060737974942,9.221832442563027e-05
4062,0.0005434621125459671,9.21982282306999e-05
4063,0.0005407361313700676,9.218018385581672e-05
4064,0.0005374600877985358,9.216528269462287e-05
4065,0.0005342555232346058,9.215420141117647e-05
4066,0.0005315528251230717,9.215033060172573e-05
4067,0.0005294761504046619,9.215602040058002e-05
4068,0.0005278451717458665,9.217609476763755e-05
4069,0.0005263370694592595,9.22183389775455e-05
4070,0.0005248966626822948,9.229580609826371e-05
4071,0.0005235805292613804,9.242696251021698e-05
4072,0.0005225905915722251,9.264280379284173e-05
4073,0.0005220132879912853,9.299127123085782e-05
4074,0.0005218405276536942,9.355200018035248e-05
4075,0.0005219672457315028,9.445070463698357e-05
4076,0.0005223288899287581,9.58950913627632e-05
4077,0.0005230321548879147,9.822507854551077e-05
4078,0.000524275004863739,0.00010199961980106309
4079,0.0005263626226224005,0.00010815218411153182
4080,0.0005296473391354084,0.00011821439693449065
4081,0.0005345519748516381,0.0001347939542029053
4082,0.0005417605862021446,0.0001621141127543524
4083,0.0005522156716324389,0.00020741984189953655
4084,0.000567631796002388,0.0002819646615535021
4085,0.0005903547862544656,0.00040473381523042917
4086,0.0006243771640583873,0.0006016076658852398
4087,0.0006753175402991474,0.0009116885485127568
4088,0.0007525323308072984,0.001364409807138145
4089,0.0008697014418430626,0.0019758010748773813
4090,0.00104928866494447,0.0026342275086790323
4091,0.0013238344108685851,0.003131617559120059
4092,0.001746687339618802,0.003077867440879345
4093,0.0023888968862593174,0.0023852738086134195
4094,0.0033635380677878857,0.0013497623149305582
4095,0.004787111189216375,0.000658586504869163
4096,0.0068068187683820724,0.0006844253512099385
4097,0.009424695745110512,0.0011764297960326076
4098,0.012397916056215763,0.001532319700345397
4099,0.015046061016619205,0.001303026801906526
4100,0.01582915149629116,0.0006509969825856388
4101,0.014170458540320396,0.00015399823314510286
4102,0.009365100413560867,0.0001899390626931563
4103,0.004386934917420149,0.0005658441805280745
4104,0.001365449745208025,0.0008022016263566911
4105,0.001713767065666616,0.0006625807727687061
4106,0.004095835145562887,0.00034702112316153944
4107,0.005927049554884434,0.00021021800057496876
4108,0.0055883703753352165,0.0003361736598890275
4109,0.0032017442863434553,0.000496391614433378
4110,0.0011728140525519848,0.0004641419800464064
4111,0.0010120209772139788,0.0002647418004926294
4112,0.0023718883749097586,0.00011473597987787798
4113,0.0035235027316957712,0.00014279353490564972
4114,0.003138307947665453,0.0002636252320371568
4115,0.0017734597204253078,0.0003141206980217248
4116,0.0007149124285206199,0.0002449422609061003
4117,0.0008353329612873495,0.00015354396600741893
4118,0.0016947451513260603,0.00014188786735758185
4119,0.00221906672231853,0.0002005414862651378
4120,0.0019347593188285828,0.0002405381965218112
4121,0.0011694637360051274,0.00020820004283450544
4122,0.0006793764187023044,0.00014032828039489686
4123,0.0007627367740496993,0.00010618068336043507
4124,0.0011304791551083326,0.00012544161290861666
4125,0.0013597887009382248,0.00015651769354008138
4126,0.0012761870166286826,0.00015472841914743185
4127,0.0010532644810155034,0.0001228808832820505
4128,0.0008918168605305254,9.813173528527841e-05
4129,0.0008195143309421837,0.00010437242599437013
4130,0.0007827442605048418,0.00012798301759175956
4131,0.0007363893673755229,0.00013928094995208085
4132,0.0007295962423086166,0.0001278347772313282
4133,0.0007938256021589041,0.00010932078293990344
4134,0.0008758846670389175,0.00010403494525235146
4135,0.0008939792169257998,0.00011403344251448289
4136,0.000787331722676754,0.0001245002931682393
4137,0.00063585105817765,0.00012274841719772667
4138,0.0005379528738558292,0.0001111554229282774
4139,0.0005489282193593681,0.00010195236245635897
4140,0.0006280960515141487,0.00010271633800584823
4141,0.0006907663191668689,0.00010953854507533833
4142,0.0006949191447347403,0.0001133878031396307
4143,0.0006489710649475455,0.00011030824680346996
4144,0.0006049085059203207,0.00010468807158758864
4145,0.0005863443948328495,0.0001032741492963396
4146,0.0005844522966071963,0.00010836318688234314
4147,0.0005763365770690143,0.00011678048758767545
4148,0.0005528071778826416,0.0001247088221134618
4149,0.0005289223045110703,0.00013253912038635463
4150,0.0005234790151007473,0.00014507962623611093
4151,0.0005405886331573129,0.00016835020505823195
4152,0.0005657197907567024,0.0002072006609523669
4153,0.0005792872980237007,0.0002658857556525618
4154,0.0005743224173784256,0.00035311761894263327
4155,0.0005572356167249382,0.0004825397627428174
4156,0.0005414118058979511,0.0006786678568460047
4157,0.0005338730989024043,0.0009640052448958158
4158,0.0005321267526596785,0.0013692979700863361
4159,0.0005296361050568521,0.001884090481325984
4160,0.0005217797588557005,0.002479247283190489
4161,0.0005109611665830016,0.002974234987050295
4162,0.0005024044658057392,0.003176318481564522
4163,0.0004999462398700416,0.0027996886055916548
4164,0.0005028819432482123,0.0019197259098291397
4165,0.0005072666681371629,0.000876049802172929
4166,0.0005094751832075417,0.0002171077358070761
4167,0.0005086376913823187,0.00020367171964608133
4168,0.000506895943544805,0.0006586590316146612
4169,0.0005066897138021886,0.0011382937664166093
4170,0.0005091385100968182,0.0012384403962641954
4171,0.0005133190425112844,0.0009049989166669548
4172,0.0005175125552341342,0.0004047243855893612
4173,0.000520793255418539,0.00012157898163422942
4174,0.0005235068965703249,0.00019871992117259651
4175,0.0005272122798487544,0.00046897956053726375
4176,0.0005334563902579248,0.0006474805995821953
4177,0.0005431188037618995,0.0005746464594267309
4178,0.0005569773493334651,0.00033691985299810767
4179,0.0005749320844188333,0.00014126153837423772
4180,0.0005994683597236872,0.0001254322996828705
4181,0.0006320859538391232,0.0002490623155608773
4182,0.0006794077926315367,0.0003643987001851201
4183,0.0007455340237356722,0.000363120372639969
4184,0.0008427042630501091,0.00025545418611727655
4185,0.0009795293444767594,0.0001423178764525801
4186,0.0011803429806604981,0.00010920053318841383
4187,0.0014621716691181064,0.00015827755851205438
4188,0.0018760079983621836,0.00022349468781612813
4189,0.0024414053186774254,0.0002395350020378828
4190,0.00325489672832191,0.0001964900002349168
4191,0.004281234461814165,0.00013488238619174808
4192,0.005639815703034401,0.00010340616427129135
4193,0.00704966252669692,0.00011660456948447973
4194,0.008470661006867886,0.00015020168211776763
4195,0.009234760887920856,0.00016909859550651163
4196,0.009030593559145927,0.00015763907867949456
4197,0.007707922253757715,0.00012803604477085173
4198,0.005398002453148365,0.00010447498061694205
4199,0.0031939754262566566,0.00010192889749305323
4200,0.0015603865031152964,0.0001161813415819779
4201,0.0010098519269376993,0.00013128400314599276
4202,0.0013903285143896937,0.00013440604379866272
4203,0.0022880432661622763,0.0001248853950528428
4204,0.0030748238787055016,0.00011219492444070056
4205,0.0031557329930365086,0.00010688682232284918
4206,0.0025673997588455677,0.0001127577488659881
4207,0.0015083742327988148,0.00012577313464134932
4208,0.0007248506299220026,0.00013921063509769738
4209,0.0006095566786825657,0.00014962487330194563
4210,0.0010783131001517177,0.00015981437172740698
4211,0.0016640262911096215,0.0001763947366271168
4212,0.0018662788206711411,0.00020769018738064915
4213,0.0016344477189704776,0.00025884981732815504
4214,0.0011487166630104184,0.00033698705374263227
4215,0.000777611683588475,0.0004463489749468863
4216,0.000676748575642705,0.000605251407250762
4217,0.000762210285756737,0.0008228575461544096
4218,0.000867870170623064,0.0011384699027985334
4219,0.0008891643956303596,0.0015390977496281266
4220,0.0008731384295970201,0.002065560780465603
4221,0.0008897156803868711,0.002578050596639514
4222,0.0009525504428893328,0.003051595762372017
4223,0.0010117334313690662,0.0031200028024613857
4224,0.0009608615655452013,0.002785447286441922
4225,0.0008239778107963502,0.0019061098573729396
4226,0.0006486414931714535,0.0009264868567697704
4227,0.0005388398421928287,0.00023936349316500127
4228,0.0005247256485745311,0.00013041924103163183
4229,0.0005702060298062861,0.0004981923848390579
4230,0.0006142343627288938,0.0009699418442323804
4231,0.0006196523900143802,0.0011914061615243554
4232,0.0006027680356055498,0.0009850416099652648
4233,0.0005930198822170496,0.0005481448024511337
4234,0.0006126092630438507,0.00018294234178029
4235,0.0006494204862974584,0.0001151499745901674
4236,0.0006745673599652946,0.00030870322370901704
4237,0.000671690097078681,0.0005437515792436898
4238,0.0006412998773157597,0.0006207047845236957
4239,0.000606386864092201,0.00048202279140241444
4240,0.0005844179540872574,0.000258683372521773
4241,0.0005793020245619118,0.00011261489271419123
4242,0.000582401524297893,0.00012331576726865023
4243,0.0005782580701634288,0.0002388339926255867
4244,0.0005648723454214633,0.00034166750265285373
4245,0.0005450202152132988,0.000351411901647225
4246,0.0005303380894474685,0.00026651564985513687
4247,0.0005256204167380929,0.00015900214202702045
4248,0.0005300331977196038,9.982236952055246e-05
4249,0.00053770886734128,0.00011348744737915695
4250,0.0005429925513453782,0.00016986059199552983
4251,0.0005455808714032173,0.00021676845790352672
4252,0.0005485548172146082,0.00022086987155489624
4253,0.000557860592380166,0.0001825925864977762
4254,0.0005778467748314142,0.0001318081485806033
4255,0.0006100872997194529,9.929536463459954e-05
4256,0.0006578892935067415,9.852472430793568e-05
4257,0.0007216565427370369,0.00012069244257872924
4258,0.0008153719245456159,0.00014524449943564832
4259,0.000946556800045073,0.00015504678594879806
4260,0.0011486897710710764,0.00014505028957501054
4261,0.0014399560168385506,0.00012342639092821628
4262,0.0018831840716302395,0.00010295346874045208
4263,0.0025109692942351103,9.335010690847412e-05
4264,0.0034331162460148335,9.636404865887016e-05
4265,0.004660715814679861,0.00010671604104572907
4266,0.006318198051303625,0.00011648025247268379
4267,0.00816361978650093,0.0001198206446133554
4268,0.010063108056783676,0.00011556742538232356
4269,0.01118388120085001,0.00010653546632966027
4270,0.010929674841463566,9.74118520389311e-05
4271,0.009086336940526962,9.198240149999037e-05
4272,0.005925442557781935,9.155367297353223e-05
4273,0.003132588230073452,9.49083041632548e-05
4274,0.001457645557820797,9.94468864519149e-05
4275,0.0013397291768342257,0.00010256489622406662
4276,0.0022291524801403284,0.00010283794836141169
4277,0.0033370815217494965,0.00010036366438725963
4278,0.0038766362704336643,9.641215001465753e-05
4279,0.0033185582142323256,9.262411913368851e-05
4280,0.0021701212972402573,9.029584180098027e-05
4281,0.0010262132855132222,8.989666093839332e-05
4282,0.0007092023734003305,9.10549788386561e-05
4283,0.0012658874038606882,9.289611625717953e-05
4284,0.002040765481069684,9.446228068554774e-05
4285,0.002342811319977045,9.513057011645287e-05
4286,0.0018506280612200499,9.471485100220889e-05
4287,0.0010846983641386032,9.348797175334767e-05
4288,0.0006042897584848106,9.192163270199671e-05
4289,0.0006650552386417985,9.052968380274251e-05
4290,0.001022237353026867,8.963279833551496e-05
4291,0.0012583282077684999,8.934804645832628e-05
4292,0.0012276802444830537,8.957190584624186e-05
4293,0.001037944806739688,9.008299821289256e-05
4294,0.0009175871964544058,9.064274490810931e-05
4295,0.0009284265106543899,9.105363278649747e-05
4296,0.0009294039919041097,9.122682240558788e-05
4297,0.000831101555377245,9.11389070097357e-05
4298,0.0006432404043152928,9.085683268494904e-05
4299,0.0005192365497350693,9.04507833183743e-05
4300,0.0005470916512422264,9.001998841995373e-05
4301,0.0006781441625207663,8.962056745076552e-05
4302,0.0007921398500911891,8.931178308557719e-05
4303,0.000794814492110163,8.910339238354936e-05
4304,0.0007250173948705196,8.900524699129164e-05
4305,0.0006473963730968535,8.899787644622847e-05
4306,0.0006256162887439132,8.905889990273863e-05
4307,0.0006421246798709035,8.916067599784583e-05
4308,0.0006425725296139717,8.927235467126593e-05
4309,0.0005999222630634904,8.937732491176575e-05
4310,0.0005312343710102141,8.945230365497991e-05
4311,0.0004830834805034101,8.949996845331043e-05
4312,0.0004797277506440878,8.950950723374262e-05
4313,0.0005077562527731061,8.949621405918151e-05
4314,0.0005343537777662277,8.945539593696594e-05
4315,0.0005377762718126178,8.940740372054279e-05
4316,0.0005248520756140351,8.934777724789456e-05
4317,0.0005154194659553468,8.929330942919478e-05
4318,0.0005237733712419868,8.923679706640542e-05
4319,0.0005468768649734557,8.919076208258048e-05
4320,0.0005687155644409359,8.91470699571073e-05
4321,0.00058091024402529,8.91153613338247e-05
4322,0.0005809321883134544,8.908813470043242e-05
4323,0.0005831126472912729,8.90745795913972e-05
4324,0.0005949055193923414,8.906886796467006e-05
4325,0.0006212495500221848,8.908090967452154e-05
4326,0.0006570688565261662,8.910676115192473e-05
4327,0.0006977825541980565,8.916013757698238e-05
4328,0.0007449277327395976,8.923777932068333e-05
4329,0.000806240423116833,8.935910591389984e-05
4330,0.0008923631394281983,8.952819189289585e-05
4331,0.001019999966956675,8.977557445177808e-05
4332,0.0011889440938830376,9.011755173560232e-05
4333,0.0014320530463010073,9.061176388058811e-05
4334,0.001731435302644968,9.13065523491241e-05
4335,0.0021592157427221537,9.231572767021134e-05
4336,0.0026670077349990606,9.376277012052014e-05
4337,0.0033582814503461123,9.588818647898734e-05
4338,0.0041060131043195724,9.900998702505603e-05
4339,0.004974104464054108,0.00010366371861891821
4340,0.005700032226741314,0.00011065189755754545
4341,0.006206301040947437,0.0001212244969792664
4342,0.0062005724757909775,0.00013744762691203505
4343,0.005563264712691307,0.00016232724010478705
4344,0.004412474110722542,0.00020122886053286493
4345,0.002921931678429246,0.0002613841788843274
4346,0.0016156577039510012,0.0003567068779375404
4347,0.0007713648374192417,0.0005035700160078704
4348,0.0005716375890187919,0.0007362201577052474
4349,0.0009130035759881139,0.0010831542313098907
4350,0.0015202993527054787,0.0016133743338286877
4351,0.0020662734750658274,0.0023238100111484528
4352,0.0022616866044700146,0.0032714717090129852
4353,0.0020834614988416433,0.004171470180153847
4354,0.0015826296294108033,0.004853457678109407
4355,0.0010384583147242665,0.004562866874039173
4356,0.0006470667431131005,0.003370442194864154
4357,0.0005127022741362453,0.0015620322665199637
4358,0.0005997290136292577,0.0003052938263863325
4359,0.0007939221104606986,0.00024146214127540588
4360,0.0009904990438371897,0.00106944574508816
4361,0.0011164217721670866,0.0018485852051526308
4362,0.0011651618406176567,0.001768923713825643
4363,0.0011474951170384884,0.0009898681892082095
4364,0.0010679092956706882,0.0002519447880331427
4365,0.0009600353077985346,0.00019791463273577392
4366,0.0008150818757712841,0.0006787119200453162
4367,0.0006758428644388914,0.0010412795236334205
4368,0.0005567541811615229,0.0008974987431429327
4369,0.0004855517763644457,0.00042020605178549886
4370,0.00046609522541984916,0.0001271527144126594
4371,0.0004869284457527101,0.00024151266552507877
4372,0.0005280040204524994,0.0005294845905154943
4373,0.0005707108648493886,0.0006338765379041433
4374,0.0006100526661612093,0.000444553152192384
4375,0.0006432682275772095,0.000188255580724217
4376,0.0006796197267249227,0.00011082561104558408
4377,0.0007173001067712903,0.00023537476954516023
4378,0.000757653615437448,0.00038131559267640114
4379,0.0007955622277222574,0.00038038441562093794
4380,0.0008287745295092463,0.00024790441966615617
4381,0.0008594015380367637,0.00012113014236092567
4382,0.0008919422398321331,0.00010954862955259159
4383,0.0009309282177127898,0.000190842998563312
4384,0.0009853725787252188,0.000260091939708218
4385,0.0010495026363059878,0.0002467311278451234
4386,0.0011379780480638146,0.00016909166879486293
4387,0.0012337822699919343,0.00010404170461697504
4388,0.0013638422824442387,0.0001012745633488521
4389,0.001504895044490695,0.00014543446013703942
4390,0.0016940118512138724,0.00018340509268455207
4391,0.001902477233670652,0.0001778455189196393
4392,0.0021651028655469418,0.00013798069267068058
4393,0.0024451473727822304,0.00010049106640508398
4394,0.0027588980738073587,9.343818965135142e-05
4395,0.003059239126741886,0.00011385263496777043
4396,0.003329855389893055,0.00013674658839590847
4397,0.0035166367888450623,0.0001404597278451547
4398,0.0035723329056054354,0.00012327793228905648
4399,0.003466207766905427,0.00010109791764989495
4400,0.00316142151132226,9.068234794540331e-05
4401,0.0027059053536504507,9.638810297474265e-05
4402,0.002128011081367731,0.00010922466753982008
4403,0.0015475490363314748,0.00011668197839753702
4404,0.0010342673631384969,0.00011302479106234387
4405,0.000674302747938782,0.00010202923294855282
4406,0.0004924437962472439,9.232640877598897e-05
4407,0.0004801360482815653,8.993113442556933e-05
4408,0.0005948957987129688,9.440488065592945e-05
4409,0.0007792770629748702,0.00010057264444185421
4410,0.000978835392743349,0.00010318794375052676
4411,0.001146534807048738,0.00010056746396003291
4412,0.0012637315085157752,9.50429166550748e-05
4413,0.0013155625201761723,9.044668695423752e-05
4414,0.0013134315377101302,8.926806913223118e-05
4415,0.0012677382910624146,9.126188524533063e-05
4416,0.0011895160423591733,9.420367132406682e-05
4417,0.0010986975394189358,9.577304444974288e-05
4418,0.0009936644928529859,9.498928557150066e-05
4419,0.0008940222323872149,9.25821004784666e-05
4420,0.0007944090757519007,9.010751091409475e-05
4421,0.000709152314811945,8.888383308658376e-05
4422,0.0006353057688102126,8.921063272282481e-05
4423,0.0005784947425127029,9.044977196026593e-05
4424,0.0005360119976103306,9.159532055491582e-05
4425,0.0005063983844593167,9.1896639787592e-05
4426,0.0004862451460212469,9.125985525315627e-05
4427,0.00047239699051715434,9.009596396936104e-05
4428,0.00046258140355348587,8.90509836608544e-05
4429,0.00045521906577050686,8.855568012222648e-05
4430,0.00044969908776693046,8.868833538144827e-05
4431,0.0004457447794266045,8.919819083530456e-05
4432,0.00044324254849925637,8.969486952992156e-05
4433,0.0004419588658493012,8.990032074507326e-05
4434,0.00044151913607493043,8.971398347057402e-05
4435,0.000441475713159889,8.926898590289056e-05
4436,0.0004414698341861367,8.876642095856369e-05
4437,0.00044129486195743084,8.841425005812198e-05
4438,0.00044094203622080386,8.82946842466481e-05
4439,0.00044059197534807026,8.838644862407818e-05
4440,0.0004405233485158533,8.858596993377432e-05
4441,0.0004410746623761952,8.87627829797566e-05
4442,0.00044267531484365463,8.883884584065527e-05
4443,0.000445880345068872,8.877792424755171e-05
4444,0.0004515978507697582,8.861844253260642e-05
4445,0.00046131800627335906,8.841557428240776e-05
4446,0.0004779340233653784,8.8238921307493e-05
4447,0.000506065203808248,8.812732994556427e-05
4448,0.0005550540518015623,8.809352584648877e-05
4449,0.000639250036329031,8.812511077849194e-05
4450,0.0007888266700319946,8.818624337436631e-05
4451,0.0010481101926416159,8.825161785352975e-05
4452,0.0015146584482863545,8.82884778548032e-05
4453,0.002316582715138793,8.829722355585545e-05
4454,0.003752832766622305,8.827112469589338e-05
4455,0.0060958839021623135,8.823601820040494e-05
4456,0.010025505907833576,8.820078073767945e-05
4457,0.015377025119960308,8.819568756734952e-05
4458,0.022054119035601616,8.82306630956009e-05
4459,0.026845771819353104,8.833426545606926e-05
4460,0.025966281071305275,8.852015889715403e-05
4461,0.02090291865170002,8.883040572982281e-05
4462,0.012631423771381378,8.930835610954091e-05
4463,0.007784802000969648,9.005251922644675e-05
4464,0.005044141784310341,9.119288733927533e-05
4465,0.006523533258587122,9.298304212279618e-05
4466,0.009684785269200802,9.57885931711644e-05
4467,0.00835341401398182,0.00010026522068073973
4468,0.003834628965705633,0.00010741867299657315
4469,0.0022458666935563087,0.00011898536467924714
4470,0.005608138628304005,0.00013774691615253687
4471,0.006701544858515263,0.0001683877781033516
4472,0.002621490741148591,0.00021861399000044912
4473,0.001207744237035513,0.0003009507490787655
4474,0.003925974015146494,0.00043610751163214445
4475,0.004369743634015322,0.0006550889229401946
4476,0.0020077857188880444,0.0010062436340376735
4477,0.001223000348545611,0.0015445526223629713
4478,0.002378019504249096,0.002330410061404109
4479,0.0025795609690248966,0.0033312055747956038
4480,0.0017143243458122015,0.004381753969937563
4481,0.001535622519440949,0.004959476180374622
4482,0.0018609102116897702,0.004550480749458075
4483,0.0017091748304665089,0.002967188134789467
4484,0.0012547499500215054,0.0010978117352351546
4485,0.0009968157391995192,0.00013538279745262116
4486,0.001230783760547638,0.0005282022175379097
4487,0.0015489254146814346,0.001563024939969182
4488,0.001233646646142006,0.00208902545273304
4489,0.0007881391793489456,0.001588467974215746
4490,0.0009890904184430838,0.0005905329016968608
4491,0.001199653372168541,0.0001069110439857468
4492,0.0007898705662228167,0.0004574782506097108
4493,0.0005589082720689476,0.0010324042523279786
4494,0.0008990246569737792,0.0010967798298224807
4495,0.0010020204354077578,0.0005982887232676148
4496,0.0006823712610639632,0.000144686913699843
4497,0.0006064107292331755,0.00019192308536730707
4498,0.0008022048277780414,0.0005426622810773551
4499,0.0007368650985881686,0.0006894314428791404
4500,0.0005191389936953783,0.000456840789411217
4501,0.0005574983661063015,0.00015494403487537056
4502,0.0006939226877875626,0.0001226484018843621
4503,0.0006359059480018914,0.000318777107167989
4504,0.0005334147135727108,0.0004414896829985082
4505,0.0005680772592313588,0.000334601296344772
4506,0.000605300476308912,0.00014742332859896123
4507,0.0005461492110043764,9.953107655746862e-05
4508,0.0004947928246110678,0.00020467425929382443
4509,0.0005122955190017819,0.0002927441382780671
4510,0.0005267427186481655,0.0002481935080140829
4511,0.000507108576130122,0.00013694792869500816
4512,0.0004967348650097847,9.252365271095186e-05
4513,0.000505444360896945,0.00014517859381157905
4514,0.0005051292246207595,0.0002052790077868849
4515,0.0004946081899106503,0.0001922684459714219
4516,0.00048681703628972173,0.00012817430251743644
4517,0.0004781247698701918,9.127973316935822e-05
4518,0.00046967726666480303,0.00011368621926521882
4519,0.00046720000682398677,0.00015276216436177492
4520,0.00046543398639187217,0.00015522495959885418
4521,0.00045760953798890114,0.000120856064313557
4522,0.00045229148236103356,9.20677266549319e-05
4523,0.0004568115109577775,9.714680345496163e-05
4524,0.0004602500703185797,0.00012079740554327145
4525,0.00045402691466733813,0.0001298665883950889
4526,0.0004490855790209025,0.0001143870540545322
4527,0.00045340036740526557,9.415124804945663e-05
4528,0.0004564954142551869,9.047686762642115e-05
4529,0.000450590334367007,0.00010245795419905335
4530,0.0004445816739462316,0.00011231615644646809
4531,0.0004466810205485672,0.00010813369590323418
4532,0.0004493749001994729,9.585176303517073e-05
4533,0.0004448327235877514,8.907068695407361e-05
4534,0.0004392275004647672,9.295404743170366e-05
4535,0.00043989060213789344,0.00010037574975285679
4536,0.0004423709469847381,0.00010191174078499898
4537,0.0004400020989123732,9.632207365939394e-05
4538,0.00043557153549045324,9.010321809910238e-05
4539,0.0004353768308646977,8.923825225792825e-05
4540,0.0004376955621410161,9.306881838710979e-05
4541,0.00043716985965147614,9.628375119064003e-05
4542,0.00043445228948257864,9.536990546621382e-05
4543,0.0004341346793808043,9.171276178676635e-05
4544,0.0004365148488432169,8.930673357099295e-05
4545,0.00043807277688756585,9.016779949888587e-05
4546,0.0004379973979666829,9.282190148951486e-05
4547,0.0004395270661916584,9.446076728636399e-05
4548,0.00044414872536435723,9.404584125149995e-05
4549,0.0004503664094954729,9.304258128395304e-05
4550,0.0004575549392029643,9.362598939333111e-05
4551,0.0004683697479777038,9.665232937550172e-05
4552,0.0004857410676777363,0.00010148085129912943
4553,0.0005124367889948189,0.00010733612725744024
4554,0.0005498687387444079,0.00011493088095448911
4555,0.0006074236007407308,0.00012678252824116498
4556,0.0006922861794009805,0.00014646128693129867
4557,0.0008257651934400201,0.00017876441415864974
4558,0.0010203939164057374,0.0002295895101269707
4559,0.0013270884519442916,0.00031047247466631234
4560,0.0017614455427974463,0.00043701656977646053
4561,0.0024481748696416616,0.0006415622192434967
4562,0.0033346936106681824,0.0009565302170813084
4563,0.00466684577986598,0.0014547454193234444
4564,0.006043860223144293,0.002156608970835805
4565,0.007719255518168211,0.003154172096401453
4566,0.008476488292217255,0.004217437002807856
4567,0.008411831222474575,0.00521883275359869
4568,0.006547284312546253,0.005270765163004398
4569,0.003874882822856307,0.004276175517588854
4570,0.0015411684289574623,0.002237768145278096
4571,0.0006345150759443641,0.00054211012320593
4572,0.0012630682904273272,0.0001821763871703297
4573,0.0025812287349253893,0.0010512641165405512
4574,0.003488666843622923,0.002035536104813218
4575,0.003297853982076049,0.0020206847693771124
4576,0.002135327085852623,0.001118878135457635
4577,0.0009546600631438196,0.00025496710441075265
4578,0.0005215666606090963,0.00025024445494636893
4579,0.0009312673937529325,0.0008591779042035341
4580,0.0016419856110587716,0.0012147821253165603
4581,0.0020226871129125357,0.0009197255130857229
4582,0.0018751038005575538,0.0003360545088071376
4583,0.001365853357128799,0.00012509961379691958
4584,0.0008199075236916542,0.00039914585067890584
4585,0.0005296985618770123,0.0007117313798516989
4586,0.0005771807627752423,0.0006745140999555588
4587,0.0008629603544250131,0.0003465080517344177
4588,0.001171266776509583,0.00011758350592572242
4589,0.0012896506814286113,0.00018755564815364778
4590,0.0011918452801182866,0.000395976472645998
4591,0.0009223606321029365,0.0004713940725196153
4592,0.0006573307327926159,0.0003330841427668929
4593,0.000494352716486901,0.0001521364029031247
4594,0.0004606204747688025,0.00010743075836217031
4595,0.000528354721609503,0.00020364449301268905
4596,0.00064898282289505,0.0003010157961398363
4597,0.000770256039686501,0.00028645084239542484
4598,0.0008378936909139156,0.0001865460362751037
4599,0.0008301987545564771,0.00010614093480398878
4600,0.0007596387295052409,0.00011259309394517913
4601,0.0006627613911405206,0.0001744379405863583
4602,0.0005645915516652167,0.00021334845223464072
4603,0.0004867438110522926,0.0001904601085698232
4604,0.0004385960637591779,0.00013261748244985938
4605,0.0004272475198376924,9.622714424040169e-05
4606,0.0004477842594496906,0.00010632516205077991
4607,0.00048554176464676857,0.00014036930224392563
4608,0.0005262810154817998,0.00015901510778348893
4609,0.00055971514666453,0.0001444751105736941
4610,0.0005853167967870831,0.00011314473522361368
4611,0.0005990427453070879,9.311416215496138e-05
4612,0.000601388281211257,9.7321106295567e-05
4613,0.0005920921685174108,0.0001153817429440096
4614,0.000576675112824887,0.00012719829101115465
4615,0.0005580399301834404,0.00012210266140755266
4616,0.0005402650567702949,0.00010588829900370911
4617,0.0005214280681684613,9.267957648262382e-05
4618,0.0005041657132096589,9.137558663496748e-05
4619,0.0004881469067186117,9.963782213162631e-05
4620,0.00047550577437505126,0.00010796231799758971
4621,0.0004653886426240206,0.00010881922207772732
4622,0.00045731099089607596,0.00010216487862635404
4623,0.0004508201382122934,9.379434050060809e-05
4624,0.0004463029617909342,8.972088835434988e-05
4625,0.00044372002594172955,9.157760359812528e-05
4626,0.0004429834079928696,9.62806079769507e-05
4627,0.00044347194489091635,9.933312685461715e-05
4628,0.00044567155418917537,9.841754945227876e-05
4629,0.00044984297710470855,9.453230450162664e-05
4630,0.0004570825258269906,9.06541827134788e-05
4631,0.0004680277779698372,8.913192141335458e-05
4632,0.00048445904394611716,9.026286716107279e-05
4633,0.0005082343704998493,9.252780728274956e-05
4634,0.0005437529762275517,9.395620872965083e-05
4635,0.0005951611092314124,9.35939242481254e-05
4636,0.0006732076872140169,9.182211215374991e-05
4637,0.0007860793848522007,8.987887849798426e-05
4638,0.0009601334459148347,8.884215640136972e-05
4639,0.0012113868724554777,8.903413981897756e-05
4640,0.0016017130110412836,8.997899567475542e-05
4641,0.0021518131252378225,9.085438068723306e-05
4642,0.0029917981009930372,9.108376980293542e-05
4643,0.0040839919820427895,9.055880946107209e-05
4644,0.005628322716802359,8.96579003892839e-05
4645,0.007243974134325981,8.885791612556204e-05
4646,0.008986113592982292,8.851353777572513e-05
4647,0.009752637706696987,8.865416748449206e-05
4648,0.009319032542407513,8.905525464797392e-05
4649,0.0072275022976100445,8.942374552134424e-05
4650,0.004230363294482231,8.952703501563519e-05
4651,0.0017820813227444887,8.934286597650498e-05
4652,0.0007475223974324763,8.89660295797512e-05
4653,0.001265257247723639,8.8589804363437e-05
4654,0.0025883999187499285,8.834809705149382e-05
4655,0.00363725028000772,8.830249862512574e-05
4656,0.0036943659652024508,8.840789087116718e-05
4657,0.0025571465957909822,8.856641943566501e-05
4658,0.001215403201058507,8.86872221599333e-05
4659,0.0005279247998259962,8.870073361322284e-05
4660,0.0008063885034061968,8.861560490913689e-05
4661,0.001547348452731967,8.845929551171139e-05
4662,0.0020076537039130926,8.830115257296711e-05
4663,0.001958209788426757,8.81802843650803e-05
4664,0.0015339546371251345,8.812472515273839e-05
4665,0.0010656510712578893,8.812993473839015e-05
4666,0.0007467291434295475,8.817092020763084e-05
4667,0.0005947884055785835,8.822329255053774e-05
4668,0.0006531010731123388,8.825607073958963e-05
4669,0.0008958805119618773,8.826392149785534e-05
4670,0.0011812825687229633,8.823645475786179e-05
4671,0.0013477317988872528,8.819270442472771e-05
4672,0.0012347925221547484,8.813710883259773e-05
4673,0.0009872528025880456,8.809119026409462e-05
4674,0.0007202447741292417,8.805831021163613e-05
4675,0.0005579107673838735,8.805027027847245e-05
4676,0.0004953726893290877,8.806577534414828e-05
4677,0.000492745079100132,8.810774306766689e-05
4678,0.0005413255421444774,8.817445632303134e-05
4679,0.0006370417540892959,8.827241254039109e-05
4680,0.0007488594856113195,8.841109956847504e-05
4681,0.0008188774227164686,8.861002424964681e-05
4682,0.0008116484386846423,8.890117896953598e-05
4683,0.0007478209445253015,8.934312791097909e-05
4684,0.0006674288306385279,9.001613216241822e-05
4685,0.0005922320415265858,9.106480865739286e-05
4686,0.0005286537343636155,9.269682777812704e-05
4687,0.00046935095451772213,9.527372458251193e-05
4688,0.00042647807276807725,9.934059926308692e-05
4689,0.0004107960849069059,0.00010583643597783521
4690,0.0004218750400468707,0.00011623505997704342
4691,0.00044621695997193456,0.00013302166189532727
4692,0.00046993972500786185,0.0001602139964234084
4693,0.0004913753364235163,0.00020441916421987116
4694,0.0005131114739924669,0.0002763717493508011
4695,0.000538946595042944,0.0003928160003852099
4696,0.0005646910867653787,0.0005797364865429699
4697,0.0005866177380084991,0.0008715616422705352
4698,0.0006047203205525875,0.001310732332058251
4699,0.0006243115058168769,0.001917151384986937
4700,0.0006473492248915136,0.0026561301201581955
4701,0.0006791207706555724,0.003330329665914178
4702,0.0007123108371160924,0.003619531402364373
4703,0.0007566179847344756,0.0031777608674019575
4704,0.0008064549183472991,0.002103864448145032
4705,0.0008779688505455852,0.0009658976341597736
4706,0.0009653482120484114,0.0004418028984218836
4707,0.0010833395645022392,0.0006694759358651936
4708,0.0012243352830410004,0.0011887014843523502
4709,0.001411018311046064,0.0013877254677936435
4710,0.0016282382421195507,0.001036031055264175
4711,0.0019164696568623185,0.0004954789183102548
4712,0.002225212287157774,0.000272767007118091
4713,0.002614050405099988,0.0004857695894315839
4714,0.002965404884889722,0.0007844901992939413
4715,0.003343109041452408,0.0007798963924869895
4716,0.003563841339200735,0.0004658776451833546
4717,0.0036681818310171366,0.00018018661648966372
4718,0.0034979074262082577,0.00019118883938062936
4719,0.003099114866927266,0.0004062714579049498
4720,0.0024853458162397146,0.0005312517751008272
4721,0.001775550190359354,0.00042000043322332203
4722,0.0011240418534725904,0.00020849157590419054
4723,0.0006527577061206102,0.00011783953959820792
4724,0.00043582136277109385,0.00019611272728070617
4725,0.00046214862959459424,0.00030109198996797204
4726,0.0006587258540093899,0.00029717126744799316
4727,0.0009257599012926221,0.00020107916498091072
4728,0.0011690957471728325,0.00013005087384954095
4729,0.0013317475095391273,0.00014794176968280226
4730,0.0013886104570701718,0.0002036290825344622
4731,0.001340218703262508,0.0002143421588698402
4732,0.0012196848401799798,0.0001665049057919532
4733,0.0010416487930342555,0.00011780142085626721
4734,0.000855584628880024,0.00011781655484810472
4735,0.0006791285122744739,0.0001524210092611611
4736,0.0005425362032838166,0.00017136170936282724
4737,0.00045302027137950063,0.00015105612692423165
4738,0.00041044101817533374,0.00011576722317840904
4739,0.0004062842344865203,0.00010201189434155822
4740,0.00043010013177990913,0.00011633671965682879
4741,0.0004732755769509822,0.00013405144272837788
4742,0.0005289941909722984,0.00013240223051980138
4743,0.0005942770512774587,0.00011461894609965384
4744,0.0006659920327365398,0.0001014078879961744
4745,0.0007464033551514149,0.00010482780635356903
4746,0.0008357875049114227,0.00011694114073179662
4747,0.0009435592801310122,0.00012210218119435012
4748,0.0010679420083761215,0.00011530582560226321
4749,0.001227894565090537,0.00010590335296001285
4750,0.0014097392559051514,0.0001056472901836969
4751,0.0016469856491312385,0.00011626468040049076
4752,0.0019055152079090476,0.00012989764218218625
4753,0.0022335152607411146,0.00013940587814431638
4754,0.0025660693645477295,0.00014634420222137123
4755,0.0029496140778064728,0.00015965368947945535
4756,0.0032775409054011106,0.00018743077816907316
4757,0.0035691866651177406,0.00023401962243951857
4758,0.003690374782308936,0.00029989960603415966
4759,0.0036360735539346933,0.00039421708788722754
4760,0.0033305170945823193,0.0005288434331305325
4761,0.0028091087006032467,0.0007354046101681888
4762,0.0021519381552934647,0.001030005281791091
4763,0.0014683505287393928,0.0014605362666770816
4764,0.0009046269115060568,0.002002169843763113
4765,0.0005420365487225354,0.002689190674573183
4766,0.000416945869801566,0.003308556042611599
4767,0.0004967335844412446,0.0037813123781234026
4768,0.0007073222077451646,0.0036165653727948666
4769,0.0009616798488423228,0.002876032842323184
4770,0.0011806698748841882,0.0016055152518674731
4771,0.0013240263797342777,0.0005207088543102145
4772,0.0013695976231247187,0.00011893764894921333
4773,0.0013306457549333572,0.0004617437953129411
4774,0.001231232425197959,0.001100213616155088
4775,0.0010863177012652159,0.001430859207175672
4776,0.0009316527284681797,0.0012209791457280517
4777,0.0007722217706032097,0.0006372033385559916
4778,0.0006357091479003429,0.00018884681048803031
4779,0.0005262408521957695,0.00016591620806138963
4780,0.00045247061643749475,0.00046463459148071706
4781,0.0004114797920919955,0.0007417103624902666
4782,0.0003971595433540642,0.0007278824341483414
4783,0.0004020232008770108,0.0004703496233560145
4784,0.00042012150515802205,0.00019474391592666507
4785,0.0004485548415686935,0.00011469676246633753
4786,0.0004859402251895517,0.00023642748419661075
4787,0.0005336626200005412,0.00040203440585173666
4788,0.00059238460380584,0.0004558662185445428
4789,0.000666471547447145,0.00035622375435195863
4790,0.00075965141877532,0.00020114536164328456
4791,0.0008834721520543098,0.00010763223690446466
4792,0.0010448289103806019,0.00012572226114571095
4793,0.001269983360543847,0.0002106981846736744
4794,0.0015608740504831076,0.00027713365852832794
4795,0.001971866935491562,0.00027330999728292227
4796,0.0024778605438768864,0.00020631024381145835
4797,0.0031724865548312664,0.00013116800982970744
4798,0.003946235869079828,9.636925824452192e-05
4799,0.004892628639936447,0.0001134121703216806
4800,0.005722656846046448,0.00015612796414643526
4801,0.0064023276790976524,0.00018657298642210662
4802,0.006554967258125544,0.00018388863827567548
4803,0.006036256439983845,0.00015248080308083445
4804,0.004953996744006872,0.00011574110976653174
4805,0.0033954798709601164,9.509771189186722e-05
4806,0.001980733359232545,9.776519436854869e-05
4807,0.0009479719446972013,0.00011534825898706913
4808,0.000579053012188524,0.00013254031364340335
4809,0.0008265036740340292,0.00013787855277769268
4810,0.0014462198596447706,0.0001291771768592298
4811,0.002067477907985449,0.00011301944323349744
4812,0.0023104913998395205,9.857487020781264e-05
4813,0.0021289114374667406,9.222637163475156e-05
4814,0.0015538637526333332,9.47558437474072e-05
4815,0.0009552419651299715,0.00010226329322904348
4816,0.0005699626635760069,0.00010923219087999314
4817,0.0004947175038978457,0.00011171494406880811
4818,0.0006352238706313074,0.00010881888010771945
4819,0.0008191362139768898,0.00010246514284517616
4820,0.0009489820222370327,9.581105405231938e-05
4821,0.0010002613998949528,9.154382132692263e-05
4822,0.0010341070592403412,9.071721433429047e-05
4823,0.0010851770639419556,9.269190923077986e-05
4824,0.0011035611387342215,9.58074233494699e-05
4825,0.0010908483527600765,9.826378664001822e-05
4826,0.0009617593022994697,9.89931431831792e-05
4827,0.0008047387818805873,9.782093547983095e-05
4828,0.000641543185338378,9.541975305182859e-05
4829,0.0005412343889474869,9.275869524572045e-05
4830,0.000500340189319104,9.074288391275331e-05
4831,0.0004880857595708221,8.981832070276141e-05
4832,0.0004729468491859734,8.997628901852295e-05
4833,0.00044356827856972814,9.083710028789937e-05
4834,0.0004161166725680232,9.187289833789691e-05
4835,0.00040992291178554296,9.264818800147623e-05
4836,0.00043251487659290433,9.28954832488671e-05
4837,0.0004734944668598473,9.261788363801315e-05
4838,0.0005145512986928225,9.194561425829306e-05
4839,0.0005461846012622118,9.113337728194892e-05
4840,0.0005691355909220874,9.037046402227134e-05
4841,0.0005978716653771698,8.981594146462157e-05
4842,0.0006462350720539689,8.950479968916625e-05
4843,0.0007183855632320046,8.942581916926429e-05
4844,0.0008249664097093046,8.950624760473147e-05
4845,0.0009486779454164207,8.96697529242374e-05
4846,0.0011232069227844477,8.985039312392473e-05
4847,0.0013235334772616625,8.998761040857062e-05
4848,0.0016232144553214312,9.006276377476752e-05
4849,0.0019813398830592632,9.005430911201984e-05
4850,0.0024931656662374735,8.998731937026605e-05
4851,0.003070697421208024,8.986757893580943e-05
4852,0.0037953208666294813,8.973836520453915e-05
4853,0.004477282054722309,8.960827108239755e-05
4854,0.005126672796905041,8.950808114605024e-05
4855,0.005434064194560051,8.943267312133685e-05
4856,0.005340795964002609,8.939136023400351e-05
4857,0.004704868420958519,8.937054371926934e-05
4858,0.003615177236497402,8.937087113736197e-05
4859,0.0024123131297528744,8.937985694501549e-05
4860,0.001339866896159947,8.939834515331313e-05
4861,0.0007043705554679036,8.942075510276482e-05
4862,0.0005462292465381324,8.945196168497205e-05
4863,0.0007893289439380169,8.948844333644956e-05
4864,0.001234676456078887,8.95418634172529e-05
4865,0.0016654077917337418,8.960767445387319e-05
4866,0.0019087344408035278,8.970604540081695e-05
4867,0.0018349685706198215,8.983437874121591e-05
4868,0.0015365338185802102,9.002548176795244e-05
4869,0.0010917220497503877,9.028307977132499e-05
4870,0.0007023902144283056,9.0662797447294e-05
4871,0.00047303675091825426,9.118975140154362e-05
4872,0.00043407880002632737,9.196365135721862e-05
4873,0.0005302554345689714,9.306542051490396e-05
4874,0.000669413129799068,9.469636279391125e-05
4875,0.000788413337431848,9.70769688137807e-05
4876,0.0008563201990909874,0.00010064903472084552
4877,0.0009013388189487159,0.00010600045789033175
4878,0.0009495454141870141,0.00011416838970035315
4879,0.001000639982521534,0.00012672919547185302
4880,0.001067854231223464,0.0001462161890231073
4881,0.0010792342945933342,0.0001769091177266091
4882,0.0010746503248810768,0.00022513940348289907
4883,0.0009981835028156638,0.00030262547079473734
4884,0.000927031331229955,0.000424865516833961
4885,0.0008481728145852685,0.000623196829110384
4886,0.0007986051496118307,0.0009305579005740583
4887,0.0007622483535669744,0.0014213132672011852
4888,0.0007267587352544069,0.0021276080515235662
4889,0.0006836038082838058,0.0031590305734425783
4890,0.0006270934827625751,0.0043249125592410564
4891,0.0005704517825506628,0.005527428351342678
4892,0.0005228078807704151,0.0058266595005989075
4893,0.0004924444947391748,0.005003270227462053
4894,0.0004797934670932591,0.002824005438014865
4895,0.000475971435662359,0.0007926401449367404
4896,0.00047593007911928,0.00018328509759157896
4897,0.000471162871690467,0.0010852082632482052
4898,0.0004656718228943646,0.002235040534287691
4899,0.0004603011766448617,0.0022478194441646338
4900,0.00046321406261995435,0.00120575912296772
4901,0.00047625298611819744,0.0002447795122861862
4902,0.0005027676816098392,0.0003249633591622114
4903,0.0005429560551419854,0.0010500517673790455
4904,0.0006001520669087768,0.0013456047745421529
4905,0.000681499601341784,0.0008789327112026513
4906,0.0008022403344511986,0.000251968449447304
4907,0.0009828670881688595,0.00019239842367824167
4908,0.0012674425961449742,0.0006041201995685697
4909,0.0016848385566845536,0.0008461093530058861
4910,0.0023491252213716507,0.0006225541583262384
4911,0.0032471108715981245,0.000234610604820773
4912,0.0046201106160879135,0.00013886521628592163
4913,0.006165855564177036,0.0003541601763572544
4914,0.008140159770846367,0.0005342364311218262
4915,0.009493446908891201,0.00045114176464267075
4916,0.010149911977350712,0.00021901825675740838
4917,0.009417367167770863,0.0001086379706976004
4918,0.007504045497626066,0.00020080499234609306
4919,0.005773107521235943,0.00033681918284855783
4920,0.0039962721057236195,0.00034478865563869476
4921,0.002687654225155711,0.00022414255363401026
4922,0.0016094259917736053,0.00011628905485849828
4923,0.0015070666559040546,0.00012148720270488411
4924,0.002319848630577326,0.00020201419829390943
4925,0.0031583451200276613,0.0002503473951946944
4926,0.0031651188619434834,0.00021331814059522003
4927,0.0019480178598314524,0.00013724427844863385
4928,0.0007703028968535364,9.863854211289436e-05
4929,0.0006051085074432194,0.0001224783482030034
4930,0.0013454388827085495,0.00016716135723982006
4931,0.0019645243883132935,0.00017969014879781753
4932,0.0016633881023153663,0.0001497912162449211
4933,0.0009425446041859686,0.00010984740947606042
4934,0.0006148895481601357,9.608227264834568e-05
4935,0.0009166478412225842,0.00011277741577941924
4936,0.0012875323882326484,0.00013567788118962198
4937,0.0011334364535287023,0.00014015915803611279
4938,0.0006756167276762426,0.00012322564725764096
4939,0.00042808856233023107,0.00010214214853476733
4940,0.000585159461479634,9.440677240490913e-05
4941,0.0008300263434648514,0.00010249193292111158
4942,0.0008136724354699254,0.00011497305240482092
4943,0.0006165723316371441,0.00011898895900230855
4944,0.0005058986134827137,0.00011160055873915553
4945,0.0005934847285971045,0.00010015669249696657
4946,0.0007249637856148183,9.396344830747694e-05
4947,0.0007259701378643513,9.635151945985854e-05
4948,0.0006405858439393342,0.00010313068924006075
4949,0.0006035676342435181,0.00010752562957350165
4950,0.0006653678719885647,0.00010629020107444376
4951,0.0007532912422902882,0.00010126818960998207
4952,0.000750672654248774,9.714040061226115e-05
4953,0.0007090730359777808,9.71480185398832e-05
4954,0.0006903543835505843,0.00010120862862095237
4955,0.0007499326602555811,0.00010682881838874891
4956,0.0008325931266881526,0.00011162357986904681
4957,0.0008759842021390796,0.00011533822544151917
4958,0.0008830893784761429,0.0001200603146571666
4959,0.000903002277482301,0.00012900374713353813
4960,0.0009718906367197633,0.0001452844007872045
4961,0.0011010636808350682,0.0001713875390123576
4962,0.0012053289683535695,0.00021050115174148232
4963,0.0013228536117821932,0.0002676407166291028
4964,0.0013921749778091908,0.00035237675183452666
4965,0.001517537166364491,0.0004786177596542984
4966,0.001643996685743332,0.0006667146808467805
4967,0.0017968353349715471,0.0009393737418577075
4968,0.0019052746938541532,0.001318218419328332
4969,0.001971346093341708,0.0018049882492050529
4970,0.0019611683674156666,0.002354926196858287
4971,0.001915744855068624,0.0028381270822137594
4972,0.0017813011072576046,0.0030366629362106323
4973,0.0016207901062443852,0.002740122377872467
4974,0.0013775865081697702,0.001939989160746336
4975,0.001132268807850778,0.0009601913625374436
4976,0.0008812065934762359,0.00028571829898282886
4977,0.0006745703867636621,0.0002022558473981917
4978,0.0005217031575739384,0.0005911955377086997
4979,0.00042711832793429494,0.0010559431975707412
4980,0.00038583410787396133,0.0012079981388524175
4981,0.0003878840652760118,0.0009379424154758453
4982,0.0004220050177536905,0.00046561486669816077
4983,0.0004763625911436975,0.00014634948456659913
4984,0.0005420846864581108,0.00016100963694043458
4985,0.0006137642776593566,0.000398328440496698
4986,0.0006916666170582175,0.0005981518188491464
4987,0.0007769078365527093,0.0005834954208694398
4988,0.0008776395116001368,0.00038785982178524137
4989,0.000988661078736186,0.000188722915481776
4990,0.0011296485317870975,0.00013242833665572107
4991,0.0012828981271013618,0.0002176159032387659
4992,0.001489369897171855,0.0003281923709437251
4993,0.0017137452960014343,0.00035406459937803447
4994,0.0020147955510765314,0.0002800298680085689
4995,0.0023261839523911476,0.00017772879800759256
4996,0.002708828542381525,0.0001269710628548637
4997,0.003046736354008317,0.0001467391848564148
4998,0.0033839019015431404,0.00019422007608227432
4999,0.0035506202839314938,0.0002147316699847579
5000,0.003573409281671047,0.00019075084128417075
5001,0.0022382643073797226,0.00012563454220071435
5002,0.0005531586357392371,0.00010681261483114213
5003,0.0007745809271000326,0.00014976751117501408
5004,0.0020282447803765535,0.0001529666769783944
5005,0.0021581847686320543,0.00011186076881131157
5006,0.0010314066894352436,0.00010558873327681795
5007,0.00038989417953416705,0.00013189911260269582
5008,0.0009481793968006968,0.00012944517948199064
5009,0.001559971016831696,0.00010411976109026
5010,0.0012396082747727633,0.00010338239371776581
5011,0.0005332823493517935,0.00011927380546694621
5012,0.0004452186985872686,0.000115053633635398
5013,0.0009174903971143067,9.951683750841767e-05
5014,0.0011169295758008957,0.0001009164989227429
5015,0.0007566326530650258,0.00011049801105400547
5016,0.00039272377034649253,0.00010636757360771298
5017,0.00048349599819630384,9.6646006568335e-05
5018,0.0007764104520902038,9.855208918452263e-05
5019,0.0007982597453519702,0.00010463861690368503
5020,0.000540195032954216,0.00010116966586792842
5021,0.00037087261443957686,9.480457083554938e-05
5022,0.0004675030941143632,9.651392610976472e-05
5023,0.0006272444152273238,0.00010061314969789237
5024,0.0006144774961285293,9.81340926955454e-05
5025,0.0004636325757019222,9.368732571601868e-05
5026,0.00037035607965663075,9.482454333920032e-05
5027,0.0004212085041217506,9.782722918316722e-05
5028,0.0005129978526383638,9.628709085518494e-05
5029,0.0005167968920432031,9.309883898822591e-05
5030,0.0004347450740169734,9.36173673835583e-05
5031,0.0003668722347356379,9.57976735662669e-05
5032,0.00038176539237610996,9.51100664678961e-05
5033,0.0004400758189149201,9.283600957132876e-05
5034,0.0004584036651067436,9.284508996643126e-05
5035,0.00041613311623223126,9.438347478862852e-05
5036,0.0003656748740468174,9.423637675354257e-05
5037,0.00036166227073408663,9.273311297874898e-05
5038,0.0003951175312977284,9.244232205674052e-05
5039,0.0004162694967817515,9.341544500784948e-05
5040,0.00040072298725135624,9.35879215830937e-05
5041,0.00036897449172101915,9.265451080864295e-05
5042,0.0003554036666173488,9.22665058169514e-05
5043,0.0003673649043776095,9.282893006457016e-05
5044,0.00038442277582362294,9.309249435318634e-05
5045,0.0003860938595607877,9.258389036403969e-05
5046,0.00037148594856262207,9.220426727551967e-05
5047,0.000356375880073756,9.248300921171904e-05
5048,0.0003540904726833105,9.275718912249431e-05
5049,0.0003631249419413507,9.25038693821989e-05
5050,0.0003711157478392124,9.219826461048797e-05
5051,0.00036882987478747964,9.230412251781672e-05
5052,0.00035904377000406384,9.252810559701174e-05
5053,0.00035163204302079976,9.244569082511589e-05
5054,0.0003523750929161906,9.221317304763943e-05
5055,0.00035796366864815354,9.221980144502595e-05
5056,0.0003612127329688519,9.239021892426535e-05
5057,0.0003588521503843367,9.239852806786075e-05
5058,0.0003535168361850083,9.224688983522356e-05
5059,0.0003499449521768838,9.219193452736363e-05
5060,0.00035024413955397904,9.230116847902536e-05
5061,0.00035283848410472274,9.236791811417788e-05
5062,0.00035458008642308414,9.228650742443278e-05
5063,0.0003536408767104149,9.221241634804755e-05
5064,0.00035082135582342744,9.22576364246197e-05
5065,0.000348417554050684,9.23350962693803e-05
5066,0.00034804936149157584,9.232515003532171e-05
5067,0.00034930009860545397,9.226029214914888e-05
5068,0.00035043020034208894,9.225781104760244e-05
5069,0.00035017900518141687,9.231490548700094e-05
5070,0.00034872128162533045,9.234225581167266e-05
5071,0.00034721544943749905,9.231547301169485e-05
5072,0.0003465709160082042,9.229299030266702e-05
5073,0.0003468336653895676,9.23184779821895e-05
5074,0.0003473810793366283,9.235486504621804e-05
5075,0.00034753029467538,9.235757897840813e-05
5076,0.0003470255760475993,9.234322351403534e-05
5077,0.00034614047035574913,9.234806202584878e-05
5078,0.0003453879035077989,9.237456833943725e-05
5079,0.0003451154043432325,9.239176142727956e-05
5080,0.000345248612575233,9.238984785042703e-05
5081,0.00034542777575552464,9.23899860936217e-05
5082,0.0003453266399446875,9.240648068953305e-05
5083,0.00034490710822865367,9.242580563295633e-05
5084,0.0003443725290708244,9.243514068657532e-05
5085,0.00034394985414110124,9.243640670320019e-05
5086,0.00034374897950328887,9.244620014214888e-05
5087,0.00034370532375760376,9.246355330105871e-05
5088,0.0003436849219724536,9.247818525182083e-05
5089,0.00034356105607002974,9.248410788131878e-05
5090,0.00034329626942053437,9.249053982784972e-05
5091,0.0003429482749197632,9.250237053493038e-05
5092,0.00034262717235833406,9.251931624021381e-05
5093,0.000342405226547271,9.253132157027721e-05
5094,0.0003422786248847842,9.253880853066221e-05
5095,0.00034218537621200085,9.254703036276624e-05
5096,0.00034206241252832115,9.256034536520019e-05
5097,0.00034187251003459096,9.257547208108008e-05
5098,0.0003416332765482366,9.258668433176354e-05
5099,0.00034137998591177166,9.259628131985664e-05
5100,0.0003411554789636284,9.260598017135635e-05
5101,0.00034096857416443527,9.26186767173931e-05
5102,0.0003408246557228267,9.263229731004685e-05
5103,0.0003406873147469014,9.264288382837549e-05
5104,0.0003405361785553396,9.265387780033052e-05
5105,0.0003403571026865393,9.266507549909875e-05
5106,0.00034015552955679595,9.267720452044159e-05
5107,0.0003399489796720445,9.268969733966514e-05
5108,0.0003397561958990991,9.270094597013667e-05
5109,0.0003395797684788704,9.271250746678561e-05
5110,0.00033941876608878374,9.27239452721551e-05
5111,0.0003392656217329204,9.273566683987156e-05
5112,0.00033910939237102866,9.274783224100247e-05
5113,0.0003389462362974882,9.275898628402501e-05
5114,0.0003387689357623458,9.277140634367242e-05
5115,0.00033858889946714044,9.278224752051756e-05
5116,0.0003384081646800041,9.279460937250406e-05
5117,0.0003382352297194302,9.280691301682964e-05
5118,0.0003380709094926715,9.281866368837655e-05
5119,0.0003379078989382833,9.282989049097523e-05
5120,0.0003377511166036129,9.284138650400564e-05
5121,0.0003375940432306379,9.285277337767184e-05
5122,0.00033743210951797664,9.286561544286087e-05
5123,0.00033726904075592756,9.287692228099331e-05
5124,0.00033710026764310896,9.288848377764225e-05
5125,0.0003369339683558792,9.28998488234356e-05
5126,0.0003367692115716636,9.291141032008454e-05
5127,0.00033660768531262875,9.292412869399413e-05
5128,0.0003364449366927147,9.293571929447353e-05
5129,0.000336288328981027,9.294733172282577e-05
5130,0.00033613157575018704,9.295869676861912e-05
5131,0.0003359750844538212,9.297054202761501e-05
5132,0.00033581696334294975,9.298182703787461e-05
5133,0.00033566111233085394,9.299413795815781e-05
5134,0.00033550045918673277,9.300559759140015e-05
5135,0.0003353454521857202,9.301764657720923e-05
5136,0.0003351868945173919,9.302920807385817e-05
5137,0.00033502932637929916,9.304033301305026e-05
5138,0.00033487225300632417,9.305257844971493e-05
5139,0.00033471628557890654,9.306413267040625e-05
5140,0.0003345628210809082,9.307550499215722e-05
5141,0.0003344114520587027,9.308682638220489e-05
5142,0.00033425583387725055,9.30985261220485e-05
5143,0.0003341053961776197,9.311016765423119e-05
5144,0.00033395233913324773,9.31218164623715e-05
5145,0.00033380015520378947,9.313315968029201e-05
5146,0.00033364654518663883,9.314549970440567e-05
5147,0.00033349727164022624,9.315671195508912e-05
5148,0.0003333422355353832,9.316781506640837e-05
5149,0.0003331913030706346,9.317987860413268e-05
5150,0.0003330417675897479,9.319087985204533e-05
5151,0.00033289409475401044,9.32022521737963e-05
5152,0.000332740688463673,9.321401739725843e-05
5153,0.00033259220072068274,9.322577534476295e-05
5154,0.0003324422868900001,9.323686390416697e-05
5155,0.0003322962438687682,9.324851998826489e-05
5156,0.0003321444382891059,9.325947030447423e-05
5157,0.0003319976676721126,9.327127190772444e-05
5158,0.0003318492672406137,9.328252053819597e-05
5159,0.00033170226379297674,9.329411841463298e-05
5160,0.00033155642449855804,9.330566535936669e-05
5161,0.00033140703453682363,9.3316804850474e-05
5162,0.00033126294147223234,9.332750050816685e-05
5163,0.00033111663651652634,9.33391202124767e-05
5164,0.0003309702151454985,9.335017966805026e-05
5165,0.00033082475420087576,9.336141374660656e-05
5166,0.0003306800208520144,9.337298979517072e-05
5167,0.000330535345710814,9.338403469882905e-05
5168,0.00033039256231859326,9.339515963802114e-05
5169,0.000330247450619936,9.34066774789244e-05
5170,0.000330103503074497,9.341705299448222e-05
5171,0.0003299610980320722,9.342891280539334e-05
5172,0.0003298184019513428,9.343952842755243e-05
5173,0.00032967288279905915,9.345116995973513e-05
5174,0.0003295326605439186,9.346139268018305e-05
5175,0.00032938801450654864,9.347286686534062e-05
5176,0.00032924627885222435,9.348453750135377e-05
5177,0.00032910390291363,9.349493484478444e-05
5178,0.000328963331412524,9.350592154078186e-05
5179,0.00032882264349609613,9.351679909741506e-05
5180,0.0003286832070443779,9.352790948469192e-05
5181,0.0003285419661551714,9.353880159324035e-05
5182,0.0003284007834736258,9.354929352412e-05
5183,0.00032826204551383853,9.356081864098087e-05
5184,0.00032812092103995383,9.357224189443514e-05
5185,0.000327983929309994,9.358278475701809e-05
5186,0.00032784754876047373,9.35935095185414e-05
5187,0.0003277105570305139,9.360639523947611e-05
5188,0.0003275730414316058,9.361850970890373e-05
5189,0.00032743997871875763,9.36308060772717e-05
5190,0.00032730598468333483,9.364493598695844e-05
5191,0.00032717507565394044,9.366244921693578e-05
5192,0.0003270496381446719,9.368317842017859e-05
5193,0.0003269293229095638,9.37130389502272e-05
5194,0.000326812791172415,9.375547233503312e-05
5195,0.000326714594848454,9.382600546814501e-05
5196,0.0003266328712925315,9.393832442583516e-05
5197,0.00032657943665981293,9.414166561327875e-05
5198,0.00032657384872436523,9.449281060369685e-05
5199,0.0003266387793701142,9.514858538750559e-05
5200,0.00032681378070265055,9.634011803427711e-05
5201,0.0003271729510743171,9.859786950983107e-05
5202,0.00032782426569610834,0.00010284068412147462
5203,0.0003289539599791169,0.00011098851973656565
5204,0.0003308718150947243,0.0001266745530301705
5205,0.0003340963739901781,0.00015717456699348986
5206,0.0003394783125258982,0.00021703809034079313
5207,0.00034852628596127033,0.0003342860145494342
5208,0.00036362576065585017,0.0005670415703207254
5209,0.00038926140405237675,0.0010175755014643073
5210,0.0004322694439906627,0.0018965016352012753
5211,0.0005063019343651831,0.0034618836361914873
5212,0.0006308700540103018,0.00612666504457593
5213,0.0008481370750814676,0.00935415830463171
5214,0.0012103986227884889,0.011884802021086216
5215,0.0018451877404004335,0.00970507226884365
5216,0.0028626222629100084,0.0040902006439864635
5217,0.004596589133143425,0.00033787250868044794
5218,0.007051605265587568,0.00233051017858088
5219,0.010678708553314209,0.005391491111367941
5220,0.014149024151265621,0.0037818297278136015
5221,0.016671516001224518,0.000618297141045332
5222,0.015566105023026466,0.0012120803585276008
5223,0.010805156081914902,0.003290400840342045
5224,0.006055129691958427,0.0022700007539242506
5225,0.003116136882454157,0.00034742982825264335
5226,0.0027094585821032524,0.0012519076699391007
5227,0.003605526639148593,0.0023162926081568003
5228,0.005017287563532591,0.0010331686353310943
5229,0.005516849458217621,0.0002621010353323072
5230,0.0036245447117835283,0.0012948994990438223
5231,0.0014280814211815596,0.0014554059598594904
5232,0.0013007479719817638,0.0003945703792851418
5233,0.002954106777906418,0.00038367617526091635
5234,0.003571441862732172,0.0011064345017075539
5235,0.0019500221824273467,0.000805488380137831
5236,0.0006674324395135045,0.00018409796757623553
5237,0.0012529348023235798,0.0004902110667899251
5238,0.0021805427968502045,0.0008198358700610697
5239,0.0017899107187986374,0.000401174183934927
5240,0.0007931020809337497,0.00016337668057531118
5241,0.0008459246600978076,0.0004951154696755111
5242,0.0015259254723787308,0.0005499112303368747
5243,0.0013849199749529362,0.000211263497476466
5244,0.0006426711333915591,0.00017874734476208687
5245,0.0004744482575915754,0.00041910336585715413
5246,0.0009829417103901505,0.00036730343708768487
5247,0.0011966598685830832,0.00014387181727215648
5248,0.0007818005396984518,0.00018655591702554375
5249,0.0005033729248680174,0.0003315540379844606
5250,0.0006750309257768095,0.0002516875392757356
5251,0.0007983915274962783,0.0001226080348715186
5252,0.0006022198940627277,0.0001791755057638511
5253,0.00042587617645040154,0.0002577656996436417
5254,0.000530435296241194,0.00018788226589094847
5255,0.000657535798382014,0.0001146107169915922
5256,0.000562614353839308,0.0001628510217415169
5257,0.0004380671598482877,0.00020638566638808697
5258,0.00048271811101585627,0.00015360394900199026
5259,0.0005563846207223833,0.00011003249528585002
5260,0.0004881175409536809,0.00014517406816594303
5261,0.00036489812191575766,0.00017147786275018007
5262,0.0003709507000166923,0.00013504766684491187
5263,0.0004587988369166851,0.00010666151501936838
5264,0.0004633047210518271,0.00013000973558519036
5265,0.0003883782192133367,0.00014793442096561193
5266,0.0003593284636735916,0.00012442542356438935
5267,0.0004068019916303456,0.00010459112672833726
5268,0.0004364072228781879,0.00011873184121213853
5269,0.00039831490721553564,0.0001316574780503288
5270,0.0003560682525858283,0.0001174863864434883
5271,0.0003602001233957708,0.00010320760338800028
5272,0.00037837703712284565,0.00011101421114290133
5273,0.00036781717790290713,0.0001206807792186737
5274,0.00034389892243780196,0.0001128441872424446
5275,0.00034280220279470086,0.0001021863499772735
5276,0.00035714166006073356,0.00010558892972767353
5277,0.00035640542046166956,0.00011304752842988819
5278,0.0003410374338272959,0.0001097099157050252
5279,0.00033635771251283586,0.00010184277198277414
5280,0.0003485053894110024,0.00010211821791017428
5281,0.0003564062062650919,0.0001074026440619491
5282,0.0003476525307632983,0.0001070288781193085
5283,0.00033636129228398204,0.00010177333751926199
5284,0.0003377912216819823,0.00010038648179033771
5285,0.0003462890163064003,0.00010363748879171908
5286,0.0003475853009149432,0.00010464061779202893
5287,0.00034036586293950677,0.0001015153102343902
5288,0.0003357043315190822,9.949221566785127e-05
5289,0.00033818575320765376,0.0001011315907817334
5290,0.00034141476498916745,0.00010265819582855329
5291,0.0003400708665139973,0.00010120256047230214
5292,0.00033726898254826665,9.923143807100132e-05
5293,0.0003381471906322986,9.956167195923626e-05
5294,0.00034179899375885725,0.00010089737043017522
5295,0.00034362543374300003,0.00010067609400721267
5296,0.00034367048647254705,9.925978520186618e-05
5297,0.00034556316677480936,9.879153367364779e-05
5298,0.0003517266013659537,9.955470886779949e-05
5299,0.000360120611730963,9.994196443585679e-05
5300,0.00036877766251564026,9.927094652084634e-05
5301,0.00037949829129502177,9.856415999820456e-05
5302,0.00039652042323723435,9.870174835668877e-05
5303,0.0004217596142552793,9.917093120748177e-05
5304,0.00045820805826224387,9.907772619044408e-05
5305,0.0005060526891611516,9.853937808657065e-05
5306,0.0005768620176240802,9.829826740315184e-05
5307,0.0006743763806298375,9.854424570221454e-05
5308,0.0008200676529668272,9.874519309960306e-05
5309,0.0010169881861656904,9.852153016254306e-05
5310,0.0013075056485831738,9.818690159590915e-05
5311,0.0016834624111652374,9.815248631639406e-05
5312,0.002229756908491254,9.833963122218847e-05
5313,0.002855562837794423,9.838105324888602e-05
5314,0.003690575249493122,9.818245598580688e-05
5315,0.004401939921081066,9.801386477192864e-05
5316,0.00509638199582696,9.804520232137293e-05
5317,0.005161276552826166,9.814638178795576e-05
5318,0.0047161332331597805,9.812544885789976e-05
5319,0.0035414707381278276,9.798977407626808e-05
5320,0.002121162135154009,9.790746844373643e-05
5321,0.000947214663028717,9.794010838959366e-05
5322,0.0004178436938673258,9.799123654374853e-05
5323,0.0006006599869579077,9.796242375159636e-05
5324,0.0012190347770228982,9.787685121409595e-05
5325,0.001836920971982181,9.783083805814385e-05
5326,0.002084523206576705,9.78521493379958e-05
5327,0.0018365239957347512,9.787904855329543e-05
5328,0.0012844587909057736,9.785838483367115e-05
5329,0.00073441700078547,9.780528489500284e-05
5330,0.00042198627488687634,9.777455852599815e-05
5331,0.00040555396117269993,9.778508683666587e-05
5332,0.0005975018721073866,9.779987158253789e-05
5333,0.0008615578408353031,9.778924868442118e-05
5334,0.0010729703353717923,9.77574527496472e-05
5335,0.001132410834543407,9.773623605724424e-05
5336,0.0010374966077506542,9.773959027370438e-05
5337,0.0008156526600942016,9.774896898306906e-05
5338,0.0005822014645673335,9.77449381025508e-05
5339,0.00041269557550549507,9.772659541340545e-05
5340,0.0003428028430789709,9.771084296517074e-05
5341,0.0003608451224863529,9.770825272426009e-05
5342,0.0004362356849014759,9.771459008334205e-05
5343,0.0005379447829909623,9.771440090844408e-05
5344,0.0006333391647785902,9.770490578375757e-05
5345,0.000699688564054668,9.769498137757182e-05
5346,0.0007219360559247434,9.769053576746956e-05
5347,0.0007065244135446846,9.769319149199873e-05
5348,0.0006611088756471872,9.769500320544466e-05
5349,0.000604549772106111,9.769190364750102e-05
5350,0.0005377696943469346,9.768661402631551e-05
5351,0.00047411018749698997,9.768213203642517e-05
5352,0.00041544612031430006,9.768266318133101e-05
5353,0.0003710301825776696,9.768606832949445e-05
5354,0.0003423360758461058,9.768726886250079e-05
5355,0.00032778759486973286,9.768750169314444e-05
5356,0.00032346282387152314,9.768666495801881e-05
5357,0.00032649963395670056,9.768921154318377e-05
5358,0.0003356739762239158,9.769534517545253e-05
5359,0.00034979553311131895,9.77045638137497e-05
5360,0.0003671976155601442,9.771632903721184e-05
5361,0.0003861527075059712,9.773294732440263e-05
5362,0.00040679663652554154,9.775912621989846e-05
5363,0.0004299712018109858,9.780316759133711e-05
5364,0.0004582322435453534,9.787219460122287e-05
5365,0.0004912952426820993,9.798718383535743e-05
5366,0.0005335425375960767,9.816855890676379e-05
5367,0.000583737448323518,9.847345791058615e-05
5368,0.0006513103726319969,9.897572454065084e-05
5369,0.0007344590267166495,9.983088966691867e-05
5370,0.0008484134450554848,0.00010127983841812238
5371,0.0009889763314276934,0.0001037819602061063
5372,0.0011816543992608786,0.00010811198444571346
5373,0.0014137080870568752,0.00011570402421057224
5374,0.0017283221241086721,0.00012910533405374736
5375,0.0020782186184078455,0.00015292632451746613
5376,0.0025246217846870422,0.00019563916430342942
5377,0.0029380761552602053,0.00027212974964641035
5378,0.0033778659999370575,0.00041017754119820893
5379,0.0036138175055384636,0.0006546879303641617
5380,0.003682329785078764,0.0010860643815249205
5381,0.0033899545669555664,0.001798408105969429
5382,0.0028200100641697645,0.0029121029656380415
5383,0.002045826753601432,0.004310776479542255
5384,0.001257047289982438,0.005613566376268864
5385,0.0006606286624446511,0.005700436420738697
5386,0.0003712475299835205,0.004126562736928463
5387,0.0004032738506793976,0.0017286164220422506
5388,0.0006620856001973152,0.0005586108891293406
5389,0.0009975858265534043,0.001292689237743616
5390,0.0012699897633865476,0.0025111648719757795
5391,0.0013883102219551802,0.002491946564987302
5392,0.0013442488852888346,0.0011814921163022518
5393,0.0011756496969610453,0.00026043382240459323
5394,0.0009371923515573144,0.0006696652271784842
5395,0.000697725045029074,0.0014363188529387116
5396,0.0004953605821356177,0.0013312625233083963
5397,0.00036850397009402514,0.0005933960783295333
5398,0.00032685897895134985,0.0003331635962240398
5399,0.00035993545316159725,0.0007268777117133141
5400,0.0004408223903737962,0.000937465694732964
5401,0.000538448803126812,0.0005879534292034805
5402,0.0006339024985209107,0.00023837869230192155
5403,0.0007114041945897043,0.0003461347077973187
5404,0.0007736628176644444,0.0005900489632040262
5405,0.0008133737719617784,0.000527100230101496
5406,0.0008382512023672462,0.00029094197088852525
5407,0.0008430663729086518,0.00024525600019842386
5408,0.0008397958008572459,0.00037370124482549727
5409,0.0008216012502089143,0.0003963320341426879
5410,0.0008032046025618911,0.00026210545911453664
5411,0.0007719867280684412,0.00017706002108752728
5412,0.0007433774881064892,0.00022822293976787478
5413,0.000705647689756006,0.0002830982848536223
5414,0.000673158501740545,0.00024185948132071644
5415,0.0006388375186361372,0.00017800289788283408
5416,0.0006109584937803447,0.00018285367696080357
5417,0.0005851943278685212,0.0002180652809329331
5418,0.000565049413125962,0.0002055256045423448
5419,0.000548468146007508,0.00015934128896333277
5420,0.0005382655654102564,0.00014506778097711504
5421,0.0005327456747181714,0.0001663975272094831
5422,0.0005349087296053767,0.00017000938532873988
5423,0.0005420923116616905,0.00014156279212329537
5424,0.0005588176427409053,0.00012359963147900999
5425,0.0005827501881867647,0.00013876282901037484
5426,0.0006211689324118197,0.00015503226313740015
5427,0.0006722708931192756,0.00014205428306013346
5428,0.0007468942785635591,0.00011864544649142772
5429,0.0008435326162725687,0.00011813888704637066
5430,0.0009806803427636623,0.00013526511611416936
5431,0.0011551885399967432,0.00013829878298565745
5432,0.0014008451253175735,0.0001202562270918861
5433,0.001702046487480402,0.00010604458657326177
5434,0.0021151232067495584,0.00011210882803425193
5435,0.002579759107902646,0.00012387739843688905
5436,0.003166396636515856,0.00012131704716011882
5437,0.003710500430315733,0.0001080321308108978
5438,0.004248147364705801,0.00010222312266705558
5439,0.0045031229965388775,0.00010887468670262024
5440,0.004452189896255732,0.00011541063577169552
5441,0.003957303240895271,0.00011213211837457493
5442,0.003081864444538951,0.00010457804455654696
5443,0.0020796810276806355,0.00010294513049302623
5444,0.0011514025973156095,0.00010751806985354051
5445,0.0005703518982045352,0.00011047082080040127
5446,0.0004090759321115911,0.00010788217332446948
5447,0.0006191376596689224,0.00010406337241875008
5448,0.0010228902101516724,0.00010403349006082863
5449,0.001406135968863964,0.00010689004557207227
5450,0.0016089428681880236,0.00010820492752827704
5451,0.0015540686435997486,0.00010669791663531214
5452,0.0013237686362117529,0.00010522980301175267
5453,0.0010123681277036667,0.00010630297765601426
5454,0.0007306742481887341,0.00010884950461331755
5455,0.0005318980547599494,0.00011051291221519932
5456,0.0004208204336464405,0.00011109607294201851
5457,0.0003916387795470655,0.00011273592826910317
5458,0.0004325946210883558,0.00011688566155498847
5459,0.0005286000086925924,0.00012322256225161254
5460,0.0006555647123605013,0.000131071952637285
5461,0.0007746181217953563,0.0001416199083905667
5462,0.0008689300157129765,0.0001577542134327814
5463,0.0009049163782037795,0.00018275112961418927
5464,0.0009067071950994432,0.00022037270537111908
5465,0.0008660973398946226,0.0002759826311375946
5466,0.0008139975252561271,0.0003598325711209327
5467,0.0007496558828279376,0.0004854503786191344
5468,0.0006828102632425725,0.0006761076510883868
5469,0.0006134090363048017,0.0009522308828309178
5470,0.0005466548027470708,0.0013532742159441113
5471,0.00048694995348341763,0.001878160866908729
5472,0.00044099779915995896,0.002542417496442795
5473,0.0004070207942277193,0.0031803492456674576
5474,0.0003845012397505343,0.0036484573502093554
5475,0.00036610555252991617,0.0035197350662201643
5476,0.0003507067449390888,0.0027662983629852533
5477,0.00033629260724410415,0.0015150958206504583
5478,0.00032510492019355297,0.00047325881314463913
5479,0.0003178532642778009,0.00015038686979096383
5480,0.00031449622474610806,0.0005541159771382809
5481,0.0003135676379315555,0.0011699316091835499
5482,0.0003135796869173646,0.0013983706012368202
5483,0.00031396636040881276,0.0010653898352757096
5484,0.0003151546115987003,0.00047792569966986775
5485,0.00031813784153200686,0.000157735135871917
5486,0.0003235534531995654,0.0002898289531003684
5487,0.00033188227098435163,0.0006229006103239954
5488,0.00034332540235482156,0.0007725104806013405
5489,0.0003593668807297945,0.0005945865996181965
5490,0.00038226129254326224,0.00028760344139300287
5491,0.00041787762893363833,0.00013566933921538293
5492,0.0004724469326902181,0.0002285174559801817
5493,0.0005618575378321111,0.00040987847023643553
5494,0.0006990832043811679,0.0004735060501843691
5495,0.000928152003325522,0.000362692546332255
5496,0.001273656846024096,0.00019471211999189109
5497,0.0018542587058618665,0.0001193262287415564
5498,0.0026865925174206495,0.00017399997159373015
5499,0.004037272185087204,0.0002734817680902779
5500,0.005715527571737766,0.000310863513732329
5501,0.008045203983783722,0.00025626097340136766
5502,0.00994265265762806,0.0001655606902204454
5503,0.01119367778301239,0.00011525376612553373
5504,0.010436884127557278,0.00013215163198765367
5505,0.007854354567825794,0.00018229655688628554
5506,0.005215444136410952,0.00021288901916705072
5507,0.003156729508191347,0.00019893956778105348
5508,0.0023323206696659327,0.0001568665902595967
5509,0.00213013868778944,0.00012114331912016496
5510,0.0026187680196017027,0.00011388488201191649
5511,0.003205670975148678,0.0001308436185354367
5512,0.0031131040304899216,0.00015135263674892485
5513,0.002261456800624728,0.00015776031068526208
5514,0.001209201873280108,0.00014674478734377772
5515,0.0010649352334439754,0.00012808326573576778
5516,0.0016992844175547361,0.00011421160161262378
5517,0.002090111840516329,0.0001114027836592868
5518,0.0016475556185469031,0.00011751891724998131
5519,0.0008343685767613351,0.00012558160233311355
5520,0.0006258108769543469,0.0001293636014452204
5521,0.0010884394869208336,0.00012664924724958837
5522,0.0014451465103775263,0.00011956399248447269
5523,0.001175252953544259,0.00011218460713280365
5524,0.0005927325109951198,0.00010796842980198562
5525,0.00040564750088378787,0.00010810689127538353
5526,0.0007281937869265676,0.00011123644799226895
5527,0.0010407723020762205,0.00011468324373709038
5528,0.0009505494963377714,0.00011608369823079556
5529,0.0005920340772718191,0.00011455717321950942
5530,0.00040546184754930437,0.00011100670963060111
5531,0.000511342950630933,0.00010727182234404609
5532,0.0006559867179021239,0.00010509796993574128
5533,0.0006232389714568853,0.00010509420826565474
5534,0.0004742375167552382,0.00010667842434486374
5535,0.00040569528937339783,0.0001085959083866328
5536,0.00045875986688770354,0.00010960063082166016
5537,0.0005033835186623037,0.00010923671652562916
5538,0.0004600478569045663,0.00010770944209070876
5539,0.00038918681093491614,0.00010584395931800827
5540,0.0003888281062245369,0.00010437212040415034
5541,0.0004488989943638444,0.00010378139995737001
5542,0.00047147064469754696,0.00010403700434835628
5543,0.00042098190169781446,0.00010478633339516819
5544,0.0003501702449284494,0.00010557059431448579
5545,0.00033726179390214384,0.00010598578955978155
5546,0.0003801615384873003,0.00010591484169708565
5547,0.00041327191866002977,0.0001053966989275068
5548,0.00039627321530133486,0.00010468638356542215
5549,0.0003501664905343205,0.000104014907265082
5550,0.0003250480513088405,0.0001035847672028467
5551,0.0003348772297613323,0.00010347004717914388
5552,0.0003529253008309752,0.00010360772284911945
5553,0.0003533687558956444,0.00010391344403615221
5554,0.0003381954156793654,0.00010421330807730556
5555,0.00032887040288187563,0.00010446363739902154
5556,0.0003331839689053595,0.00010458116594236344
5557,0.0003402986330911517,0.00010465605009812862
5558,0.0003378246910870075,0.00010470064444234595
5559,0.00032827939139679074,0.00010487784311408177
5560,0.00032489438308402896,0.00010523192031541839
5561,0.0003345556615386158,0.00010597430082270876
5562,0.000351067865267396,0.00010722353908931836
5563,0.0003651515580713749,0.00010937861225102097
5564,0.0003749098104890436,0.00011287008237559348
5565,0.0003912710817530751,0.00011867500870721415
5566,0.0004245710151735693,0.0001282112207263708
5567,0.00048312125727534294,0.00014410846051760018
5568,0.0005696177249774337,0.00017090053006540984
5569,0.0006976559525355697,0.0002159126743208617
5570,0.0008839564397931099,0.0002936797100119293
5571,0.001179912593215704,0.0004242318100295961
5572,0.001598485978320241,0.0006533883861266077
5573,0.0022586944978684187,0.0010272200452163815
5574,0.0030843873973935843,0.0016747451154515147
5575,0.004283926449716091,0.0026223089080303907
5576,0.005444069392979145,0.0040962970815598965
5577,0.0066771493293344975,0.005569043569266796
5578,0.007052131928503513,0.006948303431272507
5579,0.006522826384752989,0.0063334000296890736
5580,0.004929324612021446,0.004242410883307457
5581,0.002884195651859045,0.001387305441312492
5582,0.0013618150260299444,0.00026396987959742546
5583,0.0007319810683839023,0.001312432810664177
5584,0.0010146809509024024,0.002717340365052223
5585,0.0017830997239798307,0.0027084602043032646
5586,0.0024735911283642054,0.0011718631722033024
5587,0.0025921070482581854,0.0002160071162506938
5588,0.0019600125961005688,0.0007780384039506316
5589,0.0011306141968816519,0.0016615338390693069
5590,0.0006071129464544356,0.0015173255233094096
5591,0.0006297018262557685,0.0005423207185231149
5592,0.0009372406639158726,0.00018063021707348526
5593,0.0011724592186510563,0.0007213890203274786
5594,0.0012177031021565199,0.0011254299897700548
5595,0.001146269729360938,0.0007849147659726441
5596,0.0010486784158274531,0.00022729371266905218
5597,0.0009105133940465748,0.0002381203812547028
5598,0.0006838919362053275,0.0006330505711957812
5599,0.0004578566295094788,0.0007112147868610919
5600,0.0003623269440140575,0.00038434393354691565
5601,0.0004562534159049392,0.00013995573681313545
5602,0.0006586108356714249,0.00027240003691986203
5603,0.0008153122034855187,0.0004919410566799343
5604,0.0008621545857749879,0.000439689785707742
5605,0.0007989754085429013,0.00021598389139398932
5606,0.0007102474919520319,0.00012996781151741743
5607,0.0006282335380092263,0.00025029221433214843
5608,0.0005511707859113812,0.000356455915607512
5609,0.00047093466855585575,0.0002889854658860713
5610,0.0004009988915640861,0.00015743177209515125
5611,0.0003619738854467869,0.0001306143240071833
5612,0.00035759262391366065,0.0002095576492138207
5613,0.00036643072962760925,0.00025919347535818815
5614,0.00037219325895421207,0.00020902740652672946
5615,0.0003768065362237394,0.00013439237955026329
5616,0.0003953472478315234,0.00012607179814949632
5617,0.00043336849194020033,0.00017425733676645905
5618,0.00047437066677957773,0.0002005507703870535
5619,0.0005072697531431913,0.000169085236848332
5620,0.000514918239787221,0.0001239415432792157
5621,0.0005184753681533039,0.00011740524496417493
5622,0.0005206750356592238,0.0001453924924135208
5623,0.0005357898771762848,0.00016371150559280068
5624,0.0005537006072700024,0.00014871131861582398
5625,0.0005723457434214652,0.00012133019481552765
5626,0.0005891020409762859,0.00011291376722510904
5627,0.000611265713814646,0.00012660246284212917
5628,0.000638452940620482,0.0001397151791024953
5629,0.0006777840899303555,0.00013504961680155247
5630,0.0007171779288910329,0.00011932349298149347
5631,0.0007729484350420535,0.00011066471051890403
5632,0.0008313601138070226,0.00011578512931009755
5633,0.0009198962361551821,0.00012492918176576495
5634,0.001015314133837819,0.00012608012184500694
5635,0.0011451386380940676,0.00011830811854451895
5636,0.0012706147972494364,0.00011069066385971382
5637,0.0014293779386207461,0.00011027888103853911
5638,0.001563366036862135,0.00011514353536767885
5639,0.0017270767129957676,0.0001183782223961316
5640,0.0018281020456925035,0.00011614141112659127
5641,0.0019321201834827662,0.00011125981836812571
5642,0.00192593177780509,0.00010862696217373013
5643,0.0018794862553477287,0.00010999487130902708
5644,0.0017161074792966247,0.00011281020852038637
5645,0.001499322010204196,0.00011353776062605903
5646,0.0012260841904208064,0.00011155402899021283
5647,0.0009439266286790371,0.00010887295502470806
5648,0.0006891668890602887,0.00010791140084620565
5649,0.0004893841687589884,0.00010894782462855801
5650,0.00036512038786895573,0.0001103261747630313
5651,0.00031640054658055305,0.00011050492321373895
5652,0.00033084076130762696,0.00010926567483693361
5653,0.00038786864024586976,0.00010787478095153347
5654,0.0004678191908169538,0.00010741005826275796
5655,0.0005562669830396771,0.00010796498827403411
5656,0.0006468970095738769,0.00010874508006963879
5657,0.0007341720047406852,0.00010885995288845152
5658,0.0008209749357774854,0.0001082779563148506
5659,0.0008975151577033103,0.00010748214117484167
5660,0.0009750404278747737,0.00010712658695410937
5661,0.0010386822978034616,0.00010734228271758184
5662,0.001109462697058916,0.00010775196278700605
5663,0.001168621238321066,0.00010794023546623066
5664,0.0012398483231663704,0.0001076875560102053
5665,0.0012971317628398538,0.00010725641914177686
5666,0.0013641859404742718,0.0001069460267899558
5667,0.0014061329420655966,0.00010694492084439844
5668,0.0014522315468639135,0.0001071615333785303
5669,0.0014574596425518394,0.00010733382805483416
5670,0.0014590340433642268,0.00010733693488873541
5671,0.0014064682181924582,0.00010714738164097071
5672,0.0013422712218016386,0.00010695536184357479
5673,0.0012283122632652521,0.00010687768372008577
5674,0.0011044490383937955,0.00010696309618651867
5675,0.0009576023439876735,0.00010713878145907074
5676,0.0008144834428094327,0.00010728202323662117
5677,0.0006789038307033479,0.00010737528646131977
5678,0.0005615726113319397,0.00010743585153250024
5679,0.00046767812455073,0.00010759165161289275
5680,0.0003977193555328995,0.00010793180263135582
5681,0.0003512829716783017,0.00010853722778847441
5682,0.0003242346574552357,0.00010949460556730628
5683,0.00031241486431099474,0.00011091465421486646
5684,0.00031145199318416417,0.00011309666297165677
5685,0.0003185196255799383,0.00011649960651993752
5686,0.0003320207470096648,0.000121995311928913
5687,0.00035229139029979706,0.00013091281289234757
5688,0.0003798594407271594,0.00014559201372321695
5689,0.0004176347574684769,0.0001697949628578499
5690,0.0004674443043768406,0.0002102479775203392
5691,0.000536905718035996,0.00027787822182290256
5692,0.000630614988040179,0.0003923037147615105
5693,0.000766898738220334,0.0005840143421664834
5694,0.0009554564603604376,0.000905928376596421
5695,0.001236633863300085,0.0014273736160248518
5696,0.0016220874385908246,0.0022474154829978943
5697,0.0021930313669145107,0.0034006424248218536
5698,0.0029243482276797295,0.004803130868822336
5699,0.003939913120120764,0.005899590905755758
5700,0.0050133829936385155,0.0058884164318442345
5701,0.006198805756866932,0.004178035072982311
5702,0.0068573434837162495,0.0016642726259306073
5703,0.0068696243688464165,0.0002535129024181515
5704,0.005917934235185385,0.0008028610609471798
5705,0.004246927797794342,0.002148288767784834
5706,0.0026845382526516914,0.002450209343805909
5707,0.0015509023796766996,0.001361927599646151
5708,0.0011740701738744974,0.00032400243799202144
5709,0.001336783985607326,0.0005034853238612413
5710,0.001840943587012589,0.0012862392468377948
5711,0.0021662686485797167,0.0013634534552693367
5712,0.002085054526105523,0.0006638073245994747
5713,0.001589311519637704,0.00022852860274724662
5714,0.0009763413690961897,0.0005381325609050691
5715,0.0006783099379390478,0.0009256293997168541
5716,0.0007827657973393798,0.0007381291361525655
5717,0.0010887279640883207,0.0002987670595757663
5718,0.0012353226775303483,0.00023267850338015705
5719,0.0011177982669323683,0.0005098003894090652
5720,0.0008503823773935437,0.0006182859651744366
5721,0.0006804391159676015,0.00038815298466943204
5722,0.0007006441592238843,0.00018040808208752424
5723,0.0008093123324215412,0.00025171932065859437
5724,0.0008281766204163432,0.0004153552290517837
5725,0.0006920550367794931,0.0003950584796257317
5726,0.0004908503615297377,0.0002262950874865055
5727,0.00036551570519804955,0.00015211223217193037
5728,0.00038451928412541747,0.00023825258540455252
5729,0.0004921926301904023,0.0003181222127750516
5730,0.0005923570715822279,0.00026637373957782984
5731,0.0006208106642588973,0.0001596262736711651
5732,0.0005968507030047476,0.0001380163594149053
5733,0.0005649406812153757,0.00020398368360474706
5734,0.0005520666600205004,0.0002448164450470358
5735,0.0005518401158042252,0.00020192211377434433
5736,0.0005363210220821202,0.00013608831795863807
5737,0.0005044381832703948,0.0001274468086194247
5738,0.0004736622213385999,0.00016964305541478097
5739,0.00046051928075030446,0.00019451930711511523
5740,0.000470342900371179,0.0001692151854513213
5741,0.0004740831209346652,0.00012970679381396621
5742,0.00046298367669805884,0.00012302547111175954
5743,0.0004264416638761759,0.0001478816702729091
5744,0.000390578992664814,0.00016603262338321656
5745,0.00037043614429421723,0.00015578497550450265
5746,0.0003748494782485068,0.0001347698416793719
5747,0.0003929549129679799,0.00013186718570068479
5748,0.0004094922624062747,0.00015196838648989797
5749,0.00041856709867715836,0.0001764806656865403
5750,0.00042249856051057577,0.00019171748135704547
5751,0.00043239438673481345,0.0002067437017103657
5752,0.0004551376332528889,0.00024535314878448844
5753,0.0004926613182760775,0.00032400744385086
5754,0.0005493562202900648,0.0004523976822383702
5755,0.0006232715677469969,0.0006387728499248624
5756,0.0007372979889623821,0.0009222928201779723
5757,0.0008908776799216866,0.0013315354008227587
5758,0.0011314479634165764,0.001927220611833036
5759,0.001439796993508935,0.0026033553294837475
5760,0.0018980199238285422,0.0032749094534665346
5761,0.0024300862569361925,0.003443680703639984
5762,0.003168958006426692,0.0029719925951212645
5763,0.0038686569314450026,0.001776668126694858
5764,0.004662871360778809,0.0006066487985663116
5765,0.005018991883844137,0.00013688817853108048
5766,0.005020845681428909,0.0005051891785115004
5767,0.004349117167294025,0.0011886522406712174
5768,0.0032811209093779325,0.001475582947023213
5769,0.002271809382364154,0.0011306441156193614
5770,0.0015240437351167202,0.0004792198305949569
5771,0.001220483798533678,0.00013953063171356916
5772,0.001146744005382061,0.0003245809639338404
5773,0.001236362149938941,0.0007037182222120464
5774,0.0012763026170432568,0.0008264824864454567
5775,0.0012905314797535539,0.0005669823731295764
5776,0.0012183076469227672,0.00022925151279196143
5777,0.0010892862919718027,0.00013827827933710068
5778,0.000992320477962494,0.00031138461781665683
5779,0.0009167761309072375,0.0004978402866981924
5780,0.000873786979354918,0.00048005685675889254
5781,0.000773083243984729,0.00029649058706127107
5782,0.0006383958971127868,0.00014236121205613017
5783,0.0005103707080706954,0.00015069400251377374
5784,0.00047970618470571935,0.0002664394851308316
5785,0.0005702882772311568,0.00034058239543810487
5786,0.000714802008587867,0.00029798998730257154
5787,0.0008176055853255093,0.0001898167101899162
5788,0.0008010820019990206,0.00012432922085281461
5789,0.0006854299572296441,0.00014635171100962907
5790,0.0005463726120069623,0.0002097283722832799
5791,0.00046451250091195107,0.00024020709679462016
5792,0.00047275255201384425,0.00020873402536381036
5793,0.000529981276486069,0.00015129604435060173
5794,0.0005818705540150404,0.00011970668128924444
5795,0.00057147879851982,0.00013278162805363536
5796,0.0005177361308597028,0.00016618210065644234
5797,0.0004450386040844023,0.00018290131993126124
5798,0.00040303339483216405,0.00016845372738316655
5799,0.0004013031139038503,0.0001378857996314764
5800,0.00042980804573744535,0.00011737560998881236
5801,0.0004607339797075838,0.00011967710452154279
5802,0.00047703643213026226,0.00013643217971548438
5803,0.0004769520601257682,0.00014933945203665644
5804,0.000471633073175326,0.00014713394921272993
5805,0.0004765809571836144,0.00013291985669638962
5806,0.0004999628872610629,0.00011873879702761769
5807,0.0005447762086987495,0.00011424240074120462
5808,0.0006143575883470476,0.00011989905033260584
5809,0.0007043483201414347,0.00012850467464886606
5810,0.0008358421036973596,0.0001321407762588933
5811,0.0009924573823809624,0.00012829720799345523
5812,0.0012270237784832716,0.00012040702858939767
5813,0.0014907066943123937,0.00011434880434535444
5814,0.0018779910169541836,0.00011346989776939154
5815,0.0022826131898909807,0.00011694634304149076
5816,0.002822205889970064,0.00012115930439904332
5817,0.0033042842987924814,0.00012267583224456757
5818,0.003790737595409155,0.00012070511729689315
5819,0.004045332781970501,0.00011682420881697908
5820,0.004023726098239422,0.00011366101534804329
5821,0.0036782470997422934,0.0001128005824284628
5822,0.0029747476801276207,0.00011408846330596134
5823,0.0021806182339787483,0.00011614423419814557
5824,0.0013608461013063788,0.00011732228449545801
5825,0.0007763972389511764,0.00011700308095896617
5826,0.0004844875948037952,0.00011543895379872993
5827,0.0005067827296443284,0.00011369744606781751
5828,0.0007424026844091713,0.0001126089773606509
5829,0.0010522112715989351,0.0001125520866480656
5830,0.0013001414481550455,0.00011326112144161016
5831,0.001390286604873836,0.00011410743900341913
5832,0.0013406998477876186,0.00011460730456747115
5833,0.0011601827573031187,0.00011447314318502322
5834,0.0009297505603171885,0.00011389280552975833
5835,0.0006970394169911742,0.00011313692084513605
5836,0.0005047981976531446,0.00011257248843321577
5837,0.0003873053938150406,0.00011235967394895852
5838,0.00034845713526010513,0.00011248636292293668
5839,0.0003760877880267799,0.00011282366904197261
5840,0.00043683088733814657,0.00011313927825540304
5841,0.0004997646319679916,0.00011333155271131545
5842,0.00054387521231547,0.00011329355038469657
5843,0.0005724105285480618,0.00011311849812045693
5844,0.0006062787142582238,0.00011285702930763364
5845,0.0006568910321220756,0.00011266300862189382
5846,0.0007477413164451718,0.00011258661834290251
5847,0.0008507473394274712,0.00011270274990238249
5848,0.0009866934269666672,0.00011299891775706783
5849,0.001090220408514142,0.00011351795546943322
5850,0.0012153707211837173,0.00011429492587922141
5851,0.0012825282756239176,0.00011552728392416611
5852,0.001379415043629706,0.00011752064892789349
5853,0.0014175099786370993,0.00012101097672712058
5854,0.001480061560869217,0.00012714980402961373
5855,0.0014753424329683185,0.0001383119961246848
5856,0.001461322302930057,0.00015863474982324988
5857,0.0013770363293588161,0.00019602192332968116
5858,0.0012611759593710303,0.00026571148191578686
5859,0.00110581424087286,0.0003945796051993966
5860,0.0009329174645245075,0.0006391679053194821
5861,0.000761812087148428,0.0010852157138288021
5862,0.0006013049860484898,0.001926492084749043
5863,0.000468945421744138,0.0033394077327102423
5864,0.00037038588197901845,0.005743210203945637
5865,0.00031178371864371,0.008587534539401531
5866,0.00029084322159178555,0.01132938452064991
5867,0.00029971860931254923,0.010077573359012604
5868,0.0003274613118264824,0.005467560607939959
5869,0.00036400638055056334,0.0007758101564832032
5870,0.0004045744426548481,0.0011700114700943232
5871,0.0004480489296838641,0.004422138910740614
5872,0.0004992992617189884,0.004431989975273609
5873,0.0005640739691443741,0.001462007174268365
5874,0.0006473685498349369,0.0005489512113854289
5875,0.0007628961466252804,0.0024925025645643473
5876,0.0009084263583645225,0.002805338939651847
5877,0.0011197724379599094,0.0008602806483395398
5878,0.001375543768517673,0.0006740790558978915
5879,0.0017520629335194826,0.001958732260391116
5880,0.00216942117549479,0.0015363390557467937
5881,0.0027509804349392653,0.00038951123133301735
5882,0.003275160910561681,0.0008109879563562572
5883,0.0038792735431343317,0.0014773609582334757
5884,0.004166246857494116,0.0007995436317287385
5885,0.004246223252266645,0.0002594059333205223
5886,0.003865965409204364,0.0008252827101387084
5887,0.0031812216620892286,0.0010359389707446098
5888,0.0024352287873625755,0.00041965540731325746
5889,0.0017431986052542925,0.00027031192439608276
5890,0.0013326193438842893,0.0007004027720540762
5891,0.0010991613380610943,0.0006729852757416666
5892,0.001032241270877421,0.0002713095454964787
5893,0.0009818265680223703,0.0002886623260565102
5894,0.0009814004879444838,0.0005421802052296698
5895,0.0009717406937852502,0.00044439471093937755
5896,0.0009857186814770103,0.00020706381474155933
5897,0.0010184856364503503,0.0002736005117185414
5898,0.0010179876117035747,0.0004217298119328916
5899,0.0009833360090851784,0.0003198838676325977
5900,0.000858236919157207,0.00017319386824965477
5901,0.0006902581080794334,0.00023253311519511044
5902,0.0005083123687654734,0.0003271136083640158
5903,0.0003859381831716746,0.00025931745767593384
5904,0.00035720213782042265,0.00015820372209418565
5905,0.0004109446599613875,0.0001901189680211246
5906,0.0005007960717193782,0.0002580501895863563
5907,0.0005677372682839632,0.0002244447241537273
5908,0.00058980833273381,0.0001542341778986156
5909,0.0005645775236189365,0.00015903532039374113
5910,0.000529498269315809,0.00020441049127839506
5911,0.0005237479927018285,0.00019927257380913943
5912,0.0005654418491758406,0.0001545762934256345
5913,0.0006676589837297797,0.00014269859821069986
5914,0.0007916131289675832,0.00016850701649673283
5915,0.0009523829794488847,0.00017727978411130607
5916,0.0010877730092033744,0.0001528258144389838
5917,0.0012647570110857487,0.00013437180314213037
5918,0.0014222671743482351,0.00014499551616609097
5919,0.0016534936148673296,0.00015928152424748987
5920,0.0018802002305164933,0.00015101960161700845
5921,0.002160527976229787,0.0001330085506197065
5922,0.0023735971190035343,0.00013091799337416887
5923,0.002528364537283778,0.00014245878264773637
5924,0.0025140116922557354,0.00014573383668903261
5925,0.0023436094634234905,0.00013510460848920047
5926,0.0020260997116565704,0.00012626561510842294
5927,0.001615396118722856,0.00012983279884792864
5928,0.0012097974540665746,0.00013691386266145855
5929,0.0008403091924265027,0.00013535335892811418
5930,0.0005623869365081191,0.00012757049989886582
5931,0.0003846451290883124,0.00012428559421095997
5932,0.00032253426616080105,0.00012814586807508022
5933,0.0003695925697684288,0.00013146139099262655
5934,0.0004971579182893038,0.00012870985665358603
5935,0.0006583609501831234,0.00012398343824315816
5936,0.0008020561654120684,0.0001233959337696433
5937,0.0009044986218214035,0.0001262781152036041
5938,0.0009505290072411299,0.00012742268154397607
5939,0.0009640181669965386,0.0001249365886906162
5940,0.0009606307139620185,0.0001223613799083978
5941,0.0009529657545499504,0.0001225972519023344
5942,0.0009566716034896672,0.00012429911294020712
5943,0.0009432678343728185,0.00012463011080399156
5944,0.0009376126108691096,0.00012307107681408525
5945,0.0008977229590527713,0.00012163653445895761
5946,0.0008682197658345103,0.0001216756718349643
5947,0.0008153709932230413,0.00012251766747795045
5948,0.0007816609577275813,0.00012282593525014818
5949,0.0007390361279249191,0.00012210952991154045
5950,0.0007099839858710766,0.00012119943858124316
5951,0.0006738185184076428,0.00012090675591025501
5952,0.0006417442345991731,0.00012124702334403992
5953,0.0006075925775803626,0.00012161415361333638
5954,0.0005805534892715514,0.00012143973435740918
5955,0.0005614508409053087,0.00012090313248336315
5956,0.0005541003192774951,0.00012047526251990348
5957,0.0005554259405471385,0.000120488868560642
5958,0.000565426773391664,0.0001207609529956244
5959,0.0005789899732917547,0.00012085119669791311
5960,0.0006007688352838159,0.00012061087181791663
5961,0.000628494075499475,0.00012024246098008007
5962,0.000674335053190589,0.00012009608326479793
5963,0.0007364408229477704,0.000120215852803085
5964,0.0008329590782523155,0.00012035836698487401
5965,0.000956850009970367,0.00012032392987748608
5966,0.0011370633728802204,0.00012012013758067042
5967,0.0013542331289499998,0.00011995829845545813
5968,0.0016601945972070098,0.00011993525549769402
5969,0.002001366810873151,0.000120017837616615
5970,0.002459870185703039,0.00012009064812446013
5971,0.0028957726899534464,0.00012009240163024515
5972,0.0034024505876004696,0.0001200583137688227
5973,0.0037167975679039955,0.00012005819007754326
5974,0.00390633475035429,0.00012015757238259539
5975,0.003757751313969493,0.00012040374713251367
5976,0.0033425414003431797,0.00012078278086846694
5977,0.002805044176056981,0.00012137013982282951
5978,0.0021978686563670635,0.0001222464197780937
5979,0.0017685330240055919,0.0001237283431692049
5980,0.0014123328728601336,0.00012621744826901704
5981,0.001186308334581554,0.0001305090554524213
5982,0.0009782052366062999,0.00013780039444100112
5983,0.0008636275888420641,0.00015033266390673816
5984,0.000809319200925529,0.00017206752090714872
5985,0.0008622377645224333,0.00020996965758968145
5986,0.0009645122336223722,0.00027720193611457944
5987,0.0010430477559566498,0.0003949175588786602
5988,0.001062795054167509,0.0006055135745555162
5989,0.0009679011418484151,0.0009653079323470592
5990,0.0008190565858967602,0.001590439584106207
5991,0.0006433774251490831,0.002546262228861451
5992,0.0005116717074997723,0.0039621377363801
5993,0.0004471267748158425,0.005359027534723282
5994,0.0004405656363815069,0.006225667428225279
5995,0.0004620499676093459,0.005096712615340948
5996,0.00047205694136209786,0.002591421827673912
5997,0.0004598750383593142,0.0004721103177871555
5998,0.0004243196453899145,0.000518165179528296
5999,0.000388644722988829,0.002030641306191683
6000,0.00036415172507986426,0.0027822316624224186
6001,0.0003578545874916017,0.0018703322857618332
6002,0.0003631632134784013,0.0004604410205502063
6003,0.00036903153522871435,0.0003420387511141598
6004,0.00037069927202537656,0.0012757282238453627
6005,0.000367464788723737,0.0016240989789366722
6006,0.00036935298703610897,0.0009065556805580854
6007,0.000380680023226887,0.00021717243362218142
6008,0.0004107229469809681,0.00045960801071487367
6009,0.0004577933868858963,0.0010108905844390392
6010,0.0005304353544488549,0.0009055290138348937
6011,0.0006337624508887529,0.0003547613159753382
6012,0.0007945327088236809,0.00019301866996102035
6013,0.001037956913933158,0.0005329784471541643
6014,0.0014350401470437646,0.0007230868795886636
6015,0.0020023284014314413,0.00045179491280578077
6016,0.002901578089222312,0.00016412763216067106
6017,0.003953124862164259,0.00024882867000997066
6018,0.0054106502793729305,0.00047340523451566696
6019,0.006365003064274788,0.00044934716424904764
6020,0.007010357454419136,0.00022829401132185012
6021,0.006237945985049009,0.00014712251140736043
6022,0.004900005646049976,0.0002747451944742352
6023,0.003848584834486246,0.00036377881770022213
6024,0.003403427777811885,0.00027452586800791323
6025,0.0032864792738109827,0.00015106033242773265
6026,0.002600604435428977,0.00015998430899344385
6027,0.0018388292519375682,0.0002477934176567942
6028,0.0013922631042078137,0.00026308352244086564
6029,0.0015421811258420348,0.0001894187298603356
6030,0.0017121871933341026,0.00013654759095516056
6031,0.0014962716959416866,0.00016307378245983273
6032,0.001138834748417139,0.00020892293832730502
6033,0.0009989698883146048,0.00020259851589798927
6034,0.0011961593991145492,0.00015709255239926279
6035,0.0013282832223922014,0.00013304693857207894
6036,0.0011241075117141008,0.00015086517669260502
6037,0.0007157337386161089,0.00017473781190346926
6038,0.00048685548244975507,0.00017007713904604316
6039,0.0006262985989451408,0.00014492934860754758
6040,0.0008853363106027246,0.00013057909382041544
6041,0.0009418089175596833,0.00013935724564362317
6042,0.0007092248997651041,0.0001538904762128368
6043,0.00043860633741132915,0.00015347330190706998
6044,0.00039267048123292625,0.0001390430988976732
6045,0.0005599268479272723,0.00012844294542446733
6046,0.0007225212175399065,0.00013218654203228652
6047,0.000684274360537529,0.00014200143050402403
6048,0.0004970498848706484,0.00014363153604790568
6049,0.0003401442663744092,0.0001349678641417995
6050,0.0003417243715375662,0.00012684172543231398
6051,0.0004504683893173933,0.00012778567906934768
6052,0.0005194712430238724,0.00013416202273219824
6053,0.00047138583613559604,0.00013670868065673858
6054,0.0003579358453862369,0.00013236826634965837
6055,0.0002892905904445797,0.0001268268097192049
6056,0.0003116572625003755,0.0001259384589502588
6057,0.0003754504432436079,0.00012915651313960552
6058,0.00040361081482842565,0.0001316064881393686
6059,0.00036801653914153576,0.0001304035831708461
6060,0.0003096883883699775,0.00012734721531160176
6061,0.00028127187397331,0.0001256644172826782
6062,0.000297669495921582,0.0001264449383597821
6063,0.0003289474989287555,0.00012812887143809348
6064,0.00033891614293679595,0.0001286332990275696
6065,0.0003200736828148365,0.0001275817194255069
6066,0.00029293401166796684,0.00012605525262188166
6067,0.0002813009195961058,0.0001254408562090248
6068,0.00028909463435411453,0.00012603553477674723
6069,0.0003022626042366028,0.00012693891767412424
6070,0.00030577636789530516,0.00012716706260107458
6071,0.0002976181567646563,0.00012645211245398968
6072,0.0002877931692637503,0.0001255594688700512
6073,0.0002859375672414899,0.000125270031276159
6074,0.000293563527520746,0.00012568999954964966
6075,0.000304537737974897,0.00012624521332327276
6076,0.0003144875809084624,0.00012632405559998006
6077,0.0003249097499065101,0.00012594129657372832
6078,0.0003452434903010726,0.00012547863298095763
6079,0.00038590916665270925,0.00012533937115222216
6080,0.0004584840207826346,0.00012551838881336153
6081,0.0005774355377070606,0.0001257737458217889
6082,0.000772015773691237,0.0001258874253835529
6083,0.0010885102674365044,0.00012579045142047107
6084,0.0016295233508571982,0.00012562460324261338
6085,0.002482033334672451,0.0001255139068234712
6086,0.003916498739272356,0.00012558914022520185
6087,0.005864898208528757,0.00012583685747813433
6088,0.00869317539036274,0.00012623131624422967
6089,0.011192532256245613,0.0001267595071112737
6090,0.012890646234154701,0.00012762733967974782
6091,0.012091053649783134,0.00012926447379868478
6092,0.009020072408020496,0.0001326398632954806
6093,0.006312965415418148,0.0001393174024997279
6094,0.0041299909353256226,0.00015268307470250875
6095,0.002840643282979727,0.00017925596330314875
6096,0.0021903703454881907,0.00023272066027857363
6097,0.002843619557097554,0.000341905775712803
6098,0.0039014301728457212,0.0005627750069834292
6099,0.003647113684564829,0.0010201366385444999
6100,0.0022939853370189667,0.001920689595863223
6101,0.0011450352612882853,0.0037284339778125286
6102,0.0014112206408753991,0.006785222794860601
6103,0.0022196820937097073,0.011642035096883774
6104,0.002139464020729065,0.015217446722090244
6105,0.0013530169380828738,0.014640792272984982
6106,0.0008697958546690643,0.006237236317247152
6107,0.0011456978973001242,0.0005529380869120359
6108,0.0014291917905211449,0.003582729259505868
6109,0.0010949592106044292,0.007148450240492821
6110,0.0006784991710446775,0.003866249229758978
6111,0.0007709581404924393,0.0006101967301219702
6112,0.0011092469794675708,0.0034833785612136126
6113,0.0010772820096462965,0.004244405310600996
6114,0.0006686758133582771,0.0009342158446088433
6115,0.0005125303869135678,0.0015884973108768463
6116,0.0007274165982380509,0.0033612437546253204
6117,0.0008378193597309291,0.001210479997098446
6118,0.0006010033539496362,0.0008015203638933599
6119,0.00034829089418053627,0.002449104795232415
6120,0.00041797387530095875,0.0012693781172856688
6121,0.0006179403280839324,0.00047297764103859663
6122,0.0005941306590102613,0.0017128996551036835
6123,0.00040128891123458743,0.0011898581869900227
6124,0.00033798557706177235,0.00035809868131764233
6125,0.0004655177763197571,0.00115624675527215
6126,0.0005518609541468322,0.0010456095915287733
6127,0.0004564169212244451,0.0003358432441018522
6128,0.0003357556997798383,0.000776867673266679
6129,0.00034725520526990294,0.0008967448957264423
6130,0.00043127944809384644,0.0003252883907407522
6131,0.0004364565829746425,0.0005041489494033158
6132,0.00035270635271444917,0.0007686226163059473
6133,0.00030103407334536314,0.00036593276308849454
6134,0.000332024967065081,0.0003064640623051673
6135,0.0003700456290971488,0.0005950134946033359
6136,0.00034835931728594005,0.00041040588985197246
6137,0.00029737918521277606,0.0002312855503987521
6138,0.0002855085476767272,0.00042757915798574686
6139,0.00031315357773564756,0.0004071675066370517
6140,0.00032655621180310845,0.00021065562032163143
6141,0.00030428817262873054,0.0002953740768134594
6142,0.0002789593127090484,0.00038250189390964806
6143,0.00028189507429488003,0.00023594236699864268
6144,0.00029961654217913747,0.00019926443928852677
6145,0.0003011063381563872,0.00030616018921136856
6146,0.0002843623224180192,0.0002662561892066151
6147,0.00027292119921185076,0.00017847472918219864
6148,0.0002792111481539905,0.00022789860668126494
6149,0.0002894895733334124,0.00025675364304333925
6150,0.0002873839985113591,0.00018714134057518095
6151,0.00027654654695652425,0.0001770368398865685
6152,0.0002720017801038921,0.00022730878845322877
6153,0.0002782688825391233,0.00020593820954672992
6154,0.00028558861231431365,0.00015873179654590786
6155,0.00028539245249703526,0.000180868009920232
6156,0.00028222889523021877,0.00020423361274879426
6157,0.00028559917700476944,0.00017174826643895358
6158,0.0002986548061016947,0.00015570786490570754
6159,0.0003170965355820954,0.00017934128118213266
6160,0.00033960636937990785,0.0001789341913536191
6161,0.0003742951084859669,0.00015435117529705167
6162,0.0004369337111711502,0.00015632029681000859
6163,0.0005405696574598551,0.00017181603470817208
6164,0.0007163551636040211,0.00016256340313702822
6165,0.0009830719791352749,0.000148143750266172
6166,0.0014440040104091167,0.00015489345241803676
6167,0.002117773052304983,0.00016213201161008328
6168,0.0032440240029245615,0.00015311095921788365
6169,0.004648222122341394,0.00014644865586888045
6170,0.006663596723228693,0.00015218644693959504
6171,0.008138940669596195,0.00015463607269339263
6172,0.009086760692298412,0.0001478117483202368
6173,0.007651758845895529,0.00014498457312583923
6174,0.004842618480324745,0.0001492831070208922
6175,0.002122944686561823,0.0001498260535299778
6176,0.0009848924819380045,0.00014504969294648618
6177,0.00144889613147825,0.0001436742313671857
6178,0.0024554047267884016,0.00014647126954514533
6179,0.0031992143485695124,0.00014661226305179298
6180,0.003117589745670557,0.0001434279838576913
6181,0.002131004584953189,0.00014258590817917138
6182,0.0010952678276225924,0.00014443075633607805
6183,0.0007400022004731,0.00014432889292947948
6184,0.001163581619039178,0.00014220760203897953
6185,0.0016567346174269915,0.00014170343638397753
6186,0.0016669463366270065,0.00014291220577433705
6187,0.0013723168522119522,0.00014285453653428704
6188,0.0010576423956081271,0.00014138020924292505
6189,0.0008414245676249266,0.00014096165250521153
6190,0.000647586362902075,0.00014170237409416586
6191,0.0005581796285696328,0.00014171944349072874
6192,0.0007114875479601324,0.00014087461750023067
6193,0.0009947785874828696,0.00014049427409190685
6194,0.0011152955703437328,0.00014081188419368118
6195,0.0009491742239333689,0.00014087100862525403
6196,0.000638351310044527,0.00014038122026249766
6197,0.0004691913491114974,0.00014006433775648475
6198,0.0004762202443089336,0.0001402061607223004
6199,0.000512647267896682,0.0001403010101057589
6200,0.0004673206130973995,0.00014005695993546396
6201,0.00041361950570717454,0.00013975324691273272
6202,0.00046436337288469076,0.00013973283057566732
6203,0.0005879024975001812,0.00013982523523736745
6204,0.0006583787617273629,0.00013973345630802214
6205,0.000597611884586513,0.00013953859161119908
6206,0.00048346849507652223,0.0001394603168591857
6207,0.0004068615671712905,0.00013950353604741395
6208,0.00039193633710965514,0.00013948953710496426
6209,0.0003815307281911373,0.00013936747564002872
6210,0.0003426183247938752,0.00013927470718044788
6211,0.000298546627163887,0.00013926649990025908
6212,0.0002877477672882378,0.0001392707199556753
6213,0.00031290666083805263,0.00013923690130468458
6214,0.00034424298792146146,0.00013917101023253053
6215,0.0003604914527386427,0.00013913199654780328
6216,0.00036376103525981307,0.00013912576832808554
6217,0.00036742023075930774,0.00013911839050706476
6218,0.00037570676067844033,0.00013909695553593338
6219,0.0003834026283584535,0.00013905268860980868
6220,0.00038628370384685695,0.00013903452781960368
6221,0.00038753007538616657,0.00013904343359172344
6222,0.0003852284571621567,0.00013904477236792445
6223,0.0003828861517831683,0.00013902768841944635
6224,0.0003766392474062741,0.0001390028919558972
6225,0.0003744745918083936,0.00013900174235459417
6226,0.0003768705064430833,0.00013901572674512863
6227,0.0003841079887934029,0.0001390196557622403
6228,0.00039087538607418537,0.0001390115066897124
6229,0.0003958774032071233,0.00013900308113079518
6230,0.0004032815631944686,0.00013901035708840936
6231,0.00042049671174027026,0.0001390313118463382
6232,0.00044716737465932965,0.00013903860235586762
6233,0.00048682716442272067,0.00013903975195717067
6234,0.0005305863451212645,0.00013904199295211583
6235,0.0005932048079557717,0.0001390579272992909
6236,0.00066989881452173,0.00013908089022152126
6237,0.0007846350781619549,0.00013909369590692222
6238,0.0009268050780519843,0.0001391033874824643
6239,0.0011237363796681166,0.00013911709538660944
6240,0.00135366793256253,0.00013914323062635958
6241,0.0016624756390228868,0.00013917031174059957
6242,0.0019824127666652203,0.00013919625780545175
6243,0.0023837268818169832,0.00013922667130827904
6244,0.0026841475628316402,0.0001392717385897413
6245,0.0029737656004726887,0.00013933490845374763
6246,0.0029744026251137257,0.0001394304126733914
6247,0.00280342367477715,0.0001395696890540421
6248,0.0023169966880232096,0.00013979634968563914
6249,0.0016941928770393133,0.00014017352077644318
6250,0.001056418172083795,0.0001408205571351573
6251,0.0005666507640853524,0.00014195583935361356
6252,0.0003288168227300048,0.00014397238555829972
6253,0.00034681271063163877,0.0001476309698773548
6254,0.0005485605215653777,0.0001543313846923411
6255,0.0008168757776729763,0.00016681544366292655
6256,0.0010474749142304063,0.0001901807263493538
6257,0.0011719339527189732,0.00023471604799851775
6258,0.0011734003201127052,0.00031930324621498585
6259,0.0010669660987332463,0.00048325859825126827
6260,0.0008940050611272454,0.0007941247313283384
6261,0.0006883720634505153,0.0013938560150563717
6262,0.0005032707122154534,0.002469069557264447
6263,0.00036624970380216837,0.004365837667137384
6264,0.000295747013296932,0.0069839986972510815
6265,0.0002835197083186358,0.009866797365248203
6266,0.0003112725098617375,0.010145987384021282
6267,0.00036170141538605094,0.006759876385331154
6268,0.0004246800090186298,0.0019697740208357573
6269,0.0004968299181200564,0.0009281698148697615
6270,0.0005714959697797894,0.0035203283187001944
6271,0.0006500898161903024,0.004519116133451462
6272,0.0007202908745966852,0.00232510338537395
6273,0.0007967471028678119,0.0006073623662814498
6274,0.0008609784417785704,0.0018158359453082085
6275,0.00094091851497069,0.0029298190493136644
6276,0.0010047556133940816,0.0016300426796078682
6277,0.0010856586741283536,0.0006054319092072546
6278,0.0011422649258747697,0.0013555773766711354
6279,0.0012067389907315373,0.0017075182404369116
6280,0.0012380835833027959,0.0009244377142749727
6281,0.0012623342918232083,0.0006689918809570372
6282,0.001246010884642601,0.0011409015860408545
6283,0.0012125847861170769,0.0010419016471132636
6284,0.001138597959652543,0.0005572664085775614
6285,0.0010512799490243196,0.0006118795718066394
6286,0.0009351252228952944,0.0008504729485139251
6287,0.0008186174090951681,0.0006620979984290898
6288,0.0006934802513569593,0.000442318880232051
6289,0.0005816539051011205,0.000523483962751925
6290,0.00048104883171617985,0.000582413689699024
6291,0.0004015199083369225,0.0004559127555694431
6292,0.00034153438173234463,0.0003652345039881766
6293,0.0003009201609529555,0.0003986841766163707
6294,0.0002764349046628922,0.0004251804784871638
6295,0.00026480219094082713,0.00036973634269088507
6296,0.0002629159716889262,0.0003009431529790163
6297,0.00026826909743249416,0.00029652391094714403
6298,0.00027917633997276425,0.00033021988929249346
6299,0.00029481382807716727,0.0003110252146143466
6300,0.0003155973390676081,0.0002441960386931896
6301,0.00034264891291968524,0.00023452166351489723
6302,0.00037938274908810854,0.0002793162129819393
6303,0.0004289908683858812,0.0002657839795574546
6304,0.000500688620377332,0.00020181651052553207
6305,0.0006005515460856259,0.00020003363897558302
6306,0.0007518382044509053,0.00024481420405209064
6307,0.0009636897593736649,0.00023027698625810444
6308,0.0012913765385746956,0.00017610636132303625
6309,0.001734837656840682,0.00017940474208444357
6310,0.0024095745757222176,0.00021762537653557956
6311,0.003230455331504345,0.00020508489978965372
6312,0.004364678170531988,0.00016379619773942977
6313,0.00540084159001708,0.0001686609466560185
6314,0.006395246833562851,0.0001974434853764251
6315,0.006553341168910265,0.00018696625193115324
6316,0.005876618437469006,0.00015709725266788155
6317,0.004445461556315422,0.00016101285291370004
6318,0.0027390718460083008,0.00018131009710486978
6319,0.0015537701547145844,0.0001745334593579173
6320,0.0010044558439403772,0.0001552902685943991
6321,0.0010827770456671715,0.00015807793533895165
6322,0.0014588863123208284,0.00017065279826056212
6323,0.0018662882503122091,0.0001659217814449221
6324,0.0019888090901076794,0.00015392327622976154
6325,0.0017170568462461233,0.00015522632747888565
6326,0.00129963259678334,0.00016232978668995202
6327,0.0009090963285416365,0.00015993491979315877
6328,0.0007298814598470926,0.00015351109323091805
6329,0.0006989852990955114,0.00015407349565066397
6330,0.0007478786865249276,0.00015764610725454986
6331,0.000826069270260632,0.00015676466864533722
6332,0.0009163771755993366,0.00015372761117760092
6333,0.0009979850146919489,0.000153455461259
6334,0.0009841142455115914,0.0001544489205116406
6335,0.0008376276236958802,0.00015394753427244723
6336,0.0006113563431426883,0.00015298552170861512
6337,0.0004135675844736397,0.0001529207656858489
6338,0.00034798833075910807,0.000152724445797503
6339,0.0004020720371045172,0.0001521962258266285
6340,0.00048573361709713936,0.0001523677201475948
6341,0.0005046358564868569,0.0001528503344161436
6342,0.0004528667777776718,0.00015243166126310825
6343,0.0003944245108868927,0.0001515784242656082
6344,0.00039529154310002923,0.00015186422388069332
6345,0.00046757253585383296,0.00015268033894244581
6346,0.0005527742323465645,0.0001524167601019144
6347,0.0006031960947439075,0.0001514526957180351
6348,0.0005856528296135366,0.00015144831559155136
6349,0.0005493307253345847,0.00015223558875732124
6350,0.0005224714986979961,0.00015238499327097088
6351,0.0005376553162932396,0.00015165972581598908
6352,0.0005673508276231587,0.0001514152972958982
6353,0.0005950875929556787,0.00015197182074189186
6354,0.0005956649547442794,0.00015239574713632464
6355,0.0005848439177498221,0.0001521940721431747
6356,0.0005733189173042774,0.0001520577643532306
6357,0.0005773173761554062,0.0001524790859548375
6358,0.0005918577080592513,0.00015320006059482694
6359,0.0006166325183585286,0.00015375646762549877
6360,0.0006377626559697092,0.0001545494596939534
6361,0.0006702041137032211,0.00015600092592649162
6362,0.0006961050676181912,0.00015853748482186347
6363,0.0007416288717649877,0.0001623733260203153
6364,0.000776846834924072,0.00016862845222931355
6365,0.0008362567168660462,0.00017894853954203427
6366,0.0008890246390365064,0.00019646543660201132
6367,0.0009720140951685607,0.0002261928893858567
6368,0.001053699292242527,0.00027706666151061654
6369,0.0011574052041396499,0.000366087828297168
6370,0.0012493702815845609,0.0005187447532080114
6371,0.0013473863946273923,0.0007903484511189163
6372,0.0014170053182169795,0.0012438423000276089
6373,0.0014870126033201814,0.0020373978186398745
6374,0.0015063082100823522,0.003216319950297475
6375,0.0015183044597506523,0.005022957921028137
6376,0.0014519494725391269,0.006725343409925699
6377,0.0013657016679644585,0.007978682406246662
6378,0.001205616514198482,0.006467470433562994
6379,0.0010342433815822005,0.003345474600791931
6380,0.0008393812458962202,0.0006147897802293301
6381,0.0006615222082473338,0.0008535692468285561
6382,0.0005083885625936091,0.0027779422234743834
6383,0.00039196584839373827,0.003123700153082609
6384,0.0003155206795781851,0.001459821010939777
6385,0.0002763482043519616,0.00031142166699282825
6386,0.0002687110682018101,0.0011731231352314353
6387,0.00028445309726521373,0.0020767655223608017
6388,0.0003162682114634663,0.0013043370563536882
6389,0.00035871093859896064,0.00032608406036160886
6390,0.0004106927663087845,0.0006946665234863758
6391,0.00047187600284814835,0.0013449543621391058
6392,0.0005470915930345654,0.0009668770944699645
6393,0.0006362355779856443,0.0003101160400547087
6394,0.0007515949546359479,0.0005132117075845599
6395,0.000889325572643429,0.000961897661909461
6396,0.0010785586200654507,0.0007201037369668484
6397,0.0013027285458520055,0.00029312429251149297
6398,0.001617600442841649,0.000399805954657495
6399,0.001963356975466013,0.0006758625386282802
6400,0.002424545120447874,0.0005498323007486761
6401,0.002836585743352771,0.0002749956911429763
6402,0.0032937265932559967,0.0003249018336646259
6403,0.0034970350097864866,0.0005109066842123866
6404,0.0035337747540324926,0.00044965394772589207
6405,0.0031840596348047256,0.0002631962124723941
6406,0.00259107886813581,0.0002597069542389363
6407,0.0018935938132926822,0.00037888612132519484
6408,0.0012433024821802974,0.00037376279942691326
6409,0.0008220742456614971,0.00025639368686825037
6410,0.0006240058573894203,0.00022360794537235051
6411,0.0006270280573517084,0.0002937860554084182
6412,0.0007258842815645039,0.000316702265990898
6413,0.0008691507973708212,0.00025236705550923944
6414,0.0009655116009525955,0.00020647603378165513
6415,0.0010138596408069134,0.00023494944616686553
6416,0.0010128444992005825,0.0002672448754310608
6417,0.0009666014229878783,0.00024326280981767923
6418,0.0009022452286444604,0.00020130899793002754
6419,0.0007957126945257187,0.00019899429753422737
6420,0.0006657016347162426,0.00022419130255002528
6421,0.0005121712456457317,0.00022924106451682746
6422,0.0003753970959223807,0.00020644439791794866
6423,0.00028741476126015186,0.00018895146786235273
6424,0.0002687408123165369,0.0001948030840139836
6425,0.0003116364241577685,0.00020669910009019077
6426,0.00038724756450392306,0.00020355278684291989
6427,0.0004638361278921366,0.00018970639212056994
6428,0.0005174482939764857,0.00018234606250189245
6429,0.0005479975370690227,0.00018643861403688788
6430,0.0005675552529282868,0.0001915946922963485
6431,0.000599431456066668,0.00018897805421147496
6432,0.0006680813385173678,0.00018194504082202911
6433,0.0007777393329888582,0.00017806125106289983
6434,0.0009516535792499781,0.0001792563562048599
6435,0.0011505670845508575,0.0001813321141526103
6436,0.0014281005132943392,0.00018058069690596312
6437,0.0016763526946306229,0.00017779877816792578
6438,0.0020100984256714582,0.00017552867939230055
6439,0.002224385505542159,0.00017499869863968343
6440,0.0024801238905638456,0.00017556946841068566
6441,0.002513471059501171,0.00017581672000233084
6442,0.0024810757022351027,0.00017524677969049662
6443,0.0022427935618907213,0.00017388972628396004
6444,0.0019195261411368847,0.00017266794748138636
6445,0.0015858226688578725,0.0001722444430924952
6446,0.0012615775922313333,0.0001726964401314035
6447,0.0010219942778348923,0.00017322188068646938
6448,0.0008088579634204507,0.00017314834985882044
6449,0.0006497326539829373,0.00017243066395167261
6450,0.0005280227633193135,0.00017193000530824065
6451,0.00047843929496593773,0.0001721354783512652
6452,0.0004909730050712824,0.00017324052168987691
6453,0.0005597971030510962,0.00017446385754738003
6454,0.0006549227982759476,0.0001757391291903332
6455,0.0007435239385813475,0.0001770584931364283
6456,0.0008177529671229422,0.00017960171680897474
6457,0.0008496494847349823,0.00018385375733487308
6458,0.0008552970248274505,0.0001909457059809938
6459,0.0008238215232267976,0.0002013402699958533
6460,0.0007776631973683834,0.00021721345547121018
6461,0.0007365440251305699,0.00024143411428667605
6462,0.000710251391865313,0.00027925235917791724
6463,0.0007282188744284213,0.00033910159254446626
6464,0.0007650387706235051,0.00043067967635579407
6465,0.0008429708541370928,0.000575741461943835
6466,0.0009035211987793446,0.000785227632150054
6467,0.000981625053100288,0.0011044165585190058
6468,0.001016000285744667,0.0015001882566139102
6469,0.0010680471314117312,0.0020182207226753235
6470,0.0010941812070086598,0.002417980460450053
6471,0.0011560197453945875,0.002686669584363699
6472,0.0012124765198677778,0.0024055654648691416
6473,0.0012953236000612378,0.0018213014118373394
6474,0.0013572011375799775,0.0010757321724668145
6475,0.0014064422575756907,0.0006848528864793479
6476,0.0014121386921033263,0.0008003830444067717
6477,0.0013793251710012555,0.0012315257918089628
6478,0.0013091330183669925,0.0016372764948755503
6479,0.0012048669159412384,0.0015985069330781698
6480,0.0010846235090866685,0.0012177379103377461
6481,0.0009466414339840412,0.0007071425789035857
6482,0.0008086891612038016,0.000459562725154683
6483,0.0006733613554388285,0.0005351275322027504
6484,0.0005536690587177873,0.0007115601329132915
6485,0.0004572790930978954,0.0007436026353389025
6486,0.0003862181620206684,0.0005424503469839692
6487,0.00034106476232409477,0.0002910076582338661
6488,0.0003130221157334745,0.00018893070227932185
6489,0.0002966776955872774,0.0002845817361958325
6490,0.00028450784157030284,0.0004487462865654379
6491,0.00027458026306703687,0.0005175346741452813
6492,0.0002662049082573503,0.00045672658598050475
6493,0.00026088551385328174,0.0003469883813522756
6494,0.00025972831645049155,0.0003073233237955719
6495,0.0002632082032505423,0.0003637265181168914
6496,0.00027110290830023587,0.00044675852404907346
6497,0.00028317325632087886,0.0004799381422344595
6498,0.00030070956563577056,0.00043498448212631047
6499,0.000325483619235456,0.0003703677502926439
6500,0.00036423932760953903,0.00034378169220872223
6501,0.00042220388422720134,0.00037449965020641685
6502,0.0005178592400625348,0.0004305109614506364
6503,0.0006621119100600481,0.00046398144331760705
6504,0.000904023356270045,0.00046817600377835333
6505,0.001260753138922155,0.0004619128885678947
6506,0.0018600828479975462,0.00048649980453774333
6507,0.0026799782644957304,0.0005566548788920045
6508,0.003994049970060587,0.0006601710338145494
6509,0.005440238863229752,0.0007864633807912469
6510,0.0073097385466098785,0.0009153250139206648
6511,0.008293121121823788,0.0010791630484163761
6512,0.008438549935817719,0.00127853499725461
6513,0.0072601549327373505,0.001534932292997837
6514,0.005642889067530632,0.001815572613850236
6515,0.005081468261778355,0.0020598445553332567
6516,0.004790605045855045,0.00220471597276628
6517,0.004273795057088137,0.002160176867619157
6518,0.0026735553983598948,0.0019010385731235147
6519,0.0015081865713000298,0.0014633667888119817
6520,0.0014957156963646412,0.0009399789851158857
6521,0.0022446042858064175,0.0004986529238522053
6522,0.002620653947815299,0.00024959363508969545
6523,0.0019439371535554528,0.00023604716989211738
6524,0.0011013367911800742,0.000400292978156358
6525,0.0009042003657668829,0.0006235983455553651
6526,0.0013628890737891197,0.0007837202865630388
6527,0.0016605542041361332,0.0007967398269101977
6528,0.0012413356453180313,0.0006736772484146059
6529,0.0006532510742545128,0.00047132460167631507
6530,0.0005670809769071639,0.00029276852728798985
6531,0.000966111256275326,0.00020462239626795053
6532,0.001201396924443543,0.00022071182320360094
6533,0.0008809195715002716,0.000304259592667222
6534,0.00042571232188493013,0.00039786932757124305
6535,0.00036242176429368556,0.0004564597911667079
6536,0.0006728381849825382,0.000457718619145453
6537,0.0008792044827714562,0.00041148968739435077
6538,0.0006933970144018531,0.0003393844235688448
6539,0.0003781852137763053,0.00026841743965633214
6540,0.0002982367295771837,0.00021813969942741096
6541,0.00047629972686991096,0.0001967681891983375
6542,0.0006226485129445791,0.0002023876877501607
6543,0.0005398803041316569,0.00022666175209451467
6544,0.0003632099833339453,0.00025846072821877897
6545,0.00030267241527326405,0.00028797556296922266
6546,0.00038588899769820273,0.00030806573340669274
6547,0.0004644470172934234,0.00031607586424797773
6548,0.0004314493853598833,0.00031225461862049997
6549,0.00034964916994795203,0.00029996439116075635
6550,0.00032623892184346914,0.0002829200529959053
6551,0.0003762006526812911,0.0002646525972522795
6552,0.00042582605965435505,0.0002474272914696485
6553,0.00041136337677016854,0.00023233173124026507
6554,0.00037329946644604206,0.00021962064784020185
6555,0.00037308468017727137,0.00020940197282470763
6556,0.0004324591427575797,0.00020133997895754874
6557,0.000508285709656775,0.0001955124898813665
6558,0.0005574943497776985,0.00019140531367156655
6559,0.0005979198613204062,0.00018882882432080805
6560,0.0006767032900825143,0.00018720132356975228
6561,0.000820868881419301,0.00018617052410263568
6562,0.0010507296537980437,0.0001854166912380606
6563,0.0012969310628250241,0.0001847663806984201
6564,0.0016394249396398664,0.0001842380443122238
6565,0.0019812174141407013,0.00018383859423920512
6566,0.0024558408185839653,0.00018361638649366796
6567,0.0028770570643246174,0.0001835579314501956
6568,0.003270442131906748,0.00018357353110332042
6569,0.003391627687960863,0.00018364834249950945
6570,0.0032177164684981108,0.0001836716546677053
6571,0.0026639217976480722,0.00018370928592048585
6572,0.0018865939928218722,0.0001837198215071112
6573,0.0010891238925978541,0.00018380957772023976
6574,0.0005138348788022995,0.00018402519344817847
6575,0.00029013652238063514,0.00018446680041961372
6576,0.0003979925822932273,0.00018533223192207515
6577,0.0007082023075781763,0.00018685479881241918
6578,0.0010526722762733698,0.00018972989346366376
6579,0.0012904922477900982,0.00019499433983583003
6580,0.00134447799064219,0.000205198215553537
6581,0.0012183323269709945,0.0002249179087812081
6582,0.0009709076257422566,0.0002640413003973663
6583,0.0007006719242781401,0.0003423822927288711
6584,0.0004688036860898137,0.0005003541009500623
6585,0.0003243395476602018,0.0008236378780566156
6586,0.00027101970044896007,0.0014739732723683119
6587,0.00029728218214586377,0.002792054321616888
6588,0.0003784782893490046,0.005246279761195183
6589,0.0004858790780417621,0.009558751247823238
6590,0.0005972543731331825,0.014800307340919971
6591,0.0006853697123005986,0.018220990896224976
6592,0.0007566010463051498,0.012842564843595028
6593,0.000787881319411099,0.0034086850937455893
6594,0.0008065945585258305,0.0013107600389048457
6595,0.0007921784417703748,0.0068294149823486805
6596,0.0007705327589064837,0.007142342161387205
6597,0.0007266799220815301,0.0014886033022776246
6598,0.0006787428283132613,0.002254180610179901
6599,0.0006194817833602428,0.005579725839197636
6600,0.0005625494522973895,0.0023777016904205084
6601,0.0005042072152718902,0.0008406959241256118
6602,0.00045363017125055194,0.003653216175734997
6603,0.0004071534494869411,0.002373205963522196
6604,0.00036965205799788237,0.0007023242069408298
6605,0.0003383145958650857,0.0025283724535256624
6606,0.0003148370888084173,0.001882201642729342
6607,0.00029702193569391966,0.0005982570583000779
6608,0.00028440775349736214,0.001880399533547461
6609,0.0002752430737018585,0.0015551375690847635
6610,0.00026877247728407383,0.0005394298350438476
6611,0.00026419846108183265,0.0013568730792030692
6612,0.0002613445685710758,0.001253378577530384
6613,0.0002599128056317568,0.0005213753902353346
6614,0.00025986498803831637,0.0010180865647271276
6615,0.00026101613184437156,0.001043693977408111
6616,0.0002636503195390105,0.000472703599371016
6617,0.0002680787001736462,0.000745248282328248
6618,0.00027539790607988834,0.000885492714587599
6619,0.00028677971567958593,0.0004609306633938104
6620,0.000304900313494727,0.0005468190647661686
6621,0.0003328130696900189,0.0007396451546810567
6622,0.0003775582299567759,0.0004650533082894981
6623,0.00044693751260638237,0.00040902436012402177
6624,0.0005606107879430056,0.0005935488152317703
6625,0.0007361456518992782,0.00046327017480507493
6626,0.0010285517200827599,0.0003289874002803117
6627,0.0014664905611425638,0.0004688909975811839
6628,0.0021924644242972136,0.0004651804338209331
6629,0.0031838659197092056,0.0003059734299313277
6630,0.004710834939032793,0.00035269587533548474
6631,0.006321894004940987,0.0004231635539326817
6632,0.008146334439516068,0.0003125253424514085
6633,0.008794152177870274,0.0002810951555147767
6634,0.008136491291224957,0.00036828528391197324
6635,0.006178370676934719,0.00033263323712162673
6636,0.003810034366324544,0.0002540835121180862
6637,0.002294869627803564,0.0002971624780911952
6638,0.001513086725026369,0.00032448404817841947
6639,0.001473509706556797,0.00026244742912240326
6640,0.0019684885628521442,0.0002503516443539411
6641,0.0026434273459017277,0.00029052182799205184
6642,0.0028032399713993073,0.000275033205980435
6643,0.0019973809830844402,0.0002397547068540007
6644,0.000988364452496171,0.00025217951042577624
6645,0.0006184038938954473,0.00026763472124002874
6646,0.0010739074787124991,0.00024989215307869017
6647,0.0016216279473155737,0.00023543812858406454
6648,0.0015423990553244948,0.00024316539929714054
6649,0.0009797160746529698,0.00024816326913423836
6650,0.0005587287596426904,0.0002376507327426225
6651,0.0006649830029346049,0.00022834501578472555
6652,0.000999571057036519,0.0002330071438336745
6653,0.0010305809555575252,0.0002384555118624121
6654,0.0006952853873372078,0.00023053919721860439
6655,0.00035677800769917667,0.00022270181216299534
6656,0.0003588185063563287,0.0002275675069540739
6657,0.0006179993506520987,0.0002314781304448843
6658,0.0007886140374466777,0.00022493911092169583
6659,0.000722537690307945,0.00022049652761779726
6660,0.0005318728508427739,0.0002242483024019748
6661,0.0004450982087291777,0.00022606804850511253
6662,0.0004943307139910758,0.0002223800984211266
6663,0.0005442682304419577,0.00021964791812933981
6664,0.0004993791808374226,0.00022073189029470086
6665,0.00039860050310380757,0.00022227232693694532
6666,0.00034721256815828383,0.00022145382536109537
6667,0.000370933412341401,0.00021920223662164062
6668,0.00039457844104617834,0.00021880710846744478
6669,0.0003614589513745159,0.00022082326177041978
6670,0.00029122657724656165,0.00022153640748001635
6671,0.0002565330360084772,0.00021986610954627395
6672,0.0002846696297638118,0.00021979886514600366
6673,0.0003324443241581321,0.00022245133004616946
6674,0.0003454077523201704,0.00022491367417387664
6675,0.00031335646053776145,0.00022640892711933702
6676,0.00027857988607138395,0.0002298508188687265
6677,0.0002760801580734551,0.0002367819397477433
6678,0.000303401960991323,0.0002475016808602959
6679,0.0003311361069791019,0.00026310834800824523
6680,0.00033978212741203606,0.00028764977469109
6681,0.00033997773425653577,0.0003279329976066947
6682,0.0003522330371197313,0.0003933935659006238
6683,0.0003856852708850056,0.000500679889228195
6684,0.0004369952657725662,0.0006711630267091095
6685,0.0004922245279885828,0.0009529489907436073
6686,0.0005696899024769664,0.0013833644334226847
6687,0.0006736863288097084,0.0020636164117604494
6688,0.0008476887014694512,0.002946670865640044
6689,0.001077357679605484,0.004087979439646006
6690,0.001413047080859542,0.00487776193767786
6691,0.00180739164352417,0.005068186204880476
6692,0.002359613310545683,0.0037799819838255644
6693,0.0028984721284359694,0.0018653139704838395
6694,0.003558640368282795,0.00042918400140479207
6695,0.0038581646513193846,0.00044628707109950483
6696,0.003948480822145939,0.0014825465623289347
6697,0.003371689934283495,0.0022491831332445145
6698,0.0024864752776920795,0.0019898968748748302
6699,0.0015209757257252932,0.0009435925167053938
6700,0.0008052050834521651,0.0002800349029712379
6701,0.0004969426081515849,0.0005337233887985349
6702,0.000542143767233938,0.0011596543481573462
6703,0.00083884660853073,0.00131902820430696
6704,0.00119984638877213,0.000820367073174566
6705,0.0014439391670748591,0.0003194362507201731
6706,0.0014313797000795603,0.0003438129206188023
6707,0.001152249751612544,0.000715053582098335
6708,0.0007996594067662954,0.000886627531144768
6709,0.0005286633968353271,0.0006424220628105104
6710,0.00042016551014967263,0.00031794141978025436
6711,0.0004228315665386617,0.00027642131317406893
6712,0.00045625786879099905,0.00048446719301864505
6713,0.000488178338855505,0.0006255951593630016
6714,0.0005384313408285379,0.0005206082132644951
6715,0.000621914048679173,0.00031769764609634876
6716,0.0007247945759445429,0.0002467597369104624
6717,0.0007837318698875606,0.0003460755688138306
6718,0.0007892363937571645,0.00045482657151296735
6719,0.0007212171331048012,0.0004335919802542776
6720,0.0006334540667012334,0.00031915781437419355
6721,0.0005471001495607197,0.0002419425145490095
6722,0.0004784738412126899,0.00026847224216908216
6723,0.0004208938917145133,0.00034062875784002244
6724,0.0003663623647298664,0.00036419136449694633
6725,0.0003198033373337239,0.00031713268253952265
6726,0.0002909563481807709,0.0002538766129873693
6727,0.000280956068309024,0.0002354720199946314
6728,0.00028136931359767914,0.0002658791490830481
6729,0.0002789910649880767,0.000300709274597466
6730,0.0002700983895920217,0.00030147473444230855
6731,0.0002598459832370281,0.00027032417710870504
6732,0.0002575779508333653,0.00023894739570096135
6733,0.000267541385255754,0.00023293937556445599
6734,0.00028643058612942696,0.00024957972345873713
6735,0.0003091792459599674,0.00026693352265283465
6736,0.00033120642183348536,0.00026783280191011727
6737,0.0003588318941183388,0.0002528456097934395
6738,0.0003946854849345982,0.00023609091294929385
6739,0.0004513436579145491,0.00022998354688752443
6740,0.0005283928476274014,0.00023573603539261967
6741,0.0006425130995921791,0.00024512046365998685
6742,0.0007945761899463832,0.0002490098704583943
6743,0.0010237793903797865,0.0002448411541990936
6744,0.0013248079922050238,0.00023655526456423104
6745,0.0017802502261474729,0.000230317484238185
6746,0.0023159950505942106,0.00022930439445190132
6747,0.0030689500272274017,0.0002323840744793415
6748,0.0037399728316813707,0.00023613954544998705
6749,0.0044594695791602135,0.00023741685436107218
6750,0.00465393764898181,0.0002357875055167824
6751,0.004435874056071043,0.0002325346285942942
6752,0.0036353080067783594,0.00022982641530688852
6753,0.0025442205369472504,0.00022885743237566203
6754,0.0015870659844949841,0.0002294761361554265
6755,0.0009125578799284995,0.00023086834698915482
6756,0.000666036969050765,0.00023181826691143215
6757,0.0007881195633672178,0.00023199791030492634
6758,0.0011643285397440195,0.00023132631031330675
6759,0.0014959456166252494,0.00023040299129206687
6760,0.0015742350369691849,0.00022958061890676618
6761,0.0013431212864816189,0.00022919509501662105
6762,0.0009443983435630798,0.00022921201889403164
6763,0.0006404809537343681,0.0002294752048328519
6764,0.0005398156936280429,0.00022981074289418757
6765,0.0005937450914643705,0.00023003501701168716
6766,0.0006558371824212372,0.00023015371698420495
6767,0.00064400042174384,0.0002301613858435303
6768,0.000574814504943788,0.0002301303029526025
6769,0.0005419024964794517,0.00023011729354038835
6770,0.0005826493143104017,0.00023009328288026154
6771,0.0006839496782049537,0.00023012884776107967
6772,0.0007559218793176115,0.00023012806195765734
6773,0.0007746047922410071,0.00023021821107249707
6774,0.0007168183801695704,0.0002302847133250907
6775,0.0006362174754031003,0.00023050879826769233
6776,0.0005619239527732134,0.00023073682677932084
6777,0.0005012150504626334,0.00023119119578041136
6778,0.00044627574970945716,0.00023167864128481597
6779,0.0003834346425719559,0.00023249461082741618
6780,0.00032585166627541184,0.00023344285727944225
6781,0.0002912416821345687,0.00023498650989495218
6782,0.0002877883962355554,0.00023700443853158504
6783,0.00030501396395266056,0.00024036533432081342
6784,0.000318836304359138,0.0002452699700370431
6785,0.0003154505684506148,0.0002535734965931624
6786,0.0002937822719104588,0.00026662828167900443
6787,0.0002690148539841175,0.00028874323470517993
6788,0.0002540478890296072,0.00032524290145374835
6789,0.0002532970975153148,0.0003865943872369826
6790,0.00026131857885047793,0.0004910338902845979
6791,0.00027012376813218,0.0006620630738325417
6792,0.00027723819948732853,0.0009551285183988512
6793,0.00028476043371483684,0.001397954300045967
6794,0.00029956153593957424,0.0021159518510103226
6795,0.0003236628253944218,0.0029634651727974415
6796,0.00036065169842913747,0.004038207232952118
6797,0.00040880360757000744,0.004453752189874649
6798,0.00047886595712043345,0.004332134500145912
6799,0.0005780091159977019,0.0030197850428521633
6800,0.0007413590210489929,0.0018630988197401166
6801,0.0009810409974306822,0.0015191987622529268
6802,0.0013795440318062901,0.002138626528903842
6803,0.0019149150466546416,0.002974114613607526
6804,0.002764821983873844,0.0028276080265641212
6805,0.00371481548063457,0.0018594488501548767
6806,0.0050070323050022125,0.000759899674449116
6807,0.005886345636099577,0.0004918917547911406
6808,0.0064490740187466145,0.0009258553618565202
6809,0.00593727407976985,0.0012587460223585367
6810,0.00469130277633667,0.0011029471643269062
6811,0.0034190588630735874,0.0007183564594015479
6812,0.0023766271770000458,0.0006429749773815274
6813,0.0018596433801576495,0.0008869039011187851
6814,0.001592238899320364,0.0010167512809857726
6815,0.0016717433463782072,0.0008354166056960821
6816,0.001791065908037126,0.0005087030003778636
6817,0.0018001205753535032,0.0003787931054830551
6818,0.0014803835656493902,0.00047806615475565195
6819,0.0009989077225327492,0.0005866832798346877
6820,0.0007656190427951515,0.0005665502394549549
6821,0.0009009637287817895,0.0004759359871968627
6822,0.0011994560481980443,0.0004486158140935004
6823,0.0012320545502007008,0.0004907854017801583
6824,0.0009292760514654219,0.0005124682793393731
6825,0.000535072002094239,0.0004718689888250083
6826,0.0004068192793056369,0.0004040762141812593
6827,0.0006065134075470269,0.00036665587686002254
6828,0.0008719696779735386,0.0003641003859229386
6829,0.0009175342274829745,0.00036631495459005237
6830,0.0006887054187245667,0.00035754189593717456
6831,0.00039598316652700305,0.00034599052742123604
6832,0.0002705198712646961,0.00034142128424718976
6833,0.0003575173032004386,0.0003411470097489655
6834,0.0005103014991618693,0.00034022092586383224
6835,0.0005595470429398119,0.00034020503517240286
6836,0.00047562041436322033,0.0003433980164118111
6837,0.0003477324789855629,0.0003460236475802958
6838,0.00028799049323424697,0.00034304469591006637
6839,0.0003156120656058192,0.00033803348196670413
6840,0.00037252611946314573,0.00034069461980834603
6841,0.0003969870158471167,0.000354511576006189
6842,0.00037731166230514646,0.00037383861490525305
6843,0.0003503517364151776,0.0003924868069589138
6844,0.00034186046104878187,0.0004147608415223658
6845,0.000355918105924502,0.00045627367217093706
6846,0.0003671185695566237,0.0005290317349135876
6847,0.0003704832633957267,0.0006440862780436873
6848,0.0003731214674189687,0.0008097329991869628
6849,0.0003960530157200992,0.0010558784706518054
6850,0.0004413442802615464,0.0014282559277489781
6851,0.0004964779946021736,0.0019896398298442364
6852,0.0005534990923479199,0.0027835576329380274
6853,0.0006153720314614475,0.0038241783622652292
6854,0.0007036097813397646,0.0049411822110414505
6855,0.000851381744723767,0.005831544753164053
6856,0.0010479846969246864,0.005855182185769081
6857,0.0013437150046229362,0.004692079033702612
6858,0.001645840355195105,0.0027058746200054884
6859,0.002067635301500559,0.0011003059335052967
6860,0.0024088346399366856,0.0008939635008573532
6861,0.0028173320461064577,0.0018267446430400014
6862,0.003002188401296735,0.002684695180505514
6863,0.003059979062527418,0.0023645164910703897
6864,0.0028253046330064535,0.0012023088056594133
6865,0.0023593546357005835,0.000373082235455513
6866,0.001792584778741002,0.0006119042518548667
6867,0.0011973492801189423,0.0013458358589559793
6868,0.000756409834139049,0.0015367901651188731
6869,0.0004992958856746554,0.001008160412311554
6870,0.0004471165593713522,0.00046252968604676425
6871,0.0005373276071622968,0.0005149724311195314
6872,0.0007076551555655897,0.0009179020416922867
6873,0.0008837351924739778,0.0010369805386289954
6874,0.0010216275695711374,0.0007127263816073537
6875,0.0011015760246664286,0.00036975269904360175
6876,0.0010930990101769567,0.00038783386116847396
6877,0.001004164689220488,0.0006441493751481175
6878,0.0008390558650717139,0.0007622475386597216
6879,0.0006409822381101549,0.0006102818879298866
6880,0.00046404535532929003,0.0004007304960396141
6881,0.000346894288668409,0.0003682732058223337
6882,0.00030293758027255535,0.0004959748475812376
6883,0.0003089667879976332,0.0005871894536539912
6884,0.0003332475898787379,0.0005273694405332208
6885,0.0003478115831967443,0.0003874343237839639
6886,0.00034898961894214153,0.0003126183000858873
6887,0.0003440281143411994,0.00035134347854182124
6888,0.0003496568533591926,0.00042809368460439146
6889,0.0003767443704418838,0.00044784852070733905
6890,0.000428800965892151,0.000393697468098253
6891,0.0005090960767120123,0.0003244563704356551
6892,0.0006050325464457273,0.0003011488006450236
6893,0.0007356253336183727,0.0003304979472886771
6894,0.0008703195489943027,0.00037247862201184034
6895,0.001065606251358986,0.00038700096774846315
6896,0.0012591516133397818,0.00036650284891948104
6897,0.001549659762531519,0.00033438371610827744
6898,0.0018156071892008185,0.0003189760318491608
6899,0.00217208219692111,0.00033185246866196394
6900,0.002417927607893944,0.00036566623020917177
6901,0.002641251077875495,0.0004054660676047206
6902,0.0026365064550191164,0.0004434221191331744
6903,0.002465921686962247,0.00048780604265630245
6904,0.002097274409607053,0.0005589864449575543
6905,0.001605345751158893,0.0006909085204824805
6906,0.0011230009840801358,0.00091759511269629
6907,0.0007092858431860805,0.0012966189533472061
6908,0.00045294841402210295,0.0018656016327440739
6909,0.00035904254764318466,0.0027238859329372644
6910,0.00040987084503285587,0.003775443183258176
6911,0.0005453728954307735,0.004986415151506662
6912,0.0007107057608664036,0.005575506016612053
6913,0.0008494975045323372,0.005232075694948435
6914,0.0009414335945621133,0.0034157894551753998
6915,0.0009845109889283776,0.001380415866151452
6916,0.0009803419234231114,0.0004149471933487803
6917,0.0009359068353660405,0.0009725975105538964
6918,0.000853302946779877,0.002110579051077366
6919,0.0007361393654718995,0.00247350987046957
6920,0.0006080149905756116,0.0017539856489747763
6921,0.0004854210710618645,0.0007075613830238581
6922,0.00039432087214663625,0.000437061651609838
6923,0.0003375841770321131,0.0009865585016086698
6924,0.0003122055495623499,0.001474603544920683
6925,0.0003024062025360763,0.0012754494091495872
6926,0.0002978462725877762,0.000646127387881279
6927,0.00029009574791416526,0.0003604664816521108
6928,0.0002803344978019595,0.0006407831679098308
6929,0.0002698754833545536,0.0009949073428288102
6930,0.0002622805768623948,0.0009418830741196871
6931,0.0002587997878435999,0.0005613949615508318
6932,0.0002607993083074689,0.00033006834564730525
6933,0.00026935641653835773,0.00045731657883152366
6934,0.0002860200183931738,0.0006946515059098601
6935,0.00031356242834590375,0.0007210036856122315
6936,0.0003525789361447096,0.0005201036110520363
6937,0.00041121686808764935,0.00034880824387073517
6938,0.0004890809650532901,0.0003743736306205392
6939,0.0006125757354311645,0.0005060458788648248
6940,0.000780124741140753,0.0005539959529414773
6941,0.0010602634865790606,0.00046298254164867103
6942,0.0014330437406897545,0.00035050115548074245
6943,0.002045412315055728,0.0003349976032041013
6944,0.002771966625005007,0.00040627835551276803
6945,0.003848218359053135,0.00046152755385264754
6946,0.004777045920491219,0.0004344596527516842
6947,0.005743786692619324,0.0003594480804167688
6948,0.005844374652951956,0.0003131694975309074
6949,0.005286946427077055,0.0003291829489171505
6950,0.004193395376205444,0.00037330371560528874
6951,0.0030754541512578726,0.00039187484071590006
6952,0.0025707825552672148,0.00036808877484872937
6953,0.002337724668905139,0.00032932523754425347
6954,0.002237167675048113,0.00031151509028859437
6955,0.0018380375113338232,0.00032454912434332073
6956,0.0014581481227651238,0.000348235247656703
6957,0.0011268376838415861,0.00035736491554416716
6958,0.0010240223491564393,0.0003447332710493356
6959,0.001113611739128828,0.0003228964633308351
6960,0.0012154978467151523,0.0003097359440289438
6961,0.0012405875604599714,0.00031229297746904194
6962,0.0010538975475355983,0.0003238422505091876
6963,0.0008053912897594273,0.00033261560020036995
6964,0.0006027671042829752,0.00033136949059553444
6965,0.0005667504156008363,0.00032251584343612194
6966,0.000665045459754765,0.0003132857964374125
6967,0.0007452621357515454,0.0003104773350059986
6968,0.0007274747476913035,0.00031509314430877566
6969,0.0005995490355417132,0.0003241061058361083
6970,0.0004763708566315472,0.0003331983170937747
6971,0.0004303760943002999,0.0003408645570743829
6972,0.0004559662484098226,0.00034954253351315856
6973,0.0005028281593695283,0.0003652333398349583
6974,0.0005062093259766698,0.0003959546738769859
6975,0.0004716889816336334,0.00045247795060276985
6976,0.00041941297240555286,0.0005508100730367005
6977,0.00039175167330540717,0.000717603717930615
6978,0.00040069391252472997,0.0010045720264315605
6979,0.0004287180781830102,0.0014883402036502957
6980,0.00045818815124221146,0.002319575287401676
6981,0.0004760167794302106,0.0036346353590488434
6982,0.0004861451452597976,0.005658258218318224
6983,0.0005107334582135081,0.008050860837101936
6984,0.0005543044535443187,0.010170618072152138
6985,0.0006446022889576852,0.009779502637684345
6986,0.0007525226101279259,0.006420970894396305
6987,0.0009061215678229928,0.002004762412980199
6988,0.0010625711875036359,0.0006052743410691619
6989,0.001268420135602355,0.0026400997303426266
6990,0.0014913590857759118,0.004382740706205368
6991,0.0017676589777693152,0.003281919052824378
6992,0.002023868029937148,0.0011196202831342816
6993,0.0022640901152044535,0.0010821636533364654
6994,0.0023451356682926416,0.0024150852113962173
6995,0.0023018615320324898,0.002257217885926366
6996,0.0020413703750818968,0.0009798574028536677
6997,0.0016780005535110831,0.0008725691586732864
6998,0.001253599999472499,0.0017500388203188777
6999,0.0008590371580794454,0.0016606546705588698
7000,0.0005477821687236428,0.0006939986487850547
7001,0.0003456262347754091,0.000647476059384644
7002,0.000275058118859306,0.0013584052212536335
7003,0.0003337669186294079,0.0012961464235559106
7004,0.00048625076306052506,0.0006150242988951504
7005,0.0006665153778158128,0.0005328701226972044
7006,0.0008125120657496154,0.0009859150741249323
7007,0.0008946445304900408,0.0009956439025700092
7008,0.0009169359691441059,0.0005831652088090777
7009,0.0009043577592819929,0.0005213944241404533
7010,0.0008809961145743728,0.0007824561325833201
7011,0.0008356096222996712,0.00076979526784271
7012,0.0007800728781148791,0.0005077384412288666
7013,0.0006877073319628835,0.0004669227637350559
7014,0.0005930542247369885,0.0006494812550954521
7015,0.0004959214711561799,0.0006701764068566263
7016,0.0004240235430188477,0.000487854442326352
7017,0.0003711620520334691,0.0004107602871954441
7018,0.00033364322734996676,0.0005166673217900097
7019,0.0003006869519595057,0.0005753286532126367
7020,0.0002708524698391557,0.0004867231473326683
7021,0.0002473264466971159,0.0004025542875751853
7022,0.00023459232761524618,0.00043595151510089636
7023,0.0002329559065401554,0.000493965926580131
7024,0.00023803513613529503,0.0004680088604800403
7025,0.0002439530799165368,0.0004001006600446999
7026,0.0002472058404237032,0.00038719343137927353
7027,0.00024848984321579337,0.0004272247606422752
7028,0.00025124300736933947,0.0004447308601811528
7029,0.0002595474070403725,0.0004111865710001439
7030,0.0002755838504526764,0.0003747735754586756
7031,0.0003013082896359265,0.000378231838112697
7032,0.00033735367469489574,0.0004031887510791421
7033,0.00039112300146371126,0.0004070439317729324
7034,0.00046863261377438903,0.000383269099984318
7035,0.0005939555703662336,0.0003617638139985502
7036,0.0007808440132066607,0.0003647626144811511
7037,0.0010879100300371647,0.0003805146552622318
7038,0.001527340617030859,0.0003852939698845148
7039,0.0022330316714942455,0.0003737604129128158
7040,0.0031289709731936455,0.0003605755337048322
7041,0.004440724849700928,0.00035814568400382996
7042,0.005641760770231485,0.00036439159885048866
7043,0.0068491860292851925,0.0003678489592857659
7044,0.006949745584279299,0.0003640358045231551
7045,0.006110357120633125,0.00035663790185935795
7046,0.004679868929088116,0.0003524902567733079
7047,0.0033288984559476376,0.00035362972994334996
7048,0.002752898260951042,0.00035701572778634727
7049,0.0023643558379262686,0.000359344354365021
7050,0.0020082208793610334,0.0003583138168323785
7051,0.001506329164840281,0.00035526338615454733
7052,0.0013212288031354547,0.0003520356258377433
7053,0.0014315987937152386,0.00035105820279568434
7054,0.00158224580809474,0.00035227008629590273
7055,0.001569406595081091,0.00035421308712102473
7056,0.0012746874708682299,0.00035489819128997624
7057,0.0009724767878651619,0.00035379978362470865
7058,0.0007914832094684243,0.00035194592783227563
7059,0.0008078181417658925,0.000350888236425817
7060,0.0008878255030140281,0.00035133285564370453
7061,0.0008719413890503347,0.0003530009416863322
7062,0.0007656698580831289,0.00035478713107295334
7063,0.0006325492868199944,0.0003560865588951856
7064,0.0005850607994943857,0.00035664811730384827
7065,0.0006084067281335592,0.0003574608126655221
7066,0.0006118825986050069,0.00035926615237258375
7067,0.000550074502825737,0.000363300961907953
7068,0.00045320644858293235,0.0003699240041896701
7069,0.00041638140100985765,0.00038054236210882664
7070,0.00044703265302814543,0.0003967267111875117
7071,0.0004814612038899213,0.0004227184399496764
7072,0.00045627873623743653,0.00046501384349539876
7073,0.0003759308601729572,0.0005349566345103085
7074,0.0003127397794742137,0.0006535870488733053
7075,0.0003143979993183166,0.0008500149706378579
7076,0.0003611532738432288,0.0011901985853910446
7077,0.0003890079096890986,0.0017323445063084364
7078,0.00035863241646438837,0.0026505894493311644
7079,0.00029791099950671196,0.003913940396159887
7080,0.0002599608269520104,0.0057389442808926105
7081,0.0002726266684476286,0.0071448516100645065
7082,0.00031137344194576144,0.007841364480555058
7083,0.0003322178381495178,0.005882482975721359
7084,0.0003165800590068102,0.002818472683429718
7085,0.0002830605080816895,0.000657648837659508
7086,0.00026733154663816094,0.0011188762728124857
7087,0.0002857227809727192,0.0029441299848258495
7088,0.00032525614369660616,0.0034739207476377487
7089,0.00036375661147758365,0.0021845176815986633
7090,0.0003869374340865761,0.0006517983274534345
7091,0.000416169292293489,0.0007717807893641293
7092,0.0004717112169601023,0.001909320941194892
7093,0.0005878627998754382,0.0021357410587370396
7094,0.0007653905777260661,0.0012069353833794594
7095,0.0010311526712030172,0.00048079167027026415
7096,0.0013810398522764444,0.0008562548900954425
7097,0.0018990092212334275,0.0014764012303203344
7098,0.002539029810577631,0.0012777833035215735
7099,0.00346294604241848,0.0006419129204005003
7100,0.0042927684262394905,0.0005010946188122034
7101,0.00515988003462553,0.0009088036604225636
7102,0.005170326679944992,0.0011191157391294837
7103,0.00455497857183218,0.000798473076429218
7104,0.003275243565440178,0.0004637080419342965
7105,0.0020314708817750216,0.0005438844673335552
7106,0.0013275796081870794,0.0008024913258850574
7107,0.0010198649251833558,0.0008069589966908097
7108,0.00094788265414536,0.0005602900637313724
7109,0.0010208595776930451,0.00042863775161094964
7110,0.0012974978890269995,0.0005456875078380108
7111,0.0015703615499660373,0.0006809697952121496
7112,0.0015517084393650293,0.0006289545563049614
7113,0.001244191313162446,0.0004716058901976794
7114,0.0008099252008832991,0.00041755824349820614
7115,0.0005647019715979695,0.0004994217306375504
7116,0.000555476057343185,0.0005718966131098568
7117,0.0006495952256955206,0.0005345156532712281
7118,0.0006810541381128132,0.00044228325714357197
7119,0.000626301858574152,0.0004055048921145499
7120,0.0005920743569731712,0.00044570016325451434
7121,0.0006319225067272782,0.0004931139410473406
7122,0.0007087987614795566,0.00048579450231045485
7123,0.0007310762302950025,0.0004360575694590807
7124,0.0006406808388419449,0.00039959914283826947
7125,0.0005096656386740506,0.0004074153257533908
7126,0.0004109040310140699,0.00043906032806262374
7127,0.00040436183917336166,0.0004542053793556988
7128,0.00044294894905760884,0.0004381982143968344
7129,0.0004569709999486804,0.00040944592910818756
7130,0.00040168367559090257,0.00039690156700089574
7131,0.00031149492133408785,0.00040823681047186255
7132,0.0002488197642378509,0.00042904933798126876
7133,0.00024892197689041495,0.00044091622112318873
7134,0.0002913674688898027,0.00043995221494697034
7135,0.0003254877228755504,0.0004384142521303147
7136,0.0003187208203598857,0.0004530393925961107
7137,0.00027933300589211285,0.0004944857791997492
7138,0.0002428740990580991,0.0005691938567906618
7139,0.00023622388835065067,0.000690912245772779
7140,0.000258181884419173,0.0008869271841831505
7141,0.0002859893720597029,0.0012354989303275943
7142,0.00029964238638058305,0.0018261068034917116
7143,0.00029555222135968506,0.0028864687774330378
7144,0.00028839040896855295,0.0045159743167459965
7145,0.00029401679057627916,0.007040662690997124
7146,0.0003209913265891373,0.00960026029497385
7147,0.0003666679549496621,0.011433958075940609
7148,0.00042853300692513585,0.009433780796825886
7149,0.0005076173692941666,0.004773722495883703
7150,0.0006262268871068954,0.0009221708751283586
7151,0.0007944192038848996,0.001500193728134036
7152,0.0010714685777202249,0.004308106377720833
7153,0.001437383471056819,0.004548476543277502
7154,0.002016146667301655,0.0021671766880899668
7155,0.0026735917199403048,0.0009438021807000041
7156,0.003607013961300254,0.0021534317638725042
7157,0.0043790992349386215,0.0028269877657294273
7158,0.005120302550494671,0.0015729948645457625
7159,0.005162790883332491,0.0009723962284624577
7160,0.004610232077538967,0.0018427252070978284
7161,0.0035527152940630913,0.0019403400365263224
7162,0.0023047628346830606,0.000947666703723371
7163,0.0013812151737511158,0.000770247308537364
7164,0.0008515989757142961,0.0015464745229110122
7165,0.0007915301830507815,0.0015400317497551441
7166,0.0010522007942199707,0.0007331249653361738
7167,0.001437729806639254,0.0006740151438862085
7168,0.001651047496125102,0.0012163049541413784
7169,0.0015336088836193085,0.0011412943713366985
7170,0.0012230416759848595,0.0006818287656642497
7171,0.0008607994532212615,0.0007097333436831832
7172,0.0006387173780240119,0.0009711326565593481
7173,0.000549022457562387,0.0008320915512740612
7174,0.0005365827237255871,0.0005796587211079895
7175,0.0005488917231559753,0.0006970571703277528
7176,0.0005884820129722357,0.0008739694021642208
7177,0.000676952360663563,0.0007171544129960239
7178,0.0007786998758092523,0.000516015337780118
7179,0.0008355984464287758,0.0005940955597907305
7180,0.0008151677320711315,0.0007325413171201944
7181,0.0007096949266269803,0.0006624165689572692
7182,0.0006100793252699077,0.000534387188963592
7183,0.000544142269063741,0.0005581547156907618
7184,0.0005455485661514103,0.0006286644493229687
7185,0.0005483036511577666,0.0005841902457177639
7186,0.0005201377207413316,0.0005036980728618801
7187,0.000433378794696182,0.0005205147317610681
7188,0.0003358095127623528,0.0005842205137014389
7189,0.00027462601428851485,0.0005737158353440464
7190,0.00027048325864598155,0.0005051103653386235
7191,0.0002990547800436616,0.00047987158177420497
7192,0.00031855475390329957,0.0005138363922014832
7193,0.0003058552392758429,0.0005333834560588002
7194,0.00026929410523734987,0.0005062154959887266
7195,0.00023728243832010776,0.0004789899685420096
7196,0.00023028839495964348,0.0004888560506515205
7197,0.0002476949302945286,0.0005102797877043486
7198,0.00027236691676080227,0.0005044290446676314
7199,0.0002877098449971527,0.0004769914667122066
7200,0.0002889462630264461,0.00046299779205583036
7201,0.0002851103199645877,0.0004732628003694117
7202,0.0002884909335989505,0.0004856048326473683
7203,0.00030756782507523894,0.0004815816937480122
7204,0.0003429778153076768,0.0004684505402110517
7205,0.000394992355722934,0.0004640859551727772
7206,0.00046329706674441695,0.0004714629612863064
7207,0.0005656504654325545,0.0004778157453984022
7208,0.000706625753082335,0.000474348955322057
7209,0.0009380131959915161,0.00046455045230686665
7210,0.0012430974747985601,0.00045930076157674193
7211,0.0017363129882141948,0.000461534655187279
7212,0.002309224335476756,0.00046580040361732244
7213,0.003161364933475852,0.00046594173181802034
7214,0.003906413912773132,0.00046206562547013164
7215,0.0047287908382713795,0.0004590443568304181
7216,0.004904161673039198,0.0004606448346748948
7217,0.0045913513749837875,0.000465721997898072
7218,0.003659632755443454,0.00047256931429728866
7219,0.002507077297195792,0.0004795128770638257
7220,0.0016393024707213044,0.0004912312142550945
7221,0.0011097313836216927,0.0005129798664711416
7222,0.0009543591295368969,0.00055584532674402
7223,0.0010155371855944395,0.0006333118071779609
7224,0.0012279837392270565,0.0007713580853305757
7225,0.0013642992125824094,0.0010224644793197513
7226,0.0013372331159189343,0.001455781632103026
7227,0.0011781631037592888,0.0022403565235435963
7228,0.000954767398070544,0.003409604774788022
7229,0.0008042274275794625,0.005217893049120903
7230,0.0006996570155024529,0.006695886608213186
7231,0.0006221450166776776,0.007528969086706638
7232,0.0005299670738168061,0.005587983876466751
7233,0.00047499503125436604,0.002655290998518467
7234,0.0005091980565339327,0.000734789646230638
7235,0.0006189678679220378,0.0012599017936736345
7236,0.0007349511724896729,0.002924839500337839
7237,0.0007663675351068377,0.003356069093570113
7238,0.0006972132250666618,0.002258666791021824
7239,0.0005887974402867258,0.000975423026829958
7240,0.0005078882677480578,0.0010070635471493006
7241,0.0005126562900841236,0.0018211635760962963
7242,0.0005603033932857215,0.0019529107958078384
7243,0.0006091734394431114,0.0012946827337145805
7244,0.0005848815781064332,0.00080541439820081
7245,0.0005166023038327694,0.0010607510339468718
7246,0.00043344765435904264,0.0014403865206986666
7247,0.00039445102447643876,0.0012177161406725645
7248,0.0004055024473927915,0.0007481130305677652
7249,0.0004409234970808029,0.000698392977938056
7250,0.0004584222624544054,0.0010301900329068303
7251,0.0004416005976963788,0.0011495756916701794
7252,0.0004016772727482021,0.0008309324621222913
7253,0.00037047278601676226,0.0005520426202565432
7254,0.00036652875132858753,0.0006609722622670233
7255,0.0003930252860300243,0.0009057614952325821
7256,0.0004293631645850837,0.0008958132821135223
7257,0.00046639030915685,0.0006563877104781568
7258,0.000489412690512836,0.0005360505310818553
7259,0.0005201343446969986,0.0006455915281549096
7260,0.0005576417315751314,0.0007613935740664601
7261,0.0006306779105216265,0.0007081208168528974
7262,0.0007225090521387756,0.0005875569768249989
7263,0.0008593930397182703,0.0005762143991887569
7264,0.0010104699758812785,0.0006588530959561467
7265,0.0012169827241450548,0.0006959690945222974
7266,0.0014359945198521018,0.0006571837002411485
7267,0.0017188512720167637,0.0006556306034326553
7268,0.001981351524591446,0.0007832775008864701
7269,0.0022696207743138075,0.0010224817087873816
7270,0.0024342050310224295,0.0013557429192587733
7271,0.002524607116356492,0.0019468466052785516
7272,0.0023811939172446728,0.003092156257480383
7273,0.0020925113931298256,0.005223496817052364
7274,0.0016356974374502897,0.008552050217986107
7275,0.0011431528255343437,0.0126636428758502
7276,0.0007173920166678727,0.015005250461399555
7277,0.0004305522015783936,0.012432781048119068
7278,0.00031230211607180536,0.00526393810287118
7279,0.00033336831256747246,0.001278471201658249
7280,0.00044764968333765864,0.0038859648630023003
7281,0.0005961222341284156,0.0067146155051887035
7282,0.0007488648407161236,0.004549295641481876
7283,0.0008657326106913388,0.0015460168942809105
7284,0.0009439318091608584,0.0028527025133371353
7285,0.0009709361474961042,0.004491778556257486
7286,0.0009504372719675303,0.002406876999884844
7287,0.0008866562275215983,0.0010087559930980206
7288,0.0007894068257883191,0.0027680285274982452
7289,0.0006720946985296905,0.003179489867761731
7290,0.0005547897308133543,0.0012852803338319063
7291,0.00044990406604483724,0.0011045292485505342
7292,0.00037195003824308515,0.0023683998733758926
7293,0.00031910245888866484,0.0019200770184397697
7294,0.0002897576196119189,0.0009445422329008579
7295,0.00027308135759085417,0.0014871163293719292
7296,0.00026325968792662024,0.0018234513700008392
7297,0.00025397579884156585,0.0010388628579676151
7298,0.00024492215015925467,0.0009206660906784236
7299,0.00023672133102081716,0.001534757437184453
7300,0.00023186460020951927,0.0013360969023779035
7301,0.00023210799554362893,0.0007478984771296382
7302,0.00023851422884035856,0.000936525349970907
7303,0.00025144690880551934,0.0012670964933931828
7304,0.0002706406230572611,0.0009791238699108362
7305,0.00029805160011164844,0.0007417381275445223
7306,0.0003341338597238064,0.0009593834402039647
7307,0.00038837845204398036,0.0010063594672828913
7308,0.00046331132762134075,0.0007427124073728919
7309,0.0005856967763975263,0.0007226899615488946
7310,0.0007587276049889624,0.0009170683333650231
7311,0.0010474731680005789,0.0008688564412295818
7312,0.0014396891929209232,0.0006711782771162689
7313,0.002077097073197365,0.000678188051097095
7314,0.0028385489713400602,0.0007968242862261832
7315,0.003949201665818691,0.0007671081693843007
7316,0.004884835332632065,0.0006616807077080011
7317,0.005801685154438019,0.0006635190220549703
7318,0.005818196572363377,0.0007238696562126279
7319,0.005174304358661175,0.0007046510581858456
7320,0.004185841418802738,0.0006319377571344376
7321,0.0032845388632267714,0.0006206923862919211
7322,0.0029758447781205177,0.0006700828089378774
7323,0.0027054622769355774,0.0006821947172284126
7324,0.0023838053457438946,0.0006355170044116676
7325,0.0017299035098403692,0.0006045930786058307
7326,0.001253821887075901,0.0006237286725081503
7327,0.0010609803721308708,0.0006412289803847671
7328,0.0011667348444461823,0.0006221798248589039
7329,0.001355461892671883,0.0005984180606901646
7330,0.00134584354236722,0.0006024494650773704
7331,0.0011591993970796466,0.000619934406131506
7332,0.0008567433687858284,0.0006207835976965725
7333,0.0006852048682048917,0.0006021200679242611
7334,0.0006889210781082511,0.000588233582675457
7335,0.000771923630964011,0.0005930483457632363
7336,0.0007960626389831305,0.0006032119272276759
7337,0.0006849787896499038,0.0006004616152495146
7338,0.0005493830540217459,0.0005884220008738339
7339,0.0004865777736995369,0.0005849299486726522
7340,0.000520732719451189,0.0005920158000662923
7341,0.0005647423677146435,0.0005974294035695493
7342,0.0005266768857836723,0.0005943175638094544
7343,0.00043499498860910535,0.0005881543620489538
7344,0.00036801432725042105,0.0005863934056833386
7345,0.00038446858525276184,0.0005888908635824919
7346,0.00044402488856576383,0.0005910727777518332
7347,0.0004678649129346013,0.000589917239267379
7348,0.0004300953005440533,0.0005865581915713847
7349,0.00037092017009854317,0.0005850065499544144
7350,0.0003618426853790879,0.0005859439261257648
7351,0.00042240723269060254,0.0005876800278201699
7352,0.0005085280863568187,0.0005880965618416667
7353,0.0005854401970282197,0.0005872578476555645
7354,0.000625531654804945,0.0005864551640115678
7355,0.0006983560160733759,0.000586401205509901
7356,0.0008192325476557016,0.0005875347414985299
7357,0.0010504241799935699,0.0005887009901925921
7358,0.0013339580036699772,0.0005890578613616526
7359,0.0016789663350209594,0.0005888279993087053
7360,0.0020103745628148317,0.000588806695304811
7361,0.0023530712351202965,0.0005896262009628117
7362,0.0025717271491885185,0.0005904536228626966
7363,0.002700797049328685,0.0005911909975111485
7364,0.002496547531336546,0.0005917391390539706
7365,0.0021035748068243265,0.0005922889104112983
7366,0.0014862562529742718,0.0005931248888373375
7367,0.0009148930548690259,0.000594071694649756
7368,0.0005231524701230228,0.0005954951047897339
7369,0.00035951941390521824,0.0005973526276648045
7370,0.0003743134147953242,0.0006003181915730238
7371,0.0004917871556244791,0.000605465960688889
7372,0.0006702571408823133,0.0006145699881017208
7373,0.0008507536840625107,0.0006319218082353473
7374,0.0009843092411756516,0.0006653052405454218
7375,0.0010159745579585433,0.0007319917203858495
7376,0.0009251644369214773,0.0008670117822475731
7377,0.0007628732128068805,0.0011438884539529681
7378,0.00058444042224437,0.0017166974721476436
7379,0.00044750081724487245,0.002885745605453849
7380,0.00036518866545520723,0.005221125204116106
7381,0.0003177400794811547,0.009453943930566311
7382,0.0002864920534193516,0.01591075025498867
7383,0.0002624766784720123,0.021529046818614006
7384,0.00025428575463593006,0.019694112241268158
7385,0.00027089507784694433,0.008452638052403927
7386,0.0003129681572318077,0.0016623481642454863
7387,0.00037231057649478316,0.006625537760555744
7388,0.0004350419039838016,0.009774853475391865
7389,0.0005037820083089173,0.004598852246999741
7390,0.0005720925983041525,0.002879167441278696
7391,0.0006689185393042862,0.0062202406115829945
7392,0.0007815126446075737,0.004344396758824587
7393,0.0009461495792493224,0.0015937697608023882
7394,0.0011221731547266245,0.004499261267483234
7395,0.0013513251906260848,0.004473043140023947
7396,0.0015597767196595669,0.0012733680196106434
7397,0.0018053862731903791,0.0028118244372308254
7398,0.0019692962523549795,0.0037007357459515333
7399,0.002118124393746257,0.001623048447072506
7400,0.0020984765142202377,0.0023037646897137165
7401,0.00198408798314631,0.0026927466969937086
7402,0.0016974536702036858,0.0013491130666807294
7403,0.001337343594059348,0.0020957104861736298
7404,0.0009631236316636205,0.0023590573109686375
7405,0.0006425724131986499,0.001171730225905776
7406,0.0004254319937899709,0.0016306487377732992
7407,0.00031017078435979784,0.0019814525730907917
7408,0.000289346236968413,0.0012246244587004185
7409,0.0003433498786762357,0.0014694614801555872
7410,0.00045196531573310494,0.0016322373412549496
7411,0.0005817230558022857,0.0010677159298211336
7412,0.0007036734605208039,0.0013176228385418653
7413,0.0007940418436191976,0.0015181824564933777
7414,0.0008384500397369266,0.0010336731793358922
7415,0.000847916875500232,0.0011156235123053193
7416,0.0008306138915941119,0.0013137632049620152
7417,0.0008006815332919359,0.0010099777719005942
7418,0.0007719168206676841,0.0010500234784558415
7419,0.0007326717022806406,0.0012126388028264046
7420,0.0007018012693151832,0.0009551482507959008
7421,0.0006545105716213584,0.0009248433634638786
7422,0.0006187761900946498,0.001105988398194313
7423,0.0005734039004892111,0.0009641118813306093
7424,0.0005438575171865523,0.0008949671173468232
7425,0.0005120456917211413,0.001016077701933682
7426,0.0004914669552817941,0.0009187135146930814
7427,0.0004679654957726598,0.0008386945119127631
7428,0.0004495135217439383,0.0009493095567449927
7429,0.0004308325587771833,0.0009246967965736985
7430,0.0004200919938739389,0.0008353368612006307
7431,0.0004164327692706138,0.0008816787740215659
7432,0.00042564142495393753,0.0008848556317389011
7433,0.00044393871212378144,0.0008199511794373393
7434,0.0004758652357850224,0.0008403494721278548
7435,0.0005154147511348128,0.0008700366597622633
7436,0.0005731238052248955,0.0008318390464410186
7437,0.0006432092050090432,0.0008138298289850354
7438,0.0007473609875887632,0.0008341490756720304
7439,0.0008759602205827832,0.0008242722833529115
7440,0.0010649606119841337,0.0007993177277967334
7441,0.0012881412403658032,0.0008083326974883676
7442,0.001601037452928722,0.000820369750726968
7443,0.001931200735270977,0.0008031858596950769
7444,0.0023533408530056477,0.0007945328252390027
7445,0.0026998952962458134,0.0008079136605374515
7446,0.003045114688575268,0.0008023474365472794
7447,0.003142921719700098,0.0007854204159229994
7448,0.003060954622924328,0.000790333840996027
7449,0.0027033414226025343,0.0007962345844134688
7450,0.002169856335967779,0.0007865863153710961
7451,0.001635329332202673,0.0007846530061215162
7452,0.0011568820336833596,0.0007917794864624739
7453,0.0008600600413046777,0.0007896526949480176
7454,0.0006992365815676749,0.0007842200575396419
7455,0.0006685199914500117,0.0007854843279346824
7456,0.0006913668476045132,0.0007871491252444685
7457,0.0007650708430446684,0.0007843239000067115
7458,0.0008218639995902777,0.0007824570639058948
7459,0.0008696949225850403,0.0007832752889953554
7460,0.0008862709510140121,0.0007835513679310679
7461,0.0008690539980307221,0.0007818148005753756
7462,0.0008357290062122047,0.0007815047865733504
7463,0.0007764988695271313,0.0007827813969925046
7464,0.0007094396860338748,0.0007827272638678551
7465,0.0006273544277064502,0.0007821336039341986
7466,0.0005387748242355883,0.0007830327958799899
7467,0.0004536703054327518,0.0007840447942726314
7468,0.000378529482986778,0.0007835273863747716
7469,0.0003286616411060095,0.0007840285543352365
7470,0.00030361313838511705,0.0007856063893996179
7471,0.0003040286246687174,0.000786245334893465
7472,0.0003167193499393761,0.0007866035448387265
7473,0.00033274642191827297,0.0007885167724452913
7474,0.0003362150164321065,0.0007908360566943884
7475,0.0003266094718128443,0.0007934588938951492
7476,0.0003019760479219258,0.0007972328457981348
7477,0.00027304451214149594,0.0008045423310250044
7478,0.0002480733091942966,0.0008160368306562304
7479,0.0002352737938053906,0.0008355834288522601
7480,0.00023733323905617,0.0008688908419571817
7481,0.00025237619411200285,0.0009305038256570697
7482,0.0002755491004791111,0.00104220409411937
7483,0.00030224729562178254,0.0012486055493354797
7484,0.0003297674120403826,0.0016370525117963552
7485,0.0003620132920332253,0.002352695446461439
7486,0.00040473241824656725,0.0036972719244658947
7487,0.00047709065256640315,0.005961422808468342
7488,0.0005922990385442972,0.009694338776171207
7489,0.0007961210794746876,0.013802547007799149
7490,0.0011015534400939941,0.01669112592935562
7491,0.001619350048713386,0.012958106584846973
7492,0.0023016692139208317,0.005252198316156864
7493,0.003384892363101244,0.0010840011527761817
7494,0.004458636045455933,0.004398093558847904
7495,0.0058168647810816765,0.007949846796691418
7496,0.006241167429834604,0.0050497837364673615
7497,0.0060421498492360115,0.0013953407760709524
7498,0.004805940669029951,0.0029648677445948124
7499,0.003526287851855159,0.004955255426466465
7500,0.003153141587972641,0.00297333556227386
7501,0.0033270707353949547,0.0014573142398148775
7502,0.003531903959810734,0.0030173955019563437
7503,0.0028227614238858223,0.003313896246254444
7504,0.0018240909557789564,0.0016445483779534698
7505,0.0010238977847620845,0.0018393014324828982
7506,0.0009957482106983662,0.0028191276360303164
7507,0.0014844078104943037,0.0019313885131850839
7508,0.0017907960573211312,0.0012994077987968922
7509,0.001620468101464212,0.002118377946317196
7510,0.001018647337332368,0.0021047652699053288
7511,0.0006038070423528552,0.001232213107869029
7512,0.0006483688484877348,0.001399060944095254
7513,0.0009640438947826624,0.001947889686562121
7514,0.0011438538786023855,0.00151575799100101
7515,0.0009421968134120107,0.0010617268271744251
7516,0.000619817990809679,0.0014495209325104952
7517,0.00046321761328727007,0.001636386034078896
7518,0.0005760880885645747,0.0011953068897128105
7519,0.000760446535423398,0.0010727220214903355
7520,0.000760912022087723,0.001371706835925579
7521,0.0005638543516397476,0.0013564582914113998
7522,0.00033941122819669545,0.0010739612625911832
7523,0.00028976568137295544,0.0010670321062207222
7524,0.00041466765105724335,0.0012484684120863676
7525,0.0005377018242143095,0.0012027721386402845
7526,0.0005164897884242237,0.0010197999654337764
7527,0.0003664700489025563,0.001031467574648559
7528,0.00024423591094091535,0.0011575787793844938
7529,0.00024816981749609113,0.0011181971058249474
7530,0.00033930069184862077,0.0009827937465161085
7531,0.00040604895912110806,0.0009915585396811366
7532,0.0003812530485447496,0.001085781492292881
7533,0.00030239432817324996,0.0010652228957042098
7534,0.0002469098544679582,0.0009706915589049459
7535,0.0002585821785032749,0.0009601754136383533
7536,0.00031403423054143786,0.0010199546813964844
7537,0.00035694913822226226,0.0010294305393472314
7538,0.0003637564950622618,0.0009746337309479713
7539,0.0003473146934993565,0.0009435982210561633
7540,0.0003554074792191386,0.0009685722179710865
7541,0.00040996403549797833,0.0009935458656400442
7542,0.0005124378367327154,0.0009765971917659044
7543,0.0006485721096396446,0.0009447111515328288
7544,0.0008165215840563178,0.0009418450063094497
7545,0.001047592144459486,0.0009603756479918957
7546,0.0013908835826441646,0.0009648792329244316
7547,0.0018672114238142967,0.0009496217244304717
7548,0.0025664521381258965,0.0009359481045976281
7549,0.0033034649677574635,0.00093989004381001
7550,0.0042036911472678185,0.0009504444897174835
7551,0.004687630105763674,0.0009485207265242934
7552,0.0048339227214455605,0.0009368043392896652
7553,0.004315329249948263,0.0009314389899373055
7554,0.0033734156750142574,0.000937831646297127
7555,0.0024932033848017454,0.0009440201101824641
7556,0.0016409606905654073,0.0009407099569216371
7557,0.0009654584573581815,0.0009336370276287198
7558,0.0005408427095972002,0.000930408074054867
7559,0.0006036272970959544,0.0009335161885246634
7560,0.0010944444220513105,0.0009385504527017474
7561,0.0015936907147988677,0.0009393952204845846
7562,0.0017250118544325233,0.0009359151590615511
7563,0.0013154660118743777,0.0009321884717792273
7564,0.0007628140738233924,0.0009325991268269718
7565,0.00043547770474106073,0.0009359539253637195
7566,0.00046401185682043433,0.00093797966837883
7567,0.0006406082538887858,0.000937687000259757
7568,0.000676131690852344,0.0009359759278595448
7569,0.0005324918311089277,0.0009355345973744988
7570,0.00037053009145893157,0.0009370039915665984
7571,0.00037398733547888696,0.0009389428305439651
7572,0.0005465630674734712,0.0009403263684362173
7573,0.000722356722690165,0.0009401665301993489
7574,0.0008015276398509741,0.0009397309040650725
7575,0.0007309029460884631,0.0009396834648214281
7576,0.0006648479611612856,0.0009407333564013243
7577,0.00065519631607458,0.0009425650350749493
7578,0.0007180335232988,0.0009439527057111263
7579,0.0007704810705035925,0.0009448644705116749
7580,0.0007498766644857824,0.0009451373480260372
7581,0.0006743667763657868,0.0009457122650928795
7582,0.0005976295797154307,0.0009464860195294023
7583,0.0005535344826057553,0.0009477162966504693
7584,0.0005493062781170011,0.0009491448290646076
7585,0.0005249457899481058,0.0009504122426733375
7586,0.0004815777065232396,0.0009514323901385069
7587,0.0004089975846000016,0.0009522013133391738
7588,0.00035475430195219815,0.0009530378738418221
7589,0.00032966258004307747,0.0009541020262986422
7590,0.0003284452250227332,0.0009553205454722047
7591,0.0003271294990554452,0.0009569050744175911
7592,0.0003090209502261132,0.0009585169609636068
7593,0.00028032439877279103,0.0009605595259927213
7594,0.0002564157475717366,0.0009627588442526758
7595,0.00024896147078834474,0.0009659636416472495
7596,0.00025579973589628935,0.0009704999392852187
7597,0.0002645118802320212,0.0009781813714653254
7598,0.0002679289027582854,0.0009913950925692916
7599,0.0002648258814588189,0.0010157644283026457
7600,0.00026501185493543744,0.00106224010232836
7601,0.00027433253126218915,0.0011540692066773772
7602,0.0002969873312395066,0.0013401609612628818
7603,0.0003305198042653501,0.0017272602999582887
7604,0.00037615286419168115,0.0025311801582574844
7605,0.0004394947609398514,0.004238012246787548
7606,0.0005391612648963928,0.007599513977766037
7607,0.000691664987243712,0.014105298556387424
7608,0.0009460948640480638,0.022820426151156425
7609,0.0013046269305050373,0.030866798013448715
7610,0.001889184582978487,0.02309328503906727
7611,0.002599721308797598,0.007232144474983215
7612,0.00366487936116755,0.0030952803790569305
7613,0.0046019479632377625,0.012853342108428478
7614,0.005595737602561712,0.012968327850103378
7615,0.005724172107875347,0.0033633620478212833
7616,0.00516528869047761,0.00578346848487854
7617,0.003968038130551577,0.009928692132234573
7618,0.0025936164893209934,0.003653924446552992
7619,0.0015887232730165124,0.004216646309942007
7620,0.0009419998968951404,0.007903947494924068
7621,0.0007736585102975368,0.0030651704873889685
7622,0.0010704596061259508,0.0032594839576631784
7623,0.0016379640437662601,0.005954919382929802
7624,0.0020232037641108036,0.0026492271572351456
7625,0.0018084784969687462,0.0030907299369573593
7626,0.0011772473808377981,0.004524965770542622
7627,0.0005437126383185387,0.0023122376296669245
7628,0.0003578195464797318,0.0029621273279190063
7629,0.0006004254100844264,0.0034607425332069397
7630,0.0009057744755409658,0.001973204780369997
7631,0.0009609069093130529,0.0028413727413862944
7632,0.000747363199479878,0.0029339282773435116
7633,0.0005317078903317451,0.0017759809270501137
7634,0.0005195679841563106,0.0025241512339562178
7635,0.0006748602609150112,0.002444780431687832
7636,0.0008282809285447001,0.0017021589446812868
7637,0.0007869353285059333,0.0023345393128693104
7638,0.0006163993966765702,0.002044742926955223
7639,0.0004321254091337323,0.0016431929543614388
7640,0.00035988338640891016,0.0021713499445468187
7641,0.0003836713149212301,0.0017583032604306936
7642,0.0004090697620995343,0.0015670069260522723
7643,0.00037776576937176287,0.0019689640030264854
7644,0.0003064853954128921,0.0016252987552434206
7645,0.0002597337297629565,0.0015727691352367401
7646,0.0002701256307773292,0.0017727403901517391
7647,0.000311208248604089,0.001501555321738124
7648,0.00033408586750738323,0.0015295053599402308
7649,0.0003126747615169734,0.001634726533666253
7650,0.0002717857714742422,0.0014560902491211891
7651,0.0002518606197554618,0.0014680904569104314
7652,0.0002731285057961941,0.0015186318196356297
7653,0.0003210162394680083,0.0014361892826855183
7654,0.0003598347248043865,0.0014263512566685677
7655,0.0003808641922660172,0.001447475515305996
7656,0.0003859743010252714,0.001395735307596624
7657,0.0004111626767553389,0.0013640685938298702
7658,0.0004644374130293727,0.0014008900616317987
7659,0.0005566380568780005,0.0013745964970439672
7660,0.0006725593120791018,0.001336140208877623
7661,0.0008210320374928415,0.0013665775768458843
7662,0.0010021603666245937,0.0013431648258119822
7663,0.0012626854004338384,0.0013129592407494783
7664,0.0015694363974034786,0.0013457955792546272
7665,0.002000917214900255,0.001326323370449245
7666,0.0023722751066088676,0.001298587187193334
7667,0.002800992224365473,0.0013212828198447824
7668,0.002925021108239889,0.0013046900276094675
7669,0.0029125534929335117,0.0012856079265475273
7670,0.0025259770918637514,0.0013029531110078096
7671,0.001984924077987671,0.0012965886853635311
7672,0.0013890715781599283,0.0012798372190445662
7673,0.000853363482747227,0.0012858385453000665
7674,0.0004843290662392974,0.0012869101483374834
7675,0.0003254619368817657,0.0012740371748805046
7676,0.00040334949153475463,0.0012732293689623475
7677,0.0006561657064594328,0.0012817163951694965
7678,0.0009498065919615328,0.0012743794359266758
7679,0.0011367083061486483,0.0012666289694607258
7680,0.0011340208584442735,0.0012750397436320782
7681,0.0009903071913868189,0.0012727526482194662
7682,0.0007972193416208029,0.001262999838218093
7683,0.0006372936186380684,0.0012685160618275404
7684,0.000541004934348166,0.0012712806928902864
7685,0.0004616592195816338,0.0012644091621041298
7686,0.00038371997652575374,0.0012661970686167479
7687,0.0003008485946338624,0.0012699749786406755
7688,0.00024763832334429026,0.0012675316538661718
7689,0.0002476662630215287,0.0012669733259826899
7690,0.00029735948191955686,0.0012714422773569822
7691,0.0003734180354513228,0.0012744453269988298
7692,0.0004423376522026956,0.0012798826210200787
7693,0.000505613861605525,0.0012926075141876936
7694,0.0005555199459195137,0.001319204457104206
7695,0.0006254037143662572,0.001364228897728026
7696,0.0007053178269416094,0.0014587003970518708
7697,0.0008075403748080134,0.001646033488214016
7698,0.0009082597098313272,0.00202094204723835
7699,0.0010094488970935345,0.002777442103251815
7700,0.0010933089070022106,0.00421883212402463
7701,0.001177469384856522,0.00696147745475173
7702,0.0012305433629080653,0.010903328657150269
7703,0.001287441118620336,0.015760868787765503
7704,0.0012790900655090809,0.01609683409333229
7705,0.0012594283325597644,0.010717089287936687
7706,0.0011547715403139591,0.003059370443224907
7707,0.0010353141697123647,0.002201921073719859
7708,0.000869856565259397,0.0070064980536699295
7709,0.0007116634515114129,0.008178054355084896
7710,0.0005587393534369767,0.0038237408734858036
7711,0.000428833911428228,0.0016149566508829594
7712,0.00032528230804018676,0.004532790742814541
7713,0.00025370935327373445,0.005715571343898773
7714,0.00021735127666033804,0.002732746535912156
7715,0.000214842933928594,0.001817493000999093
7716,0.00023881002562120557,0.00398684199899435
7717,0.00027851303457282484,0.0038434795569628477
7718,0.00032421050127595663,0.001861207652837038
7719,0.00037195056211203337,0.0021889323834329844
7720,0.0004241841961629689,0.003397819120436907
7721,0.00048549199709668756,0.0025516904424875975
7722,0.0005690770922228694,0.0016277132090181112
7723,0.0006711048190481961,0.0024216100573539734
7724,0.0008179137366823852,0.0027269390411674976
7725,0.0009825953748077154,0.0018368286546319723
7726,0.0012209907872602344,0.0017702660989016294
7727,0.0014649927616119385,0.0023790691047906876
7728,0.00180649699177593,0.0021030420903116465
7729,0.0021045254543423653,0.0016035481821745634
7730,0.002461677649989724,0.0018977329600602388
7731,0.0026651814114302397,0.0021104300394654274
7732,0.002786925993859768,0.0017367762047797441
7733,0.0026764257345348597,0.0016056264284998178
7734,0.0023776821326464415,0.0018934730906039476
7735,0.001962728099897504,0.0018615976441651583
7736,0.0014653443358838558,0.0015880735591053963
7737,0.0010504882084205747,0.0016406072536483407
7738,0.0007324996404349804,0.0018107786308974028
7739,0.0005871522589586675,0.0016899527981877327
7740,0.0005854798364453018,0.001543433521874249
7741,0.0007074025343172252,0.0016429333481937647
7742,0.0008448289008811116,0.0017168758204206824
7743,0.0009572330745868385,0.0015972123946994543
7744,0.0009625867241993546,0.0015349058667197824
7745,0.000894905359018594,0.0016256961971521378
7746,0.0007765706977806985,0.0016467799432575703
7747,0.0006804795120842755,0.0015566805377602577
7748,0.000627238187007606,0.0015333162155002356
7749,0.0006312615005299449,0.0015984694473445415
7750,0.0006486105849035084,0.0016034527216106653
7751,0.0006618445040658116,0.0015372912166640162
7752,0.0006344092544168234,0.0015289646107703447
7753,0.0005765474634245038,0.0015764066483825445
7754,0.0004997837240807712,0.0015768070006743073
7755,0.0004247413598932326,0.001533909817226231
7756,0.00036770827136933804,0.0015277969650924206
7757,0.00032578565878793597,0.0015602646162733436
7758,0.0002955365926027298,0.0015684009995311499
7759,0.00026799915940500796,0.0015422060387209058
7760,0.00024369728635065258,0.0015402495628222823
7761,0.00022666147560812533,0.0015730488812550902
7762,0.00022252704366110265,0.0016011979896575212
7763,0.0002324996457900852,0.001621357398107648
7764,0.00025138838100247085,0.00167741603218019
7765,0.0002715768350753933,0.0018107349751517177
7766,0.00028371025109663606,0.0020517788361757994
7767,0.0002859648084267974,0.002477080561220646
7768,0.00027728400891646743,0.0032907600980252028
7769,0.000264303176663816,0.004783562384545803
7770,0.00025039262254722416,0.0074512651190161705
7771,0.0002402091195108369,0.011246769689023495
7772,0.00023367309768218547,0.015649305656552315
7773,0.0002299878979101777,0.016532812267541885
7774,0.00022708035248797387,0.011633332818746567
7775,0.00022384875046554953,0.004001509863883257
7776,0.0002207930519944057,0.002398416632786393
7777,0.00021948624635115266,0.0067423684522509575
7778,0.00022282503778114915,0.008387679234147072
7779,0.00023370052804239094,0.004669071640819311
7780,0.00025681802071630955,0.0023414073511958122
7781,0.0002978444972541183,0.004567590542137623
7782,0.00037047945079393685,0.0054642450995743275
7783,0.0004925675457343459,0.0030960331205278635
7784,0.0007133609615266323,0.0026268851943314075
7785,0.0010799530427902937,0.004223566967993975
7786,0.0017602563602849841,0.0036495933309197426
7787,0.0027952571399509907,0.002184715121984482
7788,0.004645985551178455,0.0029306847136467695
7789,0.0067477175034582615,0.0036715201567858458
7790,0.009609775617718697,0.0024934306275099516
7791,0.010426349006593227,0.002005788730457425
7792,0.009495589882135391,0.00299581466242671
7793,0.00724619347602129,0.0029554576613008976
7794,0.006205108016729355,0.0019801477901637554
7795,0.007266019470989704,0.002125137485563755
7796,0.006682617589831352,0.0027500130236148834
7797,0.004402311518788338,0.0023670427035540342
7798,0.002293793484568596,0.001872332883067429
7799,0.0025578062050044537,0.0022072407882660627
7800,0.0035107876174151897,0.002417858224362135
7801,0.0029887016862630844,0.0020234640687704086
7802,0.001815861789509654,0.001894429442472756
7803,0.0014594306703656912,0.002189982682466507
7804,0.0022343131713569164,0.0021709948778152466
7805,0.0027689319103956223,0.001871430897153914
7806,0.0018917957786470652,0.0018947436474263668
7807,0.0008330506971105933,0.0021083680912852287
7808,0.0008238208247348666,0.0020321933552622795
7809,0.001516279298812151,0.0018294255714863539
7810,0.0016805725172162056,0.0018677243497222662
7811,0.0010027869138866663,0.0019999141804873943
7812,0.0005680143949575722,0.0019475881708785892
7813,0.0008728085085749626,0.0018275040201842785
7814,0.0012024655006825924,0.0018524001352488995
7815,0.0009254368487745523,0.0019255448132753372
7816,0.0004567958530969918,0.0018854944501072168
7817,0.0004360533785074949,0.0018127167131751776
7818,0.0006856750696897507,0.0018331266473978758
7819,0.0007467736722901464,0.0018861283315345645
7820,0.0006093719857744873,0.0018650360871106386
7821,0.000461214454844594,0.0018057444831356406
7822,0.0004177364753559232,0.0018025796161964536
7823,0.00048362172674387693,0.0018426895840093493
7824,0.000524609349668026,0.00184835703112185
7825,0.00042862893315032125,0.0018155062571167946
7826,0.00029435791657306254,0.0018001061398535967
7827,0.0003071726532652974,0.0018175055738538504
7828,0.0004053281736560166,0.0018294872716069221
7829,0.0003919354057870805,0.0018128908704966307
7830,0.00029030308360233903,0.0017953809583559632
7831,0.00026115449145436287,0.001801414298824966
7832,0.00032111359178088605,0.0018163120839744806
7833,0.00035630143247544765,0.0018178776372224092
7834,0.00031587807461619377,0.0018056330736726522
7835,0.0002574626123532653,0.0017994455993175507
7836,0.00024764478439465165,0.0018061923328787088
7837,0.00028340250719338655,0.0018123823683708906
7838,0.00030299025820568204,0.001809834036976099
7839,0.00027165585197508335,0.0018021170981228352
7840,0.00023168232291936874,0.0018005097517743707
7841,0.0002297347818966955,0.0018064772011712193
7842,0.00025485537480562925,0.0018109675729647279
7843,0.000262190296780318,0.0018107108771800995
7844,0.00023893473553471267,0.0018072723178192973
7845,0.00021925108740106225,0.0018073795363307
7846,0.0002255616127513349,0.0018120837630704045
7847,0.00023862230591475964,0.0018164352513849735
7848,0.0002365808468312025,0.0018187130335718393
7849,0.00022641141549684107,0.0018185917288064957
7850,0.00022384575277101249,0.0018206324893981218
7851,0.00022878733580000699,0.0018268657149747014
7852,0.00023593885998707265,0.0018362608971074224
7853,0.00024299923097714782,0.0018499852158129215
7854,0.0002480916155036539,0.0018694486934691668
7855,0.00025402798200957477,0.0019049771362915635
7856,0.00026961625553667545,0.001971715595573187
7857,0.0002992835361510515,0.0021000560373067856
7858,0.000340806960593909,0.0023513203486800194
7859,0.00039045707671903074,0.0028436717111617327
7860,0.00046763260615989566,0.003847319632768631
7861,0.0005837442586198449,0.005800018087029457
7862,0.0007638198439963162,0.00968367513269186
7863,0.0010181150864809752,0.01596139743924141
7864,0.0013922537909820676,0.024958137422800064
7865,0.0018890558276325464,0.028761764988303185
7866,0.002601753454655409,0.02154657617211342
7867,0.0033916644752025604,0.006715907249599695
7868,0.004348210524767637,0.0036989881191402674
7869,0.004975516814738512,0.01225656270980835
7870,0.005229472182691097,0.013183440081775188
7871,0.0046788291074335575,0.005373002495616674
7872,0.0034602039959281683,0.005095763131976128
7873,0.002059745602309704,0.009096162393689156
7874,0.000888121547177434,0.006233966909348965
7875,0.0003847538318950683,0.0038025849498808384
7876,0.0005965379532426596,0.006860892288386822
7877,0.0012522325851023197,0.005918141454458237
7878,0.0018585650250315666,0.0030261497013270855
7879,0.001965788658708334,0.005459248088300228
7880,0.001606978359632194,0.00558676291257143
7881,0.001014465233311057,0.002777534071356058
7882,0.000561602646484971,0.00442742882296443
7883,0.0003753323690034449,0.005059618968516588
7884,0.00039018646930344403,0.002757815644145012
7885,0.000519772875122726,0.0036732275038957596
7886,0.0007072415319271386,0.0045134746469557285
7887,0.0008931964985094965,0.0028538440819829702
7888,0.0009989264653995633,0.0032491572201251984
7889,0.000920370570383966,0.00391053780913353
7890,0.0007318316493183374,0.002827150747179985
7891,0.0004975566989742219,0.0030929669737815857
7892,0.00034512364072725177,0.0035643167793750763
7893,0.00028969557024538517,0.002701723948121071
7894,0.0002907904563471675,0.0028467474039644003
7895,0.0003065177006646991,0.0033645769581198692
7896,0.00033224557409994304,0.002737854141741991
7897,0.00038224441232159734,0.002629578346386552
7898,0.0004480397328734398,0.003075286978855729
7899,0.000505108735524118,0.002761674579232931
7900,0.0005296445451676846,0.002561792265623808
7901,0.00052994629368186,0.002865987829864025
7902,0.0005079653346911073,0.0027243136428296566
7903,0.0004863975627813488,0.0025104088708758354
7904,0.00044490466825664043,0.0027135233394801617
7905,0.0003993749269284308,0.002705163788050413
7906,0.0003465973713900894,0.002481848932802677
7907,0.00030792882898822427,0.0025723373983055353
7908,0.00028338481206446886,0.002676321193575859
7909,0.00026712327962741256,0.0025111862923949957
7910,0.00025004480266943574,0.0024648280814290047
7911,0.00022994412574917078,0.0025833158288151026
7912,0.00021286802075337619,0.002547243144363165
7913,0.0002041949046542868,0.002451760694384575
7914,0.00020369395497255027,0.0024972129613161087
7915,0.0002065434237010777,0.0025313282385468483
7916,0.0002086151798721403,0.0024566780775785446
7917,0.00020966396550647914,0.0024351547472178936
7918,0.00021170642867218703,0.002495101885870099
7919,0.00021605263464152813,0.0024876673705875874
7920,0.00022215631906874478,0.002426569815725088
7921,0.00022894053836353123,0.0024279560893774033
7922,0.00023781420895829797,0.0024651901330798864
7923,0.00025105365784838796,0.002450557891279459
7924,0.0002732620923779905,0.002418477786704898
7925,0.00030620425241068006,0.0024280487559735775
7926,0.00035579997347667813,0.0024448703043162823
7927,0.0004252606595400721,0.0024302720557898283
7928,0.0005326878163032234,0.002408826258033514
7929,0.0006855939282104373,0.00241654459387064
7930,0.0009313778718933463,0.0024331724271178246
7931,0.0012643516529351473,0.0024248529225587845
7932,0.0017932623159140348,0.002407948486506939
7933,0.0024240813218057156,0.0024069391656666994
7934,0.0033437740057706833,0.0024180107284337282
7935,0.004152180161327124,0.0024203460197895765
7936,0.005002394784241915,0.0024106032215058804
7937,0.005115102510899305,0.002406097948551178
7938,0.004622746258974075,0.002411424182355404
7939,0.003418496809899807,0.002416383009403944
7940,0.002000761916860938,0.002414202783256769
7941,0.000977866817265749,0.0024074818938970566
7942,0.0005644256016239524,0.0024066518526524305
7943,0.0007585447747260332,0.0024112698156386614
7944,0.0012622855138033628,0.0024152512196451426
7945,0.0017198966816067696,0.002414687303826213
7946,0.0018032608786597848,0.0024115322157740593
7947,0.0014450005255639553,0.0024099992588162422
7948,0.0009512139367870986,0.0024123452603816986
7949,0.0005988852353766561,0.0024152088444679976
7950,0.0005311272107064724,0.0024174395948648453
7951,0.0006191799184307456,0.0024168570525944233
7952,0.0006879185675643384,0.0024167345836758614
7953,0.0006690492737106979,0.0024176877923309803
7954,0.0006414010422304273,0.002420774195343256
7955,0.0006789495819248259,0.002425163984298706
7956,0.0007734813261777163,0.0024304105900228024
7957,0.0008077889215201139,0.0024370390456169844
7958,0.0007361789466813207,0.002448850078508258
7959,0.0005565506289713085,0.002469622530043125
7960,0.00037561540375463665,0.0025132899172604084
7961,0.0002716667077038437,0.0025966577231884003
7962,0.00025611993623897433,0.002769460901618004
7963,0.00028639606898650527,0.0031209837179630995
7964,0.0003186645917594433,0.00383550301194191
7965,0.0003444548638071865,0.005347287282347679
7966,0.00037230600719340146,0.008139570243656635
7967,0.00040297542000189424,0.013601932674646378
7968,0.00042480751289986074,0.019830023869872093
7969,0.0004228203324601054,0.02576339803636074
7970,0.00040799874113872647,0.01842990145087242
7971,0.00040008555515669286,0.006661325693130493
7972,0.000410817883675918,0.0038824002258479595
7973,0.0004416903539095074,0.011134744621813297
7974,0.00046029218356125057,0.012137291952967644
7975,0.0004690582281909883,0.0044716726988554
7976,0.0004503493837546557,0.0049965400248765945
7977,0.0004369343805592507,0.009812735952436924
7978,0.0004263704176992178,0.00605228915810585
7979,0.00043306691804900765,0.0033169854432344437
7980,0.00044418213656172156,0.0069317687302827835
7981,0.0004582448164001107,0.006148230284452438
7982,0.00047140390961430967,0.0031954292207956314
7983,0.0004890840500593185,0.0051719676703214645
7984,0.0005112900980748236,0.005638510920107365
7985,0.0005446195136755705,0.0032660544384270906
7986,0.0005787431728094816,0.004109848756343126
7987,0.0006272430764511228,0.005093284882605076
7988,0.0006750769098289311,0.0034627870190888643
7989,0.0007489361451007426,0.0035364311188459396
7990,0.0008265062351711094,0.004554905463010073
7991,0.0009382258867844939,0.003561986144632101
7992,0.0010454027215018868,0.003187955357134342
7993,0.0011829970171675086,0.004091897048056126
7994,0.0012919662985950708,0.003677163040265441
7995,0.0014215931296348572,0.0030597876757383347
7996,0.0014839527430012822,0.003656353335827589
7997,0.0015435648383572698,0.0036874799989163876
7998,0.0014971079071983695,0.003081137780100107
7999,0.00141859648283571,0.003318293020129204
8000,0.0012448865454643965,0.0036355876363813877
8001,0.001044185133650899,0.003163963323459029
8002,0.0008201001328416169,0.0029850350692868233
8003,0.0006121379556134343,0.0032528319861739874
8004,0.00044389927643351257,0.0030933949165046215
8005,0.0003238212666474283,0.002734722103923559
8006,0.0002577950363047421,0.0027971905656158924
8007,0.00023902095563244075,0.002936046803370118
8008,0.00025823802570812404,0.00272964290343225
8009,0.00030143631738610566,0.0025601540692150593
8010,0.0003593038418330252,0.002669051056727767
8011,0.0004225831653457135,0.002703375183045864
8012,0.0004937283229082823,0.0025044064968824387
8013,0.0005705455550923944,0.0024019614793360233
8014,0.0006640375941060483,0.0024725517723709345
8015,0.0007648312603123486,0.0024734600447118282
8016,0.000890265335328877,0.0023463761899620295
8017,0.0010146773420274258,0.0023007402196526527
8018,0.0011682071490213275,0.0024384167045354843
8019,0.0013066405663266778,0.0027265872340649366
8020,0.0014701810432597995,0.0034788541961461306
8021,0.0015935779083520174,0.005743805784732103
8022,0.0017132515786215663,0.012944702059030533
8023,0.0017526167212054133,0.027816925197839737
8024,0.0017394637688994408,0.05562477931380272
8025,0.0016198600642383099,0.056579090654850006
8026,0.0014278724556788802,0.03946426883339882
8027,0.001164616085588932,0.04533678665757179
8028,0.0008794998284429312,0.041074227541685104
8029,0.000610905175562948,0.01697251945734024
8030,0.00039885484147816896,0.020762931555509567
8031,0.00026446091942489147,0.026142200455069542
8032,0.0002099930716212839,0.00896534789353609
8033,0.00022173688921611756,0.022661669179797173
8034,0.0002785070682875812,0.012028626166284084
8035,0.00036031726631335914,0.008445188403129578
8036,0.0004520780057646334,0.01656271703541279
8037,0.0005496321246027946,0.0080046895891428
8038,0.0006443536258302629,0.010921772569417953
8039,0.0007487193215638399,0.008370297029614449
8040,0.0008418570505455136,0.00855216570198536
8041,0.0009518112055957317,0.008693331852555275
8042,0.0010344705078750849,0.005154759623110294
8043,0.0011350500863045454,0.008869839832186699
8044,0.0011890461901202798,0.004513548221439123
8045,0.0012531403917819262,0.00682788947597146
8046,0.0012555649736896157,0.005487475078552961
8047,0.0012517811264842749,0.005234874319285154
8048,0.0011829239083454013,0.005124758463352919
8049,0.0010949441930279136,0.004770690109580755
8050,0.0009598025353625417,0.004483679309487343
8051,0.0008135759271681309,0.0043410081416368484
8052,0.0006578196189366281,0.003917097579687834
8053,0.0005172459641471505,0.004312979988753796
8054,0.0004012085555586964,0.0031533646397292614
8055,0.00031785768806003034,0.004216846078634262
8056,0.00026686221826821566,0.0029559973627328873
8057,0.0002430760214338079,0.0035696972627192736
8058,0.00023951512412168086,0.003128569573163986
8059,0.0002489740145392716,0.0030022356659173965
8060,0.00026776245795190334,0.003124337177723646
8061,0.000291625241516158,0.002688113134354353
8062,0.0003232679155189544,0.002989566419273615
8063,0.00035799105535261333,0.002564817201346159
8064,0.0004051090218126774,0.0026876903139054775
8065,0.0004551757010631263,0.0025915803853422403
8066,0.0005280239274725318,0.00240061292424798
8067,0.0006062340689823031,0.0025360172148793936
8068,0.0007275412208400667,0.0022619441151618958
8069,0.0008598741260357201,0.002399740507826209
8070,0.0010688648326322436,0.0022297203540802
8071,0.001292146393097937,0.0022111302241683006
8072,0.001633462030440569,0.002192376647144556
8073,0.001968987286090851,0.002142870333045721
8074,0.0024345526471734047,0.002043423941358924
8075,0.0028144540265202522,0.00211897399276495
8076,0.003226451575756073,0.0019618854857981205
8077,0.0034553254954516888,0.0020323949865996838
8078,0.0035441869404166937,0.0019064820371568203
8079,0.003579202573746443,0.0019592810422182083
8080,0.0034648976288735867,0.0018883456941694021
8081,0.003530430607497692,0.001841189805418253
8082,0.003296281909570098,0.001871977699920535
8083,0.0029558944515883923,0.0018026421312242746
8084,0.002064415020868182,0.001786817330867052
8085,0.0011776265455409884,0.0017752859275788069
8086,0.0006089052185416222,0.001744324341416359
8087,0.0006470585940405726,0.001727962400764227
8088,0.0010577443754300475,0.0017035151831805706
8089,0.001356700318865478,0.0016821902245283127
8090,0.001328627928160131,0.0016773566603660583
8091,0.001021003001369536,0.0016413906123489141
8092,0.0008088502218015492,0.0016298522241413593
8093,0.0009020410943776369,0.0016248032916337252
8094,0.0011764714727178216,0.0015872883377596736
8095,0.0014469370944425464,0.001590478466823697
8096,0.0014523128047585487,0.0015647714026272297
8097,0.001418224535882473,0.0015529799275100231
8098,0.0014022922841832042,0.001540020457468927
8099,0.0016381344757974148,0.001522163045592606
8100,0.0018972329562529922,0.0015139193274080753
8101,0.002018586965277791,0.0014977671671658754
8102,0.0018336550565436482,0.00148296682164073
8103,0.0014023506082594395,0.001474353251978755
8104,0.0009104629862122238,0.0014632032252848148
8105,0.000556826707907021,0.0014455911004915833
8106,0.00038250384386628866,0.0014398798812180758
8107,0.0003496067365631461,0.001425290945917368
8108,0.0003788726171478629,0.0014164650347083807
8109,0.0004431964480318129,0.001405762741342187
8110,0.0005424509290605783,0.001392719685100019
8111,0.0006696481723338366,0.0013852769043296576
8112,0.0008038009982556105,0.0013750280486419797
8113,0.0008628113428130746,0.0013639174867421389
8114,0.0008746539824642241,0.001355514395982027
8115,0.0007790223462507129,0.001346042612567544
8116,0.0006697099306620657,0.0013361915480345488
8117,0.0005372843588702381,0.0013282349100336432
8118,0.00043402117444202304,0.0013186665019020438
8119,0.00035461183870211244,0.0013104543322697282
8120,0.00029582215938717127,0.0013024926884099841
8121,0.0002513946674298495,0.0012932248646393418
8122,0.00022193531913217157,0.0012853967491537333
8123,0.0002155265538021922,0.0012780549004673958
8124,0.00023566298477817327,0.0012696676421910524
8125,0.00027561665046960115,0.0012623220682144165
8126,0.0003205179236829281,0.0012545365607365966
8127,0.00035989232128486037,0.001247031264938414
8128,0.00039432011544704437,0.0012400408741086721
8129,0.00043610669672489166,0.0012329458259046078
8130,0.0004948299610987306,0.0012255441397428513
8131,0.0005879800883121789,0.0012189173139631748
8132,0.0006992663838900626,0.0012121198233217
8133,0.0008586711483076215,0.001205204869620502
8134,0.0010179118253290653,0.0011989024933427572
8135,0.001243342412635684,0.0011921314289793372
8136,0.0014434605836868286,0.001185887143947184
8137,0.0017086005536839366,0.0011797130573540926
8138,0.0018911324441432953,0.0011734492145478725
8139,0.0020747387316077948,0.0011673016706481576
8140,0.002092741895467043,0.0011613266542553902
8141,0.0020162020809948444,0.0011554057709872723
8142,0.0017626207554712892,0.0011495481012389064
8143,0.0014105106238275766,0.001143916742876172
8144,0.0010065317619591951,0.0011381455697119236
8145,0.0006306334980763495,0.001132587669417262
8146,0.0003572325804270804,0.0011271402472630143
8147,0.00022417274885810912,0.0011216644197702408
8148,0.00023361382773146033,0.0011163123417645693
8149,0.000348483445122838,0.0011110501363873482
8150,0.0005111768841743469,0.0011057783849537373
8151,0.0006660210201516747,0.0011006741551682353
8152,0.0007787289214320481,0.0010956106707453728
8153,0.0008390618022531271,0.0010905916569754481
8154,0.0008651812095195055,0.0010856383014470339
8155,0.0008582794689573348,0.0010807696962729096
8156,0.0008518591057509184,0.0010759324068203568
8157,0.0008115770178847015,0.0010711754439398646
8158,0.000770005804952234,0.0010664911242201924
8159,0.0006850690115243196,0.001061818329617381
8160,0.0005970540223643184,0.0010572313331067562
8161,0.0004937806515954435,0.0010526959085837007
8162,0.0004067620902787894,0.0010482085635885596
8163,0.00033764145337045193,0.0010437766322866082
8164,0.0002904225839301944,0.0010394103592261672
8165,0.00025936885504052043,0.0010350790107622743
8166,0.00023676894488744438,0.001030792249366641
8167,0.00021903074230067432,0.0010265742894262075
8168,0.0002058750542346388,0.0010223857825621963
8169,0.00019981578225269914,0.0010182494297623634
8170,0.00020252562535461038,0.0010141638340428472
8171,0.00021328325965441763,0.0010101143270730972
8172,0.00022929032274987549,0.0010061096400022507
8173,0.0002474213542882353,0.001002153498120606
8174,0.0002670088433660567,0.0009982339106500149
8175,0.00028977825422771275,0.0009943563491106033
8176,0.00032098626252263784,0.0009905243059620261
8177,0.00036864128196612,0.000986728467978537
8178,0.0004397114971652627,0.0009829734917730093
8179,0.0005524582229554653,0.0009792606579139829
8180,0.0007096459157764912,0.0009755869396030903
8181,0.0009587804088369012,0.0009719472145661712
8182,0.001280084135942161,0.0009683615062385798
8183,0.0017832911107689142,0.0009648126433603466
8184,0.0023495506029576063,0.000961319194175303
8185,0.0031580606009811163,0.000957900017965585
8186,0.0038191573694348335,0.0009545673965476453
8187,0.004492752719670534,0.000951358349993825
8188,0.004608113784343004,0.0009483577450737357
8189,0.004312455188483,0.0009457019041292369
8190,0.003671601414680481,0.0009436318068765104
8191,0.0028386840131133795,0.0009426294127479196
8192,0.0021950984373688698,0.0009435475221835077
8193,0.0016003543278202415,0.0009481122251600027
8194,0.001193423755466938,0.0009594084694981575
8195,0.0009648549603298306,0.000983992824330926
8196,0.0010302712908014655,0.0010331682860851288
8197,0.0012199066113680601,0.0011328874388709664
8198,0.0013476420426741242,0.0013239637482911348
8199,0.0012535532005131245,0.001711283577606082
8200,0.0009258791687898338,0.0024212347343564034
8201,0.00059402926126495,0.003846175270155072
8202,0.00044271221850067377,0.006091897375881672
8203,0.0005352678708732128,0.010024960152804852
8204,0.0007337955175898969,0.013216895051300526
8205,0.0008475561626255512,0.014932900667190552
8206,0.0007682298892177641,0.009443406015634537
8207,0.0005352629232220352,0.002760891802608967
8208,0.00031195589690469205,0.001833898015320301
8209,0.00022935299784876406,0.005721879657357931
8210,0.00030831870390102267,0.006488731596618891
8211,0.0004581161483656615,0.002952165435999632
8212,0.0005563040031120181,0.002257326617836952
8213,0.0005400246591307223,0.00459614023566246
8214,0.00042662463965825737,0.0039504640735685825
8215,0.00030239971238188446,0.0015957930590957403
8216,0.0002439064410282299,0.00200119661167264
8217,0.0002732916036620736,0.0032988626044243574
8218,0.0003529656387399882,0.002390890382230282
8219,0.00042559014400467277,0.0014708220260217786
8220,0.0004630382463801652,0.002355454955250025
8221,0.0004782984033226967,0.002528621582314372
8222,0.0005057211383245885,0.0013793536927551031
8223,0.0005908757448196411,0.0013453661231324077
8224,0.0007242833380587399,0.0020726516377180815
8225,0.0009385031880810857,0.0016333163948729634
8226,0.0011568107875064015,0.0010730661451816559
8227,0.0014644749462604523,0.001568928244523704
8228,0.0017186955083161592,0.001727291732095182
8229,0.002050599316135049,0.0011167151387780905
8230,0.002238417277112603,0.0010733832605183125
8231,0.002380691235885024,0.0014522757846862078
8232,0.002332219621166587,0.001261720433831215
8233,0.0021318262442946434,0.0009918991709128022
8234,0.0018382301786914468,0.0011746083619073033
8235,0.001416514627635479,0.0012462283484637737
8236,0.0009927377104759216,0.0010425830259919167
8237,0.0005928837927058339,0.0009737355867400765
8238,0.00034536965540610254,0.0010448426473885775
8239,0.0002970363129861653,0.001065906835719943
8240,0.0004234158550389111,0.0010223936988040805
8241,0.000621597922872752,0.0009484203765168786
8242,0.0007848883396945894,0.0009437317494302988
8243,0.000865718349814415,0.0010046795941889286
8244,0.0008729849942028522,0.0009626203100197017
8245,0.0008663124172016978,0.0008667440270073712
8246,0.0008942653657868505,0.0008976713288575411
8247,0.0009313425398431718,0.0009634330635890365
8248,0.000984853832051158,0.0009144978830590844
8249,0.0009486310300417244,0.0008512713829986751
8250,0.0008765816455706954,0.000870235962793231
8251,0.000725855934433639,0.0008911430486477911
8252,0.000595513847656548,0.0008701648912392557
8253,0.000492160557769239,0.0008481323020532727
8254,0.0004425875667948276,0.0008377875201404095
8255,0.00041614030487835407,0.0008432716713286936
8256,0.00038625532761216164,0.0008571577491238713
8257,0.00033667151001282036,0.0008426007116213441
8258,0.00027799420058727264,0.000812062993645668
8259,0.00023091473849490285,0.0008127647452056408
8260,0.0002118535921908915,0.0008282489143311977
8261,0.00021911798103246838,0.0008195594418793917
8262,0.000238170032389462,0.0008017758373171091
8263,0.00025213020853698254,0.000798697816208005
8264,0.00025434905546717346,0.0008014959748834372
8265,0.0002491174091119319,0.0008016692008823156
8266,0.0002486033772584051,0.0007987547433003783
8267,0.00026379863265901804,0.0007891381392255425
8268,0.0002979921118821949,0.0007802753243595362
8269,0.0003543802013155073,0.0007819713791832328
8270,0.0004246608878020197,0.0007845975924283266
8271,0.0005269490065984428,0.0007778559811413288
8272,0.000652509625069797,0.0007696744869463146
8273,0.0008596251136623323,0.0007676087552681565
8274,0.0011231780517846346,0.0007673725485801697
8275,0.0015572691336274147,0.0007659944240003824
8276,0.002056421246379614,0.0007638979586772621
8277,0.0027952808886766434,0.0007596219656988978
8278,0.003438320942223072,0.0007549794390797615
8279,0.004154203459620476,0.0007538708159700036
8280,0.004330446012318134,0.0007541087688878179
8281,0.004117781296372414,0.0007515137549489737
8282,0.0033726897090673447,0.0007474317098967731
8283,0.0024409072939306498,0.0007446042727679014
8284,0.0018061924492940307,0.0007425992516800761
8285,0.0014829551801085472,0.0007408674573525786
8286,0.0014596775872632861,0.0007395448628813028
8287,0.0014144342858344316,0.0007375035202130675
8288,0.0013586903223767877,0.000734386732801795
8289,0.001149856485426426,0.0007318788557313383
8290,0.000955532188527286,0.0007306367042474449
8291,0.0008023770642466843,0.0007294750539585948
8292,0.0007195883663371205,0.0007279023993760347
8293,0.000714837689884007,0.0007264419691637158
8294,0.0007366390200331807,0.0007251689676195383
8295,0.0007679908885620534,0.0007243182044476271
8296,0.0007294986862689257,0.0007246608147397637
8297,0.0006438024574890733,0.0007264678715728223
8298,0.0005190505762584507,0.0007296822732314467
8299,0.0004145112179685384,0.000735257810447365
8300,0.0003691556048579514,0.0007452599238604307
8301,0.00038310332456603646,0.0007623901474289596
8302,0.00043357867980375886,0.0007910728454589844
8303,0.0004703654267359525,0.0008389413123950362
8304,0.00047211331548169255,0.0009183912770822644
8305,0.00042855174979195,0.00105092313606292
8306,0.0003624061937443912,0.0012711493764072657
8307,0.0003077506262343377,0.0016382235335186124
8308,0.00028945942176505923,0.002240292262285948
8309,0.000319111772114411,0.003202254418283701
8310,0.00037712877383455634,0.004656469915062189
8311,0.00044332293327897787,0.006632189732044935
8312,0.0004920678329654038,0.00880656111985445
8313,0.0005350266001187265,0.010180463083088398
8314,0.0005923635326325893,0.009377994574606419
8315,0.000706996419467032,0.0059583839029073715
8316,0.0008955799276009202,0.002091164467856288
8317,0.0011921848636120558,0.0007833154522813857
8318,0.0015326293651014566,0.002462781500071287
8319,0.0019664973951876163,0.004309723153710365
8320,0.002291601849719882,0.0037006244529038668
8321,0.00260421191342175,0.0015598502941429615
8322,0.002611776115372777,0.00083090306725353
8323,0.002482435666024685,0.00204474781639874
8324,0.002173477550968528,0.002790180966258049
8325,0.001835528528317809,0.0018138353480026126
8326,0.001545503968372941,0.000799786183051765
8327,0.0011963099241256714,0.0012284531258046627
8328,0.0008307080715894699,0.0019821261521428823
8329,0.0005167829804122448,0.0016045344527810812
8330,0.00040559418266639113,0.0008233052212744951
8331,0.0005035296780988574,0.0009223393863067031
8332,0.0007017153548076749,0.001476248842664063
8333,0.0008296173764392734,0.0013747768243774772
8334,0.000817516993265599,0.0008337248000316322
8335,0.0007148272707127035,0.0007935132016427815
8336,0.0006175562157295644,0.001159478910267353
8337,0.00060127122560516,0.001170342555269599
8338,0.0006454663816839457,0.0008266228251159191
8339,0.0006720855599269271,0.0007362678879871964
8340,0.0006349567556753755,0.0009649934945628047
8341,0.0005163872265256941,0.0010241599520668387
8342,0.00038731758832000196,0.0008089701877906919
8343,0.0002998286217916757,0.0006997351301833987
8344,0.00028574804309755564,0.0008301009656861424
8345,0.0003180672356393188,0.0009155535371974111
8346,0.00035233545349910855,0.0008010963210836053
8347,0.00035025383112952113,0.0006897785933688283
8348,0.0003134927246719599,0.0007404887583106756
8349,0.00026110929320566356,0.0008222272153943777
8350,0.00022395458654500544,0.0007821192848496139
8351,0.00021419556287582964,0.0006920575397089124
8352,0.00022708336473442614,0.0006901347660459578
8353,0.00024557634606026113,0.00075048505095765
8354,0.00025655317585915327,0.0007570764282718301
8355,0.00025529199047014117,0.0006988237146288157
8356,0.00024911112268455327,0.0006657199701294303
8357,0.0002475421060808003,0.0006935099372640252
8358,0.0002585772890597582,0.0007212633499875665
8359,0.0002845957060344517,0.0007009716937318444
8360,0.0003251976741012186,0.000664355291519314
8361,0.0003827227046713233,0.000660802994389087
8362,0.00046909708180464804,0.0006830178899690509
8363,0.0005997900734655559,0.0006889079231768847
8364,0.0008227796060964465,0.0006678812787868083
8365,0.0011467229342088103,0.0006490021478384733
8366,0.0016974166501313448,0.0006529871025122702
8367,0.0023742089979350567,0.0006659106002189219
8368,0.003437226405367255,0.0006648381240665913
8369,0.004325537942349911,0.0006501029711216688
8370,0.005330238025635481,0.000640001380816102
8371,0.005310524255037308,0.0006431746296584606
8372,0.004716754425317049,0.0006497261929325759
8373,0.0037098543252795935,0.0006474960828199983
8374,0.0029903168324381113,0.000637957826256752
8375,0.0029884474352002144,0.0006315166829153895
8376,0.002986189676448703,0.0006328014424070716
8377,0.002741874661296606,0.0006363344728015363
8378,0.0019282745197415352,0.0006350461626425385
8379,0.0012447115732356906,0.0006290832534432411
8380,0.0009142050985246897,0.0006240046350285411
8381,0.0010021795751526952,0.0006233168533071876
8382,0.001252459711395204,0.0006248664576560259
8383,0.0013178465887904167,0.0006244561518542469
8384,0.0011741786729544401,0.0006209835410118103
8385,0.000866680929902941,0.000616957142483443
8386,0.0006641705404035747,0.0006150421686470509
8387,0.0006517801084555686,0.0006151582347229123
8388,0.000749089871533215,0.0006151144043542445
8389,0.0008104712469503284,0.0006133802235126495
8390,0.0007199638639576733,0.0006104926578700542
8391,0.0005876354989595711,0.0006080580642446876
8392,0.0005027529550716281,0.0006069407099857926
8393,0.0005092451465316117,0.000606528774369508
8394,0.0005429108277894557,0.0006056702695786953
8395,0.0005191537202335894,0.0006038970313966274
8396,0.0004441693890839815,0.0006017136620357633
8397,0.0003682626411318779,0.000599931925535202
8398,0.00035076652420684695,0.0005988431512378156
8399,0.00038483538082800806,0.0005980658461339772
8400,0.0004085867549292743,0.0005970299826003611
8401,0.0003851628862321377,0.0005955324741080403
8402,0.0003255485207773745,0.0005938145332038403
8403,0.0002885310386773199,0.00059227499878034
8404,0.0003035540576092899,0.000591087737120688
8405,0.0003543013008311391,0.0005901037948206067
8406,0.0003973259881604463,0.0005890554748475552
8407,0.0004039052582811564,0.0005877818330191076
8408,0.00039831953472457826,0.0005863488768227398
8409,0.00042137684067711234,0.000584937515668571
8410,0.0004968768917024136,0.0005836816853843629
8411,0.0006297408835962415,0.0005825785920023918
8412,0.0007727011106908321,0.0005815093172714114
8413,0.0009557796875014901,0.000580376130528748
8414,0.0011370392749086022,0.0005791446310468018
8415,0.0014155488461256027,0.0005778607446700335
8416,0.0017206243937835097,0.0005766056710854173
8417,0.002101288177073002,0.0005754315061494708
8418,0.0024225509259849787,0.0005743282381445169
8419,0.0026515054050832987,0.0005732477875426412
8420,0.002681124024093151,0.0005721473135054111
8421,0.0024727084673941135,0.0005710014374926686
8422,0.0020552012138068676,0.0005698344903066754
8423,0.0014863598626106977,0.000568680465221405
8424,0.0009196144528687,0.0005675647407770157
8425,0.00047241459833458066,0.0005664924974553287
8426,0.00023818407498765737,0.0005654593114741147
8427,0.00022495081066153944,0.0005644453340210021
8428,0.0003748236922547221,0.0005634487024508417
8429,0.0005996556137688458,0.000562476459890604
8430,0.0008148406050167978,0.0005615546833723783
8431,0.0009714188054203987,0.0005607290077023208
8432,0.0010508403647691011,0.0005600432632490993
8433,0.0010444589424878359,0.0005595745169557631
8434,0.0009892188245430589,0.0005594130489043891
8435,0.0008653385448269546,0.0005597197450697422
8436,0.0007298316922970116,0.0005607245257124305
8437,0.0005659581511281431,0.0005628539365716279
8438,0.0004230111080687493,0.0005666824290528893
8439,0.0003038713475689292,0.0005733395228162408
8440,0.0002283525827806443,0.000584264169447124
8441,0.00019630807219073176,0.000602509593591094
8442,0.00020174043311271816,0.0006316689541563392
8443,0.00023372811847366393,0.000680281373206526
8444,0.00028075865702703595,0.0007568758446723223
8445,0.00033764034742489457,0.0008857124485075474
8446,0.00039742107037454844,0.001083590555936098
8447,0.0004676755052059889,0.0014174564275890589
8448,0.000540904002264142,0.0018969528609886765
8449,0.0006320028915069997,0.002681831596419215
8450,0.0007253496441990137,0.0036189169622957706
8451,0.0008428822038695216,0.004943975247442722
8452,0.0009553795680403709,0.005762970075011253
8453,0.0010958020575344563,0.006198478862643242
8454,0.0012097012950107455,0.004880040418356657
8455,0.001341426046565175,0.0028762887232005596
8456,0.0014064980205148458,0.001179131562821567
8457,0.0014595375396311283,0.0010457736207172275
8458,0.0014141327701508999,0.0020589279010891914
8459,0.0013305102474987507,0.002601410960778594
8460,0.0011668055085465312,0.001969051780179143
8461,0.0009736624197103083,0.0008682695915922523
8462,0.0007612523040734231,0.000661523430608213
8463,0.0005593417445197701,0.0013156139757484198
8464,0.0003928053192794323,0.0016758246347308159
8465,0.00027424690779298544,0.001264925696887076
8466,0.00021208409452810884,0.000718827301170677
8467,0.00020163203589618206,0.000798626453615725
8468,0.00023098092060536146,0.0012515307171270251
8469,0.00028426479548215866,0.0013620672980323434
8470,0.00034828358911909163,0.0010641840053722262
8471,0.000415261834859848,0.0008864406263455749
8472,0.0004853258724324405,0.001114438520744443
8473,0.0005611898959614336,0.0014626821503043175
8474,0.0006535067805089056,0.0015338134253397584
8475,0.0007573762559331954,0.0014580449787899852
8476,0.0008937916718423367,0.001510278438217938
8477,0.001031540217809379,0.001788098830729723
8478,0.0012128881644457579,0.001971158431842923
8479,0.0013654669746756554,0.0019113474991172552
8480,0.0015564890345558524,0.0016413620905950665
8481,0.0016684558941051364,0.0014251372776925564
8482,0.0017788007389754057,0.0012496268609538674
8483,0.0017657658318057656,0.0010435519507154822
8484,0.0016966979019343853,0.000766025623306632
8485,0.0015219004126265645,0.0005654533742927015
8486,0.0012842272408306599,0.0005601621232926846
8487,0.0010185810970142484,0.0007095507462508976
8488,0.0007459731423296034,0.0008656835998408496
8489,0.000520488596521318,0.0009125468786805868
8490,0.00035468299756757915,0.0008571988437324762
8491,0.0002682035556063056,0.0007512288866564631
8492,0.00025231402833014727,0.0006627506809309125
8493,0.00029006367549300194,0.0006090811220929027
8494,0.0003548295353539288,0.000581460481043905
8495,0.0004288303607609123,0.0005697639426216483
8496,0.0004998173681087792,0.0005767362890765071
8497,0.0005688182427547872,0.0006087460787966847
8498,0.0006408750778064132,0.0006488686194643378
8499,0.0007249081390909851,0.0006658132188022137
8500,0.0008163944585248828,0.0006417399272322655
8501,0.0009278567158617079,0.0005889891763217747
8502,0.001025996869429946,0.0005380860529839993
8503,0.0011409706203266978,0.0005110590718686581
8504,0.0012076222337782383,0.0005114631494507194
8505,0.001282770186662674,0.0005287566455081105
8506,0.0012847183970734477,0.0005476348451338708
8507,0.0012865765020251274,0.0005576708936132491
8508,0.001221017213538289,0.0005575825925916433
8509,0.001149106421507895,0.0005523391300812364
8510,0.001033949782140553,0.0005462908302433789
8511,0.0009022804442793131,0.0005383380921557546
8512,0.0007473588921129704,0.0005268275272101164
8513,0.0005833269096910954,0.0005127082113176584
8514,0.0004318392020650208,0.0005002751131542027
8515,0.0003115820582024753,0.0004930899012833834
8516,0.00023902446264401078,0.0004922193475067616
8517,0.00021358986850827932,0.0004962013917975128
8518,0.00022376792912837118,0.0005020713433623314
8519,0.0002513797953724861,0.0005067373276688159
8520,0.00028167522395960987,0.0005083981668576598
8521,0.00030581330065615475,0.0005077325040474534
8522,0.00032666331389918923,0.000506295298691839
8523,0.00034961095661856234,0.0005053121130913496
8524,0.00038785397191531956,0.0005044892895966768
8525,0.00044569355668500066,0.000503110233694315
8526,0.0005386825650930405,0.0005007473519071937
8527,0.0006591142155230045,0.000497483997605741
8528,0.0008367982227355242,0.0004937566118314862
8529,0.001043197000399232,0.0004901960492134094
8530,0.0013418341986835003,0.0004873779835179448
8531,0.0016529230633750558,0.0004855032020714134
8532,0.002075887518003583,0.0004842289490625262
8533,0.0024275239557027817,0.0004830678226426244
8534,0.002811491023749113,0.00048173166578635573
8535,0.002984387334436178,0.00048034454812295735
8536,0.0030277385376393795,0.0004791180253960192
8537,0.00289780437014997,0.00047829397954046726
8538,0.002614059019833803,0.00047800762695260346
8539,0.0023537816014140844,0.0004783766926266253
8540,0.0019853312987834215,0.0004794452397618443
8541,0.001658476423472166,0.0004812607658095658
8542,0.00128763762768358,0.0004840181500185281
8543,0.0010298410197719932,0.0004882518551312387
8544,0.0008650185773149133,0.0004948020214214921
8545,0.0008656466961838305,0.0005050422623753548
8546,0.0009069929947145283,0.0005207325448282063
8547,0.0009473785758018494,0.0005450770258903503
8548,0.000913946540094912,0.0005821384838782251
8549,0.0008097601239569485,0.0006400246638804674
8550,0.0007077990449033678,0.0007284523453563452
8551,0.0006497325957752764,0.0008681354229338467
8552,0.0006697219214402139,0.001080953050404787
8553,0.0007424299838021398,0.0014172664377838373
8554,0.0008068676106631756,0.0019134300528094172
8555,0.0008411380695179105,0.0026692082174122334
8556,0.0007986171403899789,0.0036694190930575132
8557,0.0007527648704126477,0.004988462198525667
8558,0.0007065939716994762,0.0062079778872430325
8559,0.0007450194098055363,0.007042423356324434
8560,0.0008205254562199116,0.006491194013506174
8561,0.0009555676952004433,0.0046135736629366875
8562,0.0010428609093651175,0.0021150358952581882
8563,0.0011022136313840747,0.0006411800859495997
8564,0.0010719805723056197,0.0009687400888651609
8565,0.0010129247093573213,0.0022218767553567886
8566,0.0009213838493451476,0.0028285349253565073
8567,0.0008458482334390283,0.0020486724097281694
8568,0.0007618701783940196,0.0008679767488501966
8569,0.0006798029644414783,0.0005836205091327429
8570,0.0005684577045030892,0.00125715637113899
8571,0.0004484899982344359,0.0018066163174808025
8572,0.0003308758605271578,0.0014565291348844767
8573,0.00024580140598118305,0.0007442861096933484
8574,0.00020506404689513147,0.0005528649780899286
8575,0.00020393352315295488,0.0009529822855256498
8576,0.00022456730948761106,0.0012327323202043772
8577,0.00024853768991306424,0.0009763665148057044
8578,0.0002672324189916253,0.0005658341688103974
8579,0.0002814791223499924,0.0005207246285863221
8580,0.0003001505392603576,0.000788860721513629
8581,0.0003296376671642065,0.0009239615756087005
8582,0.0003750976175069809,0.0007423433708027005
8583,0.00043582619400694966,0.0005162107991054654
8584,0.0005162589368410408,0.0005230744718573987
8585,0.0006162276840768754,0.0006870979559607804
8586,0.000760390015784651,0.0007506427355110645
8587,0.0009435998508706689,0.0006298886728473008
8588,0.0012313323095440865,0.0004954870091751218
8589,0.001564118079841137,0.0004979707300662994
8590,0.0020705475471913815,0.0005912694032303989
8591,0.002508567413315177,0.0006286004791036248
8592,0.0030616414733231068,0.0005598667194135487
8593,0.003200937993824482,0.0004747452912852168
8594,0.00316047016531229,0.00046565476804971695
8595,0.002624721731990576,0.0005189102375879884
8596,0.002000841312110424,0.0005527323810383677
8597,0.0015828338218852878,0.000523772556334734
8598,0.0014650780940428376,0.000470736064016819
8599,0.0016041682101786137,0.00045174872502684593
8600,0.001668875222094357,0.0004763262113556266
8601,0.001610520645044744,0.0005048809107393026
8602,0.0012826613383367658,0.0005014927010051906
8603,0.0009445954929105937,0.0004726416664198041
8604,0.0006435821414925158,0.00044974617776460946
8605,0.0005140315624885261,0.00045215425780043006
8606,0.0005352336447685957,0.0004694696981459856
8607,0.0006280661909841001,0.00047869907575659454
8608,0.0007178578525781631,0.00046979961916804314
8609,0.0007138164946809411,0.00045245184446685016
8610,0.0006406091852113605,0.0004425639344844967
8611,0.0005040456308051944,0.0004459301708266139
8612,0.0003981302143074572,0.0004549474688246846
8613,0.00035364634823054075,0.00045851076720282435
8614,0.0003695645136758685,0.0004526433767750859
8615,0.00040907441871240735,0.00044287036871537566
8616,0.0004231946950312704,0.0004370296373963356
8617,0.00040065112989395857,0.0004381914623081684
8618,0.0003464682959020138,0.0004428657703101635
8619,0.00030126352794468403,0.0004455096204765141
8620,0.0002840343804564327,0.0004434995062183589
8621,0.0002975946699734777,0.0004387099761515856
8622,0.00032402799115516245,0.00043490686221048236
8623,0.0003396373940631747,0.0004344963235780597
8624,0.00033958067069761455,0.0004369483795017004
8625,0.000331022369209677,0.00044002465438097715
8626,0.00033791104215197265,0.00044167746091261506
8627,0.00037940137553960085,0.0004418024036567658
8628,0.00046249074512161314,0.0004416400333866477
8629,0.0006023606983944774,0.0004431861452758312
8630,0.0007795778219588101,0.00044731423258781433
8631,0.0010514558525756001,0.000454314227681607
8632,0.0013708799378946424,0.0004632349300663918
8633,0.0018705582479014993,0.00047446531243622303
8634,0.002412282396107912,0.0004878745530731976
8635,0.0031360238790512085,0.0005063178832642734
8636,0.0037638521753251553,0.0005302781937643886
8637,0.004292414989322424,0.0005647947546094656
8638,0.004572474863380194,0.00060873111942783
8639,0.004388635046780109,0.0006704931729473174
8640,0.004018537234514952,0.0007450472330674529
8641,0.0030899536795914173,0.0008481701952405274
8642,0.002040353836491704,0.0009645899408496916
8643,0.0009576418669894338,0.0011216939892619848
8644,0.0003743093111552298,0.00127692730166018
8645,0.0004761696618515998,0.0014711114345118403
8646,0.00103855284396559,0.0016079043271020055
8647,0.0015818161191418767,0.001740794163197279
8648,0.0016613614279776812,0.0017205760814249516
8649,0.0013639202807098627,0.001626051147468388
8650,0.0009690782171674073,0.0013531632721424103
8651,0.0008307846146635711,0.0010327368509024382
8652,0.0010291507933288813,0.0007032564026303589
8653,0.0012412500800564885,0.0004839384346269071
8654,0.0012923198519274592,0.00041883025551214814
8655,0.0010223883436992764,0.0004910890711471438
8656,0.0006993194692768157,0.0006268277647905052
8657,0.0004868925898335874,0.0007304943865165114
8658,0.0004778382717631757,0.0007523883832618594
8659,0.0005592551897279918,0.0006750724278390408
8660,0.000574086734559387,0.0005570150096900761
8661,0.0004762311582453549,0.0004549733712337911
8662,0.0003253264876548201,0.00041576725197955966
8663,0.00023489206796512008,0.0004421622143127024
8664,0.00024901883443817496,0.0005018481751903892
8665,0.0003213179297745228,0.0005530437338165939
8666,0.0003756343212444335,0.0005630855448544025
8667,0.0003720758541021496,0.0005334203597158194
8668,0.00033922013244591653,0.0004799902089871466
8669,0.00032420502975583076,0.0004333043470978737
8670,0.00035386637318879366,0.00041190104093402624
8671,0.00042587905772961676,0.000419204356148839
8672,0.0005022005643695593,0.0004437238094396889
8673,0.0005896070506423712,0.0004681411955971271
8674,0.000661795143969357,0.0004800273454748094
8675,0.0007833794225007296,0.00047456833999603987
8676,0.0009264808613806963,0.0004582273541018367
8677,0.001163119450211525,0.0004402062331791967
8678,0.0014138249680399895,0.00043014349648728967
8679,0.0017342102946713567,0.0004328902286943048
8680,0.001972042955458164,0.0004478028859011829
8681,0.002195772249251604,0.00047178484965115786
8682,0.0021748854778707027,0.0004996180650778115
8683,0.002042918698862195,0.0005310626002028584
8684,0.0016305274330079556,0.0005652634426951408
8685,0.001165662775747478,0.0006114368443377316
8686,0.0006956005236133933,0.0006734497146680951
8687,0.0003791064955294132,0.0007695745443925261
8688,0.0002529703197069466,0.0009030957007780671
8689,0.00029424289823509753,0.0011031656758859754
8690,0.00044426420936360955,0.0013630103785544634
8691,0.0006288909935392439,0.001727087190374732
8692,0.0008034608908928931,0.002146634506061673
8693,0.0009032065281644464,0.0026677900459617376
8694,0.0009232608135789633,0.0031143571250140667
8695,0.000846375769469887,0.003488635877147317
8696,0.0007142283138819039,0.003459386993199587
8697,0.0005542680737562478,0.003066881326958537
8698,0.00041427952237427235,0.002229239558801055
8699,0.00030944315949454904,0.0013073754962533712
8700,0.00024926025071181357,0.0006588241085410118
8701,0.00022312832879833877,0.0005208316724747419
8702,0.00022010901011526585,0.0008171448716893792
8703,0.00023032326134853065,0.0012066452763974667
8704,0.0002491211052983999,0.0013744867173954844
8705,0.000276573293376714,0.0011640503071248531
8706,0.00031206299900077283,0.0007676716195419431
8707,0.000360703794285655,0.00045470765326172113
8708,0.00041779023013077676,0.0004133202019147575
8709,0.0004959724028594792,0.0005943347350694239
8710,0.0005823204410262406,0.0007912823348306119
8711,0.0007003128994256258,0.0008326138486154377
8712,0.0008225039928220212,0.0006906390190124512
8713,0.0009827794274315238,0.0004976947093382478
8714,0.0011317763710394502,0.0003953911946155131
8715,0.0013103419914841652,0.00043391145300120115
8716,0.0014420587103813887,0.0005472514312714338
8717,0.001567761180922389,0.0006279242224991322
8718,0.0015998643357306719,0.000616937642917037
8719,0.001578555442392826,0.0005366225377656519
8720,0.0014545070007443428,0.0004583167901728302
8721,0.0012699346989393234,0.00044148016604594886
8722,0.0010359080042690039,0.000492897117510438
8723,0.0007859974866732955,0.0005789190181531012
8724,0.0005545167368836701,0.0006526099168695509
8725,0.0003656710614450276,0.0007023561047390103
8726,0.00024295518232975155,0.000734172121156007
8727,0.00019453106506261975,0.0007961235824041069
8728,0.0002138489217031747,0.0009017654811032116
8729,0.00028074911097064614,0.0010891531128436327
8730,0.0003683949471451342,0.0013066144892945886
8731,0.0004558801301755011,0.0015859351260587573
8732,0.0005298154428601265,0.0018012989312410355
8733,0.0005922847194597125,0.0020191248040646315
8734,0.0006553941639140248,0.0020409361459314823
8735,0.0007218788377940655,0.001973480451852083
8736,0.0008204093901440501,0.001644782372750342
8737,0.0009157740278169513,0.0012357449159026146
8738,0.0010552610037848353,0.0007864980725571513
8739,0.0011475919745862484,0.0004892555298283696
8740,0.0012700679944828153,0.0004182633711025119
8741,0.0012917548883706331,0.0005464989226311445
8742,0.0013145554112270474,0.0007469552801921964
8743,0.001228331821039319,0.0008636498241685331
8744,0.001130621531046927,0.0008330365526489913
8745,0.0009870851645246148,0.0006649193237535655
8746,0.0008478075615130365,0.0004796694847755134
8747,0.0007224018918350339,0.0003754377830773592
8748,0.0006034787511453032,0.0003902543685398996
8749,0.000500615919008851,0.00048012513434514403
8750,0.0004022008506581187,0.0005617658025585115
8751,0.00032404810190200806,0.0005798619240522385
8752,0.00027223897632211447,0.000524600560311228
8753,0.000256532832281664,0.0004444761434569955
8754,0.00027178452000953257,0.0003902630996890366
8755,0.0003092417900916189,0.000389486929634586
8756,0.00035063287941738963,0.00043070956598967314
8757,0.0003868172934744507,0.0004783109179697931
8758,0.0004098071367479861,0.000503061746712774
8759,0.00042616607970558107,0.0004924296517856419
8760,0.00044288518256507814,0.0004640440456569195
8761,0.0004780710150953382,0.00043950628605671227
8762,0.000538068707101047,0.0004393724666442722
8763,0.0006484720506705344,0.00046588561963289976
8764,0.000798557186499238,0.0005112708313390613
8765,0.0010364209301769733,0.0005607812199741602
8766,0.0013094410533085465,0.0006089405505917966
8767,0.001708117313683033,0.0006552404956892133
8768,0.0020763371139764786,0.0007149413577280939
8769,0.002527785487473011,0.0007944212993606925
8770,0.0027743857353925705,0.0009160975459963083
8771,0.0029209917411208153,0.0010665564332157373
8772,0.0028472200501710176,0.001268919906578958
8773,0.0026753521524369717,0.0014708236558362842
8774,0.0026482136454433203,0.0017039888771250844
8775,0.002599731320515275,0.001859447918832302
8776,0.002578479005023837,0.0019798644352704287
8777,0.002190015045925975,0.0019187972648069263
8778,0.00160463887732476,0.0017480256501585245
8779,0.0009406725876033306,0.0014033230254426599
8780,0.0005991699872538447,0.0010178576922044158
8781,0.0006662049563601613,0.0006699545192532241
8782,0.0009979192400351167,0.00046464218758046627
8783,0.0012776493094861507,0.00043389323400333524
8784,0.001246590749360621,0.0005336099420674145
8785,0.0009440846042707562,0.0006773989298380911
8786,0.0005565733299590647,0.000766761542763561
8787,0.00034680997487157583,0.0007623129640705884
8788,0.00040498454472981393,0.0006592617719434202
8789,0.0006269483710639179,0.0005193527904339135
8790,0.0008518369286321104,0.00040369186899624765
8791,0.0009236994083039463,0.0003580888151191175
8792,0.0008918083040043712,0.0003864921454805881
8793,0.0008011829922907054,0.0004572501638904214
8794,0.0008042255067266524,0.0005266072694212198
8795,0.000902283878531307,0.000557189283426851
8796,0.0010948199778795242,0.0005427896394394338
8797,0.001303063239902258,0.0004931429866701365
8798,0.0014995102537795901,0.00043821719009429216
8799,0.00164126162417233,0.00039963441668078303
8800,0.0017960991244763136,0.0003902662137988955
8801,0.0018350252648815513,0.0004061260842718184
8802,0.0018947389908134937,0.00043581018690019846
8803,0.001696762628853321,0.00046424783067777753
8804,0.0014542596181854606,0.00048198207514360547
8805,0.0010191581677645445,0.0004848908574786037
8806,0.0006331197218969464,0.00047576293582096696
8807,0.0003472040989436209,0.0004601854598149657
8808,0.00023863589740358293,0.00044572484330274165
8809,0.00028691627085208893,0.00043663292308337986
8810,0.0004268073826096952,0.00043708394514396787
8811,0.0005978856352157891,0.0004448831605259329
8812,0.00072092266054824,0.00046014797408133745
8813,0.0007996826898306608,0.0004764180339407176
8814,0.0007822363986633718,0.0004944050451740623
8815,0.0007196709630079567,0.0005073529900982976
8816,0.0006119781173765659,0.0005196731653995812
8817,0.000507927848957479,0.0005256687290966511
8818,0.00042605039197951555,0.0005326085956767201
8819,0.0003761107218451798,0.0005351433646865189
8820,0.0003529783571138978,0.0005415285704657435
8821,0.00034209684235975146,0.0005462411209009588
8822,0.0003316505462862551,0.0005575899267569184
8823,0.00031242496334016323,0.0005699893226847053
8824,0.0002846147690434009,0.0005914991488680243
8825,0.0002515222877264023,0.0006168937543407083
8826,0.0002203844051109627,0.000653971394058317
8827,0.00019699202675838023,0.0006989283720031381
8828,0.00018508019275031984,0.0007591087487526238
8829,0.00018506443302612752,0.0008334320737048984
8830,0.0001942685485119,0.0009272689349018037
8831,0.00020784312800969929,0.001043588505126536
8832,0.0002200815943069756,0.001180965919047594
8833,0.00022719096159562469,0.001346635282970965
8834,0.00022745956084690988,0.0015211544232442975
8835,0.00022305716993287206,0.001712682656943798
8836,0.0002174232213292271,0.0018670882564038038
8837,0.000215187668800354,0.001988777657970786
8838,0.00022033177083358169,0.001990140415728092
8839,0.0002360448706895113,0.0018869867781177163
8840,0.0002662797924131155,0.001624271273612976
8841,0.0003155009471811354,0.001273716683499515
8842,0.0003961169859394431,0.000887832313310355
8843,0.0005194253753870726,0.0005717378808185458
8844,0.0007246094755828381,0.00039488106267526746
8845,0.0010269670747220516,0.000375548901502043
8846,0.0015310024609789252,0.0004756031557917595
8847,0.002203065901994705,0.0006178438197821379
8848,0.003255693009123206,0.0007307290215976536
8849,0.004339915234595537,0.0007559856749139726
8850,0.0056379023008048534,0.0006978390738368034
8851,0.0061774225905537605,0.0005769461859017611
8852,0.006023084279149771,0.0004512956365942955
8853,0.005211774259805679,0.00036298707709647715
8854,0.00422806479036808,0.0003358276735525578
8855,0.0038584982976317406,0.00036372788599692285
8856,0.0033055138774216175,0.00042108219349756837
8857,0.0024789709132164717,0.0004770093073602766
8858,0.001455560326576233,0.0005084865842945874
8859,0.0011353538138791919,0.0005078878602944314
8860,0.0015114268753677607,0.00048183242324739695
8861,0.0019146165577694774,0.0004456205351743847
8862,0.0018016970716416836,0.00041804148349910975
8863,0.001157845719717443,0.00041123467963188887
8864,0.0006508204387500882,0.0004341835156083107
8865,0.0006869741482660174,0.0004852079728152603
8866,0.001084992429241538,0.0005663101328536868
8867,0.0013139923103153706,0.0006693376344628632
8868,0.0010602977126836777,0.0008068433962762356
8869,0.0005902228876948357,0.000966350722592324
8870,0.0003255759656894952,0.0011843717657029629
8871,0.0004345995548646897,0.001421649707481265
8872,0.0006936963181942701,0.0017428698483854532
8873,0.0007899819756858051,0.0020210561342537403
8874,0.0006557978340424597,0.0023429221473634243
8875,0.0004367404617369175,0.0024327205028384924
8876,0.00031781475991010666,0.0024138404987752438
8877,0.0003438587882556021,0.0020131454803049564
8878,0.0004197998787276447,0.0014882513787597418
8879,0.00044280890142545104,0.0008983191219158471
8880,0.0003946703509427607,0.000532070524059236
8881,0.00034359819255769253,0.0004983013495802879
8882,0.00033454172080382705,0.0007459626067429781
8883,0.00034447669168002903,0.0010982273379340768
8884,0.00033258841722272336,0.00132944795768708
8885,0.00029694789554923773,0.0014137636171653867
8886,0.000283635628875345,0.0013735041720792651
8887,0.0003184380184393376,0.0014674111735075712
8888,0.00037325872108340263,0.0017938088858500123
8889,0.0004166577127762139,0.0024693289306014776
8890,0.00043794544762931764,0.003278774442151189
8891,0.0004868946271017194,0.004138115793466568
8892,0.0005734462174586952,0.004553303588181734
8893,0.0007235031807795167,0.004462663549929857
8894,0.0008996707038022578,0.003501081606373191
8895,0.0011445780983194709,0.002151749562472105
8896,0.0014176735421642661,0.0009607845568098128
8897,0.0017857573693618178,0.0005509782931767404
8898,0.0020856140181422234,0.0009225644171237946
8899,0.0023801091592758894,0.0015185070224106312
8900,0.002369821071624756,0.0017540652770549059
8901,0.0022146457340568304,0.001503882696852088
8902,0.001746595837175846,0.0010795405833050609
8903,0.001231600996106863,0.0008747277897782624
8904,0.0007484224624931812,0.0008788993582129478
8905,0.0004289782955311239,0.0008998384000733495
8906,0.00030007550958544016,0.00077056820737198
8907,0.00034246942959725857,0.0006080485181882977
8908,0.0005141351721249521,0.0005614256369881332
8909,0.0007352050160989165,0.0006351977353915572
8910,0.0009177043684758246,0.0006902696331962943
8911,0.000983961159363389,0.0006244234973564744
8912,0.0009166690288111567,0.0005167117924429476
8913,0.0007578142685815692,0.0004890997661277652
8914,0.0005882249097339809,0.0005735198501497507
8915,0.0004429750260896981,0.000660363701172173
8916,0.0003487232606858015,0.0006420890567824244
8917,0.0002797690685838461,0.0005208788206800818
8918,0.00023383382358588278,0.0004052229633089155
8919,0.00021147217194084078,0.00037999870255589485
8920,0.0002209422818850726,0.0004315142286941409
8921,0.0002617012069094926,0.00047342421021312475
8922,0.00032066984567791224,0.00044998759403824806
8923,0.00038958550430834293,0.0003766963491216302
8924,0.0004498035996221006,0.00031851258245296776
8925,0.0005187735660001636,0.00031677662627771497
8926,0.0005819728830829263,0.0003578090691007674
8927,0.0006689787260256708,0.00039613485569134355
8928,0.0007569178706035018,0.000398307282011956
8929,0.0008688882226124406,0.0003707932191900909
8930,0.0009698381763882935,0.0003405176685191691
8931,0.0010797404684126377,0.00033059355337172747
8932,0.0011497472878545523,0.00033955471008084714
8933,0.0012094633420929313,0.00035059888614341617
8934,0.0011976039968430996,0.0003491652896627784
8935,0.0011589847272261977,0.0003350480110384524
8936,0.0010414684657007456,0.000318925769533962
8937,0.0008996813558042049,0.0003111636033281684
8938,0.0007210062467493117,0.000313097465550527
8939,0.0005514724180102348,0.00031811351072974503
8940,0.00040222256211563945,0.0003185530367773026
8941,0.0002913821954280138,0.00031245744321495295
8942,0.00022218344383873045,0.0003036978596355766
8943,0.00019297961262054741,0.00029822703800164163
8944,0.00019760170835070312,0.0002989514032378793
8945,0.00022766488837078214,0.00030408508609980345
8946,0.0002737483591772616,0.00030918658012524247
8947,0.0003276120696682483,0.0003104884526692331
8948,0.0003839361888822168,0.00030748744029551744
8949,0.0004406940715853125,0.0003022746241185814
8950,0.0005032461485825479,0.0002979370765388012
8951,0.0005699297180399299,0.00029619986889883876
8952,0.0006586656672880054,0.0002968501939903945
8953,0.0007525666151195765,0.00029828803963027894
8954,0.0008863339899107814,0.0002989264903590083
8955,0.0010120997903868556,0.0002981148427352309
8956,0.0011882333783432841,0.00029631154029630125
8957,0.001323488773778081,0.00029447959968820214
8958,0.0014979750849306583,0.0002933907089754939
8959,0.0015808558091521263,0.0002931315393652767
8960,0.0016577381175011396,0.00029328680830076337
8961,0.001605532830581069,0.00029321375768631697
8962,0.001498554483987391,0.00029255723347887397
8963,0.001293966080993414,0.0002913116477429867
8964,0.0010470255510881543,0.0002898726670537144
8965,0.0007944607059471309,0.0002886512374971062
8966,0.0005663702613674104,0.00028793932870030403
8967,0.0004025765520054847,0.00028775230748578906
8968,0.0003078904119320214,0.0002879046951420605
8969,0.00028450306854210794,0.00028813054086640477
8970,0.0003122958878520876,0.0002882539411075413
8971,0.0003725887800101191,0.0002882188418880105
8972,0.0004350517119746655,0.0002881473337765783
8973,0.0004933031741529703,0.00028819366707466543
8974,0.0005310811684466898,0.00028855845448561013
8975,0.0005658197915181518,0.0002893393684644252
8976,0.0005931382183916867,0.00029064813861623406
8977,0.000639675185084343,0.0002924769069068134
8978,0.0006910450174473226,0.0002949864137917757
8979,0.0007730238721705973,0.0002982184523716569
8980,0.000851498800329864,0.0003026307967957109
8981,0.0009562255581840873,0.0003084503405261785
8982,0.001039637834765017,0.0003166607057210058
8983,0.0011347142281010747,0.00032771931728348136
8984,0.0011960810516029596,0.0003435738617554307
8985,0.001246259780600667,0.000365029409294948
8986,0.0012645849492400885,0.0003961355541832745
8987,0.001248140586540103,0.00043818989070132375
8988,0.0012109460076317191,0.000500032736454159
8989,0.0011212809477001429,0.0005831798771396279
8990,0.0010144171537831426,0.000707170576788485
8991,0.0008565197349525988,0.0008706599473953247
8992,0.0006925597554072738,0.001115948660299182
8993,0.0005200495943427086,0.0014248393708840013
8994,0.00037771512870676816,0.001881114672869444
8995,0.00027684870292432606,0.002402618993073702
8996,0.00022450405231211334,0.0031255600042641163
8997,0.00021272868616506457,0.0038068112917244434
8998,0.00022445572540163994,0.004596794955432415
8999,0.000244185677729547,0.005084835458546877
9000,0.0002597449056338519,0.005365322809666395
9001,0.0002689709363039583,0.005296585150063038
9002,0.000271837052423507,0.004939711652696133
9003,0.000274915830232203,0.0047669741325080395
9004,0.00027897494146600366,0.0046143983490765095
9005,0.00028692628256976604,0.0047714742831885815
9006,0.000295008736429736,0.004324153531342745
9007,0.0003012650995515287,0.003567196661606431
9008,0.0003031208470929414,0.0021519644651561975
9009,0.000299749692203477,0.001145077752880752
9010,0.00029508888837881386,0.0009902374586090446
9011,0.00029234454268589616,0.0016263163415715098
9012,0.00030147796496748924,0.002364771207794547
9013,0.00032908946741372347,0.002226207172498107
9014,0.0003932003164663911,0.0014159675920382142
9015,0.0005075351218692958,0.0005693773273378611
9016,0.0007191178156062961,0.0005179375293664634
9017,0.0010553625179454684,0.0011175310937687755
9018,0.0016614003106951714,0.0015158543828874826
9019,0.0025113821029663086,0.0012771051842719316
9020,0.003981402609497309,0.0006192096625454724
9021,0.0054265414364635944,0.0003045703924726695
9022,0.007338355761021376,0.0005525336018763483
9023,0.0073998067528009415,0.0009257959318347275
9024,0.00630234694108367,0.0009598447359167039
9025,0.003931354731321335,0.0006193643203005195
9026,0.002387712709605694,0.0003440665896050632
9027,0.0025081480853259563,0.00038190835039131343
9028,0.003015659051015973,0.0005787473055534065
9029,0.00296212756074965,0.0006489148363471031
9030,0.0020450649317353964,0.0005120133282616735
9031,0.0013218739768490195,0.0003666586708277464
9032,0.0012129037640988827,0.0003636101318988949
9033,0.0014986125752329826,0.00045235606376081705
9034,0.0017663261387497187,0.00048499921103939414
9035,0.0014925585128366947,0.00041005623643286526
9036,0.000914660282433033,0.00032588758040219545
9037,0.0005824937834404409,0.00032363540958613157
9038,0.0007791894022375345,0.00038421014323830605
9039,0.0011616250267252326,0.0004172999761067331
9040,0.0011982792057096958,0.0003760939871426672
9041,0.0009148474200628698,0.0003076291468460113
9042,0.0006097230943851173,0.0002814789768308401
9043,0.0005377924535423517,0.00031260447576642036
9044,0.000640647835098207,0.00035444891545921564
9045,0.0007290913490578532,0.0003583477227948606
9046,0.0006843789597041905,0.0003245905099902302
9047,0.0005067938473075628,0.0002895947254728526
9048,0.0003515173739288002,0.0002825235133059323
9049,0.00031483627390116453,0.0002979370765388012
9050,0.00036857559462077916,0.0003103761118836701
9051,0.0004240960697643459,0.0003054752014577389
9052,0.00042846292490139604,0.0002905628061853349
9053,0.000385049672331661,0.0002820921363309026
9054,0.0002966154715977609,0.00028576020849868655
9055,0.00022923204232938588,0.00029300316236913204
9056,0.00025645343703217804,0.0002928818576037884
9057,0.00034054520074278116,0.0002835133927874267
9058,0.0003670599253382534,0.0002731994609348476
9059,0.0003026067279279232,0.00027024163864552975
9060,0.00024293128808494657,0.00027526592020876706
9061,0.00025478791212663054,0.00028167563141323626
9062,0.0003029474464710802,0.0002826963027473539
9063,0.00033616338623687625,0.0002775178290903568
9064,0.0003575123264454305,0.00027047022012993693
9065,0.0003910125233232975,0.00026660176808945835
9066,0.0004336769925430417,0.0002671765396371484
9067,0.0005023879348300397,0.0002696193696465343
9068,0.0006251061568036675,0.00027057959232479334
9069,0.0008184592006728053,0.00026884907856583595
9070,0.0010848803212866187,0.00026594928931444883
9071,0.0014091162011027336,0.00026410623104311526
9072,0.0018562611658126116,0.00026427925331518054
9073,0.0023991004563868046,0.00026557149249129
9074,0.0030350361485034227,0.000266288872808218
9075,0.003685112576931715,0.00026547082234174013
9076,0.004136782605201006,0.0002634568081703037
9077,0.00437817070633173,0.0002614373224787414
9078,0.0039954534731805325,0.0002603790780995041
9079,0.0032809015829116106,0.0002603920875117183
9080,0.002125216880813241,0.000260846660239622
9081,0.0010828978847712278,0.00026098566013388336
9082,0.0004197334055788815,0.0002605027111712843
9083,0.00032907648710533977,0.00025963710504584014
9084,0.000678829092066735,0.0002588788338471204
9085,0.0011288179084658623,0.00025856512365862727
9086,0.0014195428229868412,0.0002586655900813639
9087,0.0014067641459405422,0.00025888034724630415
9088,0.0012194222072139382,0.0002589088398963213
9089,0.001023089629597962,0.00025865354109555483
9090,0.0008387740235775709,0.00025826424825936556
9091,0.0007184376008808613,0.00025800929870456457
9092,0.0005549795459955931,0.00025810464285314083
9093,0.00040000525768846273,0.0002586403861641884
9094,0.00030182168120518327,0.00025959464255720377
9095,0.0003069861268159002,0.00026096231886185706
9096,0.0003935539862141013,0.0002628639922477305
9097,0.0004900246276520193,0.0002656083379406482
9098,0.000564353191293776,0.0002697319141589105
9099,0.000582025502808392,0.0002760012575890869
9100,0.0005963419680483639,0.0002854602935258299
9101,0.0005912983906455338,0.000299687497317791
9102,0.0005888958694413304,0.00032090171589516103
9103,0.0005491459160111845,0.0003527712251525372
9104,0.0004765271150972694,0.0004004883230663836
9105,0.00038526824209839106,0.0004726387851405889
9106,0.00030986842466518283,0.0005809349240735173
9107,0.00026774799334816635,0.000743893557228148
9108,0.00025384267792105675,0.0009846623288467526
9109,0.00024596357252448797,0.001335298060439527
9110,0.0002321785723324865,0.0018240116769447923
9111,0.0002115017268806696,0.0024677247274667025
9112,0.00019627402070909739,0.0032228550408035517
9113,0.0001966023410204798,0.003950133919715881
9114,0.0002144611207768321,0.0043667759746313095
9115,0.00024329344159923494,0.00415519904345274
9116,0.00027124627376906574,0.003202559193596244
9117,0.0002944912703242153,0.0018968231743201613
9118,0.0003085408534388989,0.000937976292334497
9119,0.00032605661544948816,0.0008370019495487213
9120,0.0003483618493191898,0.0013850278919562697
9121,0.00038926320848986506,0.0019401948666200042
9122,0.00044201684067957103,0.0019319747807458043
9123,0.000514214625582099,0.0013860103208571672
9124,0.0005926934536546469,0.0008056628867052495
9125,0.0006954168202355504,0.000630149501375854
9126,0.0008039082167670131,0.0008303417125716805
9127,0.0009566870285198092,0.0009919112781062722
9128,0.0011030139867216349,0.0008561877766624093
9129,0.001303564989939332,0.0005215496057644486
9130,0.0014445401029661298,0.00033141745370812714
9131,0.0016085399547591805,0.00044162999256514013
9132,0.0016337151173502207,0.0006821305141784251
9133,0.0016173666808754206,0.0007885843515396118
9134,0.0014484712155535817,0.0006511973333545029
9135,0.0012219512136653066,0.00043427752098068595
9136,0.0009439804125577211,0.0003283324767835438
9137,0.0006716366042383015,0.0003838726261164993
9138,0.00044862917275168,0.0004859563196077943
9139,0.00029192742658779025,0.0005022410186938941
9140,0.00021682532678823918,0.00042204716010019183
9141,0.000219532594201155,0.0003307208826299757
9142,0.0002858545631170273,0.0003175390011165291
9143,0.00038873570156283677,0.0003791974449995905
9144,0.0004995912895537913,0.00044484890531748533
9145,0.0005942553980275989,0.0004495618341024965
9146,0.0006591976853087544,0.0003954620042350143
9147,0.0006981692276895046,0.00033193296985700727
9148,0.0007234551012516022,0.0003068911610171199
9149,0.0007407262455672026,0.00032219392596744
9150,0.0007722925511188805,0.0003469182411208749
9151,0.0007887851097621024,0.00034742330899462104
9152,0.0008172835223376751,0.0003219351638108492
9153,0.0007998690707609057,0.00029041693778708577
9154,0.0007794506964273751,0.0002784065145533532
9155,0.000708717096131295,0.000292990414891392
9156,0.0006402378785423934,0.0003226596163585782
9157,0.0005567851476371288,0.00035048052086494863
9158,0.0004906425019726157,0.000367809523595497
9159,0.0004358978767413646,0.0003818552941083908
9160,0.0003927013895008713,0.00040609389543533325
9161,0.00035436401958577335,0.0004537989152595401
9162,0.00031340582063421607,0.0005306560778990388
9163,0.0002717197057791054,0.0006369507755152881
9164,0.00023229149519465864,0.0007774773985147476
9165,0.0002021420223172754,0.0009578277822583914
9166,0.00018477778939995915,0.0012017317349091172
9167,0.00017985425074584782,0.0015177199384197593
9168,0.00018327374709770083,0.0019276964012533426
9169,0.0001892095315270126,0.0023980194237083197
9170,0.00019307612092234194,0.002887329552322626
9171,0.0001924894459079951,0.003251180052757263
9172,0.00018815143266692758,0.0033566781785339117
9173,0.00018222533981315792,0.0030274493619799614
9174,0.0001774709962774068,0.002301967702805996
9175,0.0001757943391567096,0.0013647328596562147
9176,0.0001779150334186852,0.0006117229931987822
9177,0.00018366130825597793,0.0003219307691324502
9178,0.00019231696205679327,0.0005177303683012724
9179,0.00020438482169993222,0.0009332747431471944
9180,0.00022060456103645265,0.001220888807438314
9181,0.0002459875831846148,0.0011561769060790539
9182,0.0002849033917300403,0.0008081573760136962
9183,0.0003520500904414803,0.00042514485539868474
9184,0.00045839030644856393,0.0002580470172688365
9185,0.0006429268978536129,0.0003574529546312988
9186,0.0009275518241338432,0.0005715768202207983
9187,0.0014151082141324878,0.0006963451742194593
9188,0.0021105685736984015,0.0006359551334753633
9189,0.0032385580707341433,0.00046083569759503007
9190,0.004535159561783075,0.0003116327861789614
9191,0.006224959157407284,0.0002839302469510585
9192,0.0072169010527431965,0.0003591303830035031
9193,0.007483448833227158,0.0004476750618778169
9194,0.006718229036778212,0.0004693656228482723
9195,0.005491544492542744,0.00041603000136092305
9196,0.004927760921418667,0.00033548753708601
9197,0.004121663514524698,0.0002850560995284468
9198,0.0029546681325882673,0.0002855559578165412
9199,0.001563976751640439,0.0003164854715578258
9200,0.0011776661267504096,0.00034185725962743163
9201,0.001823664060793817,0.00034079584293067455
9202,0.002498182700946927,0.00031695020152255893
9203,0.0023880060762166977,0.0002898405073210597
9204,0.0014365051174536347,0.00027473369846120477
9205,0.0007235918310470879,0.00027455156669020653
9206,0.000855939113534987,0.0002804109244607389
9207,0.0014293270651251078,0.00028283579740673304
9208,0.001614954206161201,0.00027779742958955467
9209,0.001095290994271636,0.0002690816472750157
9210,0.0004973631002940238,0.0002624297048896551
9211,0.00039783419924788177,0.0002610216906759888
9212,0.0007326124468818307,0.0002633373369462788
9213,0.0009959638118743896,0.0002651890099514276
9214,0.0008758573094382882,0.00026330590480938554
9215,0.0005838170764036477,0.00025766697945073247
9216,0.0004267655313014984,0.000251063029281795
9217,0.0004921812214888632,0.0002471224288456142
9218,0.0006278800428844988,0.0002477712696418166
9219,0.0006570242112502456,0.0002524682495277375
9220,0.0006052788812667131,0.000258596905041486
9221,0.0005514721851795912,0.0002637254074215889
9222,0.0005628014914691448,0.0002661773469299078
9223,0.000614530174061656,0.00026703381445258856
9224,0.0006629661074839532,0.00026797704049386084
9225,0.0006985489744693041,0.00027223280631005764
9226,0.0007268876070156693,0.000281426910078153
9227,0.0007428755052387714,0.00029760520556010306
9228,0.0007953456952236593,0.00032057485077530146
9229,0.0008071106858551502,0.00035244948230683804
9230,0.000805553630925715,0.0003929370432160795
9231,0.0007111018057912588,0.00044825251097790897
9232,0.0006030678050592542,0.0005184903275221586
9233,0.0005100706475786865,0.000617649988271296
9234,0.0004576758947223425,0.0007410177495330572
9235,0.0004043996159452945,0.0009144918294623494
9236,0.0003224245738238096,0.0011119198752567172
9237,0.00023610390780959278,0.0013753862585872412
9238,0.0001897453039418906,0.0016196517972275615
9239,0.00019781087758019567,0.0019016829319298267
9240,0.00023237164714373648,0.002034291857853532
9241,0.00025946612004190683,0.0020955735817551613
9242,0.0002737651811912656,0.0018665986135601997
9243,0.00029217894189059734,0.0015087607316672802
9244,0.00032682015444152057,0.0010017695603892207
9245,0.0003755259094759822,0.0005814741016365588
9246,0.00042029726319015026,0.00036415044451132417
9247,0.00047071510925889015,0.0004139650845900178
9248,0.0005196550628170371,0.0006670731818303466
9249,0.0005980228306725621,0.0009944282937794924
9250,0.0006792573840357363,0.0012939987936988473
9251,0.0007924651145003736,0.0015447288751602173
9252,0.0008964597946032882,0.001852397806942463
9253,0.0010305105242878199,0.0024389096070080996
9254,0.001133291982114315,0.0034159773495048285
9255,0.0012509432854130864,0.004985604900866747
9256,0.0012895871186628938,0.006438851356506348
9257,0.0013143735704943538,0.007386486977338791
9258,0.0012195247691124678,0.005996973719447851
9259,0.0010911085410043597,0.0032054746989160776
9260,0.0008722012862563133,0.0007499597268179059
9261,0.0006517889560200274,0.0007633751956745982
9262,0.00044394866563379765,0.0023656710982322693
9263,0.0002932168426923454,0.0028883530758321285
9264,0.00020970014156773686,0.0017131466884166002
9265,0.00018915056716650724,0.0007002427009865642
9266,0.00021956108685117215,0.0012852315558120608
9267,0.000284912355709821,0.002411997178569436
9268,0.0003694651531986892,0.0025311866775155067
9269,0.0004535047628451139,0.0028038187883794308
9270,0.0005273839342407882,0.005133633501827717
9271,0.0005815796903334558,0.011284164153039455
9272,0.0006271461606957018,0.01767144538462162
9273,0.0006556182052008808,0.022624295204877853
9274,0.0006894912803545594,0.01172297727316618
9275,0.0006980182370170951,0.004056798294186592
9276,0.0007109953439794481,0.007336088921874762
9277,0.0006892808596603572,0.012299299240112305
9278,0.0006712854374200106,0.015828315168619156
9279,0.0006290014134719968,0.0184568352997303
9280,0.0005924898432567716,0.016429098322987556
9281,0.0005452330224215984,0.013436280190944672
9282,0.0005009605083614588,0.005009236745536327
9283,0.0004524080432020128,0.00378235150128603
9284,0.00040682178223505616,0.008726061321794987
9285,0.00036329717840999365,0.005367700010538101
9286,0.00032788290991447866,0.003225815249606967
9287,0.0002988200867548585,0.0042956518009305
9288,0.0002788340498227626,0.004042195156216621
9289,0.0002630476956255734,0.0036079450510442257
9290,0.00025254752836190164,0.0028205574490129948
9291,0.00024371636391151696,0.0027524521574378014
9292,0.00023892584431450814,0.002486142562702298
9293,0.00023706801584921777,0.0029796352609992027
9294,0.00024048057093750685,0.0018505537882447243
9295,0.00024830078473314643,0.0012749697780236602
9296,0.00026235487894155085,0.0026963367126882076
9297,0.0002825441479217261,0.0015410565538331866
9298,0.00031348352786153555,0.0008084194269031286
9299,0.0003571939596440643,0.0019429163075983524
9300,0.00042538746492937207,0.0012273505562916398
9301,0.000520220142789185,0.0010266483295708895
9302,0.000669220054987818,0.001157807419076562
9303,0.0008669845410622656,0.0008560622809454799
9304,0.0011763721704483032,0.0011653946712613106
9305,0.0015522545436397195,0.0008192920358851552
9306,0.002112858695909381,0.0006106029613874853
9307,0.002670528134331107,0.0009158087777905166
9308,0.0033666722010821104,0.0007448958931490779
9309,0.0037527394015341997,0.000615568133071065
9310,0.003924589138478041,0.0005546065513044596
9311,0.003554385621100664,0.0006581897614523768
9312,0.0028312387876212597,0.0006063127075321972
9313,0.002053282456472516,0.00042693104478530586
9314,0.001337177469395101,0.0005252532428130507
9315,0.00086490239482373,0.000502279493957758
9316,0.000608866277616471,0.0004377244331408292
9317,0.0006228446145541966,0.0003917690773960203
9318,0.0008453635964542627,0.0004527586861513555
9319,0.001157546415925026,0.00040954636642709374
9320,0.0013412830885499716,0.00032589133479632437
9321,0.001236548530869186,0.00040104502113536
9322,0.0009039583965204656,0.0003606086247600615
9323,0.0005044989520683885,0.0003309973399154842
9324,0.000264851376414299,0.0003490137169137597
9325,0.00026320491451770067,0.0002990709035657346
9326,0.00041711717494763434,0.0003267689608037472
9327,0.0005728139658458531,0.0003322688862681389
9328,0.0006142717320472002,0.0002768321137409657
9329,0.0005422077374532819,0.00029519485542550683
9330,0.00043069408275187016,0.0002943067520391196
9331,0.00035970023600384593,0.0002899081155192107
9332,0.00036607455695047975,0.0002789971767924726
9333,0.00040800683200359344,0.00026036976487375796
9334,0.0004509017744567245,0.0002822773240040988
9335,0.0004550215962808579,0.00026957489899359643
9336,0.0004552687460090965,0.0002534413943067193
9337,0.00047241870197467506,0.0002638813457451761
9338,0.0005473950295709074,0.0002628805232234299
9339,0.0006667490233667195,0.00025062941131182015
9340,0.0008097165846265852,0.00024945923360064626
9341,0.0009471795056015253,0.00025285928859375417
9342,0.0010579443769529462,0.0002491170889697969
9343,0.0011427518911659718,0.0002460693067405373
9344,0.001217791112139821,0.00024237856268882751
9345,0.0012571383267641068,0.00024147817748598754
9346,0.0012946318602189422,0.00024277852207887918
9347,0.0012415654491633177,0.00024066204787231982
9348,0.0011696743313223124,0.00023709743982180953
9349,0.0010104374960064888,0.00023603442241437733
9350,0.0008757126051932573,0.00023598261759616435
9351,0.0007415247964672744,0.00023570546181872487
9352,0.0006640201900154352,0.00023348339891526848
9353,0.0005933986394666135,0.00023122095444705337
9354,0.0005325854872353375,0.00023258807777892798
9355,0.0004537691129371524,0.00023198658891487867
9356,0.0003875794354826212,0.0002284021902596578
9357,0.00034082119236700237,0.00022915164299774915
9358,0.0003277424839325249,0.00022965262178331614
9359,0.0003315164358355105,0.00022771133808419108
9360,0.00034047343069687486,0.00022696019732393324
9361,0.0003423636662773788,0.00022618594812229276
9362,0.0003459714353084564,0.00022590128355659544
9363,0.00036388420267030597,0.00022589271247852594
9364,0.00040389481000602245,0.00022456083388533443
9365,0.000477288500405848,0.00022400051238946617
9366,0.0005560363060794771,0.0002239820605609566
9367,0.0006611230783164501,0.00022288717445917428
9368,0.0007407558150589466,0.00022295126109384
9369,0.0008594061364419758,0.0002223253104602918
9370,0.0009552199626341462,0.0002214698470197618
9371,0.0011259840102866292,0.00022163684479892254
9372,0.0012846123427152634,0.00022099832131061703
9373,0.0015193569706752896,0.00022033852292224765
9374,0.0017109117470681667,0.00022003099729772657
9375,0.0019067934481427073,0.00021975263371132314
9376,0.001991072203963995,0.000219475754420273
9377,0.0019722990691661835,0.00021892128279432654
9378,0.0018150045070797205,0.00021843230933882296
9379,0.0015290817245841026,0.0002182381576858461
9380,0.0011931322515010834,0.00021792424377053976
9381,0.0008347849361598492,0.00021749910956714302
9382,0.0005452968180179596,0.00021713032037951052
9383,0.0003418023115955293,0.0002168480568798259
9384,0.00025063304929062724,0.00021653782459907234
9385,0.0002619859005790204,0.0002161504962714389
9386,0.0003551359404809773,0.00021586072398349643
9387,0.0004907382535748184,0.00021552610269282013
9388,0.0006320450338535011,0.00021520719747059047
9389,0.0007466113311238587,0.00021497378475032747
9390,0.0008169186185114086,0.00021462887525558472
9391,0.0008436137577518821,0.0002142971206922084
9392,0.0008427838329225779,0.00021402660058811307
9393,0.000816403713542968,0.00021372403716668487
9394,0.0007969980360940099,0.00021347287110984325
9395,0.0007527314010076225,0.00021316921629477292
9396,0.0007208342431113124,0.0002128537162207067
9397,0.0006521819741465151,0.0002126175386365503
9398,0.0005923576536588371,0.00021234371524769813
9399,0.0005100737907923758,0.00021204400400165468
9400,0.000448023114586249,0.00021177630696911365
9401,0.0003910944506060332,0.0002115145034622401
9402,0.00035795941948890686,0.00021125083731021732
9403,0.00033227697713300586,0.00021099731384310871
9404,0.0003144782385788858,0.00021072471281513572
9405,0.00029252696549519897,0.00021046269102953374
9406,0.00026829109992831945,0.00021021199063397944
9407,0.00024084658070933074,0.0002099545963574201
9408,0.00021618875325657427,0.00020970366313122213
9409,0.00019661785336211324,0.00020945409778505564
9410,0.00018446118338033557,0.00020920249517075717
9411,0.00017850010772235692,0.00020895763009320945
9412,0.00017677672440186143,0.00020871605374850333
9413,0.0001768596121110022,0.00020846932602580637
9414,0.0001772687246557325,0.00020822396618314087
9415,0.00017754154396243393,0.00020798375771846622
9416,0.00017824859241954982,0.00020774887525476515
9417,0.00018039584392681718,0.00020751429838128388
9418,0.00018489614012651145,0.00020727782975882292
9419,0.00019278711988590658,0.00020704208873212337
9420,0.00020424248941708356,0.0002068102767225355
9421,0.00022143016394693404,0.0002065803128061816
9422,0.0002449085586704314,0.0002063509018626064
9423,0.00028238940285518765,0.00020612147636711597
9424,0.0003370142658241093,0.0002058946993201971
9425,0.0004323046305216849,0.00020567100727930665
9426,0.0005761993816122413,0.0002054453652817756
9427,0.000835906364955008,0.0002052239142358303
9428,0.0012160917976871133,0.0002050009643426165
9429,0.0018964681075885892,0.00020477980433497578
9430,0.0027737298514693975,0.0002045616856776178
9431,0.004209126345813274,0.0002043451531790197
9432,0.005477055441588163,0.00020412819867487997
9433,0.006858594715595245,0.00020391089492477477
9434,0.006825370714068413,0.00020369527919683605
9435,0.00585126131772995,0.00020348183170426637
9436,0.004830997437238693,0.00020327014499343932
9437,0.004528984893113375,0.00020305791986174881
9438,0.0051535870879888535,0.00020284790662117302
9439,0.004650838207453489,0.00020263847545720637
9440,0.0030526132322847843,0.00020242891332600266
9441,0.0012749340385198593,0.00020222208695486188
9442,0.0010063113877549767,0.00020201678853482008
9443,0.0019823459442704916,0.00020181197032798082
9444,0.0026814178563654423,0.00020160510030109435
9445,0.002316337078809738,0.00020140166452620178
9446,0.0011527695460245013,0.00020119984401389956
9447,0.0005439418600872159,0.00020099780522286892
9448,0.0009366848971694708,0.00020079489331692457
9449,0.0015124401543289423,0.00020059599773958325
9450,0.0014207771746441722,0.00020039633091073483
9451,0.0007737118867225945,0.00020019765361212194
9452,0.00044557193177752197,0.0002000009990297258
9453,0.0007007656386122108,0.00019980223441962153
9454,0.0010175375500693917,0.00019960736972279847
9455,0.0009741815156303346,0.00019941094797104597
9456,0.0006905827904120088,0.00019921881903428584
9457,0.0005537140532396734,0.0001990229357033968
9458,0.0006345876608975232,0.00019883026834577322
9459,0.0007479621563106775,0.000198637688299641
9460,0.000774411135353148,0.00019844781490974128
9461,0.0006863916642032564,0.00019825660274364054
9462,0.0006560964975506067,0.00019806787895504385
9463,0.0007197968661785126,0.0001978773798327893
9464,0.0008159033604897559,0.00019768835045397282
9465,0.0008588157361373305,0.0001975013001356274
9466,0.0008278849418275058,0.00019731474458239973
9467,0.00078238156856969,0.00019712746143341064
9468,0.000758719106670469,0.00019694247748702765
9469,0.0007044837693683803,0.00019675692601595074
9470,0.0006633191369473934,0.00019657218945212662
9471,0.0005812995950691402,0.00019638820958789438
9472,0.0004849107936024666,0.00019620548118837178
9473,0.0003763664572034031,0.00019602336396928877
9474,0.0003046202182304114,0.0001958418870344758
9475,0.0002834259648807347,0.00019566148694138974
9476,0.00026779406471177936,0.0001954801264218986
9477,0.00022783906024415046,0.00019530209829099476
9478,0.00019339498248882592,0.00019512150902301073
9479,0.0002069296024274081,0.00019494554726406932
9480,0.00025749916676431894,0.00019476766465231776
9481,0.00029591942438855767,0.00019459327450022101
9482,0.0003006422193720937,0.00019442032498773187
9483,0.00029688834911212325,0.00019424590573180467
9484,0.0003169040137436241,0.0001940747315529734
9485,0.0003671297454275191,0.00019390859233681113
9486,0.0004190426552668214,0.00019374550902284682
9487,0.00046821238356642425,0.00019358772260602564
9488,0.0005094506777822971,0.00019343846361152828
9489,0.0005837781936861575,0.0001933023741003126
9490,0.000679685443174094,0.00019318616250529885
9491,0.000810349069070071,0.0001930988801177591
9492,0.0009386599413119256,0.0001930516300490126
9493,0.0010921122739091516,0.00019307610637042671
9494,0.0012340537505224347,0.0001932073791977018
9495,0.0014047815930098295,0.00019350966613274068
9496,0.0015035817632451653,0.0001940904912771657
9497,0.0015860269777476788,0.00019511910795699805
9498,0.0015250586438924074,0.00019688464817591012
9499,0.0014111556811258197,0.00019985876861028373
9500,0.0011806455440819263,0.00020484678680077195
9501,0.0009254263713955879,0.00021319606457836926
9502,0.0006623271037824452,0.00022721715504303575
9503,0.00044090248411521316,0.00025082120555453
9504,0.00028573907911777496,0.000290776340989396
9505,0.00021096471755299717,0.0003586003731470555
9506,0.0002153491077478975,0.0004741785814985633
9507,0.00028020376339554787,0.0006705881096422672
9508,0.0003749365278054029,0.0010030398843809962
9509,0.00047129171434789896,0.0015549259260296822
9510,0.0005516782985068858,0.0024445438757538795
9511,0.0006135800504125655,0.003781160805374384
9512,0.0006685241824015975,0.005568134598433971
9513,0.0007029902189970016,0.007399098016321659
9514,0.0007384562632068992,0.008288185112178326
9515,0.0007284673047251999,0.007002389989793301
9516,0.0007138060755096376,0.0036971895024180412
9517,0.0006605384405702353,0.000766359327826649
9518,0.000614941876847297,0.0005540991551242769
9519,0.0005616472335532308,0.0023948231246322393
9520,0.0005158988060429692,0.0034131137654185295
9521,0.00046880272566340864,0.0021951240487396717
9522,0.00042264931835234165,0.0005425136187113822
9523,0.00037914887070655823,0.0006216780166141689
9524,0.0003439169377088547,0.001733093522489071
9525,0.0003163077053613961,0.0017812693258747458
9526,0.00029760776669718325,0.00074922782368958
9527,0.00028071345877833664,0.00037780890124849975
9528,0.00026684493059292436,0.001005691708996892
9529,0.0002528282639104873,0.00124061550013721
9530,0.00024305754050146788,0.0006305337883532047
9531,0.0002373339084442705,0.0003021732554771006
9532,0.00023758836323395371,0.0006982164923101664
9533,0.0002425895509077236,0.0009011784568428993
9534,0.00025247212033718824,0.0005089611513540149
9535,0.00026736216386780143,0.00025152688613161445
9536,0.0002904107968788594,0.0004997040377929807
9537,0.00032390153501182795,0.0006713857874274254
9538,0.00037627207348123193,0.00043295390787534416
9539,0.0004483145021367818,0.0002426462306175381
9540,0.0005592934903688729,0.00037930181133560836
9541,0.0007046891842037439,0.0004973590839654207
9542,0.0009286372223868966,0.0003656005719676614
9543,0.0012086251517757773,0.0002416703209746629
9544,0.0016280445270240307,0.0003176097525283694
9545,0.002097781514748931,0.00039236515294760466
9546,0.0027291690930724144,0.0003093676932621747
9547,0.0032632723450660706,0.0002252052363473922
9548,0.003765998175367713,0.0002730533014982939
9549,0.0038450374267995358,0.00033244863152503967
9550,0.0035333470441401005,0.000281771324807778
9551,0.002820952096953988,0.0002120807475876063
9552,0.0018845328595489264,0.0002334034797968343
9553,0.0010807072976604104,0.0002848837757483125
9554,0.0005354393506422639,0.0002669687964953482
9555,0.00035937936627306044,0.00021316777565516531
9556,0.0005153633537702262,0.00021018846018705517
9557,0.0008810519357211888,0.0002454425557516515
9558,0.0012488485081121325,0.00024821594706736505
9559,0.001399783999659121,0.00021523309987969697
9560,0.0012885787291452289,0.00020194736134726554
9561,0.0009413884836249053,0.0002211390674347058
9562,0.0005736218299716711,0.0002309954579686746
9563,0.00034113303991034627,0.00021320224914234132
9564,0.00029081865795888007,0.00019764809985645115
9565,0.00035456931800581515,0.00020576445967890322
9566,0.00042053652578033507,0.00021783086413051933
9567,0.0004375324642751366,0.0002114532544510439
9568,0.00041797335143201053,0.00019699099357239902
9569,0.0004157034563831985,0.00019561008957680315
9570,0.00046339366235770285,0.0002050749317277223
9571,0.0005309228436090052,0.0002074201183859259
9572,0.0006029884680174291,0.00019888728274963796
9573,0.0006135775474831462,0.00019257589883636683
9574,0.0006136770243756473,0.00019573637109715492
9575,0.0005949803744442761,0.00020040784147568047
9576,0.0006263967370614409,0.00019824085757136345
9577,0.0006850691279396415,0.00019271713972557336
9578,0.0007697883993387222,0.00019151951710227877
9579,0.0008392171002924442,0.0001945232506841421
9580,0.0008754667360335588,0.00019555549079086632
9581,0.0008707399829290807,0.00019255076767876744
9582,0.0008305286755785346,0.00018973361875396222
9583,0.000755963905248791,0.00019036410958506167
9584,0.0006599514745175838,0.0001922592200571671
9585,0.0005375214386731386,0.00019186409190297127
9586,0.0004116338677704334,0.00018946974887512624
9587,0.00029525381978601217,0.00018808949971571565
9588,0.00021316685888450593,0.00018883059965446591
9589,0.00017450547602493316,0.00018976503633894026
9590,0.00017620738071855158,0.00018912454834207892
9591,0.00020444084657356143,0.00018760538659989834
9592,0.0002428762090858072,0.00018692013691179454
9593,0.0002804177929647267,0.00018734100740402937
9594,0.0003098903689533472,0.00018763601838145405
9595,0.0003316280781291425,0.00018703028035815805
9596,0.0003443967434577644,0.00018611350969877094
9597,0.0003498495789244771,0.0001857722963904962
9598,0.0003488407237455249,0.000185974218766205
9599,0.00034357106778770685,0.00018598299357108772
9600,0.0003389650082681328,0.00018545908096712083
9601,0.00034183828392997384,0.00018482623272575438
9602,0.0003592924331314862,0.0001845806691562757
9603,0.00040449746302329004,0.00018464836466591805
9604,0.0004819913883693516,0.00018458820704836398
9605,0.0006210992578417063,0.00018419585830997676
9606,0.0008147793123498559,0.00018372571503277868
9607,0.0011409176513552666,0.0001834766735555604
9608,0.001538075739517808,0.0001834220893215388
9609,0.002182399621233344,0.00018331967294216156
9610,0.0027992555405944586,0.00018303691467735916
9611,0.0036544264294207096,0.00018269263091497123
9612,0.004035810939967632,0.0001824544306145981
9613,0.004205638542771339,0.0001823330530896783
9614,0.0035776523873209953,0.0001822001941036433
9615,0.0026019401848316193,0.0001819659664761275
9616,0.0016766451299190521,0.00018168517271988094
9617,0.0010975039331242442,0.00018145728972740471
9618,0.0009609370026737452,0.00018130835087504238
9619,0.0009811618365347385,0.00018117066065315157
9620,0.0010103055974468589,0.0001809782552300021
9621,0.0009439417626708746,0.00018073836690746248
9622,0.0008923138375394046,0.00018051292863674462
9623,0.0009139968897216022,0.00018033695232588798
9624,0.0009365782607346773,0.00018018795526586473
9625,0.0009138943278230727,0.00018002057913690805
9626,0.0007999685476534069,0.0001798200246412307
9627,0.0007008079555816948,0.00017961167031899095
9628,0.0006843263399787247,0.0001794276322470978
9629,0.0007487299153581262,0.00017926443251781166
9630,0.0008343002409674227,0.00017910166934598237
9631,0.0008197176503017545,0.00017892278265208006
9632,0.0007401739712804556,0.00017873194883577526
9633,0.0006185370730236173,0.00017854865291155875
9634,0.0005808090791106224,0.00017837830819189548
9635,0.0006327778683044016,0.00017821807705331594
9636,0.0007349916268140078,0.00017805177776608616
9637,0.0008067846647463739,0.00017787636897992343
9638,0.0007733800448477268,0.00017769989790394902
9639,0.000669225468300283,0.00017752801068127155
9640,0.0005481132538989186,0.00017736342852003872
9641,0.00047677732072770596,0.00017720164032652974
9642,0.0004739461583085358,0.00017703943012747914
9643,0.0004885835223831236,0.0001768699148669839
9644,0.0004907256225124002,0.00017670328088570386
9645,0.0004346396599430591,0.00017653971735853702
9646,0.00035518856020644307,0.00017637922428548336
9647,0.00027868698816746473,0.0001762209867592901
9648,0.0002422130201011896,0.00017606187611818314
9649,0.00024363643024116755,0.0001758984144544229
9650,0.0002604799810796976,0.00017573709192220122
9651,0.0002681169717106968,0.00017557622049935162
9652,0.00025388028007000685,0.00017542100977152586
9653,0.00022529196576215327,0.0001752640528138727
9654,0.00019564820104278624,0.00017510946781840175
9655,0.00017799888155423105,0.00017495131760369986
9656,0.0001767163339536637,0.00017479521920904517
9657,0.0001870055857580155,0.00017463989206589758
9658,0.00019892145064659417,0.00017448626749683172
9659,0.00020297864102758467,0.00017433278844691813
9660,0.00019740784773603082,0.000174181695911102
9661,0.00018603236821945757,0.00017402865341864526
9662,0.00017697029397822917,0.00017387495609000325
9663,0.0001756336714606732,0.00017372300499118865
9664,0.00018290587468072772,0.00017357352771796286
9665,0.00019550381693989038,0.00017342265346087515
9666,0.00020946217409800738,0.0001732747332425788
9667,0.00022453884594142437,0.0001731243683025241
9668,0.0002447281149215996,0.0001729760115267709
9669,0.0002794682513922453,0.0001728290517348796
9670,0.00034278869861736894,0.00017267963266931474
9671,0.00044953206088393927,0.00017253367695957422
9672,0.0006358879036270082,0.00017238629516214132
9673,0.0009187142713926733,0.00017224132898263633
9674,0.0014035467756912112,0.00017209468933288008
9675,0.0020562228746712208,0.00017195081454701722
9676,0.0031011030077934265,0.00017180602299049497
9677,0.004170077852904797,0.00017166098405141383
9678,0.005438025109469891,0.0001715167600195855
9679,0.005935263354331255,0.00017137483519036323
9680,0.00575373275205493,0.00017123085854109377
9681,0.00514449505135417,0.00017108870088122785
9682,0.004487385042011738,0.00017094651411753148
9683,0.004287150222808123,0.00017080495308618993
9684,0.003391352714970708,0.00017066301370505244
9685,0.0019417386502027512,0.00017052405746653676
9686,0.0007069489220157266,0.0001703826419543475
9687,0.0007564704865217209,0.00017024225962813944
9688,0.0017328010872006416,0.00017010298324748874
9689,0.0023497070651501417,0.00016996325575746596
9690,0.001950601115822792,0.00016982447414193302
9691,0.0008668631780892611,0.00016968570707831532
9692,0.00025526396348141134,0.00016954829334281385
9693,0.0005632048123516142,0.00016941080684773624
9694,0.00120450125541538,0.00016927372780628502
9695,0.0013803208712488413,0.00016913496074266732
9696,0.0008966204477474093,0.00016900022455956787
9697,0.0003763321728911251,0.00016886366938706487
9698,0.00031625619158148766,0.0001687280455371365
9699,0.000601306208409369,0.0001685923634795472
9700,0.0007712595979683101,0.00016845774371176958
9701,0.000611169496551156,0.00016832444816827774
9702,0.00037888262886554003,0.000168188737006858
9703,0.000343712221365422,0.00016805768245831132
9704,0.0004718619748018682,0.00016792630776762962
9705,0.0005412157624959946,0.00016779356519691646
9706,0.00043363403528928757,0.00016766683256719261
9707,0.00028171262238174677,0.0001675406820140779
9708,0.0002454593777656555,0.00016741707804612815
9709,0.0003369673795532435,0.0001673009101068601
9710,0.00043391052167862654,0.00016719030099920928
9711,0.00043216493213549256,0.00016709502961020917
9712,0.000382946222089231,0.00016702187713235617
9713,0.0003649516438599676,0.00016698092804290354
9714,0.00043306604493409395,0.00016699648404028267
9715,0.0005547036998905241,0.000167099351529032
9716,0.0006947054644115269,0.00016735248209442943
9717,0.0008560913265682757,0.00016784369654487818
9718,0.0010988876456394792,0.0001687452895566821
9719,0.0013899774057790637,0.00017033849144354463
9720,0.0018207196844741702,0.000173107604496181
9721,0.002103148028254509,0.00017789217235986143
9722,0.0024091152008622885,0.00018616416491568089
9723,0.002321677515283227,0.00020047625002916902
9724,0.002114548347890377,0.0002254414721392095
9725,0.001661629881709814,0.00026903266552835703
9726,0.001194267300888896,0.0003458729770500213
9727,0.00077464320929721,0.00048092211363837123
9728,0.0004548101278487593,0.0007204883731901646
9729,0.00030787879950366914,0.0011394054163247347
9730,0.00038560465327464044,0.0018727669958025217
9731,0.0006386998575180769,0.0030984175391495228
9732,0.0009051305241882801,0.005080964881926775
9733,0.0010148284491151571,0.007846432738006115
9734,0.000943103339523077,0.011074598878622055
9735,0.0007819872116670012,0.012843684293329716
9736,0.0006187403341755271,0.011346952989697456
9737,0.0005211552488617599,0.005957980640232563
9738,0.0004206727899145335,0.0013343930477276444
9739,0.0003164789522998035,0.0012624248629435897
9740,0.00022191577591001987,0.00422231201082468
9741,0.0001896898029372096,0.005182445980608463
9742,0.00023234450782183558,0.0027094248216599226
9743,0.00031122949440032244,0.0006832085200585425
9744,0.0003813388757407665,0.0017280500615015626
9745,0.00040982215432450175,0.0030552956741303205
9746,0.00043109047692269087,0.001976920757442713
9747,0.000458411464933306,0.0004951758892275393
9748,0.0005176208214834332,0.0011466096621006727
9749,0.0005842202808707952,0.00218168250285089
9750,0.0006456024129875004,0.0013756813714280725
9751,0.0006885543698444963,0.00031871377723291516
9752,0.0007290254579856992,0.0007890882552601397
9753,0.0007595110218971968,0.0014855399494990706
9754,0.0008027749136090279,0.0009647407568991184
9755,0.0008084982400760055,0.00030668088584207
9756,0.0008095831144601107,0.0006465272745117545
9757,0.0007571803871542215,0.0010174697963520885
9758,0.0007055753376334906,0.0005925114965066314
9759,0.0006336102960631251,0.000284609297523275
9760,0.0005698680761270225,0.0006098234443925321
9761,0.0004983209655620158,0.0007462153444066644
9762,0.0004225829616189003,0.0003872014640364796
9763,0.0003432178928051144,0.00023220397997647524
9764,0.00027425435837358236,0.000494807492941618
9765,0.00022395231644622982,0.0005629438092000782
9766,0.0001963137910934165,0.0003108120581600815
9767,0.0001838153402786702,0.00023814447922632098
9768,0.00017875092453323305,0.0003992659621872008
9769,0.00017663248581811786,0.00040530881960876286
9770,0.0001789844682207331,0.00025138529599644244
9771,0.0001892150321509689,0.00023428948770742863
9772,0.00020855420734733343,0.00034111025161109865
9773,0.00023618387058377266,0.0003370433405507356
9774,0.00026784910005517304,0.0002300404303241521
9775,0.00030789634911343455,0.00020963215501978993
9776,0.00035474629839882255,0.00027802216936834157
9777,0.0004256436659488827,0.0002877343795262277
9778,0.0005184955662116408,0.00022540619829669595
9779,0.0006618219777010381,0.00020281474280636758
9780,0.0008460662793368101,0.00024120690068230033
9781,0.0011218435829505324,0.00025186879793182015
9782,0.0014531883643940091,0.00021031186042819172
9783,0.0019285103771835566,0.0001884292287286371
9784,0.0023970494512468576,0.000215435546124354
9785,0.0029660179279744625,0.00023214115935843438
9786,0.003247624495998025,0.00020635552937164903
9787,0.0033374412450939417,0.00018307934806216508
9788,0.002915265504270792,0.00019491110288072377
9789,0.002213503932580352,0.0002102216094499454
9790,0.0014650822849944234,0.0001988348230952397
9791,0.0008624999318271875,0.00018205757078249007
9792,0.0005335398018360138,0.00018564121273811907
9793,0.00043422463932074606,0.0001971218007383868
9794,0.0005410363664850593,0.00019395405251998454
9795,0.0007791481330059469,0.0001812781993066892
9796,0.001043790951371193,0.00017796450993046165
9797,0.0011888562003150582,0.00018516229465603828
9798,0.0010948635172098875,0.00018861505668610334
9799,0.0008287092205137014,0.00018281894153915346
9800,0.0005093631916679442,0.00017732393462210894
9801,0.0003026862978003919,0.0001795580901671201
9802,0.00026115929358638823,0.00018418801482766867
9803,0.00032292422838509083,0.000183448355528526
9804,0.00038935954216867685,0.00017972123168874532
9805,0.0003984755021519959,0.00018047343473881483
9806,0.0003693093021865934,0.00018634476873558015
9807,0.0003542329650372267,0.00019191025057807565
9808,0.00038832693826407194,0.00019523667288012803
9809,0.0004716732364613563,0.00020144437439739704
9810,0.0005464128335006535,0.00021470959472935647
9811,0.0006095021381042898,0.0002357729390496388
9812,0.0006192604778334498,0.00026404426898807287
9813,0.0006405473686754704,0.00030578087898902595
9814,0.0006589333643205464,0.00036821782123297453
9815,0.0007138708606362343,0.0004674709925893694
9816,0.0007681213901378214,0.0006094147101975977
9817,0.000805682735517621,0.000830021919682622
9818,0.000806074938736856,0.0011304091894999146
9819,0.0007617481169290841,0.0015928751090541482
9820,0.0006884803879074752,0.002156503265723586
9821,0.0006033238023519516,0.002951568691059947
9822,0.0005157876294106245,0.0036504962481558323
9823,0.00044173127389512956,0.004383161198347807
9824,0.00037190160946920514,0.004359607584774494
9825,0.00031707948073744774,0.0038700865115970373
9826,0.00027145480271428823,0.0025142477825284004
9827,0.00024444013251923025,0.0011751269921660423
9828,0.00023346833768300712,0.00033702680957503617
9829,0.00023897268692962825,0.0003303524572402239
9830,0.00025185011327266693,0.00089793442748487
9831,0.00026825765962712467,0.0014597844565287232
9832,0.00027993714320473373,0.001634063315577805
9833,0.0002890547038987279,0.001248080050572753
9834,0.00029172952054068446,0.0007126174168661237
9835,0.00029407860711216927,0.000371177913621068
9836,0.00029100215760990977,0.0003920971939805895
9837,0.0002884362475015223,0.0006129991379566491
9838,0.00028000969905406237,0.0007536134216934443
9839,0.00027267500991001725,0.0007016977178864181
9840,0.0002623458858579397,0.0005077653913758695
9841,0.0002571399963926524,0.000367400876712054
9842,0.00025502260541543365,0.0003631845465861261
9843,0.00026366423116996884,0.00044222496217116714
9844,0.0002823520917445421,0.00048261642223224044
9845,0.00032196100801229477,0.00041813659481704235
9846,0.0003866416809614748,0.00030330379377119243
9847,0.0005030747270211577,0.0002301020285813138
9848,0.000683793390635401,0.0002519504923839122
9849,0.0010019709588959813,0.00033030586200766265
9850,0.001458904822356999,0.0003826409811154008
9851,0.0022365963086485863,0.0003570937260519713
9852,0.0031560224015265703,0.00027070328360423446
9853,0.004499867092818022,0.00018953063408844173
9854,0.005375932902097702,0.00016583138494752347
9855,0.005918446928262711,0.000201522430870682
9856,0.005201766733080149,0.0002551011275500059
9857,0.003926877863705158,0.0002806160191539675
9858,0.0030976743437349796,0.0002626427449285984
9859,0.0027368736919015646,0.0002195835841121152
9860,0.0024821856059134007,0.00018334850028622895
9861,0.0017243219772353768,0.00017305139044765383
9862,0.0011026078136637807,0.0001847267267294228
9863,0.0010683736763894558,0.00020072879851795733
9864,0.0015178717439994216,0.00020556055824272335
9865,0.0017831157892942429,0.0001972849713638425
9866,0.0014079167740419507,0.00018426332098897547
9867,0.0007616885704919696,0.0001766189088812098
9868,0.0004072519950568676,0.00017785452655516565
9869,0.0006162732024677098,0.0001835248403949663
9870,0.001065981574356556,0.00018655785243026912
9871,0.0012230623979121447,0.00018259890202898532
9872,0.0009306435822509229,0.00017353275325149298
9873,0.000457029789686203,0.00016455650620628148
9874,0.00024059266434051096,0.00016059092013165355
9875,0.00038190779741853476,0.00016280112322419882
9876,0.0006219622446224093,0.00016847623919602484
9877,0.0006882022134959698,0.00017334874428343028
9878,0.0005428078584372997,0.00017427765124011785
9879,0.0003697257488965988,0.00017109638429246843
9880,0.0003119157045148313,0.00016579085786361247
9881,0.0003569739346858114,0.0001611841144040227
9882,0.00040306741720996797,0.00015901964798104018
9883,0.00037236500065773726,0.000159352071932517
9884,0.0002937294193543494,0.00016091112047433853
9885,0.00024032415240071714,0.00016214522474911064
9886,0.00025567057309672236,0.00016216415679082274
9887,0.0003094990097451955,0.00016100988432299346
9888,0.0003334596985951066,0.00015944926417432725
9889,0.00030317535856738687,0.00015829836775083095
9890,0.00024061121803242713,0.00015799677930772305
9891,0.0001998181251110509,0.00015840595006011426
9892,0.00020076158398296684,0.00015902993618510664
9893,0.00022441828332375735,0.00015931733651086688
9894,0.00024366125580854714,0.00015897305274847895
9895,0.0002466643345542252,0.00015805999282747507
9896,0.00024122824834194034,0.00015689010615460575
9897,0.00023558147950097919,0.00015584833454340696
9898,0.00023502450494561344,0.00015519611770287156
9899,0.00024065413163043559,0.00015499760047532618
9900,0.0002511735656298697,0.00015512881509494036
9901,0.00027144065825268626,0.0001553707115817815
9902,0.00030025161686353385,0.00015552873082924634
9903,0.00034718355163931847,0.00015549396630376577
9904,0.00041511180461384356,0.00015526451170444489
9905,0.0005236577126197517,0.00015491846716031432
9906,0.000675935996696353,0.00015455821994692087
9907,0.0009106560028158128,0.00015427530161105096
9908,0.0012150537222623825,0.00015410421474371105
9909,0.0016740502323955297,0.00015402860299218446
9910,0.0021814643405377865,0.0001539977383799851
9911,0.0028802030719816685,0.00015396010712720454
9912,0.003378377528861165,0.00015387040912173688
9913,0.0037968710530549288,0.00015371217159554362
9914,0.003577031660825014,0.0001534907059976831
9915,0.0029438878409564495,0.00015323662955779582
9916,0.0020702409092336893,0.00015297782374545932
9917,0.0012837641406804323,0.00015274458564817905
9918,0.0008289951365441084,0.00015255036123562604
9919,0.0006253470783121884,0.00015239836648106575
9920,0.0006481558666564524,0.00015228369738906622
9921,0.0008314823498949409,0.00015218969201669097
9922,0.0010988602880388498,0.00015210526180453598
9923,0.0012519439915195107,0.00015202381473500282
9924,0.0011329398257657886,0.00015193462604656816
9925,0.0008221124880947173,0.00015184778021648526
9926,0.00048656819853931665,0.00015175883891060948
9927,0.0003266918065492064,0.0001516830234322697
9928,0.0003645287943072617,0.0001516311604063958
9929,0.00047785163042135537,0.00015161215560510755
9930,0.0005333120352588594,0.00015164221986196935
9931,0.0004903709050267935,0.00015173802967183292
9932,0.00041299551958218217,0.00015192359569482505
9933,0.00038847493124194443,0.00015222527144942433
9934,0.00043494493002071977,0.00015268611605279148
9935,0.0005240263417363167,0.00015336627257056534
9936,0.0005747087416239083,0.00015434935630764812
9937,0.0005910784821026027,0.0001557617069920525
9938,0.0005618635332211852,0.00015777867520228028
9939,0.0005419787485152483,0.00016068773402366787
9940,0.0005309456028044224,0.00016485870582982898
9941,0.0005274150753393769,0.00017092187772504985
9942,0.0005138301057741046,0.00017967312305700034
9943,0.0004715589457191527,0.0001925372489495203
9944,0.00041207976755686104,0.00021123170154169202
9945,0.00035123369889333844,0.00023902424436528236
9946,0.0003097518638242036,0.00027955599944107234
9947,0.0002980847202707082,0.00034026073990389705
9948,0.0003006473125424236,0.0004281985166016966
9949,0.00030924309976398945,0.0005595252732746303
9950,0.00030418645474128425,0.0007445025257766247
9951,0.00029387808172032237,0.0010132123716175556
9952,0.00027793669141829014,0.0013630870962515473
9953,0.0002694293507374823,0.0018275112379342318
9954,0.00026551377959549427,0.002315482823178172
9955,0.0002671329420991242,0.0027998043224215508
9956,0.0002673217677511275,0.0029823908116668463
9957,0.00026818146579898894,0.0027989489026367664
9958,0.0002710428670980036,0.002059296937659383
9959,0.0002848388976417482,0.0011147260665893555
9960,0.0003114549326710403,0.0003665458643808961
9961,0.0003590427222661674,0.00018241646466776729
9962,0.0004218578396830708,0.0005154097452759743
9963,0.0005149783100932837,0.000980661134235561
9964,0.0006307381554506719,0.0011837517376989126
9965,0.0008071710471995175,0.0009545833454467356
9966,0.0010253363288939,0.0005182394525036216
9967,0.0013510577846318483,0.00020586693426594138
9968,0.0017107216408476233,0.00021314312471076846
9969,0.0021917459089308977,0.0004451309214346111
9970,0.002586966147646308,0.0006479961448349059
9971,0.0029768715612590313,0.0006511534447781742
9972,0.003028711536899209,0.0004609316529240459
9973,0.0028359212446957827,0.00025073817232623696
9974,0.0022876036819070578,0.00017089294851757586
9975,0.0015831979690119624,0.00024689632118679583
9976,0.0009346286533400416,0.0003815798263531178
9977,0.0004788487567566335,0.0004546762793324888
9978,0.0003054722910746932,0.0004228780453559011
9979,0.0003914307744707912,0.00032924796687439084
9980,0.0006546315853483975,0.00026338594034314156
9981,0.000940934638492763,0.00028583232779055834
9982,0.0011234467383474112,0.0003941805916838348
9983,0.001115757622756064,0.0005492930649779737
9984,0.0009358421666547656,0.0007091737352311611
9985,0.0006769868195988238,0.0008921539410948753
9986,0.0004541774687822908,0.0011315980227664113
9987,0.0003268564469181001,0.0015328946756199002
9988,0.00029771841946057975,0.0020929421298205853
9989,0.00031468982342630625,0.0028851779643446207
9990,0.00033387128496542573,0.0036164596676826477
9991,0.0003374799562152475,0.004202366806566715
9992,0.0003359236870892346,0.0039504216983914375
9993,0.0003527660737745464,0.0030078189447522163
9994,0.00038585381116718054,0.0015114505076780915
9995,0.00043788267066702247,0.0004928645794279873
9996,0.00047562381951138377,0.0004724094760604203
9997,0.0005129514029249549,0.0011432502651587129
9998,0.0005271976115182042,0.0016402899054810405
9999,0.0005569889326579869,0.0014548646286129951
10000,0.0005884186830371618,0.0009446014882996678
10001,0.00047925167018547654,0.0006499547162093222
10002,0.00024781713727861643,0.0007415220607072115
10003,0.00019105678074993193,0.0006735266069881618
10004,0.00032086274586617947,0.0003235650947317481
10005,0.00041110103484243155,0.00039307164843194187
10006,0.00034078204771503806,0.0007048968109302223
10007,0.00021066157205495983,0.0005841082311235368
10008,0.00017918931553140283,0.0003157236787956208
10009,0.00025434355484321713,0.0003445003821980208
10010,0.00031120871426537633,0.0004038362530991435
10011,0.0002716245944611728,0.000292876735329628
10012,0.00018980656750500202,0.00029700991581194103
10013,0.0001650836056796834,0.0004239139088895172
10014,0.0002111807989422232,0.000354072661139071
10015,0.00025154888862743974,0.00018092480604536831
10016,0.0002298724721185863,0.00020300237520132214
10017,0.00017703871708363295,0.0003147617680951953
10018,0.00015808254829607904,0.00028327404288575053
10019,0.00018522881146054715,0.00020458573999349028
10020,0.00021242635557428002,0.0002242652262793854
10021,0.0002031282492680475,0.0002413413458270952
10022,0.00017225067131221294,0.00018853093206416816
10023,0.0001570474123582244,0.0001744771288940683
10024,0.0001683156006038189,0.00022463887580670416
10025,0.0001849601394496858,0.00022751833603251725
10026,0.00018558785086497664,0.00017089847824536264
10027,0.00017134880181401968,0.0001556317147333175
10028,0.0001587502338225022,0.0001882615906652063
10029,0.0001585550489835441,0.00019377359421923757
10030,0.00016701129788998514,0.0001706039038253948
10031,0.0001727708149701357,0.00016583733668085188
10032,0.00016926921671256423,0.0001730485528241843
10033,0.00016051161219365895,0.00016416895959991962
10034,0.00015520209854003042,0.0001552268658997491
10035,0.00015750063175801188,0.00016459403559565544
10036,0.00016302859876304865,0.0001706448383629322
10037,0.00016464180953335017,0.00015797327796462923
10038,0.00016064330702647567,0.0001474186428822577
10039,0.0001555497874505818,0.00015379276010207832
10040,0.0001543037942610681,0.0001607802405487746
10041,0.0001568010338814929,0.00015546588110737503
10042,0.0001591829932294786,0.00014886510325595737
10043,0.0001587583392392844,0.0001503312960267067
10044,0.00015629580593667924,0.00015228104894049466
10045,0.00015431627980433404,0.00014899102097842842
10046,0.00015412684297189116,0.00014701572945341468
10047,0.00015511983656324446,0.00014969594485592097
10048,0.00015592544514220208,0.00015025681932456791
10049,0.0001557270297780633,0.00014594817184843123
10050,0.00015472396626137197,0.00014348987315315753
10051,0.00015369983157142997,0.00014619497233070433
10052,0.0001533370086690411,0.00014824329991824925
10053,0.00015367146988864988,0.00014578054833691567
10054,0.0001541437377454713,0.00014297550660558045
10055,0.00015416493988595903,0.0001435049343854189
10056,0.00015366279694717377,0.00014491731417365372
10057,0.00015306269051507115,0.0001443089422537014
10058,0.00015278102364391088,0.0001429743570042774
10059,0.00015285184781532735,0.00014287566591519862
10060,0.00015300576342269778,0.00014318025205284357
10061,0.00015301739040296525,0.00014259590534493327
10062,0.00015286070993170142,0.00014184189785737544
10063,0.0001526291889604181,0.00014196521078702062
10064,0.00015241277287714183,0.0001423458888893947
10065,0.00015226856339722872,0.00014192606613505632
10066,0.00015221942157950252,0.00014108368486631662
10067,0.00015224728849716485,0.00014085079601500183
10068,0.00015226728282868862,0.00014117111277300864
10069,0.00015219903434626758,0.00014117499813437462
10070,0.0001520359655842185,0.00014069644385017455
10071,0.00015185886877588928,0.0001403353235218674
10072,0.00015174958389252424,0.00014031010505277663
10073,0.00015172404528129846,0.0001402547932229936
10074,0.00015173357678577304,0.0001400061883032322
10075,0.00015171949053183198,0.00013981631491333246
10076,0.0001516564516350627,0.00013978296192362905
10077,0.0001515556068625301,0.00013968184066470712
10078,0.0001514432078693062,0.00013940436474513263
10079,0.00015135139983613044,0.00013916860916651785
10080,0.0001512988528702408,0.00013912732538301498
10081,0.00015128095401450992,0.00013913243310526013
10082,0.00015127193182706833,0.00013897856115363538
10083,0.00015123473713174462,0.00013871866394765675
10084,0.00015116031863726676,0.0001385484210914001
10085,0.00015107006765902042,0.00013850412506144494
10086,0.00015098965377546847,0.00013844354543834925
10087,0.00015093741239979863,0.00013828814553562552
10088,0.0001509074354544282,0.00013811576354783028
10089,0.0001508816349087283,0.00013800505257677287
10090,0.00015084631741046906,0.00013791967649012804
10091,0.00015079633158165962,0.00013779621804133058
10092,0.00015073615941219032,0.0001376510481350124
10093,0.00015067291678860784,0.0001375383435515687
10094,0.00015061459271237254,0.00013745305477641523
10095,0.00015056863776408136,0.0001373502309434116
10096,0.00015053112292662263,0.0001372120314044878
10097,0.000150496736750938,0.00013707904145121574
10098,0.00015045914915390313,0.00013697832764592022
10099,0.00015041447477415204,0.00013689426123164594
10100,0.00015036440163385123,0.00013679108815267682
10101,0.00015031281509436667,0.00013666559243574739
10102,0.00015026482287794352,0.00013654404028784484
10103,0.00015022169100120664,0.00013644268619827926
10104,0.00015017949044704437,0.00013634772039949894
10105,0.0001501397491665557,0.00013624403800349683
10106,0.00015010093920864165,0.00013613264309242368
10107,0.00015006077592261136,0.0001360266178380698
10108,0.00015001917199697345,0.00013592588948085904
10109,0.00014997637481428683,0.00013582462270278484
10110,0.00014993133663665503,0.00013571770978160203
10111,0.0001498906349297613,0.00013561177183873951
10112,0.00014984788140282035,0.00013551277515944093
10113,0.00014980637934058905,0.00013541571388486773
10114,0.00014976602687966079,0.00013531564036384225
10115,0.00014972839562688023,0.00013521064829546958
10116,0.00014968875620979816,0.0001351070823147893
10117,0.00014965119771659374,0.00013500882778316736
10118,0.0001496113691246137,0.0001349121012026444
10119,0.0001495719770900905,0.00013481589849106967
10120,0.00014953239588066936,0.00013471579586621374
10121,0.00014949284377507865,0.0001346157951047644
10122,0.00014945323346182704,0.00013451800623442978
10123,0.0001494144817115739,0.00013442212366499007
10124,0.0001493774470873177,0.00013432373816613108
10125,0.0001493393792770803,0.00013422677875496447
10126,0.00014930230099707842,0.00013413015403784811
10127,0.00014926493167877197,0.00013403515913523734
10128,0.0001492278533987701,0.00013394036795943975
10129,0.0001491905131842941,0.0001338437432423234
10130,0.00014915395877324045,0.00013374914124142379
10131,0.0001491160219302401,0.0001336538407485932
10132,0.00014907866716384888,0.00013355902046896517
10133,0.00014904121053405106,0.00013346450577955693
10134,0.00014900561654940248,0.00013337191194295883
10135,0.00014896862558089197,0.00013327805208973587
10136,0.00014893224579282105,0.00013318397395778447
10137,0.0001488972338847816,0.00013309018686413765
10138,0.0001488613779656589,0.00013299801503308117
10139,0.00014882588584441692,0.00013290526112541556
10140,0.00014878992806188762,0.00013281342398840934
10141,0.00014875479973852634,0.00013272071373648942
10142,0.0001487190165789798,0.00013262926950119436
10143,0.00014868473226670176,0.0001325370540143922
10144,0.00014865011326037347,0.00013244761794339865
10145,0.00014861466479487717,0.00013235553342383355
10146,0.00014858017675578594,0.00013226458395365626
10147,0.00014854493201710284,0.00013217449304647744
10148,0.00014851117157377303,0.00013208355812821537
10149,0.0001484774547861889,0.00013199356908444315
10150,0.0001484412932768464,0.0001319036673521623
10151,0.00014840805670246482,0.00013181370741222054
10152,0.00014837310300208628,0.0001317253045272082
10153,0.00014834050671197474,0.00013163519906811416
10154,0.00014830526197329164,0.00013154685439076275
10155,0.00014827103586867452,0.00013145722914487123
10156,0.0001482389634475112,0.0001313689281232655
10157,0.00014820571232121438,0.00013128005957696587
10158,0.00014817203918937594,0.00013119193317834288
10159,0.00014813921006862074,0.00013110334111843258
10160,0.00014810595894232392,0.0001310157822445035
10161,0.000148072445881553,0.0001309287326876074
10162,0.00014803983503952622,0.00013084092643111944
10163,0.00014800764620304108,0.00013075424067210406
10164,0.00014797408948652446,0.00013066644896753132
10165,0.00014794211892876774,0.00013057884643785655
10166,0.0001479102938901633,0.00013049505650997162
10167,0.00014787806139793247,0.00013040669728070498
10168,0.0001478450431022793,0.0001303202734561637
10169,0.00014781352365389466,0.00013023409701418132
10170,0.00014778212062083185,0.00013014704745728523
10171,0.0001477496698498726,0.0001300627045566216
10172,0.00014771785936318338,0.00012997625162824988
10173,0.0001476873003412038,0.00012989065726287663
10174,0.0001476552861277014,0.00012980590690858662
10175,0.0001476258330512792,0.00012971939577255398
10176,0.00014759632176719606,0.00012963530025444925
10177,0.00014756694145035,0.0001295480615226552
10178,0.00014754087897017598,0.0001294655230594799
10179,0.00014751548587810248,0.00012938043801113963
10180,0.000147492770338431,0.00012929702643305063
10181,0.00014747472596354783,0.00012921229063067585
10182,0.00014746487431693822,0.00012912810780107975
10183,0.00014746520901098847,0.0001290438958676532
10184,0.00014748150715604424,0.00012895985855720937
10185,0.00014752241258975118,0.00012887663615401834
10186,0.00014760564954485744,0.0001287924824282527
10187,0.00014775412273593247,0.00012870818318333477
10188,0.0001480071514379233,0.00012862625590059906
10189,0.00014842796372249722,0.0001285408070543781
10190,0.00014912642654962838,0.0001284578029299155
10191,0.00015026910114102066,0.00012837648682761937
10192,0.0001521708763903007,0.0001282930898014456
10193,0.00015527901996392757,0.00012820918345823884
10194,0.00016052140563260764,0.00012812865315936506
10195,0.00016911177954170853,0.00012804634752683342
10196,0.00018387884483672678,0.00012796215014532208
10197,0.00020803691586479545,0.00012788128515239805
10198,0.00025056026061065495,0.00012780039105564356
10199,0.0003192389849573374,0.00012771668843925
10200,0.0004433636204339564,0.00012763570703100413
10201,0.0006356284720823169,0.0001275536633329466
10202,0.0009898999705910683,0.00012747262371703982
10203,0.0014805722748860717,0.0001273906382266432
10204,0.002368559828028083,0.0001273090747417882
10205,0.003276390489190817,0.0001272276131203398
10206,0.0046683065593242645,0.00012714884360320866
10207,0.005056873895227909,0.00012706480629276484
10208,0.004997170064598322,0.00012698474165517837
10209,0.003530659945681691,0.00012690373114310205
10210,0.0020529385656118393,0.000126824394101277
10211,0.0014960510889068246,0.00012674482422880828
10212,0.0017644618637859821,0.00012666445400100201
10213,0.002138824900612235,0.0001265830360352993
10214,0.0017163542797788978,0.0001265023893211037
10215,0.0009517178405076265,0.00012642233923543245
10216,0.000531834433786571,0.00012634240556508303
10217,0.0007846725638955832,0.00012626335956156254
10218,0.0012955598067492247,0.00012618194159585983
10219,0.001359547022730112,0.00012610259000211954
10220,0.0009218348423019052,0.0001260233693756163
10221,0.00046102263149805367,0.00012594393047038466
10222,0.0004727724881377071,0.0001258636184502393
10223,0.0008116100798361003,0.00012578551832120866
10224,0.000939137302339077,0.00012570503167808056
10225,0.000712595006916672,0.00012562732445076108
10226,0.0004091113805770874,0.00012554696877487004
10227,0.0003545711515471339,0.00012547019287012517
10228,0.0004955172771587968,0.0001253903319593519
10229,0.0005816318443976343,0.00012531095126178116
10230,0.0005034857895225286,0.00012523401528596878
10231,0.0003382654394954443,0.00012515556591097265
10232,0.0002501499548088759,0.0001250770001206547
10233,0.0002913852804340422,0.0001249984634341672
10234,0.00037369143683463335,0.00012492066889535636
10235,0.00037950678961351514,0.00012484187027439475
10236,0.0002828416181728244,0.00012476461415644735
10237,0.00020209403010085225,0.00012468855129554868
10238,0.0002142337616533041,0.00012461113510653377
10239,0.00027251915889792144,0.00012453351519070566
10240,0.00028875324642285705,0.00012445883476175368
10241,0.00024327902065124363,0.00012438483827281743
10242,0.00019756118126679212,0.0001243116712430492
10243,0.00019001701730303466,0.00012424173473846167
10244,0.00020897206559311599,0.00012417376274242997
10245,0.00022738779080100358,0.00012411105853971094
10246,0.0002278810425195843,0.00012405856978148222
10247,0.0002121891302522272,0.00012401893036440015
10248,0.0001907120313262567,0.00012399842671584338
10249,0.00018396592349745333,0.00012401462299749255
10250,0.00020044681150466204,0.00012408406473696232
10251,0.0002240441390313208,0.00012424115266185254
10252,0.00023342622444033623,0.0001245428284164518
10253,0.0002273123391205445,0.00012508103100117296
10254,0.00022520478523802012,0.000126012644614093
10255,0.0002428990410408005,0.0001276021357625723
10256,0.0002791584993246943,0.0001303115568589419
10257,0.00032731727696955204,0.00013489858247339725
10258,0.0003787632449530065,0.00014272870612330735
10259,0.00044700238504447043,0.00015606543456669897
10260,0.0005376447807066143,0.00017905024287756532
10261,0.0006793027860112488,0.00021845888113602996
10262,0.0008684340864419937,0.0002871141768991947
10263,0.0011241135653108358,0.0004051629512105137
10264,0.0014247538056224585,0.0006120390607975423
10265,0.0017840878572314978,0.0009630536078475416
10266,0.002132977358996868,0.0015697573544457555
10267,0.002451339503750205,0.0025389271322637796
10268,0.002588978735730052,0.0040842401795089245
10269,0.0025128775741904974,0.006076405756175518
10270,0.002190748928114772,0.008359596133232117
10271,0.0016773592215031385,0.009276051074266434
10272,0.001148748560808599,0.008044342510402203
10273,0.0006738122319802642,0.004215766675770283
10274,0.0003649368300102651,0.00104729481972754
10275,0.0002479764516465366,0.000874289427883923
10276,0.0003243300598114729,0.0027813268825411797
10277,0.0005334060406312346,0.003681531408801675
10278,0.0007650819607079029,0.0021994616836309433
10279,0.0009143631323240697,0.0006075174896977842
10280,0.0008960706763900816,0.0009977160952985287
10281,0.0007505579269491136,0.0021737946663051844
10282,0.0005459606763906777,0.0019026909722015262
10283,0.00037959989276714623,0.0005658701993525028
10284,0.0002970231871586293,0.00034191616578027606
10285,0.0002757474430836737,0.0012343545677140355
10286,0.00027615574072115123,0.0014192044036462903
10287,0.0002624014741741121,0.0006235479959286749
10288,0.00023762317141517997,0.0002696877927519381
10289,0.00022348140191752464,0.0007492469740100205
10290,0.00024169721291400492,0.000944000668823719
10291,0.0002943073050118983,0.0004805806966032833
10292,0.0003579524636734277,0.0002514738589525223
10293,0.00041980843525379896,0.000571373850107193
10294,0.00045066949678584933,0.0007016726303845644
10295,0.00047317874850705266,0.00037619867362082005
10296,0.000475536216981709,0.00017468733130954206
10297,0.0004884533118456602,0.0003775873046834022
10298,0.0004964477848261595,0.0005192391108721495
10299,0.0005078307003714144,0.00033156570862047374
10300,0.0005060334806330502,0.00017999246483668685
10301,0.0004912444856017828,0.0002854004851542413
10302,0.0004596756480168551,0.00038010816206224263
10303,0.00041974836494773626,0.00026784511283040047
10304,0.0003740299725905061,0.0001564596313983202
10305,0.00033339299261569977,0.000222072092583403
10306,0.00029489988810382783,0.0003086364595219493
10307,0.0002645761414896697,0.0002522983413655311
10308,0.00023621121363248676,0.00015857559628784657
10309,0.00021303578978404403,0.00017230643425136805
10310,0.00019237719243392348,0.00023270056408364326
10311,0.00017672196554485708,0.00022040568001102656
10312,0.00016569743456784636,0.00016061867063399404
10313,0.0001591370819369331,0.00015310393064282835
10314,0.00015564891509711742,0.0001926499098772183
10315,0.0001537345815449953,0.00019987749692518264
10316,0.00015240620996337384,0.00016198154480662197
10317,0.00015131430700421333,0.0001384778443025425
10318,0.00015069985238369554,0.00015551794786006212
10319,0.00015096695278771222,0.0001739698345772922
10320,0.00015238331980071962,0.0001621690607862547
10321,0.00015492695092689246,0.00014092246419750154
10322,0.00015846770838834345,0.00014031580940354615
10323,0.00016306785983033478,0.0001533435715828091
10324,0.00016926854732446373,0.00015464509488083422
10325,0.00017822260269895196,0.00014077436935622245
10326,0.00019199657253921032,0.00013168776058591902
10327,0.0002130655338987708,0.0001371960825053975
10328,0.0002466566802468151,0.00014534774527419358
10329,0.00029709906084463,0.00014269171515479684
10330,0.000378709111828357,0.00013339080032892525
10331,0.0004980926169082522,0.0001300568983424455
10332,0.0006937148282304406,0.000134674075525254
10333,0.0009658734197728336,0.0001377987500745803
10334,0.0014042537659406662,0.0001338408765150234
10335,0.0019419750897213817,0.00012836199312005192
10336,0.002726593054831028,0.00012834544759243727
10337,0.0034239087253808975,0.00013223539281170815
10338,0.004134628921747208,0.00013342610327526927
10339,0.00425331573933363,0.0001302139862673357
10340,0.00391314085572958,0.00012713365140371025
10341,0.0032736670691519976,0.0001276559050893411
10342,0.002585390117019415,0.00012988073285669088
10343,0.0021754864137619734,0.00013030393165536225
10344,0.0016912751598283648,0.0001287752529606223
10345,0.0011662504402920604,0.00012790232722181827
10346,0.000714688329026103,0.00012920962763018906
10347,0.0006688410649076104,0.0001315849949605763
10348,0.0009674075990915298,0.00013343492173589766
10349,0.0012760403333231807,0.00013476332242134959
10350,0.0013003319036215544,0.00013716044486500323
10351,0.0009295939235016704,0.00014196534175425768
10352,0.00048111588694155216,0.00014962675049901009
10353,0.0002692083071451634,0.00015986806829459965
10354,0.0003972146369051188,0.00017399259377270937
10355,0.0006649121060036123,0.0001941292139235884
10356,0.0007793839322403073,0.00022482266649603844
10357,0.0006496442365460098,0.0002691381669137627
10358,0.0003883522585965693,0.0003347206220496446
10359,0.00022822539904154837,0.0004264090093784034
10360,0.00026447983691468835,0.000562485889531672
10361,0.00041019782656803727,0.0007469594129361212
10362,0.0005121153080835938,0.0010147006250917912
10363,0.000476642744615674,0.001341848517768085
10364,0.00035959974047727883,0.0017768422840163112
10365,0.0002609864459373057,0.002186062978580594
10366,0.00025365815963596106,0.002600128995254636
10367,0.0003158869221806526,0.0026893485337495804
10368,0.0003765889850910753,0.0025273850187659264
10369,0.0003932841354981065,0.0018988827941939235
10370,0.0003692363970912993,0.0011891459580510855
10371,0.00035026128171011806,0.0006189725245349109
10372,0.0003739751991815865,0.00044832873390987515
10373,0.0004273582890164107,0.000591099844314158
10374,0.0005008453736081719,0.0007866187952458858
10375,0.0005413797916844487,0.0007989095174707472
10376,0.0005772050353698432,0.0005851446185261011
10377,0.0005916760419495404,0.00032838620245456696
10378,0.0006366072921082377,0.00022157801140565425
10379,0.0006833773222751915,0.00032867956906557083
10380,0.0007378298905678093,0.0005314130685292184
10381,0.0007561073871329427,0.0006668485584668815
10382,0.000736015907023102,0.0006471741944551468
10383,0.0006715110503137112,0.0005298224277794361
10384,0.0005902940756641328,0.00041719013825058937
10385,0.0005015294882468879,0.0003862394660245627
10386,0.0004306703631300479,0.00041410012636333704
10387,0.0003645711112767458,0.00044119745143689215
10388,0.0003121148329228163,0.00040503375930711627
10389,0.0002592863456811756,0.00032070971792563796
10390,0.00021521549206227064,0.00022381864255294204
10391,0.00018002628348767757,0.0001659298432059586
10392,0.00015936614363454282,0.0001585550926392898
10393,0.00015262853412423283,0.00018230629211757332
10394,0.000156815949594602,0.00020452110038604587
10395,0.00016795715782791376,0.0002035867510130629
10396,0.00018286012345924973,0.0001828277891036123
10397,0.00020118871179874986,0.0001594597561052069
10398,0.000222002636292018,0.00015276455087587237
10399,0.0002494039654266089,0.00016645470168441534
10400,0.00028264056891202927,0.00018987589282914996
10401,0.0003302584227640182,0.00020576530368998647
10402,0.00039139646105468273,0.00020439185027498752
10403,0.00048271805280819535,0.00018761218234430999
10404,0.0006010269862599671,0.00016750227950979024
10405,0.000779420486651361,0.00015499524306505919
10406,0.0009953506523743272,0.0001539651129860431
10407,0.0013104639947414398,0.00015880988212302327
10408,0.0016262840945273638,0.0001614548673387617
10409,0.002033629920333624,0.00015588587848469615
10410,0.0022715884260833263,0.00014396716142073274
10411,0.002443088451400399,0.00013099951320327818
10412,0.002256000880151987,0.00012293001054786146
10413,0.0018925177864730358,0.00012155705189798027
10414,0.0014092331985011697,0.0001245846360689029
10415,0.0009756973595358431,0.00012790928303729743
10416,0.0006880158325657248,0.00012856669491156936
10417,0.0004987356369383633,0.00012622067879419774
10418,0.0003945470380131155,0.00012251631414983422
10419,0.00037753742071799934,0.00011957831884501502
10420,0.0004765845078509301,0.00011856487253680825
10421,0.0006464089965447783,0.0001193509015138261
10422,0.0007988492725417018,0.00012100717867724597
10423,0.0008493347559124231,0.0001225727319251746
10424,0.0007477135513909161,0.00012352636258583516
10425,0.000560677726753056,0.00012384745059534907
10426,0.00037076216540299356,0.00012376398080959916
10427,0.0002607234928291291,0.00012357986997812986
10428,0.00024570198729634285,0.0001235372037626803
10429,0.00028241987456567585,0.00012388914183247834
10430,0.0003161444328725338,0.00012478277494665235
10431,0.00030829248134978116,0.00012637711188290268
10432,0.000266715360339731,0.0001285972393816337
10433,0.00022002063633408397,0.00013141156523488462
10434,0.0002000264939852059,0.00013462011702358723
10435,0.00021812960039824247,0.00013837573351338506
10436,0.00026136968517675996,0.00014279667811933905
10437,0.00031225712154991925,0.00014858903887216002
10438,0.00034724429133348167,0.00015620248450431973
10439,0.0003753587370738387,0.000166809099027887
10440,0.0003941932809539139,0.0001808499509934336
10441,0.00043299744720570743,0.0002000851382035762
10442,0.00048691313713788986,0.00022489132243208587
10443,0.000569277151953429,0.0002585445763543248
10444,0.0006621517241001129,0.0003013275272678584
10445,0.0007649371400475502,0.000359475176082924
10446,0.0008601730805821717,0.0004317942075431347
10447,0.0009538509766571224,0.0005289173568598926
10448,0.001024379045702517,0.0006432068184949458
10449,0.001093949656933546,0.0007902351790107787
10450,0.0011127796024084091,0.0009431561920791864
10451,0.0011204513721168041,0.0011195734841749072
10452,0.0010442603379487991,0.0012531399261206388
10453,0.0009466054616495967,0.001360821072012186
10454,0.0007808445952832699,0.0013401599135249853
10455,0.0006175895687192678,0.0012303560506552458
10456,0.00045239608152769506,0.0009745474089868367
10457,0.000324062944855541,0.0006738873780705035
10458,0.0002343929372727871,0.00037987143150530756
10459,0.0001872873690444976,0.00018958919099532068
10460,0.00017753605789039284,0.00013742526061832905
10461,0.0001985358539968729,0.0002063367865048349
10462,0.0002428358857287094,0.00033490743953734636
10463,0.00030108948703855276,0.0004464751109480858
10464,0.00036662895581685007,0.0004927343688905239
10465,0.00043004669714719057,0.00045100736315362155
10466,0.0004925411776639521,0.0003548903623595834
10467,0.0005456676008179784,0.0002466058067511767
10468,0.0006036502891220152,0.00017469649901613593
10469,0.0006511463434435427,0.0001609616301720962
10470,0.0007144720293581486,0.00019945931853726506
10471,0.0007604513084515929,0.00026566273299977183
10472,0.0008252753177657723,0.00032813410507515073
10473,0.000856071594171226,0.0003721509128808975
10474,0.0008967439644038677,0.0003897377464454621
10475,0.0008893877384252846,0.0004015872546005994
10476,0.0008789185085333884,0.00042329830466769636
10477,0.0008279834291897714,0.00048491041525267065
10478,0.0007702825241722167,0.0005957953399047256
10479,0.0007020423072390258,0.0007720051798969507
10480,0.000632808601949364,0.0009976233122870326
10481,0.0005747845862060785,0.001268937368877232
10482,0.0005142407608218491,0.0015233708545565605
10483,0.00046226632548496127,0.001721406588330865
10484,0.00040310577605850995,0.0017380239441990852
10485,0.0003497833968140185,0.00154873076826334
10486,0.00029802907374687493,0.0011230376549065113
10487,0.00026084340061061084,0.0006323573179543018
10488,0.0002363701059948653,0.00026230569346807897
10489,0.0002285117661813274,0.00017035302880685776
10490,0.0002299814368598163,0.00033450443879701197
10491,0.00023795044398866594,0.0005853062029927969
10492,0.00024607955128885806,0.0007256080862134695
10493,0.00025414236006326973,0.0006783001008443534
10494,0.0002630131202749908,0.0005106937605887651
10495,0.00027820863761007786,0.0003901529125869274
10496,0.0003050276718568057,0.00041502786916680634
10497,0.000353707408066839,0.0005903408746235073
10498,0.0004274948441889137,0.0008001444512046874
10499,0.0005470688338391483,0.0009920996380969882
10500,0.0007042223587632179,0.0010983138345181942
10501,0.0009476567502133548,0.0012478820281103253
10502,0.0012257765047252178,0.0014074905775487423
10503,0.0016312628285959363,0.0016861180774867535
10504,0.0019834775011986494,0.0018303962424397469
10505,0.002400311641395092,0.0018658664776012301
10506,0.0025417006108909845,0.0015342622064054012
10507,0.002556996652856469,0.001041725161485374
10508,0.002329387003555894,0.0005150988581590354
10509,0.00207298481836915,0.00020205264445394278
10510,0.0019795596599578857,0.00017694896087050438
10511,0.0019165819976478815,0.0003616098256316036
10512,0.0018308432772755623,0.0005933305947110057
10513,0.001486500957980752,0.000705873069819063
10514,0.0010521711083129048,0.000637332908809185
10515,0.0006805690936744213,0.0004342723113950342
10516,0.0006044484325684607,0.000236863546888344
10517,0.0007690963102504611,0.00016150881128851324
10518,0.001018104376271367,0.0002182465250371024
10519,0.001113614533096552,0.0003205887624062598
10520,0.000948574859648943,0.0003646467230282724
10521,0.0006193835870362818,0.0003207792469765991
10522,0.000310816103592515,0.0002243524941150099
10523,0.0001940151851158589,0.00014748195826541632
10524,0.00028770562494173646,0.0001311036612605676
10525,0.00047819173778407276,0.00017005093104671687
10526,0.0006175661692395806,0.0002260774781461805
10527,0.0006098846206441522,0.0002550302888266742
10528,0.00048013980267569423,0.00024144555209204555
10529,0.0003140757034998387,0.00019700132543221116
10530,0.00020936410874128342,0.00015865196473896503
10531,0.000202038703719154,0.00015045233885757625
10532,0.00026148895267397165,0.00017199678404722363
10533,0.00032687606289982796,0.0002028619055636227
10534,0.00034878129372373223,0.00022255016665440053
10535,0.00032303211628459394,0.00022271413763519377
10536,0.00027609977405518293,0.0002086536551360041
10537,0.0002421269891783595,0.00019236061780247837
10538,0.00024284776009153575,0.0001861069176811725
10539,0.00026838836492970586,0.00019440808682702482
10540,0.00030579519807361066,0.00021377604571171105
10541,0.0003314362547826022,0.00023361113562714309
10542,0.00035330356331542134,0.00024770732852630317
10543,0.0003724557172972709,0.0002520608832128346
10544,0.0004193988861516118,0.0002524977899156511
10545,0.0004965545958839357,0.0002517670509405434
10546,0.0006237019551917911,0.0002552272635512054
10547,0.0007878817268647254,0.0002611965755932033
10548,0.0010014284634962678,0.00026911438908427954
10549,0.0012394796358421445,0.0002737526665441692
10550,0.001531683374196291,0.00027344003319740295
10551,0.0018004674930125475,0.00026516785146668553
10552,0.002106236759573221,0.00025091422139666975
10553,0.002232768340036273,0.0002321166975889355
10554,0.002278080442920327,0.0002127562474925071
10555,0.0019852197729051113,0.00019404040358494967
10556,0.0015534338308498263,0.00017783416842576116
10557,0.0010096454061567783,0.00016366946510970592
10558,0.0005718483007512987,0.00015193251601886004
10559,0.00034015736309811473,0.00014176852710079402
10560,0.000309167051455006,0.00013311137445271015
10561,0.00041133284685201943,0.00012563330528791994
10562,0.0005517060053534806,0.00011972095671808347
10563,0.0006912354147061706,0.00011562793224584311
10564,0.000756939232815057,0.00011353658919688314
10565,0.0007615121430717409,0.00011327062384225428
10566,0.0006821620627306402,0.00011446890130173415
10567,0.0005547002074308693,0.00011665679630823433
10568,0.00041861884528771043,0.00011926828301511705
10569,0.000313669559545815,0.00012183374929009005
10570,0.00026495530619286,0.00012381820124574006
10571,0.00026504715788178146,0.00012509436055552214
10572,0.0002903923741541803,0.00012545735808089375
10573,0.00030890374910086393,0.00012518366565927863
10574,0.0003101627225987613,0.00012429835624061525
10575,0.0002893702476285398,0.00012316307402215898
10576,0.0002663498744368553,0.00012183896615169942
10577,0.0002525874297134578,0.0001206278902827762
10578,0.0002617112477310002,0.00011957216338487342
10579,0.0002917055389843881,0.00011883576371474192
10580,0.00034018693258985877,0.00011837745842058212
10581,0.000392975693102926,0.00011825927504105493
10582,0.00044996757060289383,0.00011844003165606409
10583,0.0005000082310289145,0.00011900120443897322
10584,0.0005556474789045751,0.00011994800297543406
10585,0.0006121000042185187,0.00012141410115873441
10586,0.0006857476546429098,0.00012347998563200235
10587,0.0007691264618188143,0.00012640978093259037
10588,0.0008699135505594313,0.00013046612730249763
10589,0.000971126020886004,0.00013619224773719907
10590,0.0010707963956519961,0.00014416553312912583
10591,0.0011427158024162054,0.00015546847134828568
10592,0.0011848515132442117,0.00017132627544924617
10593,0.0011697476729750633,0.00019399545271880925
10594,0.0011074142530560493,0.00022609526058658957
10595,0.0009856915567070246,0.0002724069927353412
10596,0.0008311994606629014,0.00033830665051937103
10597,0.0006557367742061615,0.0004335452103987336
10598,0.0004894580924883485,0.0005677667795680463
10599,0.0003498173027765006,0.0007584553677588701
10600,0.00025031936820596457,0.0010161426616832614
10601,0.0001933889725478366,0.0013603252591565251
10602,0.00017423175449948758,0.001772639574483037
10603,0.0001836802257457748,0.002231288468465209
10604,0.0002122140722349286,0.0026040510274469852
10605,0.00025213981280103326,0.00276724761351943
10606,0.00029817086760886014,0.002511052880436182
10607,0.0003498776350170374,0.0018568815430626273
10608,0.00040494665154255927,0.0009943852201104164
10609,0.00047111051389947534,0.00034327732282690704
10610,0.0005416016792878509,0.0001919502974487841
10611,0.0006345912115648389,0.0005007756408303976
10612,0.0007273433147929609,0.0009420933783985674
10613,0.0008546531898900867,0.0011384552344679832
10614,0.0009606426465325058,0.00098284927662462
10615,0.0011042512487620115,0.0006266743876039982
10616,0.0011779332999140024,0.0004095071053598076
10617,0.0012682088417932391,0.0004920443170703948
10618,0.0012295125052332878,0.0008016775245778263
10619,0.0011724255746230483,0.0010738439159467816
10620,0.0009912502719089389,0.0011799781350418925
10621,0.0007986831478774548,0.001112883910536766
10622,0.0005808524438180029,0.0010998568031936884
10623,0.0004035378515254706,0.0012005285825580359
10624,0.00028253087657503784,0.0014551982749253511
10625,0.00022556247131433338,0.0015846721362322569
10626,0.0002266538213007152,0.0015555110294371843
10627,0.00026899680960923433,0.001236122683621943
10628,0.0003381337155587971,0.0008673866395838559
10629,0.0004053910088259727,0.0005478014354594052
10630,0.00047022808576002717,0.0003914952976629138
10631,0.000494919833727181,0.0003580798511393368
10632,0.0005009847809560597,0.0003861152217723429
10633,0.00045947841135784984,0.0004423601203598082
10634,0.00040673103649169207,0.0005123520968481898
10635,0.0003383718430995941,0.0005918616079725325
10636,0.0002842621470335871,0.0006467241910286248
10637,0.0002499422989785671,0.0006578142638318241
10638,0.0002444910351186991,0.000633117975667119
10639,0.00026606908068060875,0.0006174079608172178
10640,0.00031085117370821536,0.0006729364395141602
10641,0.00037502142367884517,0.0008307321695610881
10642,0.00045272993156686425,0.001093592494726181
10643,0.0005508469184860587,0.0013857386074960232
10644,0.0006651452858932316,0.0016507707769051194
10645,0.0008205189951695502,0.0017459305236116052
10646,0.0010125089902430773,0.0016513997688889503
10647,0.0012844830052927136,0.0013110454892739654
10648,0.001623448682948947,0.0008611179073341191
10649,0.002073592972010374,0.0004522654053289443
10650,0.0025885410141199827,0.0002590562216937542
10651,0.0031336843967437744,0.0003291088796686381
10652,0.003586490172892809,0.0005454645724967122
10653,0.0037404827307909727,0.0007323128520511091
10654,0.0034892186522483826,0.0007235751254484057
10655,0.002787021454423666,0.0005612799432128668
10656,0.0018763248808681965,0.000356544042006135
10657,0.0011144229210913181,0.00027229852275922894
10658,0.0006971425609663129,0.00034024991327896714
10659,0.0006379528786055744,0.0004879879124928266
10660,0.000767952180467546,0.0005971050122752786
10661,0.0009597753523848951,0.0006242534145712852
10662,0.0010583887342363596,0.0005931202322244644
10663,0.0010775026166811585,0.000609412498306483
10664,0.0009722734685055912,0.0007008002721704543
10665,0.0007988712750375271,0.0009028922067955136
10666,0.0005806980188935995,0.0010910134296864271
10667,0.000395284965634346,0.0012709179427474737
10668,0.00031124227098189294,0.0012854065280407667
10669,0.00035088183358311653,0.0012261519441381097
10670,0.0004761926247738302,0.0010158004006370902
10671,0.0005931078339926898,0.0007799647864885628
10672,0.0006520555471070111,0.0005413741455413401
10673,0.0005958539550192654,0.0003752120246645063
10674,0.0004901449428871274,0.0002990837674587965
10675,0.00037100203917361796,0.000293354329187423
10676,0.0003026371414307505,0.00031756944372318685
10677,0.00028751874924637377,0.0003261048987042159
10678,0.0003044613404199481,0.00030998961301520467
10679,0.00031458798912353814,0.00027466818573884666
10680,0.0002988663618452847,0.0002497573441360146
10681,0.00025726924650371075,0.0002523768343962729
10682,0.0002105681342072785,0.0002821113739628345
10683,0.00018035550601780415,0.0003197159094270319
10684,0.00017768971156328917,0.00033687398536130786
10685,0.00019664067076519132,0.0003200623032171279
10686,0.0002202773030148819,0.00026767115923576057
10687,0.00023303338093683124,0.00020189027418382466
10688,0.00022849223751109093,0.0001445455418433994
10689,0.0002135588729288429,0.00011328324035275728
10690,0.00019905075896531343,0.00011124979937449098
10691,0.0001966545096365735,0.00012965899077244103
10692,0.00020878820214420557,0.00015408934268634766
10693,0.00023469034931622446,0.0001710582000669092
10694,0.0002652535622473806,0.00017501763068139553
10695,0.0003001058357767761,0.00016634755593258888
10696,0.0003285492421127856,0.0001520109362900257
10697,0.0003651375591289252,0.0001385388895869255
10698,0.000400074030039832,0.0001306570047745481
10699,0.00046147406101226807,0.00012897227134089917
10700,0.000529371784068644,0.0001310074148932472
10701,0.0006398653495125473,0.00013324808969628066
10702,0.0007453660946339369,0.00013249588664621115
10703,0.0008978558471426368,0.00012799174874089658
10704,0.0010018219472840428,0.00012035606778226793
10705,0.0011366185499355197,0.00011202962195966393
10706,0.001150572090409696,0.00010531730367802083
10707,0.0011533629149198532,0.00010192766785621643
10708,0.0010047415271401405,0.00010220331751042977
10709,0.0008399086073040962,0.00010528037091717124
10710,0.0006261934177018702,0.00010961595398839563
10711,0.00046138520701788366,0.00011360716598574072
10712,0.00036011054180562496,0.00011620674922596663
10713,0.000330317416228354,0.0001168876769952476
10714,0.0003603497752919793,0.00011597327829804271
10715,0.00042641666368581355,0.000113989895908162
10716,0.0005190509255044162,0.00011177928536199033
10717,0.000604816887062043,0.00010989511793013662
10718,0.0006920282612554729,0.00010869430843740702
10719,0.0007151564350351691,0.00010817280417541042
10720,0.0007081094663590193,0.00010812896653078496
10721,0.0006124582141637802,0.0001082765738829039
10722,0.0004948863061144948,0.0001083437746274285
10723,0.0003622887306846678,0.00010817765723913908
10724,0.00027061504079028964,0.00010772264067782089
10725,0.0002359318605158478,0.00010705830936785787
10726,0.00025881375768221915,0.00010630183533066884
10727,0.0003214114112779498,0.00010561301314737648
10728,0.00039782552630640566,0.00010510881838854402
10729,0.00048624956980347633,0.00010487766849109903
10730,0.0005675027496181428,0.00010496596223674715
10731,0.0006874841637909412,0.00010539719369262457
10732,0.0008274228894151747,0.00010618913802318275
10733,0.0010646929731592536,0.00010737137199612334
10734,0.0013231298653408885,0.00010902157373493537
10735,0.0016778289573267102,0.00011123601871076971
10736,0.0019402330508455634,0.00011423326941439882
10737,0.0021683447994291782,0.00011824523244285956
10738,0.0022291510831564665,0.00012372422497719526
10739,0.002242445480078459,0.00013115655747242272
10740,0.002434937981888652,0.00014145536988507956
10741,0.0027795967180281878,0.00015560488100163639
10742,0.0033874469809234142,0.00017547143215779215
10743,0.003589335363358259,0.00020308195962570608
10744,0.0032887430861592293,0.0002422762627247721
10745,0.0021444831509143114,0.00029709163936786354
10746,0.0009235318284481764,0.00037543365033343434
10747,0.00026914241607300937,0.0004845989169552922
10748,0.00046849410864524543,0.0006399392732419074
10749,0.001114491606131196,0.000851331977173686
10750,0.001508803223259747,0.001143612083978951
10751,0.0013554724864661694,0.0015155780129134655
10752,0.0007768130162730813,0.0019888756796717644
10753,0.0003281844255980104,0.002494955901056528
10754,0.0003123934438917786,0.003003677586093545
10755,0.0006062430329620838,0.0032890804577618837
10756,0.0008539800182916224,0.00328060588799417
10757,0.0007975938497111201,0.0027537622954696417
10758,0.0005521339480765164,0.001917846268042922
10759,0.0003725072892848402,0.0009822697611525655
10760,0.00041598500683903694,0.00037827790947631
10761,0.0006109052919782698,0.00027987759676761925
10762,0.0007571537862531841,0.0006073433323763311
10763,0.000823034904897213,0.0010578279616311193
10764,0.0008594327955506742,0.0013106032274663448
10765,0.001065298798494041,0.001199651276692748
10766,0.0013830461539328098,0.0008105069282464683
10767,0.0018153572455048561,0.00039619026938453317
10768,0.0021156580187380314,0.0002006705035455525
10769,0.002333245472982526,0.0002797147026285529
10770,0.0022624179255217314,0.0004994322080165148
10771,0.0020479445811361074,0.0006477195420302451
10772,0.0015371314948424697,0.0006196618196554482
10773,0.0009885432664304972,0.00043101186747662723
10774,0.0005008147563785315,0.00022940878989174962
10775,0.00027650201809592545,0.00012891789083369076
10776,0.00033423074637539685,0.00016186237917281687
10777,0.0005742126959376037,0.0002637212455738336
10778,0.0008469239692203701,0.0003394632076378912
10779,0.0009898581774905324,0.0003342757117934525
10780,0.0009795625228434801,0.00025504850782454014
10781,0.0007786799105815589,0.00016200580284930766
10782,0.0005264338105916977,0.0001100226363632828
10783,0.0003052613465115428,0.00011943186109419912
10784,0.00019883093773387372,0.00016726204194128513
10785,0.0002048446040134877,0.00021101081802044064
10786,0.0002730818232521415,0.00022038197494111955
10787,0.0003530296089593321,0.00019188999431207776
10788,0.0004106544656679034,0.0001485959073761478
10789,0.00045077651157043874,0.00011779021588154137
10790,0.00047001196071505547,0.0001147228031186387
10791,0.0004839417524635792,0.00013539032079279423
10792,0.00048052880447357893,0.00016247338498942554
10793,0.00046694118645973504,0.00017998307885136455
10794,0.00042377557838335633,0.00017912007751874626
10795,0.00036574245314113796,0.00016712871729396284
10796,0.00029598671244457364,0.00015448110934812576
10797,0.0002385291736572981,0.000153725704876706
10798,0.00020089789177291095,0.0001683667505858466
10799,0.00018295022891834378,0.00019673345377668738
10800,0.00017519723041914403,0.00023218579008243978
10801,0.00016992879682220519,0.00027241144562140107
10802,0.00016496723401360214,0.0003163777000736445
10803,0.00016289061750285327,0.00037368785706348717
10804,0.00016687618335708976,0.000448312348453328
10805,0.00017782540817279369,0.0005598782445304096
10806,0.0001938332279678434,0.0007028712425380945
10807,0.00021080419537611306,0.0009087961516343057
10808,0.0002265020739287138,0.0011394431348890066
10809,0.00023924429842736572,0.0014466578140854836
10810,0.00025378429563716054,0.0017149202758446336
10811,0.0002700048207771033,0.0020160020794719458
10812,0.0002931577037088573,0.0021166743244975805
10813,0.00031754985684528947,0.00211856747046113
10814,0.0003483316977508366,0.001788415713235736
10815,0.0003781338164117187,0.0013298949925228953
10816,0.00041785440407693386,0.0007616668590344489
10817,0.0004588020092342049,0.0003274687333032489
10818,0.0005156723782420158,0.0001330100785708055
10819,0.0005740329506807029,0.00019482840434648097
10820,0.0006513490225188434,0.0004110024019610137
10821,0.0007250379421748221,0.0006196690956130624
10822,0.0008174770628102124,0.0007104155956767499
10823,0.0008935335790738463,0.0006186119862832129
10824,0.0009826384484767914,0.00042498408583924174
10825,0.0010317949345335364,0.00022593890025746077
10826,0.001077805645763874,0.00012345737195573747
10827,0.0010575985070317984,0.00014253442350309342
10828,0.0010145361302420497,0.00023666518973186612
10829,0.0009060431038960814,0.0003297500661574304
10830,0.0007757500279694796,0.00035481873783282936
10831,0.0006208013510331511,0.00030849393806420267
10832,0.0004714915994554758,0.0002175515255657956
10833,0.0003423677117098123,0.00014017139619681984
10834,0.000244256341829896,0.00011148095654789358
10835,0.0001828312233556062,0.00013465192751027644
10836,0.00015604740474373102,0.0001837981108110398
10837,0.0001588290324434638,0.0002231260295957327
10838,0.00018352882761973888,0.0002328531991224736
10839,0.0002225340431323275,0.00020981734269298613
10840,0.00026879197685047984,0.00017481864779256284
10841,0.0003190248098690063,0.00014933961210772395
10842,0.00037072892882861197,0.00014968172763474286
10843,0.00042809973820112646,0.00017796011525206268
10844,0.0004890048876404762,0.00022548351262230426
10845,0.0005653936532326043,0.00028257249505259097
10846,0.0006445316830649972,0.0003412158403079957
10847,0.0007484877714887261,0.000408973079174757
10848,0.0008419990190304816,0.0004939128994010389
10849,0.000961717392783612,0.0006190256681293249
10850,0.0010423894273117185,0.0007957310881465673
10851,0.0011348901316523552,0.0010391747346147895
10852,0.001155583537183702,0.0013395602582022548
10853,0.0011611534282565117,0.0016704561421647668
10854,0.0010910050477832556,0.0019637737423181534
10855,0.0009920067386701703,0.0021198962349444628
10856,0.0008554235100746155,0.0020314366556704044
10857,0.0007024268852546811,0.001656047417782247
10858,0.0005537174292840064,0.0010779810836538672
10859,0.0004132539907004684,0.0005162300076335669
10860,0.0003019831492565572,0.00019225770665798336
10861,0.00022367158089764416,0.00019573177269194275
10862,0.00018536296556703746,0.00042136607225984335
10863,0.00018289405852556229,0.0006548576639033854
10864,0.00020781424245797098,0.0007126373238861561
10865,0.0002465423895046115,0.0005625719204545021
10866,0.00028947312966920435,0.0003207536938134581
10867,0.0003289986925665289,0.000154652982018888
10868,0.00036594559787772596,0.00015185016673058271
10869,0.0004034941375721246,0.0002670535468496382
10870,0.0004504385869950056,0.00037929785321466625
10871,0.0005085917073301971,0.0003914371773134917
10872,0.0005905828438699245,0.00029967218870297074
10873,0.0006818248657509685,0.0001773032417986542
10874,0.0008044357527978718,0.00010945078975055367
10875,0.0009144646464847028,0.000126926795928739
10876,0.0010517461923882365,0.00019453707500360906
10877,0.0011351288994774222,0.0002486891171429306
10878,0.0012229059357196093,0.0002483496500644833
10879,0.001221480779349804,0.00019748510385397822
10880,0.0012006715405732393,0.00013528973795473576
10881,0.0011153272353112698,0.0001006269667414017
10882,0.0010176663054153323,0.00010677281534299254
10883,0.0009144247160293162,0.00013750517973676324
10884,0.0008004726842045784,0.00016458377649541944
10885,0.0006880817236378789,0.00016831331595312804
10886,0.0005540014244616032,0.00014869385631754994
10887,0.0004249735502526164,0.00012068804790033028
10888,0.00031101162312552333,0.00010160488454857841
10889,0.00024007121101021767,9.961384785128757e-05
10890,0.00021834374638274312,0.00011065426224377006
10891,0.00024171368568204343,0.00012368024908937514
10892,0.00028782806475646794,0.0001289406354771927
10893,0.0003392129437997937,0.00012342992704361677
10894,0.00037451315438374877,0.00011130560596939176
10895,0.0003937262808904052,9.971942199626938e-05
10896,0.00039766202098689973,9.428085468243808e-05
10897,0.00040395883843302727,9.610276174498722e-05
10898,0.0004218231770209968,0.00010221660340903327
10899,0.00047041563084349036,0.00010802707402035594
10900,0.0005443200934678316,0.00011011648166459054
10901,0.0006648116977885365,0.00010774267138913274
10902,0.0007961696246638894,0.00010257746180286631
10903,0.0009781906846910715,9.7418982477393e-05
10904,0.00112387933768332,9.4509196060244e-05
10905,0.0012994412099942565,9.4634473498445e-05
10906,0.0013624565908685327,9.707309800432995e-05
10907,0.0014052118640393019,0.00010029324039351195
10908,0.0013222015695646405,0.0001029420891427435
10909,0.0012254274915903807,0.00010441441554576159
10910,0.0011317557655274868,0.00010520676005398855
10911,0.0010748165659606457,0.00010644503345247358
10912,0.0010699338745325804,0.00010978107457049191
10913,0.0010313119273632765,0.00011658853327389807
10914,0.000964658334851265,0.00012863933807238936
10915,0.0008316086023114622,0.00014723849017173052
10916,0.0007083499804139137,0.00017582072177901864
10917,0.0006109001114964485,0.00021739791554864496
10918,0.0005931269843131304,0.00028175199986435473
10919,0.0006048105424270034,0.000375569419702515
10920,0.0006426820764318109,0.0005241449689492583
10921,0.0006235618493519723,0.00073481653816998
10922,0.0005611637607216835,0.001065363408997655
10923,0.00044767014333046973,0.0014913425548002124
10924,0.0003373940126039088,0.0021147921215742826
10925,0.00027015915839001536,0.0027416015509516
10926,0.000268548377789557,0.0034619667567312717
10927,0.0003272408794146031,0.0037231247406452894
10928,0.0004194091889075935,0.0036164068151265383
10929,0.0005115749081596732,0.0028142465744167566
10930,0.0005898335366509855,0.001842086436226964
10931,0.0006374879740178585,0.0012391697382554412
10932,0.00069282331969589,0.0014390964061021805
10933,0.0007479440537281334,0.0026362475473433733
10934,0.0008711637929081917,0.004536895081400871
10935,0.0010159752564504743,0.007007909938693047
10936,0.0012494629481807351,0.008723844774067402
10937,0.001442788983695209,0.008758102543652058
10938,0.0016690499614924192,0.005648783408105373
10939,0.0017278118757531047,0.002153371926397085
10940,0.0017169881612062454,0.0017632534727454185
10941,0.001505676074884832,0.003828932298347354
10942,0.0012204807717353106,0.004243751522153616
10943,0.0009144091745838523,0.0017806892283260822
10944,0.0006689834408462048,0.0014486117288470268
10945,0.0005447189905680716,0.0046462067402899265
10946,0.0005081463605165482,0.009532979689538479
10947,0.0005284968065097928,0.01544702984392643
10948,0.0005257470766082406,0.028075434267520905
10949,0.0005015647038817406,0.018634285777807236
10950,0.0004341500753071159,0.010317161679267883
10951,0.0003817788092419505,0.013181047514081001
10952,0.0003622589574661106,0.020815281197428703
10953,0.00039376039057970047,0.03834927827119827
10954,0.00045668211532756686,0.06133592501282692
10955,0.0005191023810766637,0.04626653343439102
10956,0.0005577646661549807,0.012139614671468735
10957,0.0005550122004933655,0.0324198342859745
10958,0.0005279956385493279,0.014906806871294975
10959,0.000491679587867111,0.021056633442640305
10960,0.0004700693825725466,0.02027030475437641
10961,0.00047378308954648674,0.009414699859917164
10962,0.0004962594830431044,0.017748897895216942
10963,0.000538055261131376,0.010838990099728107
10964,0.0005723252543248236,0.012426180765032768
10965,0.0006190156564116478,0.0068472218699753284
10966,0.0006435966934077442,0.014054986648261547
10967,0.0006890874356031418,0.005759534891694784
10968,0.0007073687738738954,0.00806194357573986
10969,0.0007429695106111467,0.008064287714660168
10970,0.000738482631277293,0.005288134794682264
10971,0.0007312679081223905,0.0061531756073236465
10972,0.0006862346781417727,0.005020984914153814
10973,0.0006361841806210577,0.005419034976512194
10974,0.0005840836092829704,0.0032870122231543064
10975,0.0005435683997347951,0.005108161363750696
10976,0.0005251861875876784,0.0028386085759848356
10977,0.0005122508737258613,0.0038287073839455843
10978,0.0005058888345956802,0.0023059165105223656
10979,0.0004833148268517107,0.0035963382106274366
10980,0.00045160975423641503,0.0017346907407045364
10981,0.0004033271980006248,0.0026918849907815456
10982,0.00035257480340078473,0.0021160661708563566
10983,0.00030153230181895196,0.001756652956828475
10984,0.00025974842719733715,0.0018540999153628945
10985,0.000228988952585496,0.0017287555383518338
10986,0.000211400882108137,0.0012776748044416308
10987,0.00020718370797112584,0.0015357412630692124
10988,0.00021431995264720172,0.0013049580156803131
10989,0.0002338628692086786,0.001003890298306942
10990,0.0002617244317661971,0.0011962300632148981
10991,0.0003032134263776243,0.0010047939140349627
10992,0.0003520565223880112,0.000914177275262773
10993,0.00042430750909261405,0.0007791625102981925
10994,0.0005086897872388363,0.0009328008745796978
10995,0.0006431321962736547,0.0007047614199109375
10996,0.0008008221047930419,0.0006417172844521701
10997,0.0010559565853327513,0.0006769712781533599
10998,0.0013344137696549296,0.0006756745860911906
10999,0.0017513660714030266,0.00047048315173015
11000,0.0021208052057772875,0.0005832103197462857
11001,0.002562870504334569,0.0005000632954761386
11002,0.0027913618832826614,0.00047785034985281527
11003,0.002896310295909643,0.00041693481034599245
11004,0.002836602972820401,0.00045623595360666513
11005,0.002675569150596857,0.0003946590586565435
11006,0.0026860847137868404,0.00036337581695988774
11007,0.0026081285905092955,0.00037239777157083154
11008,0.0024720055516809225,0.0003662012459244579
11009,0.0019041254417970777,0.00029894523322582245
11010,0.0011896115029230714,0.0003226454136893153
11011,0.0006035558180883527,0.0003157350583933294
11012,0.0004975419142283499,0.00028745856252498925
11013,0.000799217086751014,0.0002728961408138275
11014,0.0011495420476421714,0.0002631793904583901
11015,0.001270224223844707,0.0002849474549293518
11016,0.001031097723171115,0.0002323751396033913
11017,0.0006719381781294942,0.00024839668185450137
11018,0.00044111418537795544,0.00023698288714513183
11019,0.00046979941544122994,0.00023720753961242735
11020,0.0006865535979159176,0.00021512742387130857
11021,0.000868647824972868,0.00022299330157693475
11022,0.000909845985006541,0.0002124275779351592
11023,0.0008040026878006756,0.00021149343228898942
11024,0.0007504840032197535,0.00019798714492935687
11025,0.0008290144032798707,0.00020309405226726085
11026,0.0010591831523925066,0.00019871655968017876
11027,0.001261148601770401,0.0001861012278823182
11028,0.0013758138520643115,0.00019190838793292642
11029,0.001334165339358151,0.00018350195023231208
11030,0.0012523661134764552,0.00018771583563648164
11031,0.001092870719730854,0.00017393841699231416
11032,0.0009186281240545213,0.00017902662511914968
11033,0.0006742243422195315,0.00017493624181952327
11034,0.00044667633483186364,0.00017387917614541948
11035,0.0002802367671392858,0.00016795062401797622
11036,0.00022138794884085655,0.00016802179743535817
11037,0.0002517720276955515,0.00016748192138038576
11038,0.00033519865246489644,0.00016405755013693124
11039,0.00044174742652103305,0.00016226069419644773
11040,0.0005321286735124886,0.00015997589798644185
11041,0.0006007743068039417,0.00016076932661235332
11042,0.0005932974745519459,0.00015680181968491524
11043,0.0005553418886847794,0.00015680561773478985
11044,0.0004776291025336832,0.00015412930224556476
11045,0.00040797729161567986,0.00015480756701435894
11046,0.00033979228464886546,0.00015178149624262005
11047,0.00027537805726751685,0.00015116858412511647
11048,0.0002189783554058522,0.00015008986520115286
11049,0.0001816322619561106,0.00014912060578353703
11050,0.00016863871132954955,0.00014813347661402076
11051,0.0001721779553918168,0.0001462163927499205
11052,0.00018031950457952917,0.00014627126802224666
11053,0.00018766438006423414,0.0001448899565730244
11054,0.00019664621504489332,0.0001443060173187405
11055,0.0002107173204421997,0.00014275014109443873
11056,0.0002312741708010435,0.00014235929120332003
11057,0.00025714311050251126,0.00014148926129564643
11058,0.0002932095085270703,0.00014083069982007146
11059,0.000337471894454211,0.00013969466090202332
11060,0.0003982869384344667,0.00013904916704632342
11061,0.00046366837341338396,0.00013846487854607403
11062,0.0005499485996551812,0.0001376815198455006
11063,0.0006361592677421868,0.0001370301761198789
11064,0.0007548198336735368,0.00013611550093628466
11065,0.0008597278501838446,0.00013575921184383333
11066,0.0009941768366843462,0.00013495114399120212
11067,0.001080270390957594,0.00013443987700156868
11068,0.0011703453492373228,0.00013367492647375911
11069,0.0011809759307652712,0.00013317576667759567
11070,0.001159484963864088,0.00013261751155368984
11071,0.0010584003757685423,0.00013200331886764616
11072,0.0009136762237176299,0.0001314691617153585
11073,0.0007325286278501153,0.0001308610080741346
11074,0.0005430838791653514,0.0001304387260461226
11075,0.00037538527976721525,0.0001298428833251819
11076,0.0002473345666658133,0.0001293598033953458
11077,0.000174067507032305,0.0001288182393182069
11078,0.00015582985361106694,0.00012836679525207728
11079,0.00018340267706662416,0.00012789579341188073
11080,0.0002396753989160061,0.00012740521924570203
11081,0.00030679217888973653,0.00012693143798969686
11082,0.00036934742820449173,0.0001264762249775231
11083,0.00042151089292019606,0.00012605407391674817
11084,0.00046238215873017907,0.00012560997856780887
11085,0.0005012024194002151,0.0001251771318493411
11086,0.0005391220329329371,0.00012473583046812564
11087,0.0005920744733884931,0.00012433549272827804
11088,0.00064355309586972,0.00012392597272992134
11089,0.0007151627796702087,0.0001235294039361179
11090,0.0007625386351719499,0.00012312107719480991
11091,0.0008184774778783321,0.0001227312022820115
11092,0.0008191101951524615,0.00012235448230057955
11093,0.0008112737559713423,0.00012197931937407702
11094,0.0007444185903295875,0.00012160860933363438
11095,0.0006712080212309957,0.00012123306805733591
11096,0.0005798087804578245,0.00012087799404980615
11097,0.0005027292645536363,0.00012052129750372842
11098,0.00044302872265689075,0.00012017616973025724
11099,0.0003964154457207769,0.00011982819705735892
11100,0.0003574424481485039,0.0001194873038912192
11101,0.0003124049981124699,0.00011915318464161828
11102,0.00026325491489842534,0.00011882102262461558
11103,0.00021300415392033756,0.00011849903967231512
11104,0.0001724797475617379,0.00011817520135082304
11105,0.00014864774129819125,0.00011785828974097967
11106,0.00014384734095074236,0.00011754326260415837
11107,0.00015447134501300752,0.00011723599163815379
11108,0.00017339314217679203,0.00011693173291860148
11109,0.00019340345170348883,0.00011662955512292683
11110,0.0002090172638418153,0.00011633259418886155
11111,0.0002193014370277524,0.00011603863094933331
11112,0.00022533381707035005,0.00011575228563742712
11113,0.00023233878891915083,0.00011546464520506561
11114,0.000245666247792542,0.00011518139945110306
11115,0.00027165067149326205,0.00011490173346828669
11116,0.00031924934592098,0.00011462777911219746
11117,0.0003921557799912989,0.00011435457417974249
11118,0.0005118229310028255,0.00011408510181354359
11119,0.0006725301500409842,0.00011381877993699163
11120,0.0009298354852944613,0.00011355632159393281
11121,0.0012365406146273017,0.00011329547123750672
11122,0.001705734059214592,0.00011304000508971512
11123,0.0021476808469742537,0.00011278598685748875
11124,0.002713309135288,0.00011253416596446186
11125,0.002986837876960635,0.00011228735093027353
11126,0.0031246186699718237,0.00011204133625142276
11127,0.0029232981614768505,0.0001117970678023994
11128,0.002613635966554284,0.00011155771790072322
11129,0.0024972897954285145,0.00011131847713841125
11130,0.0024321740493178368,0.00011108511534985155
11131,0.0024017144460231066,0.00011085166624980047
11132,0.002005364280194044,0.00011062152043450624
11133,0.0014343764632940292,0.00011039295350201428
11134,0.0008570576319471002,0.00011016856296919286
11135,0.0006500960444100201,0.00010994509648298845
11136,0.0007979453075677156,0.0001097248969017528
11137,0.0010470718843862414,0.00010950667638098821
11138,0.0011337088653817773,0.00010928828123724088
11139,0.0009234579047188163,0.00010907482646871358
11140,0.0006010268116369843,0.00010886201926041394
11141,0.0003816427197307348,0.00010865210060728714
11142,0.0004040274943690747,0.00010844466305570677
11143,0.0005920730181969702,0.00010823803313542157
11144,0.0007427281816489995,0.00010803441546158865
11145,0.0007225658046081662,0.00010783062316477299
11146,0.0005345350946299732,0.00010763255704659969
11147,0.0003467730130068958,0.00010743307939264923
11148,0.0002931428898591548,0.00010723710875026882
11149,0.0003783859428949654,0.00010704151645768434
11150,0.0005013322224840522,0.00010684884182410315
11151,0.00055097253061831,0.00010665851004887372
11152,0.000526874850038439,0.00010646894224919379
11153,0.00047711277147755027,0.00010627989831846207
11154,0.00048586775665171444,0.00010609401942929253
11155,0.0005484726279973984,0.00010590957390377298
11156,0.0006450637592934072,0.00010572677274467424
11157,0.0007299811113625765,0.00010554539039731026
11158,0.0008053407073020935,0.00010536519403103739
11159,0.0008731184643693268,0.00010518627823330462
11160,0.0009541141334921122,0.00010501146607566625
11161,0.00100375444162637,0.00010483634832780808
11162,0.0010511309374123812,0.0001046615288942121
11163,0.0009943050099536777,0.00010449015098856762
11164,0.0009111662511713803,0.00010432069393573329
11165,0.0007283535087481141,0.00010415078577352688
11166,0.0005509271286427975,0.00010398131416877732
11167,0.0003845388418994844,0.00010381417814642191
11168,0.0002735910820774734,0.00010364929039496928
11169,0.00021442075376398861,0.00010348521027481183
11170,0.00019320315914228559,0.00010332238161936402
11171,0.0002005404094234109,0.00010316158295609057
11172,0.00023238600988406688,0.00010300280700903386
11173,0.0002880520187318325,0.00010284204472554848
11174,0.00035256819683127105,0.00010268588812323287
11175,0.0004156258364673704,0.00010252864740323275
11176,0.00046192880836315453,0.00010237464448437095
11177,0.0004960065125487745,0.00010222072887700051
11178,0.0005188494687899947,0.0001020674390019849
11179,0.0005489906761795282,0.00010191566252615303
11180,0.00057718571042642,0.00010176630166824907
11181,0.0006220026989467442,0.00010161432874156162
11182,0.0006524452473968267,0.00010146732529392466
11183,0.000690220738761127,0.00010132062016054988
11184,0.0006965017528273165,0.00010117449710378423
11185,0.0007010398549027741,0.00010102763189934194
11186,0.000673700007610023,0.00010088487033499405
11187,0.0006427487824112177,0.00010074111924041063
11188,0.0005913146305829287,0.00010059935448225588
11189,0.000535442610271275,0.00010045863018603995
11190,0.00047188354074023664,0.00010031873534899205
11191,0.0004079470527358353,0.00010018013563239947
11192,0.0003477645805105567,0.0001000415941234678
11193,0.0002938820398412645,9.990483522415161e-05
11194,0.0002488090831320733,9.976872388506308e-05
11195,0.00021325824491214007,9.963259799405932e-05
11196,0.00018711600569076836,9.949880768544972e-05
11197,0.00017040279635693878,9.936477727023885e-05
11198,0.00016101336223073304,9.923259494826198e-05
11199,0.0001573988702148199,9.910160588333383e-05
11200,0.000156695197802037,9.897090785671026e-05
11201,0.00015719026851002127,9.883972961688414e-05
11202,0.0001573229965288192,9.871122892946005e-05
11203,0.00015682603407185525,9.858349949354306e-05
11204,0.00015614708536304533,9.845672320807353e-05
11205,0.00015656926552765071,9.832993237068877e-05
11206,0.00015962922770995647,9.820280683925375e-05
11207,0.000166518657351844,9.807926107896492e-05
11208,0.00017864687833935022,9.795451478566974e-05
11209,0.00019643467385321856,9.783187124412507e-05
11210,0.0002230924874311313,9.770741598913446e-05
11211,0.00026016755145974457,9.758699889061972e-05
11212,0.00031796679832041264,9.746610157890245e-05
11213,0.00040016951970756054,9.734524064697325e-05
11214,0.0005336063914000988,9.72256384557113e-05
11215,0.0007191856275312603,9.710736776469275e-05
11216,0.0010199550306424499,9.699061047285795e-05
11217,0.0014024958945810795,9.687087003840134e-05
11218,0.0019896270241588354,9.675504406914115e-05
11219,0.0025904253125190735,9.663860691944137e-05
11220,0.003348572412505746,9.652337030274794e-05
11221,0.0037515347357839346,9.640907956054434e-05
11222,0.0038882759399712086,9.629482519812882e-05
11223,0.0034702473785728216,9.618164040148258e-05
11224,0.002755493391305208,9.60693578235805e-05
11225,0.002198342466726899,9.595715528121218e-05
11226,0.0017925971187651157,9.584597137290984e-05
11227,0.0015675638569518924,9.573421266395599e-05
11228,0.001268936786800623,9.562388004269451e-05
11229,0.0010337301064282656,9.551554103381932e-05
11230,0.0008884664275683463,9.540491737425327e-05
11231,0.0009091642568819225,9.529769886285067e-05
11232,0.0009696305496618152,9.519046579953283e-05
11233,0.0009223474189639091,9.508383664069697e-05
11234,0.0007744492031633854,9.497597784502432e-05
11235,0.0005856127245351672,9.487072384217754e-05
11236,0.00048341130604967475,9.476587729295716e-05
11237,0.0005032395129092038,9.466030314797536e-05
11238,0.0005933591746725142,9.455628605792299e-05
11239,0.0006480891024693847,9.445345494896173e-05
11240,0.0005884181591682136,9.434978710487485e-05
11241,0.0004492357838898897,9.424815652891994e-05
11242,0.000320288585498929,9.414463420398533e-05
11243,0.00028487853705883026,9.404374577570707e-05
11244,0.00033484207233414054,9.39434248721227e-05
11245,0.0003963882627431303,9.384166332893074e-05
11246,0.0004076893092133105,9.374359797220677e-05
11247,0.00036388414446264505,9.364412835566327e-05
11248,0.000310068775434047,9.354545181849971e-05
11249,0.0002776256005745381,9.344537829747424e-05
11250,0.00027032100479118526,9.334868809673935e-05
11251,0.00027084702742286026,9.325050632469356e-05
11252,0.0002720961347222328,9.315343049820513e-05
11253,0.00028010705136694014,9.305732965003699e-05
11254,0.0002999421558342874,9.296165808336809e-05
11255,0.0003298348165117204,9.286607382819057e-05
11256,0.00036462023854255676,9.277094795834273e-05
11257,0.0003984116774518043,9.267612040275708e-05
11258,0.00044486651313491166,9.258170030079782e-05
11259,0.0004934608587063849,9.248854621546343e-05
11260,0.0005699206376448274,9.23948609852232e-05
11261,0.0006412899820134044,9.230306750396267e-05
11262,0.0007358721923083067,9.221154323313385e-05
11263,0.0008026539580896497,9.212001896230504e-05
11264,0.000868974719196558,9.20278689591214e-05
11265,0.0008864170522429049,9.193699952447787e-05
11266,0.0008846542914398015,9.184617374558002e-05
11267,0.0008364671375602484,9.175745071843266e-05
11268,0.0007649983745068312,9.166626841761172e-05
11269,0.0006630889256484807,9.157672320725396e-05
11270,0.0005450085154734552,9.148849494522437e-05
11271,0.0004238727269694209,9.140144538832828e-05
11272,0.0003132447600364685,9.131308615906164e-05
11273,0.00022923274082131684,9.122596384258941e-05
11274,0.0001785559579730034,9.11392125999555e-05
11275,0.0001617700618226081,9.105295612243935e-05
11276,0.00017161639698315412,9.096688154386356e-05
11277,0.00019637966761365533,9.088103979593143e-05
11278,0.00022502490901388228,9.079594747163355e-05
11279,0.0002490432816557586,9.071253589354455e-05
11280,0.0002687036176212132,9.062985191121697e-05
11281,0.0002863911213353276,9.054825204657391e-05
11282,0.0003102892660535872,9.046866034623235e-05
11283,0.00034803966991603374,9.039088035933673e-05
11284,0.0004015159502159804,9.031818626681343e-05
11285,0.0004844461800530553,9.024979954119772e-05
11286,0.0005822130478918552,9.01877210708335e-05
11287,0.0007283113664016128,9.014079842017964e-05
11288,0.0008751349523663521,9.01099483598955e-05
11289,0.0010888404212892056,9.010946814669296e-05
11290,0.0012594145955517888,9.015446266857907e-05
11291,0.001483697909861803,9.027352643897757e-05
11292,0.0015787141164764762,9.050898370333016e-05
11293,0.0016535549657419324,9.093384869629517e-05
11294,0.001545921666547656,9.166611562250182e-05
11295,0.0013645620783790946,9.290527668781579e-05
11296,0.0010985496919602156,9.49781751842238e-05
11297,0.0008183714235201478,9.845297608990222e-05
11298,0.0005846979329362512,0.00010422592458780855
11299,0.00040869941585697234,0.00011396284389775246
11300,0.0003124705981463194,0.00013021583436056972
11301,0.00028792169177904725,0.00015797217201907188
11302,0.00032830797135829926,0.00020440845401026309
11303,0.000401036289986223,0.00028462757472880185
11304,0.0004856752057094127,0.00041764555498957634
11305,0.000542116176802665,0.0006482884055003524
11306,0.0005601519951596856,0.0010161993559449911
11307,0.0005346529651433229,0.00163678964599967
11308,0.0004810116661246866,0.00250858417712152
11309,0.00042339402716606855,0.0037937297020107508
11310,0.00038375292206183076,0.004943131469190121
11311,0.0003741090768016875,0.005780397914350033
11312,0.00039845090941525996,0.0048019359819591045
11313,0.0004423626814968884,0.0026630910579115152
11314,0.0004993821494281292,0.0005299487384036183
11315,0.0005455546779558063,0.0003084505151491612
11316,0.00058216683100909,0.001604925375431776
11317,0.0005907302838750184,0.002252150559797883
11318,0.0005863839178346097,0.001351314946077764
11319,0.0005636293790303171,0.00023736800358165056
11320,0.0005441160756163299,0.0004803258634638041
11321,0.000530869816429913,0.0012539643794298172
11322,0.0005334971356205642,0.0010085518006235361
11323,0.000550931494217366,0.0002682220656424761
11324,0.0005741313216276467,0.0003197854966856539
11325,0.0005986387259326875,0.000822172500193119
11326,0.0006135061848908663,0.0006882541347295046
11327,0.0006188047118484974,0.00017834299069363624
11328,0.0006188373663462698,0.00024232701980508864
11329,0.0006120812031440437,0.0005923322169110179
11330,0.0006182276410982013,0.00045616229181177914
11331,0.0006176471360959113,0.00014161899161990732
11332,0.0006374819786287844,0.00022927718237042427
11333,0.0006344259018078446,0.0004237935645505786
11334,0.0006423272425308824,0.00029158956022001803
11335,0.0006099324091337621,0.0001177492449642159
11336,0.0005791614530608058,0.0002236791915493086
11337,0.0005137482658028603,0.0003257405187468976
11338,0.0004540822992566973,0.00019788976351264864
11339,0.00038590325857512653,0.00010645138536347076
11340,0.0003327334998175502,0.00019915073062293231
11341,0.0002908276510424912,0.00024327980645466596
11342,0.00026374892331659794,0.00014931349141988903
11343,0.0002484400465618819,0.00011091660417150706
11344,0.00023968747700564563,0.00017735690926201642
11345,0.0002355409087613225,0.00018711428856477141
11346,0.00023170994245447218,0.00011934086069231853
11347,0.00022908372920937836,0.00010961918451357633
11348,0.0002258169697597623,0.0001580145617481321
11349,0.00022433143749367446,0.0001537939824629575
11350,0.00022350421932060272,0.00010753597598522902
11351,0.0002255429426440969,0.0001066418772097677
11352,0.00022961563081480563,0.00013727768964599818
11353,0.00023740099277347326,0.00013053853763267398
11354,0.0002498231187928468,0.00010162351827602834
11355,0.00026870513102039695,0.00010485427628736943
11356,0.00029927791911177337,0.0001240707642864436
11357,0.000344450818374753,0.00011639551667030901
11358,0.0004180011455900967,9.704035619506612e-05
11359,0.0005236114957369864,0.00010031445708591491
11360,0.0006925204652361572,0.00011333437578286976
11361,0.0009214631281793118,0.00010837177251232788
11362,0.0012739392695948482,9.554802090860903e-05
11363,0.0016998169012367725,9.716287604533136e-05
11364,0.00229624449275434,0.00010532367741689086
11365,0.00285854353569448,0.00010213882342213765
11366,0.0034597653429955244,9.369230974698439e-05
11367,0.003746675793081522,9.443278395337984e-05
11368,0.003754648147150874,0.0001000528282020241
11369,0.00350867654196918,9.856466203927994e-05
11370,0.0030285122338682413,9.25827698665671e-05
11371,0.002639851998537779,9.20648526516743e-05
11372,0.0021233742590993643,9.572520502842963e-05
11373,0.0016562631353735924,9.551395487505943e-05
11374,0.0012301794486120343,9.172069985652342e-05
11375,0.001110973535105586,9.068904182640836e-05
11376,0.0011798632331192493,9.28946683416143e-05
11377,0.0013121517840772867,9.326616418547928e-05
11378,0.0012684721732512116,9.077794675249606e-05
11379,0.000992068788036704,8.942809654399753e-05
11380,0.0006699875229969621,9.063813195098191e-05
11381,0.00047572352923452854,9.141251939581707e-05
11382,0.0005005409475415945,9.008905180962756e-05
11383,0.000649456400424242,8.87456044438295e-05
11384,0.0007683709263801575,8.909393363865092e-05
11385,0.0007390878163278103,8.979537233244628e-05
11386,0.0005811420269310474,8.922220877138898e-05
11387,0.0004135316121391952,8.812516898615286e-05
11388,0.0003537135198712349,8.79698563949205e-05
11389,0.0004271730431355536,8.848737343214452e-05
11390,0.0005603345343843102,8.84219552972354e-05
11391,0.0006452680099755526,8.767152758082375e-05
11392,0.0006442949525080621,8.721907215658575e-05
11393,0.0005829176516272128,8.739887562114745e-05
11394,0.000559401698410511,8.752552821533754e-05
11395,0.0005999946151860058,8.714552677702159e-05
11396,0.0007227410096675158,8.667667862027884e-05
11397,0.0008419387741014361,8.660255116410553e-05
11398,0.0009599352488294244,8.67289854795672e-05
11399,0.0009897601557895541,8.660362800583243e-05
11400,0.000976428622379899,8.623555186204612e-05
11401,0.0008613902027718723,8.599249849794433e-05
11402,0.0007070897845551372,8.599362627137452e-05
11403,0.0005142792360857129,8.598739805165678e-05
11404,0.000350237445672974,8.579209679737687e-05
11405,0.0002370771544519812,8.553882071282715e-05
11406,0.0001908451085910201,8.542006253264844e-05
11407,0.0002007436123676598,8.540607814211398e-05
11408,0.00024645967641845345,8.532273204764351e-05
11409,0.0003099522436968982,8.513134525856003e-05
11410,0.00036955028190277517,8.495322254020721e-05
11411,0.0004228214093018323,8.487104787491262e-05
11412,0.00044866499956697226,8.482290286337957e-05
11413,0.0004582347464747727,8.471694309264421e-05
11414,0.00043830802314914763,8.4560779214371e-05
11415,0.0004045986570417881,8.443316619377583e-05
11416,0.00035698400461114943,8.43592279125005e-05
11417,0.00030883075669407845,8.428984438069165e-05
11418,0.000264028727542609,8.417975914198905e-05
11419,0.0002284213260281831,8.404826076002792e-05
11420,0.00020057610527146608,8.394022734137252e-05
11421,0.0001796644792193547,8.386546687688679e-05
11422,0.00016321789007633924,8.378838538192213e-05
11423,0.0001514617761131376,8.368785347556695e-05
11424,0.00014466189895756543,8.357754268217832e-05
11425,0.00014290239778347313,8.348147821379825e-05
11426,0.00014495091454591602,8.340421481989324e-05
11427,0.00014897559594828635,8.332509605679661e-05
11428,0.0001535553456051275,8.32312653074041e-05
11429,0.00015840388368815184,8.313249418279156e-05
11430,0.00016428163507953286,8.30424833111465e-05
11431,0.0001723875175230205,8.296491432702169e-05
11432,0.00018478985293768346,8.288559911306947e-05
11433,0.00020266484352760017,8.279985922854394e-05
11434,0.0002296531747560948,8.271093247458339e-05
11435,0.00026594282826408744,8.262703340733424e-05
11436,0.0003202139923814684,8.255024295067415e-05
11437,0.00039039901457726955,8.247324149124324e-05
11438,0.000498094770591706,8.239250746555626e-05
11439,0.0006314993952400982,8.231049287132919e-05
11440,0.0008353432640433311,8.223019540309906e-05
11441,0.0010609918972477317,8.21545982034877e-05
11442,0.0013844979694113135,8.207927749026567e-05
11443,0.0016596694476902485,8.200458978535607e-05
11444,0.0019850749522447586,8.192668610718101e-05
11445,0.002086782129481435,8.184997568605468e-05
11446,0.0020834840834140778,8.17761174403131e-05
11447,0.0018060640431940556,8.170321234501898e-05
11448,0.0014356423635035753,8.163174061337486e-05
11449,0.0011019271332770586,8.155813702614978e-05
11450,0.000884466280695051,8.14863306004554e-05
11451,0.0008347046095877886,8.14140512375161e-05
11452,0.0008522592252120376,8.134380186675116e-05
11453,0.0009100681636482477,8.127438923111185e-05
11454,0.0008964687003754079,8.120514394249767e-05
11455,0.0008790515712462366,8.113383228192106e-05
11456,0.0007613170309923589,8.106488530756906e-05
11457,0.0006354223587550223,8.099674596451223e-05
11458,0.00048162706661969423,8.09292250778526e-05
11459,0.0003644728858489543,8.086235175142065e-05
11460,0.0003107385418843478,8.079515828285366e-05
11461,0.00032052278402261436,8.072759374044836e-05
11462,0.00036958669079467654,8.066255395533517e-05
11463,0.00040816038381308317,8.059781248448417e-05
11464,0.0004167412989772856,8.053263445617631e-05
11465,0.0003706968273036182,8.046818402362987e-05
11466,0.0003057811700273305,8.040423563215882e-05
11467,0.0002447690931148827,8.033965423237532e-05
11468,0.00021493028907570988,8.027522562770173e-05
11469,0.00021876790560781956,8.021443500183523e-05
11470,0.00023948735906742513,8.015058119781315e-05
11471,0.00025727247702889144,8.008744043763727e-05
11472,0.00025541300419718027,8.002673712326214e-05
11473,0.00023784420045558363,7.996493513928726e-05
11474,0.00021074264077469707,7.99035478848964e-05
11475,0.00018936023116111755,7.984301191754639e-05
11476,0.0001804039056878537,7.978377834660932e-05
11477,0.000183665455551818,7.972149614943191e-05
11478,0.00019364888430573046,7.96624444774352e-05
11479,0.0002028856979450211,7.960347284097224e-05
11480,0.0002088006876874715,7.954367902129889e-05
11481,0.00021033314988017082,7.948498387122527e-05
11482,0.00021456583635881543,7.94265724834986e-05
11483,0.00022454690770246089,7.936807378428057e-05
11484,0.00024991249665617943,7.931131403893232e-05
11485,0.0002937877725344151,7.92521022958681e-05
11486,0.000367426429875195,7.91952625149861e-05
11487,0.00047711559454910457,7.913818990346044e-05
11488,0.0006452513043768704,7.908229599706829e-05
11489,0.0008824167889542878,7.902579818619415e-05
11490,0.0012373870704323053,7.89701152825728e-05
11491,0.001691293902695179,7.891474524512887e-05
11492,0.002319356193765998,7.88582838140428e-05
11493,0.0029223475139588118,7.880347402533516e-05
11494,0.003523965133354068,7.87491153459996e-05
11495,0.0036599182058125734,7.869375258451328e-05
11496,0.0033962817396968603,7.863900827942416e-05
11497,0.0028413014952093363,7.858689059503376e-05
11498,0.0023284037597477436,7.853282295400277e-05
11499,0.002206107834354043,7.847852248232812e-05
11500,0.002089004497975111,7.842569175409153e-05
11501,0.0018002199940383434,7.837286102585495e-05
11502,0.001234621973708272,7.832120172679424e-05
11503,0.0008345056558027864,7.826960791135207e-05
11504,0.000756593537516892,7.821811595931649e-05
11505,0.0009687556885182858,7.816935976734385e-05
11506,0.001141094253398478,7.81218841439113e-05
11507,0.0010470886481925845,7.807593647157773e-05
11508,0.0007556196651421487,7.80334448791109e-05
11509,0.0004592581535689533,7.79964539106004e-05
11510,0.0003658119821920991,7.796760473866016e-05
11511,0.0004710711946245283,7.795096462359652e-05
11512,0.0006301061948761344,7.795262354193255e-05
11513,0.0006694462499581277,7.7983939263504e-05
11514,0.0005503526772372425,7.806358917150646e-05
11515,0.00037190172588452697,7.82200659159571e-05
11516,0.00026441310183145106,7.84998046583496e-05
11517,0.00028955304878763855,7.89786281529814e-05
11518,0.0003919364826288074,7.978393114171922e-05
11519,0.00046496756840497255,8.112644718494266e-05
11520,0.00044833560241386294,8.335495658684522e-05
11521,0.0003545914078131318,8.705992513569072e-05
11522,0.00026440934743732214,9.321729885414243e-05
11523,0.00023322606284637004,0.00010352805838920176
11524,0.0002713697322178632,0.00012076771236024797
11525,0.00033128808718174696,0.0001498986966907978
11526,0.0003715154598467052,0.00019878671446349472
11527,0.00036566006019711494,0.0002818070934154093
11528,0.0003360907721798867,0.00042023352580145
11529,0.00031406877678819,0.0006534253479912877
11530,0.00032748913508839905,0.0010285918833687901
11531,0.0003698159125633538,0.0016297316178679466
11532,0.0004288164200261235,0.0024837732780724764
11533,0.0004667302710004151,0.0036174943670630455
11534,0.0004961950471624732,0.004626595880836248
11535,0.0005025489954277873,0.005068274214863777
11536,0.0005279816687107086,0.004027390852570534
11537,0.00055692222667858,0.0020374557934701443
11538,0.000611506518907845,0.0004015371378045529
11539,0.0006474448600783944,0.0004269160854164511
11540,0.000678442302159965,0.0015193350845947862
11541,0.0006662381929345429,0.001975407125428319
11542,0.0006461587618105114,0.0012129443930462003
11543,0.0005986630567349494,0.00029235827969387174
11544,0.0005615787813439965,0.00041177976527251303
11545,0.0005120263667777181,0.0010739827994257212
11546,0.0004707948537543416,0.0010699053527787328
11547,0.00041666009929031134,0.00043047702638432384
11548,0.00036443688441067934,0.00014900843962095678
11549,0.0003091408289037645,0.0005260778125375509
11550,0.00026256596902385354,0.0007969201542437077
11551,0.00022567871201317757,0.0004883442888967693
11552,0.0001998270454350859,0.00012674620666075498
11553,0.00018151846597902477,0.00022693666687700897
11554,0.0001679222914390266,0.000504536961670965
11555,0.00015702034579589963,0.0004639057151507586
11556,0.00014880821981932968,0.00018749295850284398
11557,0.00014357692271005362,0.0001118396467063576
11558,0.0001413348945789039,0.00028170060249976814
11559,0.0001411199918948114,0.0003600452037062496
11560,0.0001416908053215593,0.00022383649775292724
11561,0.00014205581101123244,0.00010007501259678975
11562,0.0001418866595486179,0.00015598114987369627
11563,0.00014149793423712254,0.0002535265521146357
11564,0.00014163152081891894,0.0002183241449529305
11565,0.0001430331903975457,0.0001149637027992867
11566,0.0001462453801650554,9.932451939675957e-05
11567,0.00015189338591881096,0.00016775807307567447
11568,0.0001604655699338764,0.00019218095985706896
11569,0.00017375272000208497,0.0001336870773229748
11570,0.00019349246576894075,8.520084520569071e-05
11571,0.0002258587919641286,0.0001076771950465627
11572,0.00027579860761761665,0.0001486467372160405
11573,0.00036074541276320815,0.00013987616694066674
11574,0.0004904657835140824,9.745699935592711e-05
11575,0.0007122199749574065,8.327447721967474e-05
11576,0.001031752908602357,0.00010692210344132036
11577,0.0015671697910875082,0.0001233906950801611
11578,0.002229951787739992,0.00010756162373581901
11579,0.003229332622140646,8.482674456899986e-05
11580,0.004034311044961214,8.52501907502301e-05
11581,0.004787944722920656,0.00010078422201331705
11582,0.004579521715641022,0.00010423074854770675
11583,0.0037698610685765743,9.080762538360432e-05
11584,0.002874209312722087,8.012744365260005e-05
11585,0.002387187909334898,8.453553164144978e-05
11586,0.0024903188459575176,9.37291988520883e-05
11587,0.002391104819253087,9.280798258259892e-05
11588,0.0019722534343600273,8.339747000718489e-05
11589,0.0012195196468383074,7.813078264007345e-05
11590,0.0007920787902548909,8.205475023714826e-05
11591,0.0008121910504996777,8.742876525502652e-05
11592,0.0010542854433879256,8.613351383246481e-05
11593,0.0012498022988438606,8.03086586529389e-05
11594,0.001158389961346984,7.742481102468446e-05
11595,0.0008602049201726913,7.982959505170584e-05
11596,0.000537559506483376,8.278406312456354e-05
11597,0.00044148851884528995,8.190931112039834e-05
11598,0.000596139463596046,7.856480806367472e-05
11599,0.0007499675266444683,7.693435327382758e-05
11600,0.0006879806751385331,7.828495290596038e-05
11601,0.0004492313601076603,7.994240877451375e-05
11602,0.000295657548122108,7.940814975881949e-05
11603,0.00035452202428132296,7.738100248388946e-05
11604,0.0004915078752674162,7.627720333402976e-05
11605,0.0005167924100533128,7.698054832872003e-05
11606,0.00040278572123497725,7.806441135471687e-05
11607,0.0002894354984164238,7.79375113779679e-05
11608,0.0002702786005102098,7.673750951653346e-05
11609,0.0003215702890884131,7.583971455460414e-05
11610,0.00036728609120473266,7.601291872560978e-05
11611,0.00036222924245521426,7.665904558962211e-05
11612,0.00032464752439409494,7.677983376197517e-05
11613,0.00027877558022737503,7.618656673002988e-05
11614,0.00026355363661423326,7.55505679990165e-05
11615,0.0002879961975850165,7.545358675997704e-05
11616,0.0003378315013833344,7.576548523502424e-05
11617,0.00037723075365647674,7.592318434035406e-05
11618,0.00037663226248696446,7.565417035948485e-05
11619,0.0003597605973482132,7.521875522797927e-05
11620,0.00036139891017228365,7.501571963075548e-05
11621,0.00039024290163069963,7.512695447076112e-05
11622,0.0004391876864247024,7.527922571171075e-05
11623,0.00046117600868456066,7.521321094827726e-05
11624,0.0004772315442096442,7.495127647416666e-05
11625,0.00047185143921524286,7.47180893085897e-05
11626,0.00047789528616704047,7.466840907000005e-05
11627,0.00048190573579631746,7.473744335584342e-05
11628,0.0004895806778222322,7.47564627090469e-05
11629,0.0004931429284624755,7.464590453309938e-05
11630,0.00048804684774950147,7.447444659192115e-05
11631,0.00046942883636802435,7.436163286911324e-05
11632,0.00044351076940074563,7.434605504386127e-05
11633,0.00041479288483969867,7.436244777636603e-05
11634,0.0003984713985119015,7.432660640915856e-05
11635,0.0003836816758848727,7.422235648846254e-05
11636,0.00037603246164508164,7.410600665025413e-05
11637,0.0003602038777898997,7.403512427117676e-05
11638,0.0003483082400634885,7.401561015285552e-05
11639,0.00033289860584773123,7.400337199214846e-05
11640,0.000324602413456887,7.395732245640829e-05
11641,0.00031707328162156045,7.387852383544669e-05
11642,0.0003161241766065359,7.379816088359803e-05
11643,0.0003178429906256497,7.374232518486679e-05
11644,0.00032331663533113897,7.371015090029687e-05
11645,0.00032970227766782045,7.36810325179249e-05
11646,0.00034048486850224435,7.363418262684718e-05
11647,0.0003553933056537062,7.35716093913652e-05
11648,0.00038325253990478814,7.350793021032587e-05
11649,0.00041756738210096955,7.345630001509562e-05
11650,0.0004712240188382566,7.342056051129475e-05
11651,0.0005283726495690644,7.338669092860073e-05
11652,0.0006106391083449125,7.334514521062374e-05
11653,0.00069359818007797,7.329410436796024e-05
11654,0.0008069452596828341,7.323899626499042e-05
11655,0.000913828203920275,7.319009455386549e-05
11656,0.0010471225250512362,7.314830872928724e-05
11657,0.0011513574281707406,7.311181252589449e-05
11658,0.0012555173598229885,7.307186024263501e-05
11659,0.0012919958680868149,7.302633457584307e-05
11660,0.0012872419320046902,7.297926640603691e-05
11661,0.0011962009593844414,7.29322709958069e-05
11662,0.0010492609580978751,7.288987399078906e-05
11663,0.0008519194670952857,7.285096944542602e-05
11664,0.0006374738877639174,7.28129962226376e-05
11665,0.000439243798609823,7.277130498550832e-05
11666,0.00028142647352069616,7.272896618815139e-05
11667,0.00018203177023679018,7.268576155183837e-05
11668,0.00014295412984210998,7.264511805260554e-05
11669,0.0001556659408379346,7.260443089762703e-05
11670,0.00020445599511731416,7.256497337948531e-05
11671,0.00027201551711186767,7.252829527715221e-05
11672,0.0003447546041570604,7.248818292282522e-05
11673,0.00041498334030620754,7.244727748911828e-05
11674,0.000479719543363899,7.240782724693418e-05
11675,0.000546364753972739,7.236814417410642e-05
11676,0.0006080011953599751,7.232975622173399e-05
11677,0.0006829322082921863,7.229104812722653e-05
11678,0.0007402388728223741,7.225371518870816e-05
11679,0.0008088087197393179,7.221590203698725e-05
11680,0.0008329830598086119,7.21775068086572e-05
11681,0.0008553356747142971,7.213841308839619e-05
11682,0.0008187455823644996,7.210138574009761e-05
11683,0.0007725724717602134,7.206318696262315e-05
11684,0.0006873361417092383,7.202678534667939e-05
11685,0.0005997492698952556,7.199058018159121e-05
11686,0.0005079143447801471,7.19543022569269e-05
11687,0.0004217177047394216,7.191820623120293e-05
11688,0.0003453759418334812,7.188277231762186e-05
11689,0.00027586333453655243,7.184636342572048e-05
11690,0.00021839386317878962,7.181178079918027e-05
11691,0.00017435793415643275,7.177841325756162e-05
11692,0.0001480829087086022,7.174533675424755e-05
11693,0.00014004373224452138,7.171462493715808e-05
11694,0.0001475618628319353,7.168574666138738e-05
11695,0.00016531231813132763,7.165860006352887e-05
11696,0.00018741594976745546,7.163550617406145e-05
11697,0.00021014265075791627,7.161954999901354e-05
11698,0.00023200716532301158,7.161268149502575e-05
11699,0.00025570596335455775,7.161832036217675e-05
11700,0.00028561436920426786,7.164436101447791e-05
11701,0.0003267614229116589,7.170204480644315e-05
11702,0.00038867437979206443,7.180645479820669e-05
11703,0.0004710898210760206,7.198587991297245e-05
11704,0.0005946365417912602,7.228190952446312e-05
11705,0.0007427938398905098,7.275890675373375e-05
11706,0.000960121164098382,7.352777174673975e-05
11707,0.0011878260411322117,7.475767779396847e-05
11708,0.0015003086300566792,7.674530934309587e-05
11709,0.0017540908884257078,7.994336192496121e-05
11710,0.0020342881325632334,8.517110836692154e-05
11711,0.002140904776751995,9.364463039673865e-05
11712,0.002151357475668192,0.00010769224172690883
11713,0.002013364341109991,0.00013060540368314832
11714,0.001776567893102765,0.00016920550842769444
11715,0.0015600372571498156,0.00023230495571624488
11716,0.0012896934058517218,0.000340155849698931
11717,0.0010329635115340352,0.000514199142344296
11718,0.000735871319193393,0.0008129585185088217
11719,0.000496020948048681,0.0012715571792796254
11720,0.00036756315967068076,0.0020356380846351385
11721,0.00040084871579892933,0.0030414394568651915
11722,0.0005412199534475803,0.0044893017038702965
11723,0.0007000754121690989,0.005587123334407806
11724,0.0007876601302996278,0.006258309818804264
11725,0.0007450840785168111,0.004903261549770832
11726,0.0006136049050837755,0.002559033688157797
11727,0.0004513367894105613,0.00045953181688673794
11728,0.00034374877577647567,0.00030123835313133895
11729,0.0003302143304608762,0.0016191210597753525
11730,0.00039084727177396417,0.002411154331639409
11731,0.0004830002726521343,0.0016872090054675937
11732,0.0005387685960158706,0.00038403886719606817
11733,0.0005487225134856999,0.0002294849109603092
11734,0.0004998379154130816,0.0010681593557819724
11735,0.000442815973656252,0.0013397256843745708
11736,0.00039339737850241363,0.0006523685879074037
11737,0.0003844992897938937,0.00011687273945426568
11738,0.0004072814481332898,0.00045573842362500727
11739,0.00045219657476991415,0.0008827823330648243
11740,0.0004992607864551246,0.0006018648855388165
11741,0.0005312215653248131,0.00014620683214161545
11742,0.0005467290757223964,0.0002271647099405527
11743,0.0005507392343133688,0.0005527507746592164
11744,0.0005508966860361397,0.0004947070847265422
11745,0.0005715848528780043,0.00017224106704816222
11746,0.0005917210946790874,0.00014069039025343955
11747,0.0006446669576689601,0.00035861137439496815
11748,0.0006682532839477062,0.00037449391675181687
11749,0.0007098282803781331,0.00017361128993798047
11750,0.0006933253607712686,0.00010802668111864477
11751,0.0006800576811656356,0.00024098894209600985
11752,0.0006165991071611643,0.0002909860631916672
11753,0.0005596064147539437,0.0001688742486294359
11754,0.0004876454477198422,9.428095654584467e-05
11755,0.00042989684152416885,0.00016569219587836415
11756,0.0003789936890825629,0.00022210874885786325
11757,0.00033728318521752954,0.000161121686687693
11758,0.00030068011255934834,9.362043783767149e-05
11759,0.0002658223966136575,0.00012166324449935928
11760,0.000233905142522417,0.00017237442079931498
11761,0.00020640325965359807,0.0001497580378782004
11762,0.00018656247993931174,9.63487836997956e-05
11763,0.00017530456534586847,9.626137762097642e-05
11764,0.0001723544264677912,0.0001331679814029485
11765,0.000174979300936684,0.0001360868918709457
11766,0.00018016633111983538,0.00010151980677619576
11767,0.00018502624880056828,8.623002213425934e-05
11768,0.0001875825400929898,0.00010574205953162163
11769,0.0001876621099654585,0.0001191628907690756
11770,0.0001857171591836959,0.00010328749340260401
11771,0.00018322511459700763,8.449733286397532e-05
11772,0.0001814049028325826,8.894421625882387e-05
11773,0.00018121025641448796,0.0001029159247991629
11774,0.00018339254893362522,0.00010123785614268854
11775,0.00018850840569939464,8.70934163685888e-05
11776,0.00019808532670140266,8.157838601619005e-05
11777,0.00021462292352225631,8.915315993363038e-05
11778,0.00024289943394251168,9.456517000216991e-05
11779,0.0002913383941631764,8.878202788764611e-05
11780,0.00037092724232934415,8.08243130450137e-05
11781,0.0005060153198428452,8.105400047497824e-05
11782,0.000715114816557616,8.639613224659115e-05
11783,0.001064613345079124,8.731363050173968e-05
11784,0.001552189001813531,8.233190601458773e-05
11785,0.002320682629942894,7.848511449992657e-05
11786,0.0031572964508086443,7.989820005604997e-05
11787,0.004196948371827602,8.282427734229714e-05
11788,0.004698492120951414,8.230170351453125e-05
11789,0.004730662330985069,7.903389632701874e-05
11790,0.004194315057247877,7.725574687356129e-05
11791,0.0036184354685246944,7.841545448172837e-05
11792,0.003679746761918068,7.987498975126073e-05
11793,0.003644701559096575,7.919425115687773e-05
11794,0.0031425547786056995,7.719703717157245e-05
11795,0.0019089763518422842,7.622801058460027e-05
11796,0.0010749046923592687,7.688084588153288e-05
11797,0.0011126685421913862,7.763263420201838e-05
11798,0.0016913734143599868,7.72010171203874e-05
11799,0.001984396716579795,7.603174162795767e-05
11800,0.0015423943987116218,7.538377394666895e-05
11801,0.0008637724677100778,7.561637903563678e-05
11802,0.0005161741282790899,7.599389209644869e-05
11803,0.0007216483354568481,7.579402881674469e-05
11804,0.0011231399839743972,7.513709715567529e-05
11805,0.00120497343596071,7.464058580808342e-05
11806,0.0008649340597912669,7.460303459083661e-05
11807,0.00040437738061882555,7.476424798369408e-05
11808,0.0002502136630937457,7.471784920198843e-05
11809,0.00047128417645581067,7.4392395617906e-05
11810,0.0007416676380671561,7.402635674225166e-05
11811,0.0007397914887405932,7.384712080238387e-05
11812,0.00048240539035759866,7.384203490801156e-05
11813,0.00027354873600415885,7.383899355772883e-05
11814,0.0003036605194211006,7.371055835392326e-05
11815,0.0004448790568858385,7.347796054091305e-05
11816,0.00048703959328122437,7.326072227442637e-05
11817,0.00038323173066601157,7.3146031354554e-05
11818,0.0002757058828137815,7.311306399060413e-05
11819,0.000268538628006354,7.30733445379883e-05
11820,0.00032414455199614167,7.295866817003116e-05
11821,0.000339725345838815,7.278464181581512e-05
11822,0.0002856097707990557,7.262318831635639e-05
11823,0.00022643360716756433,7.253274088725448e-05
11824,0.00021475643734447658,7.249558984767646e-05
11825,0.0002452271291986108,7.244621519930661e-05
11826,0.0002771324652712792,7.234096119645983e-05
11827,0.00027481955476105213,7.219949475256726e-05
11828,0.00024384587595704943,7.207690214272588e-05
11829,0.00020619150018319488,7.200289110187441e-05
11830,0.0001973249454749748,7.19582531019114e-05
11831,0.00021783569536637515,7.190108590293676e-05
11832,0.00024487439077347517,7.180766260717064e-05
11833,0.00025440764147788286,7.169780292315409e-05
11834,0.00024393704370595515,7.160209497669712e-05
11835,0.00023729150416329503,7.153343176469207e-05
11836,0.0002548819757066667,7.147904398152605e-05
11837,0.0002912716590799391,7.141731475712731e-05
11838,0.00033689202973619103,7.133997860364616e-05
11839,0.0003757870872505009,7.125521369744092e-05
11840,0.00043969915714114904,7.117618952179328e-05
11841,0.0005253051058389246,7.110583828762174e-05
11842,0.0006661138613708317,7.10438471287489e-05
11843,0.0008261966286227107,7.09820378688164e-05
11844,0.001039957394823432,7.091874431353062e-05
11845,0.0012416366953402758,7.085314427968115e-05
11846,0.0014997826656326652,7.07831495674327e-05
11847,0.00164885725826025,7.071517029544339e-05
11848,0.0017837082268670201,7.065125100780278e-05
11849,0.001664783456362784,7.059058407321572e-05
11850,0.0014393454184755683,7.053379522403702e-05
11851,0.0010419085156172514,7.04761769156903e-05
11852,0.0006506039062514901,7.041581557132304e-05
11853,0.0003580331103876233,7.035421003820375e-05
11854,0.00021973570983391255,7.029343396425247e-05
11855,0.00022596472990699112,7.023516809567809e-05
11856,0.000326270965160802,7.018010364845395e-05
11857,0.0004723213496617973,7.01253957231529e-05
11858,0.0006044146721251309,7.007086969679222e-05
11859,0.000691200839355588,7.00150485499762e-05
11860,0.0006983591592870653,6.995860894676298e-05
11861,0.0006320382235571742,6.990337715251371e-05
11862,0.0005181300803087652,6.984973879298195e-05
11863,0.00040040104067884386,6.979695172049105e-05
11864,0.00030303761013783514,6.974511779844761e-05
11865,0.00023770077677909285,6.969476817175746e-05
11866,0.0001943829993251711,6.964283238630742e-05
11867,0.00016847906226757914,6.959241727599874e-05
11868,0.00015940159210003912,6.954037235118449e-05
11869,0.00016990068252198398,6.949056114535779e-05
11870,0.00019833724945783615,6.944079359527677e-05
11871,0.00023659609723836184,6.939136073924601e-05
11872,0.00027854161453433335,6.934301927685738e-05
11873,0.00031513883732259274,6.929515802767128e-05
11874,0.0003531323163770139,6.924810440978035e-05
11875,0.00038546451833099127,6.920043961144984e-05
11876,0.0004246808239258826,6.915403355378658e-05
11877,0.00045982847223058343,6.910848605912179e-05
11878,0.0004998198128305376,6.906248745508492e-05
11879,0.0005315332091413438,6.901918823132291e-05
11880,0.0005623328033834696,6.897615821799263e-05
11881,0.0005795271717943251,6.893435056554154e-05
11882,0.0005947492318227887,6.889390351716429e-05
11883,0.0005913060740567744,6.885772017994896e-05
11884,0.000586672977078706,6.882357411086559e-05
11885,0.0005589915672317147,6.879695865791291e-05
11886,0.000530616263858974,6.877742998767644e-05
11887,0.00048295172746293247,6.876888073747978e-05
11888,0.00043729384196922183,6.877894338686019e-05
11889,0.00038294860860332847,6.881589797558263e-05
11890,0.0003335637738928199,6.889321957714856e-05
11891,0.0002847520518116653,6.903401663294062e-05
11892,0.0002434777852613479,6.927169306436554e-05
11893,0.00020817645417992026,6.966399087104946e-05
11894,0.00018159205501433462,7.029628613963723e-05
11895,0.00016213060007430613,7.131256279535592e-05
11896,0.0001496309705544263,7.293757516890764e-05
11897,0.000142147924634628,7.555243064416572e-05
11898,0.0001384080678690225,7.974771870067343e-05
11899,0.0001371056423522532,8.655050623929128e-05
11900,0.00013760646106675267,9.755647624842823e-05
11901,0.00013972166925668716,0.00011561837891349569
11902,0.00014362095680553466,0.00014505244325846434
11903,0.0001496458426117897,0.00019386515486985445
11904,0.00015816339873708785,0.0002734529844019562
11905,0.00017031189054250717,0.0004058829799760133
11906,0.0001870561536634341,0.0006180978380143642
11907,0.00021211108833085746,0.0009650674764998257
11908,0.0002475908549968153,0.0014864039840176702
11909,0.0003031266387552023,0.0022724736481904984
11910,0.0003818845725618303,0.003232528455555439
11911,0.000507585471495986,0.004306720104068518
11912,0.000680711236782372,0.004789875354617834
11913,0.0009564791107550263,0.004403299652040005
11914,0.0013049733825027943,0.0027441191487014294
11915,0.001832689275033772,0.001008287537842989
11916,0.002369477180764079,0.00030249496921896935
11917,0.0030406597070395947,0.0008699821191839874
11918,0.003387224627658725,0.0016997683560475707
11919,0.003490821924060583,0.0016797106945887208
11920,0.003061683615669608,0.000910871138330549
11921,0.002344132401049137,0.00031402683816850185
11922,0.0017307847738265991,0.00048315624007955194
11923,0.0013146023266017437,0.0009395309025421739
11924,0.0011744473595172167,0.0009513545664958656
11925,0.0010960776126012206,0.0005422997055575252
11926,0.001105487928725779,0.000274102232651785
11927,0.0010579315712675452,0.0004071724251843989
11928,0.0010087048867717385,0.0005951064522378147
11929,0.0008740246994420886,0.00048632873222231865
11930,0.0006746436702087522,0.0002390767476754263
11931,0.0005055080400779843,0.00018998212181031704
11932,0.0004351937386672944,0.00035791369737125933
11933,0.0004852245911024511,0.00045486868475563824
11934,0.0005800341023132205,0.0003203496162313968
11935,0.0006363741122186184,0.00013866064546164125
11936,0.0005787454429082572,0.00012805925507564098
11937,0.00043446285417303443,0.0002540478017181158
11938,0.0002885278663598001,0.0003103980852756649
11939,0.00022683877614326775,0.00021458551054820418
11940,0.0002707590174395591,9.759027307154611e-05
11941,0.00036101078148931265,9.547361696604639e-05
11942,0.00041656894609332085,0.00017904888954944909
11943,0.00038888928247615695,0.0002209855301771313
11944,0.0003040164883714169,0.00017113877402152866
11945,0.0002213707921328023,0.00010129479051101953
11946,0.0001854437286965549,8.983752195490524e-05
11947,0.00019958592019975185,0.00012659946514759213
11948,0.0002356424811296165,0.0001473097363486886
11949,0.0002638058504089713,0.00012374007201287895
11950,0.0002689619141165167,9.03969703358598e-05
11951,0.0002567775663919747,8.573913510190323e-05
11952,0.0002408313303021714,0.00010423350613564253
11953,0.00023452311870642006,0.00011347779945936054
11954,0.00024167474475689232,9.992032573791221e-05
11955,0.0002619815059006214,8.244010678026825e-05
11956,0.00028787465998902917,8.165112376445904e-05
11957,0.00032310374081134796,9.40088284551166e-05
11958,0.00036302831722423434,0.0001000070187728852
11959,0.00041800353210419416,9.034421236719936e-05
11960,0.0004780953167937696,7.590151653857902e-05
11961,0.000551340461242944,7.181819819379598e-05
11962,0.0006266228738240898,7.935258327051997e-05
11963,0.0007199206738732755,8.673385309521109e-05
11964,0.0008171836379915476,8.439191151410341e-05
11965,0.0009394005173817277,7.5219948485028e-05
11966,0.0010411309776827693,6.898705760249868e-05
11967,0.0011464239796623588,7.069081766530871e-05
11968,0.0011778139742091298,7.622002885909751e-05
11969,0.0011751832207664847,7.853745046304539e-05
11970,0.0010737951379269361,7.557387289125472e-05
11971,0.0009297617943957448,7.109677244443446e-05
11972,0.0007358993170782924,6.953865522518754e-05
11973,0.0005431593745015562,7.129130244720727e-05
11974,0.0003759749815799296,7.333555549848825e-05
11975,0.0002540075802244246,7.318011921597645e-05
11976,0.00018507271306589246,7.126494165277109e-05
11977,0.00016505245002917945,6.977619341341779e-05
11978,0.00018494107644073665,6.993103306740522e-05
11979,0.00023196107940748334,7.093876774888486e-05
11980,0.00029449007706716657,7.128867582650855e-05
11981,0.000359163066605106,7.048814586596563e-05
11982,0.00042252795537933707,6.942314212210476e-05
11983,0.0004774043336510658,6.91614841343835e-05
11984,0.0005330079584382474,6.983484490774572e-05
11985,0.0005809535505250096,7.063731027301401e-05
11986,0.0006378956604748964,7.080049545038491e-05
11987,0.0006796563393436372,7.035021553747356e-05
11988,0.0007284145685844123,7.000456389505416e-05
11989,0.0007429103716276586,7.038815965643153e-05
11990,0.0007547381683252752,7.153938349802047e-05
11991,0.0007205430883914232,7.299401477212086e-05
11992,0.0006792667554691434,7.441734487656504e-05
11993,0.0006044281180948019,7.59088434278965e-05
11994,0.0005292895948514342,7.808856753399596e-05
11995,0.0004474012239370495,8.153128146659583e-05
11996,0.0003737328224815428,8.682456245878711e-05
11997,0.00030887132743373513,9.419882553629577e-05
11998,0.00025365676265209913,0.00010463541548233479
11999,0.00020947333541698754,0.0001190321272588335
12000,0.00017570218187756836,0.00014032299804966897
12001,0.00015386397717520595,0.00017049025336746126
12002,0.00014375365572050214,0.00021611973352264613
12003,0.0001443738874513656,0.00028009258676320314
12004,0.0001533597824163735,0.00037752336356788874
12005,0.00016811258683446795,0.0005105924210511148
12006,0.0001860099146142602,0.0007134577608667314
12007,0.0002065198787022382,0.0009736890788190067
12008,0.0002289860276505351,0.001358470181003213
12009,0.00025709037436172366,0.0017800680361688137
12010,0.00029091868782415986,0.0023361945059150457
12011,0.000339851132594049,0.002715190639719367
12012,0.0004008942050859332,0.0030180609319359064
12013,0.0004939314094372094,0.002721365075558424
12014,0.0006052314420230687,0.002100714249536395
12015,0.0007755132974125445,0.0011148096527904272
12016,0.0009609415428712964,0.00034305325243622065
12017,0.0012347705196589231,8.810433791950345e-05
12018,0.001480518258176744,0.0003603272489272058
12019,0.001798580982722342,0.0008159417193382978
12020,0.001972198486328125,0.001007949118502438
12021,0.0021047384943813086,0.0008096931269392371
12022,0.002033079043030739,0.0003777459787670523
12023,0.0018734653713181615,0.0001038792688632384
12024,0.001746144494973123,0.00016183154366444796
12025,0.0016837321454659104,0.000407611922128126
12026,0.0018266810802742839,0.0005592280649580061
12027,0.001922565046697855,0.0004649177717510611
12028,0.001976794796064496,0.0002473616332281381
12029,0.0016584090190008283,0.00011852496390929446
12030,0.0012210974236950278,0.0001738891878630966
12031,0.0007370783714577556,0.00031749746995046735
12032,0.0005133165395818651,0.00038429375854320824
12033,0.0005680585745722055,0.0003313048218842596
12034,0.0007441433263011277,0.00023314167628996074
12035,0.0008490648469887674,0.00021268028649501503
12036,0.0007483941735699773,0.00029559468384832144
12037,0.0005259911413304508,0.0004172837652731687
12038,0.00032926996937021613,0.0004963560495525599
12039,0.0002899066312238574,0.0005298785981722176
12040,0.0003932422841899097,0.0005645440542139113
12041,0.0005084100994281471,0.0006645526736974716
12042,0.000524742528796196,0.0008090262999758124
12043,0.000420878641307354,0.0009604409569874406
12044,0.00030063570011407137,0.0010190908797085285
12045,0.0002637704601511359,0.0009919964941218495
12046,0.0003317516529932618,0.0008486594306305051
12047,0.0004510044236667454,0.0006594329024665058
12048,0.0005517135723493993,0.00044175906805321574
12049,0.000649286899715662,0.0002561396104283631
12050,0.0007726865005679429,0.00013856716395821422
12051,0.0010417163139209151,0.00011346364772180095
12052,0.0014057827647775412,0.00016732612857595086
12053,0.0019420976750552654,0.00024984468473121524
12054,0.0023712317924946547,0.000304928922560066
12055,0.002710121450945735,0.0002931234776042402
12056,0.0025924064684659243,0.0002260195033159107
12057,0.002163294469937682,0.00014254714187700301
12058,0.0015620405320078135,9.01225721463561e-05
12059,0.0010944644454866648,8.897220686776564e-05
12060,0.0008719470351934433,0.00012403534492477775
12061,0.0007396989385597408,0.00016113366291392595
12062,0.0005922885029576719,0.00017093127826228738
12063,0.00046646647388115525,0.00014956097584217787
12064,0.0004959668149240315,0.00011306099622743204
12065,0.0006884626927785575,8.51722143124789e-05
12066,0.0008746344828978181,7.891756831668317e-05
12067,0.0009027451160363853,9.065050835488364e-05
12068,0.0007251534843817353,0.00010635095532052219
12069,0.0004885047674179077,0.00011256246943958104
12070,0.00035355862928554416,0.00010581077367532998
12071,0.0003609945415519178,9.154545841738582e-05
12072,0.00043812720105051994,7.926004764158279e-05
12073,0.00045548344496637583,7.494877354474738e-05
12074,0.00038018065970391035,7.818749872967601e-05
12075,0.00025308309704996645,8.405044354731217e-05
12076,0.00016731207142584026,8.706084918230772e-05
12077,0.00016839549061842263,8.507852908223867e-05
12078,0.00023578580294270068,7.944964454509318e-05
12079,0.0003099754103459418,7.364857447100803e-05
12080,0.0003371127531863749,7.044920494081452e-05
12081,0.0003181497741024941,7.052948058117181e-05
12082,0.00027688092086464167,7.260245183715597e-05
12083,0.00026205333415418863,7.46262157917954e-05
12084,0.0002847136929631233,7.52172782085836e-05
12085,0.00033726185210980475,7.407994417008013e-05
12086,0.00038917630445212126,7.195168291218579e-05
12087,0.00041757398867048323,6.979497993597761e-05
12088,0.0004232472274452448,6.83092002873309e-05
12089,0.00042405168642289937,6.765036232536659e-05
12090,0.00043534248834475875,6.759859388694167e-05
12091,0.0004772501706611365,6.780883995816112e-05
12092,0.0005205625202506781,6.80205921526067e-05
12093,0.0005793414311483502,6.812097853980958e-05
12094,0.00059954245807603,6.806913734180853e-05
12095,0.0006193294539116323,6.786055018892512e-05
12096,0.000600581057369709,6.748917076038197e-05
12097,0.000588939234148711,6.699025834677741e-05
12098,0.0005620380397886038,6.644700624747202e-05
12099,0.0005389836733229458,6.598937761737034e-05
12100,0.0005036565125919878,6.571934500243515e-05
12101,0.00045556877739727497,6.566844240296632e-05
12102,0.0003954377316404134,6.576998566742986e-05
12103,0.0003301152610220015,6.589057738892734e-05
12104,0.00027185416547581553,6.589700205950066e-05
12105,0.00022846099454909563,6.571520498255268e-05
12106,0.00020085473079234362,6.536599539685994e-05
12107,0.00018575243302620947,6.494756235042587e-05
12108,0.00017514423234388232,6.45846885163337e-05
12109,0.00016541199875064194,6.437249248847365e-05
12110,0.00015427626203745604,6.433945236494765e-05
12111,0.00014404201647266746,6.444129394367337e-05
12112,0.00013691333879251033,6.459456199081615e-05
12113,0.00013432835112325847,6.470977677963674e-05
12114,0.0001354645937681198,6.472707173088565e-05
12115,0.0001381384499836713,6.463879253715277e-05
12116,0.0001400873443344608,6.44755782559514e-05
12117,0.00014007379650138319,6.428886263165623e-05
12118,0.00013837029109708965,6.413521623471752e-05
12119,0.0001361798495054245,6.40459475107491e-05
12120,0.00013500139175448567,6.403055158443749e-05
12121,0.00013576637138612568,6.407779437722638e-05
12122,0.00013877794845029712,6.416125688701868e-05
12123,0.0001438955223420635,6.425636820495129e-05
12124,0.00015118700684979558,6.43510720692575e-05
12125,0.00016137937200255692,6.444720202125609e-05
12126,0.00017678776930551976,6.456475239247084e-05
12127,0.00020081293769180775,6.47331980871968e-05
12128,0.0002411730820313096,6.499560549855232e-05
12129,0.00030526763293892145,6.540057074744254e-05
12130,0.0004154549678787589,6.601912900805473e-05
12131,0.0005836556083522737,6.69394648866728e-05
12132,0.0008744439692236483,6.831111386418343e-05
12133,0.0012837332906201482,7.03272526152432e-05
12134,0.001970962854102254,7.335641566896811e-05
12135,0.00276587693952024,7.785228808643296e-05
12136,0.003906693775206804,8.473078196402639e-05
12137,0.004659279249608517,9.505423076916486e-05
12138,0.005131687968969345,0.00011114455264760181
12139,0.0046685365960001945,0.00013547271373681724
12140,0.0036917109973728657,0.00017409538850188255
12141,0.0030055162496864796,0.0002324732340639457
12142,0.002589206909760833,0.00032667440245859325
12143,0.0023589213378727436,0.00046667034621350467
12144,0.0017646639607846737,0.0006938124424777925
12145,0.0012105670757591724,0.00101334392093122
12146,0.0009667238919064403,0.001518920878879726
12147,0.0010823151096701622,0.0021311549935489893
12148,0.0012786127626895905,0.0029925473500043154
12149,0.0012434249510988593,0.0036440223921090364
12150,0.001013795961625874,0.004170922562479973
12151,0.000716451439075172,0.0036706950049847364
12152,0.0005809906870126724,0.002569150645285845
12153,0.0006829309859313071,0.001059024129062891
12154,0.000828596530482173,0.00017383955128025264
12155,0.000779791153036058,0.00030804486596025527
12156,0.0005054888897575438,0.0010316394036635756
12157,0.0003046753990929574,0.0015117921866476536
12158,0.00038507868885062635,0.0011826815316453576
12159,0.0005863560945726931,0.000480720802443102
12160,0.0006109023815952241,0.00011138913396280259
12161,0.00040650865412317216,0.00036253553116694093
12162,0.00022138131316751242,0.0007973816245794296
12163,0.0002298694889759645,0.0008685702341608703
12164,0.0003567632520571351,0.0006222113152034581
12165,0.0004289019270800054,0.0005936603411100805
12166,0.0003851032815873623,0.001284165889956057
12167,0.000299969658954069,0.0029550769831985235
12168,0.00024939689319580793,0.005891596898436546
12169,0.00026404764503240585,0.011224272660911083
12170,0.00032326957443729043,0.017319776117801666
12171,0.0003769932081922889,0.018993305042386055
12172,0.0003973322454839945,0.008586072362959385
12173,0.0003753122582565993,0.0010546466801315546
12174,0.00037188007263466716,0.006316324230283499
12175,0.0004099794023204595,0.007724942173808813
12176,0.00048337981570512056,0.0029846406541764736
12177,0.0005427284631878138,0.008525167591869831
12178,0.0005660774186253548,0.02086484432220459
12179,0.0005691537517122924,0.04793406277894974
12180,0.0005814605392515659,0.07590743899345398
12181,0.0005806155386380851,0.03824649751186371
12182,0.0005827744025737047,0.021221214905381203
12183,0.0005384819232858717,0.03764021769165993
12184,0.0004919414059258997,0.026250233873724937
12185,0.0004227236786391586,0.018135027959942818
12186,0.0003591131535358727,0.019805775955319405
12187,0.00029814266599714756,0.018188638612627983
12188,0.000249963894020766,0.011125884018838406
12189,0.00021280214423313737,0.01653621904551983
12190,0.00018212254508398473,0.015164327807724476
12191,0.0001574537018314004,0.007687487173825502
12192,0.00014256214490160346,0.011858949437737465
12193,0.00013980770017951727,0.009966399520635605
12194,0.0001456593454349786,0.006066271103918552
12195,0.00015436660032719374,0.009914061054587364
12196,0.00016328303900081664,0.007252696435898542
12197,0.00017311735427938402,0.0058141653425991535
12198,0.00018574601563159376,0.005774448625743389
12199,0.00020309563842602074,0.005971322301775217
12200,0.0002272720157634467,0.004197415895760059
12201,0.00026441854424774647,0.005364987067878246
12202,0.0003132797428406775,0.004402258899062872
12203,0.0003852567751891911,0.0030899932608008385
12204,0.00047151741455309093,0.0036090135108679533
12205,0.0006007378688082099,0.0031963700894266367
12206,0.0007528704591095448,0.0024699182249605656
12207,0.0009739920496940613,0.002825433388352394
12208,0.0012043708702549338,0.0026514201890677214
12209,0.0014994514640420675,0.002331248950213194
12210,0.0017164737218990922,0.0023920214734971523
12211,0.0019122781231999397,0.0024525297340005636
12212,0.0018830846529453993,0.0018108754884451628
12213,0.001718046492896974,0.0022914058063179255
12214,0.0013653576606884599,0.0019148456631228328
12215,0.0009673539316281676,0.0017822342924773693
12216,0.0006248056306503713,0.002098746132105589
12217,0.0003885492915287614,0.00187418214045465
12218,0.00027557590510696173,0.0021500466391444206
12219,0.00026601681020110846,0.0026957558002322912
12220,0.00034153403248637915,0.00331737007945776
12221,0.0004662448482122272,0.004169032908976078
12222,0.0005968796904198825,0.005606319289654493
12223,0.0006881598383188248,0.006291454657912254
12224,0.0006993814604356885,0.005897613242268562
12225,0.0006398155237548053,0.004216874483972788
12226,0.0005315265152603388,0.00174123072065413
12227,0.00041684365714900196,0.000607676396612078
12228,0.00033058939152397215,0.00150228850543499
12229,0.0002724975347518921,0.002585579873993993
12230,0.00023861373483669013,0.002189937047660351
12231,0.00021003768779337406,0.0008681148756295443
12232,0.000185193755896762,0.0006191374850459397
12233,0.00016748905181884766,0.0013735139509662986
12234,0.00016485597006976604,0.0015417782124131918
12235,0.0001794335839804262,0.000709482585079968
12236,0.0002059901162283495,0.00047533228644169867
12237,0.00023689170484431088,0.0010026571108028293
12238,0.0002616452402435243,0.0009633739828132093
12239,0.00028451127582229674,0.0004821569309569895
12240,0.0003024099860340357,0.0005010159220546484
12241,0.00033388991141691804,0.0007265313761308789
12242,0.00037488824455067515,0.0006341127445921302
12243,0.00044070451986044645,0.0003874657559208572
12244,0.0005173051031306386,0.00042643642518669367
12245,0.0006151105626486242,0.000562218832783401
12246,0.0007135928608477116,0.00046014171675778925
12247,0.0008275057771243155,0.00030122260795906186
12248,0.000922190782148391,0.0003765551373362541
12249,0.001018894836306572,0.0004636630474124104
12250,0.0010581815149635077,0.0003231064765714109
12251,0.0010696043027564883,0.0002541423018556088
12252,0.0009971867548301816,0.0003573358408175409
12253,0.000886826659552753,0.00035338953603059053
12254,0.0007343338220380247,0.00024009306798689067
12255,0.0005848610890097916,0.00025066168745979667
12256,0.00045794073957949877,0.00030828246963210404
12257,0.0003617617185227573,0.0002692005946300924
12258,0.0002948933688458055,0.00021310982992872596
12259,0.00024948210921138525,0.00023332086857408285
12260,0.00022302956494968385,0.0002567029732745141
12261,0.00021609525720123202,0.00022611135500483215
12262,0.00022692314814776182,0.00019315601093694568
12263,0.0002510782505851239,0.00020902234246023
12264,0.0002770983846858144,0.0002234776911791414
12265,0.00029871193692088127,0.0001970198645722121
12266,0.0003076848806813359,0.00017529239994473755
12267,0.000309489929350093,0.00019273610087111592
12268,0.00030832263291813433,0.00019817559223156422
12269,0.0003156180609948933,0.00017468759324401617
12270,0.0003413056838326156,0.00016535489703528583
12271,0.0003859007847495377,0.00017816975014284253
12272,0.0004637209349311888,0.00017615775868762285
12273,0.000552386452909559,0.00016209404566325247
12274,0.000687096850015223,0.00015738079673610628
12275,0.0008096150122582912,0.0001630300102988258
12276,0.0009920969605445862,0.00016251222405117005
12277,0.0011214741971343756,0.00015312343020923436
12278,0.0013004241045564413,0.00014858721988275647
12279,0.0013698028633370996,0.00015201992937363684
12280,0.0014348926488310099,0.00015257700579240918
12281,0.0013737197732552886,0.00014498236123472452
12282,0.0012674534227699041,0.0001413336576661095
12283,0.0011112565407529473,0.00014424639812204987
12284,0.0009381217532791197,0.00014374181046150625
12285,0.0007958413334563375,0.00013849542301613837
12286,0.0006623230874538422,0.00013614239287562668
12287,0.0005593547248281538,0.00013719672278966755
12288,0.00045649532694369555,0.00013668969040736556
12289,0.0003743574779946357,0.00013357470743358135
12290,0.0003074335108976811,0.00013132678577676415
12291,0.0002752377185970545,0.0001313120301347226
12292,0.00027240460622124374,0.0001312936219619587
12293,0.00029047901625745,0.0001291880034841597
12294,0.0003155652084387839,0.00012697551574092358
12295,0.00033183099003508687,0.0001266981998924166
12296,0.0003402265429031104,0.0001267493498744443
12297,0.00034212542232126,0.00012507980864029378
12298,0.00035191525239497423,0.00012335064820945263
12299,0.00038001456414349377,0.0001229125336976722
12300,0.00043081503827124834,0.00012263888493180275
12301,0.0005155682447366416,0.0001215296215377748
12302,0.000614018936175853,0.0001202072890009731
12303,0.0007504593813791871,0.00011948872270295396
12304,0.0008670464740134776,0.00011912189802387729
12305,0.001011235872283578,0.0001184025895781815
12306,0.0010758572025224566,0.00011730090773198754
12307,0.0011279459577053785,0.00011648818326648325
12308,0.001068000914528966,0.00011608858039835468
12309,0.0009877829579636455,0.00011554652883205563
12310,0.0008951284107752144,0.00011460485984571278
12311,0.0008509928593412042,0.00011386193364160135
12312,0.0008801671792753041,0.00011341594654368237
12313,0.0009148867102339864,0.00011290382826700807
12314,0.000925899192225188,0.00011217235442018136
12315,0.0008370337309315801,0.00011148896010126919
12316,0.0006902993191033602,0.00011098770482931286
12317,0.0005162546876817942,0.00011051552428398281
12318,0.0003864687751047313,0.00010993639443768188
12319,0.0003266535932198167,0.00010930432472378016
12320,0.0003264631377533078,0.00010878312605200335
12321,0.0003578339528758079,0.00010835067951120436
12322,0.000376241747289896,0.00010785029735416174
12323,0.00037500206963159144,0.00010728031338658184
12324,0.00034128717379644513,0.00010678191756596789
12325,0.0003038591821677983,0.0001063613235601224
12326,0.0002693337155506015,0.00010590659076115116
12327,0.00025580235524103045,0.00010540738003328443
12328,0.0002574961690697819,0.0001049387501552701
12329,0.00026906776474788785,0.00010451817070133984
12330,0.00027983676409348845,0.00010410310642328113
12331,0.00028606224805116653,0.0001036627363646403
12332,0.0002899234532378614,0.0001032205909723416
12333,0.0002981196157634258,0.00010281319555360824
12334,0.00031807893537916243,0.00010242965072393417
12335,0.0003588271210901439,0.00010202823614235967
12336,0.0004209222679492086,0.00010161641694139689
12337,0.0005204653134569526,0.00010122825915459543
12338,0.0006469958461821079,0.00010086390830110759
12339,0.0008471265900880098,0.00010049268894363195
12340,0.001077292487025261,0.00010011348058469594
12341,0.0014336484018713236,9.974697604775429e-05
12342,0.0017652733949944377,9.939666779246181e-05
12343,0.002196212997660041,9.90511616691947e-05
12344,0.002420382108539343,9.870198846329004e-05
12345,0.0025481050834059715,9.835747914621606e-05
12346,0.00240290816873312,9.80214899755083e-05
12347,0.0021124265622347593,9.769467578735203e-05
12348,0.0018688084091991186,9.737017535371706e-05
12349,0.001626619603484869,9.704462718218565e-05
12350,0.0014565512537956238,9.672630403656512e-05
12351,0.001175531418994069,9.641944780014455e-05
12352,0.0008693084819242358,9.611129644326866e-05
12353,0.0005928739556111395,9.5806346507743e-05
12354,0.0004977058852091432,9.550488903187215e-05
12355,0.0005682045593857765,9.521255560684949e-05
12356,0.0007024691440165043,9.492295794188976e-05
12357,0.0007803060580044985,9.463317110203207e-05
12358,0.0007079903734847903,9.43496052059345e-05
12359,0.0005426951684057713,9.407069592271e-05
12360,0.0003705164126586169,9.379538823850453e-05
12361,0.00029347161762416363,9.352368942927569e-05
12362,0.00032842825748957694,9.325373684987426e-05
12363,0.0004114992334507406,9.29885936784558e-05
12364,0.0004647300229407847,9.272641182178631e-05
12365,0.0004417929449118674,9.246938861906528e-05
12366,0.00037753948708996177,9.221308573614806e-05
12367,0.0003183946246281266,9.19593803700991e-05
12368,0.00030620343750342727,9.171126293949783e-05
12369,0.0003319033421576023,9.146617958322167e-05
12370,0.00036956279654987156,9.122188930632547e-05
12371,0.0003981981717515737,9.098284499486908e-05
12372,0.0004183456767350435,9.074414265342057e-05
12373,0.0004524128162302077,9.05108026927337e-05
12374,0.0005230923416092992,9.027811756823212e-05
12375,0.0006325870635919273,9.005035099107772e-05
12376,0.0007968334248289466,8.982415602076799e-05
12377,0.0009536562138237059,8.960040577221662e-05
12378,0.0011511315824463964,8.93795004230924e-05
12379,0.0012507671490311623,8.916105434764177e-05
12380,0.0013600372476503253,8.894412167137489e-05
12381,0.0013030259869992733,8.873161277733743e-05
12382,0.0012104687048122287,8.8520348072052e-05
12383,0.001012679422274232,8.831176091916859e-05
12384,0.0008099016267806292,8.810478902887553e-05
12385,0.0006357356905937195,8.790100400801748e-05
12386,0.0004925719695165753,8.769905980443582e-05
12387,0.0003834372037090361,8.749941480346024e-05
12388,0.00029375767917372286,8.730207628104836e-05
12389,0.00024214395671151578,8.710616384632885e-05
12390,0.00024331633176188916,8.691377297509462e-05
12391,0.00030079635325819254,8.672148396726698e-05
12392,0.00038863782538101077,8.65325127961114e-05
12393,0.00047038693446666,8.634464029455557e-05
12394,0.0005210652598179877,8.616060949862003e-05
12395,0.0005279671750031412,8.59769425005652e-05
12396,0.0005090445629321039,8.579516725149006e-05
12397,0.00048314439482055604,8.561606955481693e-05
12398,0.0004638746031560004,8.543772855773568e-05
12399,0.00046355859376490116,8.52609591674991e-05
12400,0.0004630455805454403,8.508773316862062e-05
12401,0.0004730709479190409,8.491624612361193e-05
12402,0.00046535112778656185,8.474393689539284e-05
12403,0.0004649415204767138,8.457546937279403e-05
12404,0.0004492209991440177,8.440876990789548e-05
12405,0.00044382191845215857,8.424351835856214e-05
12406,0.0004317616985645145,8.407895802520216e-05
12407,0.00042506918543949723,8.391690789721906e-05
12408,0.00041544990381225944,8.375597099075094e-05
12409,0.00040402976446785033,8.359567436855286e-05
12410,0.000391773966839537,8.343800436705351e-05
12411,0.00037528591929003596,8.328218245878816e-05
12412,0.00035881559597328305,8.312847057823092e-05
12413,0.0003388372715562582,8.297436579596251e-05
12414,0.00031858449801802635,8.282266207970679e-05
12415,0.00029839418129995465,8.267175144283101e-05
12416,0.00028039870085194707,8.252268889918923e-05
12417,0.0002689874963834882,8.237466681748629e-05
12418,0.0002638918231241405,8.22290894575417e-05
12419,0.0002702691999729723,8.208454528357834e-05
12420,0.0002833807375282049,8.194051770260558e-05
12421,0.00030922508449293673,8.179800352081656e-05
12422,0.0003392244107089937,8.165733015630394e-05
12423,0.0003851042711175978,8.151683869073167e-05
12424,0.00043447886127978563,8.137858094414696e-05
12425,0.0005097915418446064,8.12413782114163e-05
12426,0.0005896317306905985,8.110557246254757e-05
12427,0.0007100905640982091,8.097149839159101e-05
12428,0.0008288064855150878,8.083588909357786e-05
12429,0.0009969467064365745,8.07037140475586e-05
12430,0.001135841361247003,8.057282684603706e-05
12431,0.0013105188263580203,8.04416267783381e-05
12432,0.0014053302584215999,8.031233301153407e-05
12433,0.0014935240615159273,8.018447988433763e-05
12434,0.0014722006162628531,8.005778363440186e-05
12435,0.0014150624629110098,7.993193867150694e-05
12436,0.001299925846979022,7.980658119777218e-05
12437,0.0011773263104259968,7.968302088556811e-05
12438,0.001079153036698699,7.956002809805796e-05
12439,0.0009940463351085782,7.943881792016327e-05
12440,0.000937879434786737,7.9317920608446e-05
12441,0.0008435617201030254,7.919819472590461e-05
12442,0.0007300431025214493,7.907918916316703e-05
12443,0.0005583591992035508,7.896150782471523e-05
12444,0.00038865936221554875,7.884459046181291e-05
12445,0.00024789583403617144,7.872884452808648e-05
12446,0.00017786996613722295,7.861319318180904e-05
12447,0.0001828893437050283,7.849941903259605e-05
12448,0.0002404026745352894,7.8385099186562e-05
12449,0.00031590182334184647,7.827310764696449e-05
12450,0.0003728009178303182,7.816284050932154e-05
12451,0.00040085052023641765,7.805163477314636e-05
12452,0.00039481744170188904,7.794192060828209e-05
12453,0.00037707050796598196,7.783313776599243e-05
12454,0.00036866607842966914,7.77245732024312e-05
12455,0.00038222467992454767,7.761777669657022e-05
12456,0.0004346564819570631,7.751080556772649e-05
12457,0.0005031356704421341,7.740568980807438e-05
12458,0.0006028105271980166,7.730070501565933e-05
12459,0.0006802091374993324,7.71961931604892e-05
12460,0.0007774134282954037,7.709218334639445e-05
12461,0.0008212296525016427,7.69907928770408e-05
12462,0.0008821693481877446,7.688857294851914e-05
12463,0.000886889873072505,7.678737893002108e-05
12464,0.0009033756796270609,7.668761827517301e-05
12465,0.0008880626410245895,7.658736285520718e-05
12466,0.0008744195220060647,7.648881728528067e-05
12467,0.0008585920440964401,7.639031537109986e-05
12468,0.0008272951235994697,7.629334868397564e-05
12469,0.0007947046542540193,7.619681855430827e-05
12470,0.0007220149855129421,7.609918975504115e-05
12471,0.0006315466016530991,7.600418757647276e-05
12472,0.0005051255575381219,7.590887253172696e-05
12473,0.00037758328835479915,7.581511454191059e-05
12474,0.00026271099341101944,7.572064350824803e-05
12475,0.00018577807350084186,7.562914106529206e-05
12476,0.00015364211867563426,7.553582690889016e-05
12477,0.00016035669250413775,7.54441789467819e-05
12478,0.00018993200501427054,7.535449549322948e-05
12479,0.00022216819343157113,7.52631967770867e-05
12480,0.00024307265994139016,7.517308404203504e-05
12481,0.00024368517915718257,7.508465205319226e-05
12482,0.00022739663836546242,7.499584899051115e-05
12483,0.00020021203090436757,7.490716961910948e-05
12484,0.0001727532799122855,7.481985812773928e-05
12485,0.00015218229964375496,7.473273581126705e-05
12486,0.00014226007624529302,7.464665395673364e-05
12487,0.00014218976139090955,7.456163439201191e-05
12488,0.00014819703937973827,7.447553798556328e-05
12489,0.00015602633357048035,7.439108594553545e-05
12490,0.00016163327381946146,7.430653204210103e-05
12491,0.00016379189037252218,7.422369526466355e-05
12492,0.0001620978582650423,7.413978164549917e-05
12493,0.00015872182848397642,7.405747601296753e-05
12494,0.00015565077774226665,7.397479203063995e-05
12495,0.00015590972907375544,7.389396341750398e-05
12496,0.00016175326891243458,7.381223258562386e-05
12497,0.00017665044288150966,7.373146945610642e-05
12498,0.00020381396461743861,7.365126657532528e-05
12499,0.0002510300255380571,7.35722787794657e-05
12500,0.00032675883267074823,7.349241059273481e-05
12501,0.0004545485135167837,7.34140194253996e-05
12502,0.0006532222032546997,7.333514804486185e-05
12503,0.000991986831650138,7.325789192691445e-05
12504,0.0014782047364860773,7.318028656300157e-05
12505,0.0022781265433877707,7.310423825401813e-05
12506,0.0031814647372812033,7.302719313884154e-05
12507,0.0043951100669801235,7.295101386262104e-05
12508,0.004995396826416254,7.287582411663607e-05
12509,0.005146536976099014,7.280056161107495e-05
12510,0.004483930766582489,7.272593938978389e-05
12511,0.0038715170230716467,7.265218300744891e-05
12512,0.004092828370630741,7.257786637637764e-05
12513,0.004321077838540077,7.250440830830485e-05
12514,0.003921198658645153,7.24301571608521e-05
12515,0.0024307286366820335,7.235744124045596e-05
12516,0.001271807705052197,7.22851837053895e-05
12517,0.0011722103226929903,7.221363921416923e-05
12518,0.001806856133043766,7.214186189230531e-05
12519,0.002222787356004119,7.20710086170584e-05
12520,0.0018068143399432302,7.20006792107597e-05
12521,0.001099367393180728,7.193018973339349e-05
12522,0.0006664499524049461,7.186030416050926e-05
12523,0.0008017598884180188,7.179017120506614e-05
12524,0.0011686115758493543,7.17212533345446e-05
12525,0.0012139759492129087,7.165224087657407e-05
12526,0.0008661316242069006,7.15836213203147e-05
12527,0.0004589068121276796,7.151621684897691e-05
12528,0.0004257653490640223,7.144691335270181e-05
12529,0.0007179322419688106,7.13802146492526e-05
12530,0.000882240361534059,7.131312304409221e-05
12531,0.0006573718274012208,7.12462788214907e-05
12532,0.00029375540907494724,7.1178816142492e-05
12533,0.0002154536050511524,7.111411105142906e-05
12534,0.00042455046786926687,7.104776886990294e-05
12535,0.0005727069219574332,7.098242349456996e-05
12536,0.0004700575955212116,7.09176019881852e-05
12537,0.0002739658229984343,7.085263496264815e-05
12538,0.00022028731473255903,7.078766793711111e-05
12539,0.00031474378192797303,7.072365406202152e-05
12540,0.0003866259066853672,7.065950194373727e-05
12541,0.00034147637779824436,7.059583731461316e-05
12542,0.00024411760387010872,7.053338777041063e-05
12543,0.00020436682098079473,7.047064718790352e-05
12544,0.00022788438946008682,7.040798664093018e-05
12545,0.0002551043580751866,7.034592272248119e-05
12546,0.00024574302369728684,7.028265099506825e-05
12547,0.0002057593665085733,7.022056524874642e-05
12548,0.0001712235389277339,7.015913433860987e-05
12549,0.00016981996304821223,7.009788532741368e-05
12550,0.00019297785183880478,7.003730570431799e-05
12551,0.00020416060579009354,6.997615128057078e-05
12552,0.0001826705556595698,6.991654663579538e-05
12553,0.0001507531851530075,6.985533400438726e-05
12554,0.00014230312081053853,6.979594036238268e-05
12555,0.00016120143118314445,6.973616109462455e-05
12556,0.00017806279356591403,6.967750960029662e-05
12557,0.00016885544755496085,6.961828330531716e-05
12558,0.00014572060899809003,6.955973367439583e-05
12559,0.00013653845235239714,6.950169336050749e-05
12560,0.0001482190564274788,6.944320921320468e-05
12561,0.00016161994426511228,6.938428850844502e-05
12562,0.0001604034041520208,6.932695396244526e-05
12563,0.0001496960176154971,6.926939386175945e-05
12564,0.00014454062329605222,6.921232852619141e-05
12565,0.00015140464529395103,6.915540870977566e-05
12566,0.00016452919226139784,6.909833609825e-05
12567,0.00017532138735987246,6.90416491124779e-05
12568,0.0001844213402364403,6.898477295180783e-05
12569,0.00019708277250174433,6.893021782161668e-05
12570,0.00022230939066503197,6.88735453877598e-05
12571,0.00026330468244850636,6.881760782562196e-05
12572,0.0003266146522946656,6.876284896861762e-05
12573,0.00041357066947966814,6.870688957860693e-05
12574,0.0005437785875983536,6.86526473145932e-05
12575,0.0007179472013376653,6.859758286736906e-05
12576,0.0009909331565722823,6.854351522633806e-05
12577,0.0013225912116467953,6.848995690234005e-05
12578,0.0018048870842903852,6.843525625299662e-05
12579,0.002254052320495248,6.838130502728745e-05
12580,0.0027670045383274555,6.832877261331305e-05
12581,0.002957487478852272,6.827412289567292e-05
12582,0.002896436955779791,6.822131399530917e-05
12583,0.0024011987261474133,6.816888344474137e-05
12584,0.001668507349677384,6.811640923842788e-05
12585,0.0009876266121864319,6.806325109209865e-05
12586,0.0005174453253857791,6.801060226280242e-05
12587,0.00036643052590079606,6.795830267947167e-05
12588,0.0004735602415166795,6.790705083403736e-05
12589,0.000728737679310143,6.78557698847726e-05
12590,0.000948564033024013,6.78027281537652e-05
12591,0.0010123346000909805,6.775174551876262e-05
12592,0.0009145410149358213,6.770124309696257e-05
12593,0.0007054384332150221,6.765064608771354e-05
12594,0.0005043726414442062,6.759988173143938e-05
12595,0.00036130030639469624,6.754883361281827e-05
12596,0.0002832142054103315,6.749836029484868e-05
12597,0.0002541838912293315,6.744830898242071e-05
12598,0.0002652555995155126,6.739825766999274e-05
12599,0.0003153159632347524,6.734797352692112e-05
12600,0.00039282930083572865,6.729870074195787e-05
12601,0.00046736784861423075,6.724924605805427e-05
12602,0.0005128406919538975,6.719987868564203e-05
12603,0.0004995542112737894,6.715028575854376e-05
12604,0.00045272658462636173,6.71019806759432e-05
12605,0.00038205395685508847,6.705337000312284e-05
12606,0.00032290618401020765,6.700499216094613e-05
12607,0.000275641301413998,6.695622141705826e-05
12608,0.00024144566850736737,6.690795271424577e-05
12609,0.00021214762818999588,6.686049891868606e-05
12610,0.00018922705203294754,6.681175727862865e-05
12611,0.00017297163140028715,6.67651038384065e-05
12612,0.00016445669461973011,6.671638402622193e-05
12613,0.00016091956058517098,6.666970875812694e-05
12614,0.00016087712720036507,6.6622334998101e-05
12615,0.00016500151832588017,6.657515041297302e-05
12616,0.0001750252558849752,6.652821321040392e-05
12617,0.00019081000937148929,6.648174894507974e-05
12618,0.00020873875473625958,6.643538654316217e-05
12619,0.000227163007366471,6.63887185510248e-05
12620,0.00024122983450070024,6.6342756326776e-05
12621,0.00025702352286316454,6.629677955061197e-05
12622,0.00027082255110144615,6.625008245464414e-05
12623,0.0002920893020927906,6.620524800382555e-05
12624,0.00031297685927711427,6.615954771405086e-05
12625,0.00034071196569129825,6.611400021938607e-05
12626,0.0003667529090307653,6.606911483686417e-05
12627,0.0004012817516922951,6.60233199596405e-05
12628,0.00043761800043284893,6.59793586237356e-05
12629,0.0004891805583611131,6.593287253053859e-05
12630,0.0005418412038125098,6.588793621631339e-05
12631,0.0006120590842328966,6.584343645954505e-05
12632,0.0006734290509484708,6.57998098176904e-05
12633,0.0007515963516198099,6.575576117029414e-05
12634,0.000807185482699424,6.571115227416158e-05
12635,0.00087348697707057,6.566745287273079e-05
12636,0.0008980052080005407,6.562271300936118e-05
12637,0.000915704935323447,6.55796320643276e-05
12638,0.0008749478147365153,6.553594721481204e-05
12639,0.0008127950131893158,6.549208046635613e-05
12640,0.0007021140772849321,6.544874486280605e-05
12641,0.0005797888734377921,6.540604226756841e-05
12642,0.0004472202272154391,6.536283763125539e-05
12643,0.0003296180802863091,6.531971303047612e-05
12644,0.00023568118922412395,6.527730874950066e-05
12645,0.0001727719500195235,6.523425690829754e-05
12646,0.00014091632328927517,6.51920199743472e-05
12647,0.00013582248357124627,6.51487207505852e-05
12648,0.00015107209037523717,6.510646198876202e-05
12649,0.00017973080684896559,6.506481440737844e-05
12650,0.00021688091510441154,6.502277392428368e-05
12651,0.00025779014686122537,6.498094444395974e-05
12652,0.00030353464535437524,6.493912951555103e-05
12653,0.00035068520810455084,6.489778752438724e-05
12654,0.0004074556636624038,6.485659105237573e-05
12655,0.00046663801185786724,6.481495074694976e-05
12656,0.000543727888725698,6.477405258920044e-05
12657,0.0006207856931723654,6.473256507888436e-05
12658,0.0007210581097751856,6.469138315878808e-05
12659,0.0008094125078059733,6.465058686444536e-05
12660,0.0009162785718217492,6.461000884883106e-05
12661,0.0009879018180072308,6.456984556280077e-05
12662,0.0010578908259049058,6.452911475207657e-05
12663,0.0010684566805139184,6.448823842220008e-05
12664,0.0010509088169783354,6.444712198572233e-05
12665,0.0009747838485054672,6.440772267524153e-05
12666,0.0008638419676572084,6.436753028538078e-05
12667,0.0007278805715031922,6.432735244743526e-05
12668,0.0005789013812318444,6.428786582546309e-05
12669,0.000441913929535076,6.424814637284726e-05
12670,0.0003217055054847151,6.420762656489387e-05
12671,0.0002340905339224264,6.416870019165799e-05
12672,0.0001805463689379394,6.412927177734673e-05
12673,0.0001620613329578191,6.409017805708572e-05
12674,0.00017220922745764256,6.405056774383411e-05
12675,0.0002036176883848384,6.40119833406061e-05
12676,0.00024621066404506564,6.397339893737808e-05
12677,0.00029581174021586776,6.393389048753306e-05
12678,0.00034655549097806215,6.389588088495657e-05
12679,0.00040301482658833265,6.385620508808643e-05
12680,0.0004601342952810228,6.381865387083963e-05
12681,0.0005313462461344898,6.377959653036669e-05
12682,0.0006010057986713946,6.374080112436786e-05
12683,0.0006930989911779761,6.370349001372233e-05
12684,0.000769841659348458,6.366512388922274e-05
12685,0.0008688297821208835,6.362680869642645e-05
12686,0.0009247198468074203,6.358986865961924e-05
12687,0.0009874908719211817,6.35522446827963e-05
12688,0.0009792809141799808,6.35133619653061e-05
12689,0.0009558924357406795,6.347617454594001e-05
12690,0.0008673940319567919,6.343773566186428e-05
12691,0.0007620920659974217,6.340100662782788e-05
12692,0.0006380834965966642,6.336386286420748e-05
12693,0.0005180886946618557,6.332634075079113e-05
12694,0.0004181323165539652,6.328934978228062e-05
12695,0.0003369886544533074,6.325278809526935e-05
12696,0.0002829378645401448,6.321477121673524e-05
12697,0.00025005213683471084,6.317843508441001e-05
12698,0.0002406093553872779,6.314153142739087e-05
12699,0.00024742732057347894,6.310539174592122e-05
12700,0.00027236720779910684,6.306835712166503e-05
12701,0.0003008626226801425,6.303242116700858e-05
12702,0.0003389160265214741,6.299577944446355e-05
12703,0.00036579067818820477,6.295857019722462e-05
12704,0.00039501290302723646,6.29230125923641e-05
12705,0.0004059665952809155,6.288619624683633e-05
12706,0.0004187946324236691,6.285070412559435e-05
12707,0.00041774025885388255,6.281414243858308e-05
12708,0.00042567032505758107,6.277908687479794e-05
12709,0.0004320032021496445,6.274256156757474e-05
12710,0.0004597800434567034,6.270766607485712e-05
12711,0.0004994812188670039,6.267204298637807e-05
12712,0.0005745645612478256,6.263671821216121e-05
12713,0.0006703526596538723,6.260133523028344e-05
12714,0.0008128061308525503,6.25654065515846e-05
12715,0.00097451958572492,6.253056199057028e-05
12716,0.0011791916331276298,6.249549187486991e-05
12717,0.0013786839554086328,6.246007978916168e-05
12718,0.001573918736539781,6.242553354240954e-05
12719,0.0017168530030176044,6.239085632842034e-05
12720,0.0017720821779221296,6.235559703782201e-05
12721,0.0017731338739395142,6.232105079106987e-05
12722,0.001655499218031764,6.228658457985148e-05
12723,0.00153517653234303,6.225216202437878e-05
12724,0.001304718549363315,6.221669900696725e-05
12725,0.001054468215443194,6.218356429599226e-05
12726,0.0007368034566752613,6.214846507646143e-05
12727,0.00045836970093660057,6.211478466866538e-05
12728,0.0002827182470355183,6.208005652297288e-05
12729,0.0002585148613434285,6.204483361216262e-05
12730,0.0003576533927116543,6.20114296907559e-05
12731,0.0005010317545384169,6.197782204253599e-05
12732,0.0006156114395707846,6.194374873302877e-05
12733,0.0006443433230742812,6.191033025970683e-05
12734,0.00061530846869573,6.187672261148691e-05
12735,0.0005724964430555701,6.184237281559035e-05
12736,0.0005814264295622706,6.180998752824962e-05
12737,0.0007017395691946149,6.177617615321651e-05
12738,0.0008908179588615894,6.174293230287731e-05
12739,0.0011938618263229728,6.170975393615663e-05
12740,0.001428496092557907,6.167571700643748e-05
12741,0.0017256262945011258,6.164272053865716e-05
12742,0.001789656700566411,6.160973862279207e-05
12743,0.0018496480770409107,6.157643656479195e-05
12744,0.001619449583813548,6.154394941404462e-05
12745,0.0013389697996899486,6.151042180135846e-05
12746,0.0009733343031257391,6.147836393211037e-05
12747,0.0006879528518766165,6.144509825389832e-05
12748,0.0005511315539479256,6.14124073763378e-05
12749,0.0005210928502492607,6.138053868198767e-05
12750,0.0005353167653083801,6.1347360315267e-05
12751,0.0005181889864616096,6.131464033387601e-05
12752,0.0004959459183737636,6.128315726527944e-05
12753,0.0004814419080503285,6.125072832219303e-05
12754,0.0005104576121084392,6.121803016867489e-05
12755,0.0005578933632932603,6.118652527220547e-05
12756,0.0005712669808417559,6.115341966506094e-05
12757,0.0005323999794200063,6.112211849540472e-05
12758,0.00042892503552138805,6.109032256063074e-05
12759,0.0003119420143775642,6.105741340434179e-05
12760,0.0002223558840341866,6.102503539295867e-05
12761,0.0001889430859591812,6.099485108279623e-05
12762,0.0002036330261034891,6.096250581322238e-05
12763,0.00023521621187683195,6.09304042882286e-05
12764,0.00025523986550979316,6.089996168157086e-05
12765,0.00025052446289919317,6.08682821621187e-05
12766,0.00023253931431099772,6.0836668126285076e-05
12767,0.0002180195297114551,6.0805046814493835e-05
12768,0.00022298390103969723,6.0774160374421626e-05
12769,0.00024872421636246145,6.074297198210843e-05
12770,0.00028393699903972447,6.0711790865752846e-05
12771,0.0003191747819073498,6.068063521524891e-05
12772,0.0003407438634894788,6.064943227102049e-05
12773,0.0003621451323851943,6.0617399867624044e-05
12774,0.00038185526500456035,6.058737199055031e-05
12775,0.00042691041016951203,6.055700941942632e-05
12776,0.00048425717977806926,6.0526133893290535e-05
12777,0.0005695041036233306,6.049457806511782e-05
12778,0.0006523844203911722,6.046518683433533e-05
12779,0.0007440443150699139,6.043419489287771e-05
12780,0.0008129882626235485,6.040398875484243e-05
12781,0.0008788718841969967,6.037318235030398e-05
12782,0.0009124379139393568,6.034272882970981e-05
12783,0.0009398889378644526,6.03125081397593e-05
12784,0.0009307482396252453,6.02823420194909e-05
12785,0.0009087743237614632,6.025170296197757e-05
12786,0.0008488983730785549,6.0221515013836324e-05
12787,0.0007692142389714718,6.0191694501554593e-05
12788,0.0006601237691938877,6.016129918862134e-05
12789,0.0005389318685047328,6.013111851643771e-05
12790,0.000413102243328467,6.010122160660103e-05
12791,0.0003000113065354526,6.007128831697628e-05
12792,0.00021120485325809568,6.004129318171181e-05
12793,0.00015483165043406188,6.001146539347246e-05
12794,0.00013177908840589225,5.998210690449923e-05
12795,0.00013695417146664113,5.995215542498045e-05
12796,0.00016155099729076028,5.9923186199739575e-05
12797,0.00019588942814152688,5.989342389511876e-05
12798,0.0002321964129805565,5.986356336507015e-05
12799,0.000265365291852504,5.983438313705847e-05
12800,0.0002950880734715611,5.9804726333823055e-05
12801,0.00032197704422287643,5.977613909635693e-05
12802,0.0003531186666805297,5.97467806073837e-05
12803,0.00038976973155513406,5.9717749536503106e-05
12804,0.00044560281094163656,5.96888130530715e-05
12805,0.0005147780757397413,5.9660636907210574e-05
12806,0.0006207766709849238,5.963116927887313e-05
12807,0.0007379931630566716,5.960342605249025e-05
12808,0.0009054415277205408,5.95747769693844e-05
12809,0.0010549153666943312,5.9547230193857104e-05
12810,0.0012397121172398329,5.951959246885963e-05
12811,0.001333997817710042,5.949248588876799e-05
12812,0.0013979264767840505,5.946677629253827e-05
12813,0.0013202001573517919,5.944151780568063e-05
12814,0.0011833681492134929,5.941732888459228e-05
12815,0.0010198184754699469,5.9395832067821175e-05
12816,0.0008945974987000227,5.937598325544968e-05
12817,0.0008690856629982591,5.9359044826123863e-05
12818,0.0008774744346737862,5.9348683862481266e-05
12819,0.0008863462135195732,5.934366345172748e-05
12820,0.0008066364098340273,5.934901855653152e-05
12821,0.0006599682383239269,5.936966044828296e-05
12822,0.0004695764509961009,5.9410805988591164e-05
12823,0.0003156679740641266,5.9483994846232235e-05
12824,0.00023816732573322952,5.9603305999189615e-05
12825,0.00025033674319274724,5.979222623864189e-05
12826,0.000323730317177251,6.008532000123523e-05
12827,0.0004148959706071764,6.0533613577717915e-05
12828,0.0004877707688137889,6.12214716966264e-05
12829,0.0005140428547747433,6.22659717919305e-05
12830,0.0005013637710362673,6.387048051692545e-05
12831,0.0004595624341163784,6.631950964219868e-05
12832,0.00041595372022129595,7.012078276602551e-05
12833,0.00039362514507956803,7.597222429467365e-05
12834,0.00039872521301731467,8.515967783750966e-05
12835,0.00044883668306283653,9.937155846273527e-05
12836,0.0005188595387153327,0.00012197514297440648
12837,0.0006370976916514337,0.00015700855874456465
12838,0.0007493154262192547,0.0002134057431248948
12839,0.0009114682907238603,0.00030013671494089067
12840,0.0010291354265064,0.00044054369209334254
12841,0.001176928635686636,0.0006501834141090512
12842,0.0012284808326512575,0.0009854965610429645
12843,0.0012599689653143287,0.001446240465156734
12844,0.0012010285863652825,0.0021368260495364666
12845,0.0011206436902284622,0.0028887432999908924
12846,0.0010559408692643046,0.003779978957027197
12847,0.00100132345687598,0.004113956820219755
12848,0.0009758055675774813,0.003954250831156969
12849,0.0008894756902009249,0.0026929646264761686
12850,0.0007470123236998916,0.0012381207197904587
12851,0.000535914150532335,0.0002515933592803776
12852,0.00033040367998182774,0.0002603195025585592
12853,0.0001891170395538211,0.0009172851569019258
12854,0.00014848518185317516,0.0014305600197985768
12855,0.00019663511193357408,0.00139713566750288
12856,0.00028810242656618357,0.0008401848608627915
12857,0.0003732923651114106,0.00034792927908711135
12858,0.00041246486944146454,0.0002272964338771999
12859,0.00040493981214240193,0.00042990109068341553
12860,0.00036371219903230667,0.0006809380720369518
12861,0.0003261392703279853,0.000712052162270993
12862,0.0003220616781618446,0.0005161342560313642
12863,0.00036406185245141387,0.0002328720293007791
12864,0.000465128367068246,0.00011285750952083617
12865,0.0005894480273127556,0.00023154808150138706
12866,0.0007666197489015758,0.00042147585190832615
12867,0.0009164703078567982,0.00046080577885732055
12868,0.0011255164863541722,0.0002903722634073347
12869,0.0012548858067020774,0.00010342017776565626
12870,0.0014335979940369725,7.517979247495532e-05
12871,0.001483625266700983,0.00018817727686837316
12872,0.0015257463091984391,0.00028399238362908363
12873,0.001461861887946725,0.0002545613970141858
12874,0.0013540841173380613,0.00015293914475478232
12875,0.0012270648730918765,8.27317126095295e-05
12876,0.0010466317180544138,9.141165355686098e-05
12877,0.0008560082060284913,0.00014103339344728738
12878,0.0006230146391317248,0.00017066260625142604
12879,0.00041359057649970055,0.00015669198182877153
12880,0.0002691329282242805,0.00011297404125798494
12881,0.00023265962954610586,7.644626020919532e-05
12882,0.0002946130116470158,7.206838199635968e-05
12883,0.00041082740062847733,9.655333997216076e-05
12884,0.000520461646374315,0.00012160093319835141
12885,0.0005709861870855093,0.00011936128430534154
12886,0.0005544218583963811,9.19929298106581e-05
12887,0.0004816036962438375,6.516310531878844e-05
12888,0.0003982087364420295,6.193388253450394e-05
12889,0.00034464168129488826,7.882644422352314e-05
12890,0.0003381820279173553,9.363672870676965e-05
12891,0.0003848391934297979,9.120859613176435e-05
12892,0.0004505458055064082,7.572814502054825e-05
12893,0.0005317704053595662,6.281504465732723e-05
12894,0.0005867914878763258,6.14425225649029e-05
12895,0.0006433509988710284,6.838468107162043e-05
12896,0.000667860615067184,7.48722959542647e-05
12897,0.0007006684318184853,7.527777052018791e-05
12898,0.0007129826117306948,7.024173100944608e-05
12899,0.0007276716060005128,6.369256880134344e-05
12900,0.0007355287089012563,5.975941166980192e-05
12901,0.0007299166754819453,6.020329601597041e-05
12902,0.0007199316169135273,6.367877358570695e-05
12903,0.0006729713641107082,6.673156167380512e-05
12904,0.0006064121844246984,6.640907668042928e-05
12905,0.0005015075439587235,6.286842108238488e-05
12906,0.0003926830249838531,5.898053495911881e-05
12907,0.000295597012154758,5.768988557974808e-05
12908,0.0002387051936239004,5.9326132031856105e-05
12909,0.00023185729514807463,6.170362757984549e-05
12910,0.0002659362799022347,6.248600402614102e-05
12911,0.0003341101692058146,6.115296127973124e-05
12912,0.00040067543159238994,5.902504199184477e-05
12913,0.0004755000118166208,5.764468733104877e-05
12914,0.0005167492781765759,5.7564877351978794e-05
12915,0.0005692315753549337,5.828699067933485e-05
12916,0.0005906018777750432,5.8988101955037564e-05
12917,0.0006468173814937472,5.915923247812316e-05
12918,0.0006914326222613454,5.8721383538795635e-05
12919,0.0007845370564609766,5.793994205305353e-05
12920,0.0008790996507741511,5.721505658584647e-05
12921,0.0010188345331698656,5.6902899814303964e-05
12922,0.0011660235468298197,5.709765900974162e-05
12923,0.001357447705231607,5.7550627388991416e-05
12924,0.0015446968609467149,5.7845216360874474e-05
12925,0.0017633737297728658,5.771611904492602e-05
12926,0.0018852673238143325,5.724418588215485e-05
12927,0.0019361265003681183,5.675443753716536e-05
12928,0.0017250453820452094,5.653009066008963e-05
12929,0.001346066128462553,5.6609089369885623e-05
12930,0.0008370725554414093,5.6816763390088454e-05
12931,0.00042500440031290054,5.694757419405505e-05
12932,0.00025434166309423745,5.6908476835815236e-05
12933,0.0003133669379167259,5.67407114431262e-05
12934,0.00046587560791522264,5.653976040775888e-05
12935,0.0005487833986990154,5.638501897919923e-05
12936,0.0005322365323081613,5.631056410493329e-05
12937,0.0004404188075568527,5.631849853671156e-05
12938,0.00037807549233548343,5.637687718262896e-05
12939,0.0003907673235516995,5.64388174097985e-05
12940,0.0004553484614007175,5.645809505949728e-05
12941,0.0005153786623850465,5.641805546474643e-05
12942,0.0005051938933320343,5.6349061196669936e-05
12943,0.0004268593620508909,5.630479790852405e-05
12944,0.00030808267183601856,5.633313412545249e-05
12945,0.00020896045316476375,5.644705015583895e-05
12946,0.00016259989934042096,5.6632903579156846e-05
12947,0.00017191126244142652,5.687471275450662e-05
12948,0.00021356515935622156,5.718176544178277e-05
12949,0.0002543896553106606,5.759676787420176e-05
12950,0.00027522421441972256,5.819504440296441e-05
12951,0.000263635884039104,5.907808008487336e-05
12952,0.00023271056124940515,6.038741412339732e-05
12953,0.00019365384650882334,6.232449231902137e-05
12954,0.00016545905964449048,6.519210000988096e-05
12955,0.00015538421575911343,6.943196058273315e-05
12956,0.00016458137542940676,7.575549534521997e-05
12957,0.00018502467719372362,8.520427218172699e-05
12958,0.00020801715436391532,9.947992657544091e-05
12959,0.00022639165399596095,0.00012103440531063825
12960,0.0002388755965512246,0.00015397580864373595
12961,0.00024934770772233605,0.0002040793769992888
12962,0.00026635092217475176,0.00028095507877878845
12963,0.00029858772177249193,0.0003973239508923143
12964,0.00036075766547583044,0.0005736512830480933
12965,0.0004557889769785106,0.0008321949862875044
12966,0.0006126798689365387,0.001204087515361607
12967,0.0008126330212689936,0.0016978621715679765
12968,0.0011228732764720917,0.002303079469129443
12969,0.0014536717208102345,0.0028941468335688114
12970,0.001925877993926406,0.0032725068740546703
12971,0.0022820329759269953,0.003132619895040989
12972,0.002658567624166608,0.002365263644605875
12973,0.002701680175960064,0.0012349034659564495
12974,0.0025464247446507215,0.00032667230698280036
12975,0.0022041741758584976,0.0001109378645196557
12976,0.001787428860552609,0.0005229137022979558
12977,0.0015147356316447258,0.00105665170121938
12978,0.0012723635882139206,0.001180316903628409
12979,0.0010814934503287077,0.0007965354016050696
12980,0.0008384518441744149,0.0002807961427606642
12981,0.000650431087706238,9.632617002353072e-05
12982,0.0005469389143399894,0.0003177121398039162
12983,0.0005568728665821254,0.0005990510690025985
12984,0.0006371075287461281,0.0006004261667840183
12985,0.000701410579495132,0.000327330082654953
12986,0.000710818509105593,9.052974201040342e-05
12987,0.0006181093631312251,0.0001104124094126746
12988,0.0004723065358120948,0.0002937599492724985
12989,0.0003502601175568998,0.00038911463343538344
12990,0.0003301075194031,0.00028566064429469407
12991,0.0004196259833406657,0.00011912230547750369
12992,0.0005317977629601955,6.899525033077225e-05
12993,0.0005839919904246926,0.00015276843623723835
12994,0.0005332904402166605,0.00023560706176795065
12995,0.0004545821575447917,0.00021167348313611
12996,0.00041650625644251704,0.00011850451119244099
12997,0.0004764599143527448,6.508549995487556e-05
12998,0.0005861979443579912,9.623480582376942e-05
12999,0.0007096394547261298,0.00015360744146164507
13000,0.0007902791257947683,0.0001610626932233572
13001,0.0008309644181281328,0.00011234279372729361
13002,0.0008320517372339964,6.544132338603958e-05
13003,0.0008032856858335435,6.583950744243339e-05
13004,0.0007392581319436431,9.93707581073977e-05
13005,0.0006608314579352736,0.00011949536565225571
13006,0.0005580040160566568,0.00010384432243881747
13007,0.0004663810250349343,7.320110307773575e-05
13008,0.0003650625003501773,6.024762842571363e-05
13009,0.00028213782934471965,7.256197568494827e-05
13010,0.00021129933884367347,8.961371349869296e-05
13011,0.00017129478510469198,9.01421663002111e-05
13012,0.00016072852304205298,7.433653809130192e-05
13013,0.0001726332848193124,5.9617865190375596e-05
13014,0.00019461615011096,5.9125988627783954e-05
13015,0.00021693996677640826,6.93007095833309e-05
13016,0.00024142427719198167,7.680073758820072e-05
13017,0.00026624544989317656,7.364207704085857e-05
13018,0.0002987943880725652,6.403080624295399e-05
13019,0.0003307462902739644,5.761508145951666e-05
13020,0.0003681449161376804,5.9088946727570146e-05
13021,0.0004015318991150707,6.464335456257686e-05
13022,0.00044224836165085435,6.738754018442705e-05
13023,0.0004785823402926326,6.45275940769352e-05
13024,0.0005252709379419684,5.917045928072184e-05
13025,0.0005644399207085371,5.6201155530288815e-05
13026,0.0006170131382532418,5.7419394579483196e-05
13027,0.0006605566013604403,6.052471144357696e-05
13028,0.0007201734697446227,6.202027725521475e-05
13029,0.000763610762078315,6.0578633565455675e-05
13030,0.000815383275039494,5.77564314880874e-05
13031,0.0008335351594723761,5.602463716058992e-05
13032,0.00084409344708547,5.640898962155916e-05
13033,0.0008066993323154747,5.791259172838181e-05
13034,0.0007501250947825611,5.8789169997908175e-05
13035,0.0006566270021721721,5.818945646751672e-05
13036,0.0005538910045288503,5.6678836699575186e-05
13037,0.0004506909754127264,5.5488992074970156e-05
13038,0.0003598958137445152,5.536257958738133e-05
13039,0.0002900781109929085,5.6045544624794275e-05
13040,0.00023692277318332344,5.67088536627125e-05
13041,0.00019950824207626283,5.671728649758734e-05
13042,0.00017317855963483453,5.60902917641215e-05
13043,0.00015782687114551663,5.534268348128535e-05
13044,0.00015331432223320007,5.498682367033325e-05
13045,0.0001602012343937531,5.514053555089049e-05
13046,0.00017706927610561252,5.552230140892789e-05
13047,0.0002019982784986496,5.5736960348440334e-05
13048,0.00023230606166180223,5.5596872698515654e-05
13049,0.0002653887786436826,5.521177808986977e-05
13050,0.00030108419014140964,5.484637586050667e-05
13051,0.00033952438388951123,5.470180622069165e-05
13052,0.0003842974256258458,5.4782671213615686e-05
13053,0.0004418166645336896,5.49381657037884e-05
13054,0.0005148941418156028,5.500142287928611e-05
13055,0.0006215990870259702,5.4904070566408336e-05
13056,0.0007498605409637094,5.469925963552669e-05
13057,0.0009392180945724249,5.4504234867636114e-05
13058,0.001129296375438571,5.4409865697380155e-05
13059,0.001389790908433497,5.44230206287466e-05
13060,0.0015618016477674246,5.448471347335726e-05
13061,0.0017395756440237164,5.4519881814485416e-05
13062,0.0017011488089337945,5.4486234148498625e-05
13063,0.0015708698192611337,5.4396368796005845e-05
13064,0.001291194697842002,5.4297721362672746e-05
13065,0.0010071948636323214,5.423697439255193e-05
13066,0.0008285733638331294,5.4231950343819335e-05
13067,0.0007659124676138163,5.4271004046313465e-05
13068,0.0008094605873338878,5.432682155515067e-05
13069,0.0008397919009439647,5.437688741949387e-05
13070,0.0008211638778448105,5.4420899687102064e-05
13071,0.0006900353473611176,5.447667354019359e-05
13072,0.0005222567706368864,5.457715815282427e-05
13073,0.0003544897772371769,5.47573363292031e-05
13074,0.00026139875990338624,5.505434819497168e-05
13075,0.0002566708135418594,5.5497963330708444e-05
13076,0.000319046201184392,5.614275505649857e-05
13077,0.00040283770067617297,5.706294541596435e-05
13078,0.0004521497758105397,5.840517769684084e-05
13079,0.00044700130820274353,6.035939077264629e-05
13080,0.00038052821764722466,6.328018935164437e-05
13081,0.0002887026348616928,6.760006363037974e-05
13082,0.00020351246348582208,7.415827712975442e-05
13083,0.00015523182810284197,8.394102042075247e-05
13084,0.000151071697473526,9.901564044412225e-05
13085,0.00017965116421692073,0.00012163387145847082
13086,0.00021952041424810886,0.00015708406863268465
13087,0.00024870314518921077,0.00021030874631833285
13088,0.0002567642368376255,0.0002950148773379624
13089,0.00024080704315565526,0.0004204993892926723
13090,0.00021224413649179041,0.0006216360488906503
13091,0.00018226100655738264,0.0009067357750609517
13092,0.00016256266098935157,0.0013565775007009506
13093,0.0001570451131556183,0.0019239720422774553
13094,0.00016350414080079645,0.00274990638718009
13095,0.00017649060464464128,0.0034971358254551888
13096,0.0001881025091279298,0.004298083484172821
13097,0.00019592035096138716,0.0042477319948375225
13098,0.00019616915960796177,0.0036550306249409914
13099,0.0001926604745676741,0.0021288611460477114
13100,0.0001864838704932481,0.0007312681991606951
13101,0.00018291536252945662,7.254940283019096e-05
13102,0.00018453093071002513,0.0003820945566985756
13103,0.0001946892007254064,0.001175073441118002
13104,0.00021651305723935366,0.0016434969147667289
13105,0.00025210477178916335,0.0014712306438013911
13106,0.00031024625059217215,0.0007415117579512298
13107,0.0003943330957554281,0.00016251344641204923
13108,0.0005315641756169498,0.00012936900020577013
13109,0.0007225975277833641,0.0005100897396914661
13110,0.0010341218439862132,0.000843398564029485
13111,0.001423572190105915,0.000763735908549279
13112,0.002004988258704543,0.00041279668221250176
13113,0.0025593056343495846,0.00011962572898482904
13114,0.003190701361745596,0.00012660921493079513
13115,0.003542640944942832,0.0003357055247761309
13116,0.0038011393044143915,0.00047098827781155705
13117,0.004255719017237425,0.00040100704063661397
13118,0.004893450997769833,0.00020251923706382513
13119,0.0058175683952867985,8.29082855489105e-05
13120,0.0054278261959552765,0.00012514690752141178
13121,0.00372899929061532,0.00024028915504459292
13122,0.0013009764952585101,0.0002897645754273981
13123,0.00027219115872867405,0.00021899794228374958
13124,0.0011128325713798404,0.00011040736717404798
13125,0.0023502246476709843,6.316450162557885e-05
13126,0.002485864097252488,0.00010350392403779551
13127,0.001384533243253827,0.0001702041190583259
13128,0.0004901389474980533,0.00018717354396358132
13129,0.0006104459753260016,0.00014245873899199069
13130,0.0012028490891680121,8.02668510004878e-05
13131,0.0013969208812341094,5.5756900110282004e-05
13132,0.0009884987957775593,7.895013550296426e-05
13133,0.0006476484122686088,0.00011572118091862649
13134,0.0007082648808136582,0.00012780711404047906
13135,0.0009058632422238588,0.00010533482418395579
13136,0.0009410168277099729,7.242264837259427e-05
13137,0.0008022641995921731,5.6473545555491e-05
13138,0.0006929759401828051,6.521424074890092e-05
13139,0.0007351716049015522,8.373121090698987e-05
13140,0.0007963785319589078,9.192909783450887e-05
13141,0.0008932285709306598,8.341988723259419e-05
13142,0.000888802285771817,6.692532042507082e-05
13143,0.0008177205454558134,5.66949529456906e-05
13144,0.0007521493826061487,5.8717432693811134e-05
13145,0.000797051761765033,6.768382445443422e-05
13146,0.0008713597781024873,7.375444693025202e-05
13147,0.0008449670276604593,7.133154576877132e-05
13148,0.0006501690368168056,6.3122613937594e-05
13149,0.00048578629503026605,5.5887016060296446e-05
13150,0.0004248738114256412,5.45309012522921e-05
13151,0.00042017700616270304,5.844913539476693e-05
13152,0.0003424278984311968,6.309805030468851e-05
13153,0.00022390874801203609,6.432479858631268e-05
13154,0.00017477449728175998,6.130286055849865e-05
13155,0.00021074437245260924,5.666115612257272e-05
13156,0.0002424267731839791,5.368186975829303e-05
13157,0.0002236368745798245,5.3857729653827846e-05
13158,0.0002063673600787297,5.614723704638891e-05
13159,0.00024148327065631747,5.824612526339479e-05
13160,0.0003119755128864199,5.850522211403586e-05
13161,0.0003481839084997773,5.6890989071689546e-05
13162,0.00035859752097167075,5.471780605148524e-05
13163,0.0003669903671834618,5.3390333050629124e-05
13164,0.00041333583067171276,5.3459243645193055e-05
13165,0.0004677175893448293,5.4426964197773486e-05
13166,0.0005262201884761453,5.5305023124674335e-05
13167,0.0005684862262569368,5.539194535231218e-05
13168,0.0006380475824698806,5.465598951559514e-05
13169,0.0006814826047047973,5.3635969379683957e-05
13170,0.0007377378642559052,5.295217124512419e-05
13171,0.0007399010937660933,5.289979526423849e-05
13172,0.0007416312582790852,5.332613000064157e-05
13173,0.0006955343997105956,5.381255687098019e-05
13174,0.0006289059529080987,5.3988151194062084e-05
13175,0.0005199813167564571,5.374097963795066e-05
13176,0.000411711836932227,5.323679943103343e-05
13177,0.00030578410951420665,5.275744115351699e-05
13178,0.00022641810937784612,5.2519691962515935e-05
13179,0.00016655171930324286,5.2562485507223755e-05
13180,0.00013415854482445866,5.276307638268918e-05
13181,0.0001308741484535858,5.294018046697602e-05
13182,0.00015144573990255594,5.2967439842177555e-05
13183,0.00018448554328642786,5.282948404783383e-05
13184,0.0002191142411902547,5.260149191599339e-05
13185,0.00025686476146802306,5.2394389058463275e-05
13186,0.00029284736956469715,5.228417649050243e-05
13187,0.0003326042788103223,5.228269219514914e-05
13188,0.00036479259142652154,5.234391937847249e-05
13189,0.0003993020218331367,5.240095924818888e-05
13190,0.0004245102172717452,5.240149766905233e-05
13191,0.0004570759483613074,5.233603951637633e-05
13192,0.00047488027485087514,5.2225132094463333e-05
13193,0.0004977892967872322,5.210985182202421e-05
13194,0.0005005170241929591,5.202820466365665e-05
13195,0.0005070680053904653,5.199106817599386e-05
13196,0.0004934859462082386,5.199129009270109e-05
13197,0.0004796177090611309,5.200659506954253e-05
13198,0.00044808711390942335,5.201388194109313e-05
13199,0.00041715678526088595,5.199855149840005e-05
13200,0.0003759250685106963,5.1958813855890185e-05
13201,0.0003382979775778949,5.1905088184867054e-05
13202,0.0002964685845654458,5.184976907912642e-05
13203,0.0002607047208584845,5.1804450777126476e-05
13204,0.0002271982084494084,5.1777606131508946e-05
13205,0.00020100356778129935,5.176585182198323e-05
13206,0.00017901902901940048,5.176432750886306e-05
13207,0.00016238633543252945,5.176703416509554e-05
13208,0.0001495433389209211,5.177018465474248e-05
13209,0.00014069827739149332,5.177311322768219e-05
13210,0.00013463888899423182,5.178305582376197e-05
13211,0.00013063164078630507,5.180997322895564e-05
13212,0.00012787764717359096,5.187212082091719e-05
13213,0.00012608570978045464,5.1985207392135635e-05
13214,0.00012500747106969357,5.2181749197188765e-05
13215,0.00012436672113835812,5.25017203472089e-05
13216,0.0001239284611074254,5.301253986544907e-05
13217,0.00012361587141640484,5.3823405323782936e-05
13218,0.00012346611765678972,5.510824848897755e-05
13219,0.0001234763622051105,5.7153378293151036e-05
13220,0.00012357873492874205,6.043181201675907e-05
13221,0.0001237312681041658,6.57092168694362e-05
13222,0.00012400691048242152,7.427751552313566e-05
13223,0.00012453454837668687,8.823007374303415e-05
13224,0.00012544027413241565,0.0001111616293201223
13225,0.0001268538471776992,0.00014879748050589114
13226,0.00012908969074487686,0.00021121959434822202
13227,0.0001326537603745237,0.00031382456654682755
13228,0.0001386061921948567,0.000483835261547938
13229,0.00014829786960035563,0.0007581533282063901
13230,0.00016468603280372918,0.001199220190756023
13231,0.00019140121003147215,0.001860455027781427
13232,0.00023744362988509238,0.002805897034704685
13233,0.00031190295703709126,0.0039132386445999146
13234,0.00044279047870077193,0.004920939449220896
13235,0.0006471616798080504,0.005099103320389986
13236,0.00100947346072644,0.004048225469887257
13237,0.0015231224242597818,0.002043351298198104
13238,0.002395936753600836,0.00045861434773541987
13239,0.0033456499222666025,0.0003384541196282953
13240,0.004627796355634928,0.0013221106491982937
13241,0.005122954025864601,0.002064285334199667
13242,0.00494980625808239,0.00163640093524009
13243,0.0036758144851773977,0.0005704237264581025
13244,0.00221316353417933,0.00012375201913528144
13245,0.0015123484190553427,0.0006273164763115346
13246,0.00144874956458807,0.0011699404567480087
13247,0.0016081241192296147,0.0009268921567127109
13248,0.0014949747128412127,0.0002805046096909791
13249,0.0012858734698966146,0.00010171880421694368
13250,0.001064473413862288,0.0004757026908919215
13251,0.000895699136890471,0.0007124809199012816
13252,0.0008687938097864389,0.00045019888784736395
13253,0.0009091246174648404,0.00012166703527327627
13254,0.0009004035964608192,0.00017794936138670892
13255,0.0007572870817966759,0.0004257957043591887
13256,0.0006118883029557765,0.0004229915502946824
13257,0.0005752549623139203,0.0001817836018744856
13258,0.0005708083044737577,6.664191460004076e-05
13259,0.0005145967588759959,0.00019565594266168773
13260,0.00044333189725875854,0.0003103489871136844
13261,0.00045339440112002194,0.0002263310452690348
13262,0.0004918644553981721,8.966835594037548e-05
13263,0.00045690275146625936,9.563422645442188e-05
13264,0.00034611381124705076,0.0001934395550051704
13265,0.0002678833552636206,0.0002070507180178538
13266,0.0002846090355888009,0.00011838362115668133
13267,0.00032881496008485556,6.236392073333263e-05
13268,0.0003372729988768697,0.00010271822975482792
13269,0.00030454498482868075,0.00015451398212462664
13270,0.0002577047562226653,0.00013414793647825718
13271,0.00021514772379305214,7.78036264819093e-05
13272,0.00018971553072333336,6.53765382594429e-05
13273,0.00020100807887502015,9.972394036594778e-05
13274,0.00023579472326673567,0.000117712770588696
13275,0.0002499793190509081,9.16727731237188e-05
13276,0.00022011599503457546,6.07563451922033e-05
13277,0.00017096888041123748,6.378716352628544e-05
13278,0.00014718624879606068,8.665709901833907e-05
13279,0.00015934029943309724,9.167360985884443e-05
13280,0.00018165857181884348,7.31618856661953e-05
13281,0.00018930496298708022,5.829174187965691e-05
13282,0.00017867873248178512,6.424818275263533e-05
13283,0.00016060331836342812,7.733456732239574e-05
13284,0.00014529380132444203,7.698341505602002e-05
13285,0.00013942390796728432,6.421410944312811e-05
13286,0.00014418487262446433,5.6088923884090036e-05
13287,0.000152886554133147,6.052394746802747e-05
13288,0.00015551704564131796,6.79275908623822e-05
13289,0.00014822847151663154,6.696241325698793e-05
13290,0.00013806445349473506,5.9310081269359216e-05
13291,0.00013388393563218415,5.4916807130211964e-05
13292,0.00013644591672345996,5.7867029681801796e-05
13293,0.0001395831350237131,6.241341179702431e-05
13294,0.0001384267525281757,6.203515658853576e-05
13295,0.0001339736336376518,5.760763815487735e-05
13296,0.00013007361849304289,5.475084253703244e-05
13297,0.00012900831643491983,5.613961548078805e-05
13298,0.0001303316530538723,5.883569974685088e-05
13299,0.0001323958276771009,5.899657844565809e-05
13300,0.00013359310105443,5.6556549679953605e-05
13301,0.00013272048090584576,5.457962834043428e-05
13302,0.00013012519048061222,5.506922389031388e-05
13303,0.00012762489495798945,5.688807868864387e-05
13304,0.00012755856732837856,5.771692667622119e-05
13305,0.00013054934970568866,5.6957225751830265e-05
13306,0.0001354953128611669,5.609255822491832e-05
13307,0.00014141734573058784,5.667651566909626e-05
13308,0.00014907022705301642,5.863114711246453e-05
13309,0.00016152302850969136,6.0794161981903017e-05
13310,0.00018364429706707597,6.251080048969015e-05
13311,0.0002212143735960126,6.453690730268136e-05
13312,0.00028619595104828477,6.811846833443269e-05
13313,0.00039067649049684405,7.412401464534923e-05
13314,0.0005713163991458714,8.261336188297719e-05
13315,0.0008504319121129811,9.410118218511343e-05
13316,0.0013238113606348634,0.00010974831093335524
13317,0.0019797564018517733,0.00013256733654998243
13318,0.002978006610646844,0.000165251360158436
13319,0.003988186363130808,0.00021327132708393037
13320,0.004987563472241163,0.0002799288195092231
13321,0.0051717860624194145,0.0003764917200896889
13322,0.004510946571826935,0.0005062006530351937
13323,0.0035425517708063126,0.0006898842984810472
13324,0.0026341399643570185,0.0009172073332592845
13325,0.002101867226883769,0.0012124177301302552
13326,0.0014737285673618317,0.0015053695533424616
13327,0.0010189032182097435,0.0017976057715713978
13328,0.001033381442539394,0.0019018602324649692
13329,0.0014734284486621618,0.001816831878386438
13330,0.0017371507128700614,0.0013965030666440725
13331,0.0013429190730676055,0.0008381669176742435
13332,0.0006679357029497623,0.00032136740628629923
13333,0.00032212043879553676,9.674966713646427e-05
13334,0.0005485679721459746,0.00020877356291748583
13335,0.0009623582591302693,0.0004984011757187545
13336,0.0010418726596981287,0.0007219209801405668
13337,0.0007271190988831222,0.0007255956879816949
13338,0.0003663046518340707,0.0005612692330032587
13339,0.0003236624179407954,0.0004298037674743682
13340,0.0005534498486667871,0.0004988234722986817
13341,0.0006940714083611965,0.0008183791651390493
13342,0.0005721068009734154,0.0012636613100767136
13343,0.00032144750002771616,0.0018204188672825694
13344,0.00020953034982085228,0.002364895772188902
13345,0.0002840734086930752,0.003194282064214349
13346,0.00037808300112374127,0.003960323054343462
13347,0.00035181985003873706,0.004809337202459574
13348,0.00024086629855446517,0.004564464092254639
13349,0.00018708265270106494,0.0034573799930512905
13350,0.00023776994203217328,0.001499820500612259
13351,0.0003110443358309567,0.00024303828831762075
13352,0.00031667351140640676,0.00038630262133665383
13353,0.0002528128679841757,0.001329415594227612
13354,0.0001970046869246289,0.0018365131691098213
13355,0.00020460922678466886,0.0012542963959276676
13356,0.000258374260738492,0.00041795644210651517
13357,0.00030294738826341927,0.00025739712873473763
13358,0.0002928443136624992,0.0007436259184032679
13359,0.0002564530004747212,0.0010309991193935275
13360,0.00022987845295574516,0.0006799535476602614
13361,0.0002434349589748308,0.0002083607396343723
13362,0.0002726157254073769,0.00019373292161617428
13363,0.0002870997996069491,0.0005123488954268396
13364,0.0002785814576782286,0.0006324691930785775
13365,0.0002657959994394332,0.0004052506119478494
13366,0.0002682817867025733,0.0001878467737697065
13367,0.00029091688338667154,0.00022748119954485446
13368,0.0003089115198235959,0.0003497077850624919
13369,0.00032357711461372674,0.00031633159960620105
13370,0.0003277445794083178,0.00017270927492063493
13371,0.0003500249586068094,0.00013258826220408082
13372,0.00038313865661621094,0.00021808483870700002
13373,0.00043697748333215714,0.0002637868747115135
13374,0.0004859312321059406,0.00019785371841862798
13375,0.0005445582210086286,0.00011893182090716437
13376,0.0005891348700970411,0.00012945069465786219
13377,0.0006582496571354568,0.00018038642883766443
13378,0.0007043999503366649,0.00017093319911509752
13379,0.0007732760859653354,0.00010382183972978964
13380,0.0007864739745855331,6.675024633295834e-05
13381,0.0007991900201886892,9.863715968094766e-05
13382,0.0007431384292431176,0.00014188644126988947
13383,0.0006771141779609025,0.00013356115960050374
13384,0.0005690832040272653,8.84023102116771e-05
13385,0.00045785412658005953,6.606983515666798e-05
13386,0.0003421803703531623,8.651308598928154e-05
13387,0.0002427327272016555,0.00011178814747836441
13388,0.00017048089648596942,0.00010385080531705171
13389,0.0001330317318206653,7.36173678888008e-05
13390,0.00012914124818053097,5.667369987349957e-05
13391,0.00015008283662609756,6.600114284083247e-05
13392,0.00018465673201717436,8.098620310192928e-05
13393,0.00022430394892580807,7.987039134604856e-05
13394,0.0002668123343028128,6.629720883211121e-05
13395,0.00031067716190591455,5.813737152493559e-05
13396,0.0003622435324359685,6.264650437515229e-05
13397,0.00041180779226124287,7.027654646662995e-05
13398,0.000471812323667109,7.011220441199839e-05
13399,0.0005187400383874774,6.318046507658437e-05
13400,0.0005769985145889223,5.8340021496405825e-05
13401,0.0006131946574896574,5.9752350352937356e-05
13402,0.0006580639746971428,6.301631219685078e-05
13403,0.0006718798540532589,6.221105286385864e-05
13404,0.0006827989127486944,5.754888115916401e-05
13405,0.0006553549319505692,5.396904089138843e-05
13406,0.0006163730286061764,5.4587631893809885e-05
13407,0.0005458458908833563,5.7256365835200995e-05
13408,0.0004703340237028897,5.783928281744011e-05
13409,0.000384409271646291,5.532360228244215e-05
13410,0.00030779410735704005,5.244109343038872e-05
13411,0.00024015872622840106,5.202155443839729e-05
13412,0.00018939623259939253,5.386565317166969e-05
13413,0.0001540996163384989,5.545250678551383e-05
13414,0.0001338420552201569,5.5005381000228226e-05
13415,0.00012586194497998804,5.3177802328718826e-05
13416,0.0001274339883821085,5.1893854106310755e-05
13417,0.00013609055895358324,5.2147704991512e-05
13418,0.00014991201169323176,5.322189099388197e-05
13419,0.00016819225857034326,5.3757445130031556e-05
13420,0.00018997912411578,5.3207473683869466e-05
13421,0.0002172744570998475,5.220620732870884e-05
13422,0.00024905867758207023,5.166931441635825e-05
13423,0.0002910416224040091,5.186333874007687e-05
13424,0.00034061967744491994,5.2286548452684656e-05
13425,0.0004091913579031825,5.2343864808790386e-05
13426,0.0004895908059552312,5.1945604354841635e-05
13427,0.0006031653028912842,5.1481219998095185e-05
13428,0.0007297002011910081,5.1326722314115614e-05
13429,0.0009061198798008263,5.14866660523694e-05
13430,0.0010784538462758064,5.166813207324594e-05
13431,0.0012999271275475621,5.1634619012475014e-05
13432,0.0014553708024322987,5.1411720050964504e-05
13433,0.001604636199772358,5.122418951941654e-05
13434,0.001596326008439064,5.124049130245112e-05
13435,0.0014975890517234802,5.1438339141895995e-05
13436,0.0012505276827141643,5.165811671759002e-05
13437,0.0009405648452229798,5.17777880304493e-05
13438,0.0006363610154949129,5.181973392609507e-05
13439,0.00039262016071006656,5.192571188672446e-05
13440,0.00025436573196202517,5.221871833782643e-05
13441,0.00021993173868395388,5.273311762721278e-05
13442,0.0002740175696089864,5.341510404832661e-05
13443,0.00037725025322288275,5.423920811153948e-05
13444,0.0004983185790479183,5.524188236449845e-05
13445,0.0005866853171028197,5.658508598571643e-05
13446,0.0006330003961920738,5.843859980814159e-05
13447,0.0006171868881210685,6.104268686613068e-05
13448,0.0005681118345819414,6.458567804656923e-05
13449,0.0004921052022837102,6.945236236788332e-05
13450,0.0004251691570971161,7.6021344284527e-05
13451,0.00036475519300438464,8.517632522853091e-05
13452,0.00032266785274259746,9.77014860836789e-05
13453,0.0002862137625925243,0.00011543026630533859
13454,0.0002579438150860369,0.00013971264706924558
13455,0.00023459221119992435,0.00017431023297831416
13456,0.00021970212401356548,0.0002212415129179135
13457,0.00021311019372660667,0.0002881159307435155
13458,0.0002111762878485024,0.00037652504397556186
13459,0.0002111030917149037,0.0005004980484955013
13460,0.00020681385649368167,0.0006545167998410761
13461,0.00020025244157295674,0.0008593748207204044
13462,0.0001897328329505399,0.0010793179972097278
13463,0.00018242848454974592,0.0013323802268132567
13464,0.00017903523985296488,0.0015090717934072018
13465,0.00018477282719686627,0.001616670866496861
13466,0.0001978459331439808,0.0014929951867088675
13467,0.0002188164507970214,0.0012117648730054498
13468,0.0002453058841638267,0.0007647353340871632
13469,0.0002790107682812959,0.0003582061908673495
13470,0.0003208303533028811,0.00011893190094269812
13471,0.0003775041550397873,0.00010765963816083968
13472,0.0004502206575125456,0.0002474049979355186
13473,0.0005531766219064593,0.0003933786938432604
13474,0.0006799507536925375,0.0004448729450814426
13475,0.0008580013527534902,0.0003786346933338791
13476,0.0010569433216005564,0.00027888730983249843
13477,0.001318716793321073,0.00021535165433306247
13478,0.00155964819714427,0.0002159461291739717
13479,0.0018179144244641066,0.00023439701180905104
13480,0.001960534369572997,0.00022022555640432984
13481,0.002004035748541355,0.0001626222801860422
13482,0.00190381845459342,9.953252447303385e-05
13483,0.001668242271989584,7.737109262961894e-05
13484,0.0014124867739155889,0.00010636000661179423
13485,0.0010986538836732507,0.0001557882351335138
13486,0.0008260745089501143,0.00018224984523840249
13487,0.0005806473200209439,0.00016873521963134408
13488,0.00045262492494657636,0.0001296901609748602
13489,0.0004721492878161371,9.706659329822287e-05
13490,0.000663924845866859,8.847330173011869e-05
13491,0.0009229003335349262,9.92429195321165e-05
13492,0.0011900049867108464,0.00010977200145134702
13493,0.001318405382335186,0.0001064855168806389
13494,0.0013384155463427305,9.010918438434601e-05
13495,0.001172195770777762,7.266595639521256e-05
13496,0.0009825938614085317,6.491109525086358e-05
13497,0.000742786331102252,6.79019940434955e-05
13498,0.0005765995010733604,7.442239439114928e-05
13499,0.0004576434148475528,7.618077506776899e-05
13500,0.000393221213016659,7.103924872353673e-05
13501,0.0003533271956257522,6.291568570304662e-05
13502,0.00033460327540524304,5.815116674057208e-05
13503,0.0003330093459226191,5.9688944020308554e-05
13504,0.00033598049776628613,6.568770186277106e-05
13505,0.00033686895039863884,7.140116213122383e-05
13506,0.0003205353277735412,7.313692913157865e-05
13507,0.0002970449859276414,7.037915929686278e-05
13508,0.000274058518698439,6.55359253869392e-05
13509,0.000269339419901371,6.153826689114794e-05
13510,0.00028480993933044374,5.988258999423124e-05
13511,0.0003232657618355006,5.9932244766969234e-05
13512,0.00037063859053887427,5.998428605380468e-05
13513,0.0004117484495509416,5.8683301176643e-05
13514,0.00043579211342148483,5.596804840024561e-05
13515,0.00043809160706587136,5.2843963203486055e-05
13516,0.0004329156072344631,5.057793532614596e-05
13517,0.00043473223922774196,4.980712037649937e-05
13518,0.00045067089376971126,5.028433588449843e-05
13519,0.0004897630424238741,5.117161344969645e-05
13520,0.0005261009209789336,5.1656919822562486e-05
13521,0.0005711331032216549,5.1400649681454524e-05
13522,0.0005817408673465252,5.0610440666787326e-05
13523,0.0005880408571101725,4.978131619282067e-05
13524,0.000552322540897876,4.934234675602056e-05
13525,0.0005144448950886726,4.940942380926572e-05
13526,0.0004523721872828901,4.9790876801125705e-05
13527,0.00039678241591900587,5.014926500734873e-05
13528,0.0003370616468600929,5.023094854550436e-05
13529,0.00028618521173484623,4.996971256332472e-05
13530,0.00024147960357367992,4.9499190936330706e-05
13531,0.00020619429415091872,4.902740693069063e-05
13532,0.00018135526624973863,4.873024590779096e-05
13533,0.0001664570881985128,4.86594217363745e-05
13534,0.0001601892290636897,4.8753292503533885e-05
13535,0.00015918558347038925,4.888625699095428e-05
13536,0.00016045811935327947,4.895699748885818e-05
13537,0.00016110787692014128,4.891517892247066e-05
13538,0.00016035283624660224,4.8788140702527016e-05
13539,0.00015809654723852873,4.864773291046731e-05
13540,0.00015626856475137174,4.8573027015663683e-05
13541,0.0001565529964864254,4.861586421611719e-05
13542,0.0001615425426280126,4.879287735093385e-05
13543,0.000172316882526502,4.9094363930635154e-05
13544,0.0001916595792863518,4.950140282744542e-05
13545,0.00022015567810740322,5.002117541152984e-05
13546,0.00026434368919581175,5.070326733402908e-05
13547,0.00032569424365647137,5.1645612984430045e-05
13548,0.0004206717130728066,5.3011757700005546e-05
13549,0.000549636606592685,5.5040909501258284e-05
13550,0.0007485512760467827,5.8078883739653975e-05
13551,0.001000886084511876,6.264046533033252e-05
13552,0.0013717578258365393,6.950615352252498e-05
13553,0.001765812048688531,7.990532321855426e-05
13554,0.002257680520415306,9.572907583788037e-05
13555,0.0025802559684962034,0.00012009451165795326
13556,0.0027783093973994255,0.00015758942754473537
13557,0.002633824944496155,0.00021606558584608138
13558,0.002278473461046815,0.0003060756134800613
13559,0.0019436306320130825,0.00044666198664344847
13560,0.001669790130108595,0.0006579898763448
13561,0.001551819615997374,0.0009795421501621604
13562,0.0013815687270835042,0.0014249070081859827
13563,0.0012009905185550451,0.0020387042313814163
13564,0.001007721875794232,0.0027036000974476337
13565,0.000960245612077415,0.0033570388332009315
13566,0.0009757323423400521,0.003528839908540249
13567,0.0010040056658908725,0.0031704960856586695
13568,0.0009150131372734904,0.0021153546404093504
13569,0.0007048570550978184,0.0011146750766783953
13570,0.00047127381549216807,0.0007111189188435674
13571,0.0003234532196074724,0.001133969402872026
13572,0.0003300798125565052,0.0018357762601226568
13573,0.0004457913164515048,0.002116086659952998
13574,0.0005622439202852547,0.0016143338289111853
13575,0.0005763480439782143,0.0008482448756694794
13576,0.0004802511539310217,0.0005227072979323566
13577,0.0003395775565877557,0.0008144835010170937
13578,0.0002435597125440836,0.0011673514964058995
13579,0.00023490042076446116,0.0011046875733882189
13580,0.0002900482213590294,0.0007090392173267901
13581,0.0003513727569952607,0.000476121116662398
13582,0.0003754172648768872,0.0005738142062909901
13583,0.0003515208372846246,0.0006964134518057108
13584,0.0003075426793657243,0.0005354773020371795
13585,0.0002717079478316009,0.0002112877555191517
13586,0.00026906520361080766,7.009409455349669e-05
13587,0.00029592367354780436,0.00019568523566704243
13588,0.00034041167236864567,0.0003466225753072649
13589,0.00038420764030888677,0.0003262940444983542
13590,0.0004277113184798509,0.00021028652554377913
13591,0.0004683900624513626,0.00018221233040094376
13592,0.0005252467235550284,0.0002588162897154689
13593,0.0005773343145847321,0.0002999742282554507
13594,0.0006460542790591717,0.0002289480617037043
13595,0.0006816150853410363,0.0001274365931749344
13596,0.000720771262422204,0.00010650417243596166
13597,0.0007128346478566527,0.00015619014448020607
13598,0.0007024644291959703,0.00018394351354800165
13599,0.0006544847274199128,0.00014709445531480014
13600,0.0005995356477797031,9.713681356515735e-05
13601,0.0005256851436570287,9.097559814108536e-05
13602,0.00044683367013931274,0.00011818305938504636
13603,0.00036736950278282166,0.0001266238687094301
13604,0.00029251063824631274,9.87680978141725e-05
13605,0.00023032072931528091,6.679201760562137e-05
13606,0.00018340576207265258,6.443432357627898e-05
13607,0.00015447096666321158,8.50304204504937e-05
13608,0.00014137073594611138,9.750020399224013e-05
13609,0.0001403247588314116,8.89697257662192e-05
13610,0.00014724880747962743,7.513411401305348e-05
13611,0.00015944047481752932,7.56129011278972e-05
13612,0.0001759306323947385,8.783702651271597e-05
13613,0.00019611349853221327,9.477852290729061e-05
13614,0.00022017076844349504,8.729334513191134e-05
13615,0.00024874438531696796,7.425330113619566e-05
13616,0.00028297805693000555,6.816568202339113e-05
13617,0.00032972966437228024,7.087029371177778e-05
13618,0.0003898737777490169,7.327794446609914e-05
13619,0.00048287722165696323,6.885924085509032e-05
13620,0.000598304730374366,6.024959293426946e-05
13621,0.0007751873345114291,5.5005482863634825e-05
13622,0.0009657640475779772,5.581544974120334e-05
13623,0.0012344518909230828,5.864897684659809e-05
13624,0.0014511841582134366,5.84689223614987e-05
13625,0.0016976370243355632,5.4952019127085805e-05
13626,0.0017571353819221258,5.178569335839711e-05
13627,0.001729002920910716,5.182873792364262e-05
13628,0.001504746382124722,5.4115855164127424e-05
13629,0.0012264642864465714,5.5604999943170696e-05
13630,0.001003021257929504,5.477335798786953e-05
13631,0.0008731603738851845,5.293407230055891e-05
13632,0.000860359228681773,5.227093424764462e-05
13633,0.0008569314377382398,5.34132523171138e-05
13634,0.0008376411278732121,5.508064350578934e-05
13635,0.0007402628543786705,5.5818079999880865e-05
13636,0.000640851678326726,5.55225124116987e-05
13637,0.000523642054758966,5.535436866921373e-05
13638,0.0004611110489349812,5.6322467571590096e-05
13639,0.0004276855324860662,5.842139944434166e-05
13640,0.0004264051967766136,6.0889495216542855e-05
13641,0.0004342486208770424,6.33099116384983e-05
13642,0.00042743777157738805,6.601308996323496e-05
13643,0.00040097409510053694,6.999656034167856e-05
13644,0.00035154668148607016,7.59484464651905e-05
13645,0.00029293703846633434,8.44108872115612e-05
13646,0.00023957976372912526,9.54856222961098e-05
13647,0.000208938930882141,0.00011031327449018136
13648,0.00020546317682601511,0.00013002649939153343
13649,0.000224335613893345,0.00015776413783896714
13650,0.0002518799155950546,0.00019526909454725683
13651,0.0002704668731894344,0.00024805800057947636
13652,0.00027086492627859116,0.0003174580342601985
13653,0.0002510404447093606,0.0004137495707254857
13654,0.00021896316320635378,0.000534853374119848
13655,0.0001871065906016156,0.0006974504794925451
13656,0.00016636699729133397,0.0008821152150630951
13657,0.00016308503109030426,0.001107021002098918
13658,0.0001770485396264121,0.0013034199364483356
13659,0.00020401593064889312,0.0014821799704805017
13660,0.0002382804377702996,0.001511789858341217
13661,0.0002778951311483979,0.0014351600548252463
13662,0.0003254375187680125,0.0011833057506009936
13663,0.00038783601485192776,0.0009462268208153546
13664,0.00048172546667046845,0.000854065059684217
13665,0.0006135421572253108,0.0011775881284847856
13666,0.0008197405841201544,0.002031714888289571
13667,0.0010744462488219142,0.0036622057668864727
13668,0.0014448205474764109,0.005785971414297819
13669,0.0017908790614455938,0.008466443978250027
13670,0.002197797643020749,0.00917054619640112
13671,0.0023587641771882772,0.007643662393093109
13672,0.0023755505681037903,0.003303683828562498
13673,0.002118229866027832,0.001197224366478622
13674,0.0017795786261558533,0.002798168221488595
13675,0.0015795371728017926,0.005024475045502186
13676,0.0014671047683805227,0.004344407003372908
13677,0.0014176892582327127,0.0021001033019274473
13678,0.0012149960966780782,0.0016175589989870787
13679,0.0009320763638243079,0.0028583845123648643
13680,0.0006364318542182446,0.002262025373056531
13681,0.0005173999234102666,0.0006591269630007446
13682,0.0005647364305332303,0.0006866726325824857
13683,0.0007044985541142523,0.0014062474947422743
13684,0.0008043269626796246,0.0009924164041876793
13685,0.0007592623587697744,0.0005478280363604426
13686,0.0005977656692266464,0.0010240769479423761
13687,0.00038960258825682104,0.0012156044831499457
13688,0.00024928885977715254,0.00080414506373927
13689,0.0002275890437886119,0.0006656541372649372
13690,0.0002957046963274479,0.000820698740426451
13691,0.0003808064793702215,0.0006095720455050468
13692,0.00041320844320580363,0.00030737888300791383
13693,0.0003827993059530854,0.0003506877983454615
13694,0.00031237583607435226,0.00044057643390260637
13695,0.00024952649255283177,0.00031486115767620504
13696,0.000218551344005391,0.0002928712929133326
13697,0.0002169326471630484,0.00045048375613987446
13698,0.00022652363986708224,0.00039989963988773525
13699,0.0002279657928738743,0.00023882252571638674
13700,0.00021637242753058672,0.0002786015975289047
13701,0.00019620219245553017,0.00029922492103651166
13702,0.00018094493134412915,0.00015628497931174934
13703,0.00017862430831883103,0.0001183592394227162
13704,0.00018846476450562477,0.0001989267038879916
13705,0.00020311109255999327,0.00018630619160830975
13706,0.00021246940013952553,0.00012909901852253824
13707,0.00021542099420912564,0.00016049182158894837
13708,0.0002121678408002481,0.00020119507098570466
13709,0.00021487538469955325,0.00015298882499337196
13710,0.00022732600336894393,0.00010148900037165731
13711,0.0002601182786747813,0.00012181363854324445
13712,0.00031222469988279045,0.00013008579844608903
13713,0.0003941660397686064,8.175573748303577e-05
13714,0.0005061787087470293,6.961054896237329e-05
13715,0.0006736810901202261,0.00010474149894434959
13716,0.0008935347432270646,0.0001048029080266133
13717,0.0012248250422999263,7.875048322603106e-05
13718,0.0016022882191464305,8.452744077658281e-05
13719,0.0021207474637776613,0.00010108554852195084
13720,0.0024924243334680796,8.695594442542642e-05
13721,0.0028044572100043297,6.606438546441495e-05
13722,0.0026051278691738844,6.829449557699263e-05
13723,0.002127435989677906,7.513516175094992e-05
13724,0.0014823273522779346,6.598683103220537e-05
13725,0.0010134405456483364,5.677130684489384e-05
13726,0.0008475838112644851,6.334183126455173e-05
13727,0.0007906267419457436,7.040843775030226e-05
13728,0.000704309728462249,6.435392424464226e-05
13729,0.0005584612372331321,5.885171049158089e-05
13730,0.0005134441889822483,6.352934724418446e-05
13731,0.0006037019775249064,6.497531285276636e-05
13732,0.0007700314745306969,5.743419751524925e-05
13733,0.0008543293224647641,5.38333915756084e-05
13734,0.0007534698816016316,5.688377495971508e-05
13735,0.0005192897515371442,5.657457222696394e-05
13736,0.0002773426240310073,5.2754872740479186e-05
13737,0.00016006111400201917,5.252279152045958e-05
13738,0.00019548693671822548,5.514989607036114e-05
13739,0.00031161459628492594,5.5210817663464695e-05
13740,0.000407015613745898,5.2957133448217064e-05
13741,0.0004167201987002045,5.268352833809331e-05
13742,0.00035428948467597365,5.4097079555504024e-05
13743,0.00027128931833431125,5.329327905201353e-05
13744,0.00021970830857753754,5.096667882753536e-05
13745,0.00021688867127522826,5.0779090088326484e-05
13746,0.00024241571372840554,5.171407974557951e-05
13747,0.00026786362286657095,5.082291681901552e-05
13748,0.0002688134554773569,4.946917397319339e-05
13749,0.00025017387815751135,4.988457658328116e-05
13750,0.00022043820354156196,5.071923806099221e-05
13751,0.00020047722500748932,5.022189725423232e-05
13752,0.00019748717022594064,4.9470534577267244e-05
13753,0.0002103443257510662,4.9754064093576744e-05
13754,0.0002295056765433401,5.018441879656166e-05
13755,0.0002426493592793122,4.9748672608984634e-05
13756,0.0002473949280101806,4.9103007768280804e-05
13757,0.00024305690021719784,4.910088682663627e-05
13758,0.0002393214381299913,4.9306327127851546e-05
13759,0.00024046545149758458,4.8993766540661454e-05
13760,0.00025097743491642177,4.8506615712540224e-05
13761,0.0002715096634346992,4.8479196266271174e-05
13762,0.00029779074247926474,4.865079972660169e-05
13763,0.00033540610456839204,4.849912511417642e-05
13764,0.0003765862202271819,4.82322575408034e-05
13765,0.00043610669672489166,4.824005009140819e-05
13766,0.0005013329209759831,4.834012361243367e-05
13767,0.0005951818311586976,4.8259273171424866e-05
13768,0.0006958012236282229,4.8105124733410776e-05
13769,0.0008334290469065309,4.8060181143227965e-05
13770,0.0009668584098108113,4.8079680709633976e-05
13771,0.0011305962689220905,4.802232433576137e-05
13772,0.0012541249161586165,4.789216473000124e-05
13773,0.001371110905893147,4.781290044775233e-05
13774,0.0013955443864688277,4.779884693562053e-05
13775,0.0013606187421828508,4.774660192197189e-05
13776,0.0012217056937515736,4.763629112858325e-05
13777,0.0010221300181001425,4.75586493848823e-05
13778,0.000793981074821204,4.7537527279928327e-05
13779,0.0005796443438157439,4.749987419927493e-05
13780,0.00042432197369635105,4.741917291539721e-05
13781,0.00033391962642781436,4.735068796435371e-05
13782,0.00031080818735063076,4.732336674351245e-05
13783,0.00032504519913345575,4.729806460090913e-05
13784,0.00036581739550456405,4.7243167500710115e-05
13785,0.00039669888792559505,4.7182147682178766e-05
13786,0.0004271820653229952,4.714539318229072e-05
13787,0.0004321372543927282,4.7124271077336743e-05
13788,0.00043645029654726386,4.708853521151468e-05
13789,0.00042816062341444194,4.703523882199079e-05
13790,0.0004312987730372697,4.699429337051697e-05
13791,0.0004388646630104631,4.6972454583738e-05
13792,0.000464326876681298,4.6944289351813495e-05
13793,0.0004943622625432909,4.690007699537091e-05
13794,0.0005313859437592328,4.685995008912869e-05
13795,0.0005579300923272967,4.683395309257321e-05
13796,0.0005730923148803413,4.6807464968878776e-05
13797,0.0005664724158123136,4.677344986703247e-05
13798,0.0005407335702329874,4.6739318349864334e-05
13799,0.0004982872633263469,4.6711433242307976e-05
13800,0.00044572283513844013,4.668864858103916e-05
13801,0.000393059803172946,4.666292807087302e-05
13802,0.0003441840526647866,4.663630897994153e-05
13803,0.0003058663569390774,4.6614990424131975e-05
13804,0.00027593603590503335,4.6601580834249035e-05
13805,0.0002555872197262943,4.659048863686621e-05
13806,0.00024243243387900293,4.6583318180637434e-05
13807,0.0002361064252909273,4.6585642849095166e-05
13808,0.000238639215240255,4.660144986701198e-05
13809,0.0002471000188961625,4.6634228056063876e-05
13810,0.000267924478976056,4.668793553719297e-05
13811,0.0002914729411713779,4.676957905758172e-05
13812,0.0003296082722954452,4.6896017011022195e-05
13813,0.00036366601125337183,4.708404594566673e-05
13814,0.0004144435515627265,4.7357989387819543e-05
13815,0.0004536684136837721,4.7753248509252444e-05
13816,0.0005150623037479818,4.832899139728397e-05
13817,0.0005606574122793972,4.91678983962629e-05
13818,0.0006387070752680302,5.0390146498102695e-05
13819,0.0007009080145508051,5.216683348407969e-05
13820,0.0008060012478381395,5.4782845836598426e-05
13821,0.0008947215974330902,5.862089165020734e-05
13822,0.00102518021594733,6.432981172110885e-05
13823,0.0011328122345730662,7.276679389178753e-05
13824,0.0012581017799675465,8.546435856260359e-05
13825,0.0013530729338526726,0.00010436690354254097
13826,0.001422958099283278,0.0001331240200670436
13827,0.0014693656703457236,0.00017595749523025006
13828,0.001448419876396656,0.0002414584596408531
13829,0.0014122147113084793,0.0003379617119207978
13830,0.0012712976895272732,0.0004845868097618222
13831,0.0010956133482977748,0.0006926227360963821
13832,0.00082448247121647,0.0009972585830837488
13833,0.0005495057557709515,0.0013875558506697416
13834,0.0003067386569455266,0.0018960650777444243
13835,0.00016849298845045269,0.0023823524825274944
13836,0.00015440328570548445,0.00279922760091722
13837,0.00023975140356924385,0.002778275404125452
13838,0.00036939920391887426,0.002328493632376194
13839,0.00048008147859945893,0.001404486712999642
13840,0.0005438109510578215,0.0005304222577251494
13841,0.0005508230533450842,0.00011642833123914897
13842,0.0005409126169979572,0.00027774611953645945
13843,0.0005651199026033282,0.0006935347337275743
13844,0.0006522582843899727,0.0009093642584048212
13845,0.0008575556566938758,0.0007786200731061399
13846,0.0011035852367058396,0.0004587089060805738
13847,0.0014534813817590475,0.0002788259007502347
13848,0.0016607620054855943,0.00032579092658124864
13849,0.001842721365392208,0.0004501297080423683
13850,0.0016447501257061958,0.00046157435281202197
13851,0.0013209197204560041,0.00036820158129557967
13852,0.0008267909288406372,0.00030450892518274486
13853,0.0004963235696777701,0.0003822746512014419
13854,0.0004276692634448409,0.0005498391110450029
13855,0.0005572565132752061,0.0006970383692532778
13856,0.0007047061808407307,0.0007659904076717794
13857,0.0006973103736527264,0.0008588418131694198
13858,0.000563871581107378,0.0010389168746769428
13859,0.0003847125917673111,0.001416988903656602
13860,0.00029947981238365173,0.00171947933267802
13861,0.00032646782347001135,0.001974068582057953
13862,0.00041598023381084204,0.0016641516704112291
13863,0.0004775086708832532,0.0011356163304299116
13864,0.00045366838457994163,0.000539547938387841
13865,0.0003633862652350217,0.0003084577328991145
13866,0.00025219310191459954,0.00039333448512479663
13867,0.00018280067888554186,0.0004914200399070978
13868,0.0001778060686774552,0.0004444229416549206
13869,0.00022226819419302046,0.0003215900796931237
13870,0.00027986790519207716,0.00027068692725151777
13871,0.0003154849400743842,0.0003252174938097596
13872,0.00032029597787186503,0.00039656698936596513
13873,0.0002955574309453368,0.0003820052952505648
13874,0.0002650681708473712,0.00029934727353975177
13875,0.0002423755795462057,0.00021361003746278584
13876,0.00023832262377254665,0.00015232473379001021
13877,0.00025237014051526785,0.00012370530748739839
13878,0.00027757210773415864,0.00015363722923211753
13879,0.0003112895938102156,0.00021004649170208722
13880,0.0003495624696370214,0.00021731418382842094
13881,0.00040204368997365236,0.0001669901394052431
13882,0.0004746408958453685,0.00013066352403257042
13883,0.0005803817184641957,0.0001434352743672207
13884,0.0007343317847698927,0.00016182451508939266
13885,0.0009288870496675372,0.00014276134606916457
13886,0.0012010930804535747,9.709376899991184e-05
13887,0.0014799429336562753,7.108676072675735e-05
13888,0.0018249860731884837,8.228394290199503e-05
13889,0.0020728392992168665,0.00010073405428556725
13890,0.0022638875525444746,9.693847823655233e-05
13891,0.002273603342473507,8.141848229570314e-05
13892,0.002101215533912182,7.840141915949062e-05
13893,0.0018437725957483053,8.610456279711798e-05
13894,0.001460266881622374,8.999850251711905e-05
13895,0.0011065859580412507,8.609745418652892e-05
13896,0.0007470087148249149,7.892703433753923e-05
13897,0.0004906997783109546,7.007654494373128e-05
13898,0.0003671347221825272,6.017039413563907e-05
13899,0.0004031973658129573,5.3066847613081336e-05
13900,0.0005381011287681758,5.308333129505627e-05
13901,0.0006806161254644394,5.8645004173740745e-05
13902,0.0007670127088204026,6.213138840394095e-05
13903,0.0007505132234655321,5.9596528444672003e-05
13904,0.0006675929762423038,5.6361008319072425e-05
13905,0.0005586332408711314,5.81483545829542e-05
13906,0.0004729351494461298,6.175421003717929e-05
13907,0.00044802669435739517,6.095456046750769e-05
13908,0.00045429758029058576,5.5574604630237445e-05
13909,0.00046591029968112707,5.057655289419927e-05
13910,0.00042846897849813104,4.8715228331275284e-05
13911,0.00035081725218333304,4.895890015177429e-05
13912,0.00025624039699323475,4.935869583277963e-05
13913,0.00019153693574480712,4.93053303216584e-05
13914,0.00017348068649880588,4.922865264234133e-05
13915,0.00019052630523219705,4.928237103740685e-05
13916,0.00021420058328658342,4.908348273602314e-05
13917,0.00022357434500008821,4.8672060074750334e-05
13918,0.00021632498828694224,4.8706435336498544e-05
13919,0.00019935973978135735,4.918439299217425e-05
13920,0.00018359569367021322,4.912943404633552e-05
13921,0.00017244760238099843,4.8102367145475e-05
13922,0.0001676041865721345,4.693558003054932e-05
13923,0.00016823051555547863,4.6508073864970356e-05
13924,0.00017474606283940375,4.6750210458412766e-05
13925,0.00018615732551552355,4.702161095337942e-05
13926,0.0002005823189392686,4.6882581955287606e-05
13927,0.00021779867529403418,4.638525570044294e-05
13928,0.00023917818907648325,4.591799370246008e-05
13929,0.00026822611107490957,4.5731405407423154e-05
13930,0.0003119578177575022,4.570156306726858e-05
13931,0.0003682896785903722,4.562484173220582e-05
13932,0.000456527981441468,4.5521050196839496e-05
13933,0.0005598256248049438,4.5481647248379886e-05
13934,0.0007288185297511518,4.544534385786392e-05
13935,0.0009089151863008738,4.532017919700593e-05
13936,0.0011879962403327227,4.5169923396315426e-05
13937,0.0014236340066418052,4.513729436439462e-05
13938,0.0017248713411390781,4.5245480578159913e-05
13939,0.0018414456862956285,4.537775384960696e-05
13940,0.0018858398543670774,4.5406581193674356e-05
13941,0.0016750391805544496,4.531251033768058e-05
13942,0.001358075300231576,4.51888918178156e-05
13943,0.0010200755205005407,4.513053863774985e-05
13944,0.0007591960020363331,4.513286330620758e-05
13945,0.000639431003946811,4.5127417251933366e-05
13946,0.0005873482441529632,4.5086140744388103e-05
13947,0.0005579257849603891,4.5038705138722435e-05
13948,0.0004946148255839944,4.500368231674656e-05
13949,0.00043637523776851594,4.495772736845538e-05
13950,0.000398289441363886,4.48940227215644e-05
13951,0.0004121399251744151,4.483507291297428e-05
13952,0.00046520339674316347,4.480459392652847e-05
13953,0.0005178489373065531,4.481021096580662e-05
13954,0.0005422100657597184,4.483299926505424e-05
13955,0.0005014302441850305,4.485090175876394e-05
13956,0.0004156211216468364,4.48578575742431e-05
13957,0.0003079900925513357,4.4875385356135666e-05
13958,0.00022465622168965638,4.49236249551177e-05
13959,0.00018821840058080852,4.500937575357966e-05
13960,0.000197190951439552,4.513110616244376e-05
13961,0.00022997823543846607,4.529590660240501e-05
13962,0.0002576354891061783,4.551955862552859e-05
13963,0.00026424298994243145,4.5822733227396384e-05
13964,0.0002442413242533803,4.622633787221275e-05
13965,0.00020982981368433684,4.676590469898656e-05
13966,0.00017405085964128375,4.748922583530657e-05
13967,0.00015059405995998532,4.847392119700089e-05
13968,0.00014432353782467544,4.9814992962637916e-05
13969,0.00015262751549016684,5.1672395784407854e-05
13970,0.00016759219579398632,5.422021422418766e-05
13971,0.00018013027147389948,5.7775614550337195e-05
13972,0.00018559662566985935,6.269988080020994e-05
13973,0.0001827558153308928,6.967864464968443e-05
13974,0.0001765652996255085,7.94358566054143e-05
13975,0.0001721042353892699,9.345018770545721e-05
13976,0.00017493398627266288,0.00011315893789287657
13977,0.0001884597586467862,0.00014176181866787374
13978,0.0002128017513314262,0.00018193367577623576
13979,0.0002518582623451948,0.0002405107516096905
13980,0.000301834981655702,0.00032156106317415833
13981,0.0003761047264561057,0.0004387789231259376
13982,0.00046622773515991867,0.0005942308926023543
13983,0.0006040591979399323,0.0008108493639156222
13984,0.0007662830175831914,0.0010697594843804836
13985,0.0010106578702107072,0.0013936354080215096
13986,0.0012683621607720852,0.0016877062153071165
13987,0.0016169759910553694,0.0019472463754937053
13988,0.00189825682900846,0.001968447584658861
13989,0.0021774405613541603,0.0017803778173401952
13990,0.002270273631438613,0.00130215915851295
13991,0.0022228641901165247,0.0007818854646757245
13992,0.002064183121547103,0.00040630443254485726
13993,0.0017976004164665937,0.00033875720691867173
13994,0.0015698258066549897,0.0005219884915277362
13995,0.0012605731608346105,0.0007549868314526975
13996,0.0009439856512472034,0.0008420106023550034
13997,0.0006220298819243908,0.0007080030627548695
13998,0.0004301389853935689,0.000486490927869454
13999,0.0004194706561975181,0.00035821969504468143
14000,0.0005688639357686043,0.000441749463789165
14001,0.0007676798850297928,0.0006846477626822889
14002,0.0008868935401551425,0.0009582508937455714
14003,0.0008837576024234295,0.0011295406147837639
14004,0.0007358483271673322,0.0012399349361658096
14005,0.0005314587033353746,0.0013232866767793894
14006,0.00035465857945382595,0.0014980875421315432
14007,0.0002681068144738674,0.0016299436101689935
14008,0.00028572557494044304,0.0016871599946171045
14009,0.00035381404450163245,0.0014308503596112132
14010,0.0004110786831006408,0.0010154524352401495
14011,0.00040626805275678635,0.0005240358295850456
14012,0.00034887928632088006,0.00021905414178036153
14013,0.00027299142675474286,0.00018649394041858613
14014,0.00022741266002412885,0.0003679353976622224
14015,0.00022881322365719825,0.0006019088323228061
14016,0.0002620195155031979,0.0007101459195837379
14017,0.000297498278087005,0.0006425942410714924
14018,0.00030885214800946414,0.0004222491115797311
14019,0.0002958069380838424,0.00019334047101438046
14020,0.00026838763733394444,6.793124339310452e-05
14021,0.00024833029601722956,8.68110146257095e-05
14022,0.0002468884631525725,0.00019711462664417922
14023,0.00026610723580233753,0.0002995162212755531
14024,0.0003049092192668468,0.0003275515337008983
14025,0.0003501578466966748,0.00026774354046210647
14026,0.00040776177775114775,0.00017705658683553338
14027,0.0004588384763337672,0.0001138248699135147
14028,0.0005325406091287732,0.0001073498060577549
14029,0.0005984262679703534,0.00014090763579588383
14030,0.0007094804313965142,0.00017434146138839424
14031,0.0008096419041976333,0.00017852119344752282
14032,0.0009589747060090303,0.00014641761663369834
14033,0.0010722511215135455,9.944485645974055e-05
14034,0.0012050874065607786,6.169725384097546e-05
14035,0.0012637930922210217,5.017096918891184e-05
14036,0.001301076728850603,6.439878779929131e-05
14037,0.001240434474311769,9.061516175279394e-05
14038,0.00113294564653188,0.00011170548532390967
14039,0.0009415136300958693,0.00011563734005903825
14040,0.0007229512557387352,0.00010336909326724708
14041,0.0004962924285791814,8.30426870379597e-05
14042,0.00031748792389407754,6.658626807620749e-05
14043,0.00021657302568200976,6.035553087713197e-05
14044,0.0002039387181866914,6.363931606756523e-05
14045,0.0002627588401082903,7.062491931719705e-05
14046,0.0003584811929613352,7.481285138055682e-05
14047,0.00045726835378445685,7.315790571738034e-05
14048,0.0005285515217110515,6.6050146415364e-05
14049,0.0005678134621120989,5.695463914889842e-05
14050,0.0005686830845661461,4.9356138333678246e-05
14051,0.0005579038988798857,4.56490415672306e-05
14052,0.000538475054781884,4.613280907506123e-05
14053,0.0005428091972135007,4.9322301492793486e-05
14054,0.000558833300601691,5.289501496008597e-05
14055,0.000606113113462925,5.480265463120304e-05
14056,0.0006480663432739675,5.4296233429340646e-05
14057,0.0006941216997802258,5.1863484259229153e-05
14058,0.0006993059068918228,4.892153447144665e-05
14059,0.0006753982161171734,4.677872857428156e-05
14060,0.0006035459227859974,4.615159923559986e-05
14061,0.0005078857066109776,4.697152689914219e-05
14062,0.00040950567927211523,4.8667669034330174e-05
14063,0.00032988889142870903,5.0540154916234314e-05
14064,0.00028675966314040124,5.204864282859489e-05
14065,0.00027168140513822436,5.299012627801858e-05
14066,0.00027305661933496594,5.343409429769963e-05
14067,0.00026995595544576645,5.375961700337939e-05
14068,0.0002550212084315717,5.4441465181298554e-05
14069,0.00022563176753465086,5.600469376076944e-05
14070,0.0001925348478835076,5.881836113985628e-05
14071,0.00016498184413649142,6.315092468867078e-05
14072,0.00015122091281227767,6.920570012880489e-05
14073,0.00015288754366338253,7.729270146228373e-05
14074,0.00016572856111451983,8.79894505487755e-05
14075,0.00018300494411960244,0.0001022513970383443
14076,0.00019658842938952148,0.00012159001198597252
14077,0.00020237667195033282,0.00014813151210546494
14078,0.00019759176939260215,0.00018483756866771728
14079,0.0001852513523772359,0.00023577389947604388
14080,0.00016827535000629723,0.00030602450715377927
14081,0.00015206914395093918,0.0004023648507427424
14082,0.00013996030611451715,0.0005315269809216261
14083,0.0001343892072327435,0.0007011924753896892
14084,0.0001357326254947111,0.000912567600607872
14085,0.00014320426271297038,0.0011619441211223602
14086,0.0001559819938847795,0.001420054235495627
14087,0.00017295859288424253,0.0016443391796201468
14088,0.00019655187497846782,0.0017507097218185663
14089,0.00022774035460315645,0.001678253524005413
14090,0.00027792114997282624,0.0013822885230183601
14091,0.0003502212348394096,0.0009373307111673057
14092,0.00047627653111703694,0.0004777887079399079
14093,0.000654498056974262,0.000170152256032452
14094,0.0009615943999961019,9.385276644024998e-05
14095,0.0013505736133083701,0.00021209957776591182
14096,0.0019713304936885834,0.0003997218736913055
14097,0.00257755140773952,0.0005222485051490366
14098,0.0033340638037770987,0.0005063823773525655
14099,0.003671735990792513,0.00037050838000141084
14100,0.003704216331243515,0.00020560488337650895
14101,0.0033648679964244366,0.00010429137182654813
14102,0.002899560146033764,0.00010676852252800018
14103,0.0028136600740253925,0.00018150804680772126
14104,0.0027137184515595436,0.00026030937442556024
14105,0.0025018302258104086,0.00028304668376222253
14106,0.00181817845441401,0.00023643784516025335
14107,0.0012281129602342844,0.00015088832878973335
14108,0.0009971363469958305,7.700626156292856e-05
14109,0.0010448535904288292,5.02680049976334e-05
14110,0.0011083933059126139,7.240426202770323e-05
14111,0.001044855103828013,0.00011649730004137382
14112,0.0009445339674130082,0.00014849912258796394
14113,0.0007645695004612207,0.00014838903734926134
14114,0.0005402591195888817,0.00011955756053794175
14115,0.000447109981905669,8.199537842301652e-05
14116,0.0005886881845071912,5.716759187635034e-05
14117,0.0007696956163272262,5.512885400094092e-05
14118,0.0006700594676658511,7.067296246532351e-05
14119,0.00034579739440232515,8.985567546915263e-05
14120,0.00017298446618951857,9.931506792781875e-05
14121,0.00032508844742551446,9.444324678042904e-05
14122,0.0005438411608338356,7.896054739831015e-05
14123,0.0005398950888775289,6.211717845872045e-05
14124,0.000378408411052078,5.166027040104382e-05
14125,0.0002901135594584048,5.063301068730652e-05
14126,0.00035628295154310763,5.6649980251677334e-05
14127,0.0004762937023770064,6.452259549405426e-05
14128,0.0006148171960376203,6.934295379323885e-05
14129,0.0007887137471698225,6.891700468258932e-05
14130,0.0010395890567451715,6.396230310201645e-05
14131,0.0013178999070078135,5.7304889196529984e-05
14132,0.001667647622525692,5.189455987419933e-05
14133,0.0019200448878109455,4.9676920752972364e-05
14134,0.0021283074747771025,5.08282937516924e-05
14135,0.0017880843952298164,5.422876347438432e-05
14136,0.0012099186424165964,5.806647823192179e-05
14137,0.0005663814372383058,6.0939793911529705e-05
14138,0.0003479304723441601,6.212575681274757e-05
14139,0.0005347093101590872,6.21034560026601e-05
14140,0.0007361086900345981,6.181725620990619e-05
14141,0.0006968525121919811,6.272921746131033e-05
14142,0.0004476236063055694,6.575519364560023e-05
14143,0.00030210072873160243,7.181387627497315e-05
14144,0.00037906269426457584,8.093622454907745e-05
14145,0.0005536272656172514,9.389856131747365e-05
14146,0.0006272224127314985,0.00011069262836826965
14147,0.0005046811420470476,0.0001338311703875661
14148,0.00029945813002996147,0.0001641890121391043
14149,0.00016480867634527385,0.00020818228949792683
14150,0.00018152565462514758,0.0002672157424967736
14151,0.000288376584649086,0.00035521865356713533
14152,0.00035732603282667696,0.00047113021719269454
14153,0.00033089445787481964,0.0006437003612518311
14154,0.00023605750175192952,0.0008567777113057673
14155,0.00016015196160878986,0.0011643394827842712
14156,0.00014966889284551144,0.0014908734010532498
14157,0.0001897068286780268,0.0019163803663104773
14158,0.00023416217300109565,0.0022098901681602
14159,0.0002468856982886791,0.0024642623029649258
14160,0.00023170228814706206,0.0022962118964642286
14161,0.00020432514429558069,0.0019046392990276217
14162,0.00019048777176067233,0.0011792087461799383
14163,0.00019464557408355176,0.0005232528783380985
14164,0.00020802475046366453,0.00015083503967616707
14165,0.0002175720001105219,0.00017551059136167169
14166,0.00021511546219699085,0.0004561754467431456
14167,0.00020822245278395712,0.0007184501155279577
14168,0.00020637676061596721,0.000777923793066293
14169,0.00021435407688841224,0.0006021368899382651
14170,0.0002298181498190388,0.000386440398870036
14171,0.00024213179131038487,0.000339578342391178
14172,0.0002542267320677638,0.0005784071399830282
14173,0.00026139005785807967,0.0011090546613559127
14174,0.0002765310346148908,0.0019134583417326212
14175,0.00029612091020680964,0.003212589304894209
14176,0.0003273001639172435,0.005124527029693127
14177,0.00036299024941399693,0.007799828890711069
14178,0.000405061844503507,0.009365539997816086
14179,0.0004486499528866261,0.008055279031395912
14180,0.0004996664938516915,0.00370020791888237
14181,0.0005558491684496403,0.001355998800136149
14182,0.0006281873793341219,0.0031886689830571413
14183,0.0007036676397547126,0.004066760651767254
14184,0.000796175969298929,0.0019807114731520414
14185,0.0008732532733120024,0.0007149940938688815
14186,0.0009584258659742773,0.0023250658996403217
14187,0.0010013357969000936,0.003629631595686078
14188,0.0010327331256121397,0.005583146121352911
14189,0.0010023307986557484,0.013392312452197075
14190,0.0009389729239046574,0.02985180728137493
14191,0.0008234853739850223,0.024848252534866333
14192,0.0006794445216655731,0.011951432563364506
14193,0.000522929709404707,0.009866612032055855
14194,0.00037371969665400684,0.01046122144907713
14195,0.0002539769920986146,0.01967291347682476
14196,0.000173587555764243,0.03711064159870148
14197,0.00013587948342319578,0.08045428991317749
14198,0.00013446458615362644,0.07803814113140106
14199,0.0001585937279742211,0.01116359606385231
14200,0.00019698280084412545,0.040907882153987885
14201,0.00024120879243128002,0.02123432792723179
14202,0.00028601675876416266,0.028546657413244247
14203,0.00033131777308881283,0.018765170127153397
14204,0.0003749764582607895,0.020156528800725937
14205,0.0004232478968333453,0.018020933493971825
14206,0.00046761444536969066,0.015495521947741508
14207,0.0005191377713344991,0.01625482365489006
14208,0.0005587323103100061,0.011854941956698895
14209,0.00060409982688725,0.01420596707612276
14210,0.0006276746280491352,0.008449663408100605
14211,0.0006523754564113915,0.013195067644119263
14212,0.0006497360882349312,0.005873299669474363
14213,0.0006419585552066565,0.011097126640379429
14214,0.0006112597184255719,0.005483665037900209
14215,0.0005729790427722037,0.007854038849473
14216,0.0005234921700321138,0.0068832021206617355
14217,0.00046889486839063466,0.004428979009389877
14218,0.00041320009040646255,0.006750669330358505
14219,0.0003576899180188775,0.0030505850445479155
14220,0.0003070819075219333,0.00565287284553051
14221,0.00026253267424181104,0.002979945158585906
14222,0.00022603056277148426,0.0039681326597929
14223,0.0001986944116652012,0.0032158519607037306
14224,0.00017897208454087377,0.0027430150657892227
14225,0.000166638899827376,0.0030229762196540833
14226,0.0001584478304721415,0.0022289699409157038
14227,0.0001539776276331395,0.002451186301186681
14228,0.00015068019274622202,0.002067490480840206
14229,0.00014897919027134776,0.0019152790773659945
14230,0.00014732561248820275,0.001775503857061267
14231,0.00014644168550148606,0.0017753157299011946
14232,0.00014521338744089007,0.0012667456176131964
14233,0.0001442826760467142,0.0016591468593105674
14234,0.00014294777065515518,0.0010528730927035213
14235,0.00014189237845130265,0.0013265557354316115
14236,0.00014088400348555297,0.001033248845487833
14237,0.00014078279491513968,0.000991313485428691
14238,0.00014160988212097436,0.001006598467938602
14239,0.00014439254300668836,0.0007719510467723012
14240,0.0001491946604801342,0.0009201042121276259
14241,0.00015754462219774723,0.0006409144843928516
14242,0.00016974940081126988,0.00080308091128245
14243,0.00018922291928902268,0.0005802191444672644
14244,0.00021725529222749174,0.000653861032333225
14245,0.0002626112545840442,0.0005555395619012415
14246,0.0003284176636952907,0.0005509154289029539
14247,0.0004376665165182203,0.0005059684626758099
14248,0.0005931902560405433,0.000479560112580657
14249,0.0008530814084224403,0.00045469022006727755
14250,0.001196754863485694,0.0004268864868208766
14251,0.001749103656038642,0.0004185848811175674
14252,0.002358650090172887,0.0003735993232112378
14253,0.003190885065123439,0.0003717721556313336
14254,0.0037779766134917736,0.00033964516478590667
14255,0.004179833456873894,0.00034088781103491783
14256,0.004056932404637337,0.0003021273878403008
14257,0.0035321025643497705,0.0003128686221316457
14258,0.003116006962954998,0.00028659269446507096
14259,0.0026933285407721996,0.0002701140474528074
14260,0.0024364679120481014,0.00028066179947927594
14261,0.001839693053625524,0.00024514200049452484
14262,0.0012253440218046308,0.0002557970874477178
14263,0.0008581173024140298,0.00023603452427778393
14264,0.0009304627310484648,0.00023502710973843932
14265,0.0012666773982346058,0.0002218510489910841
14266,0.0014670577365905046,0.00022262422135099769
14267,0.0013284569140523672,0.00020904357370454818
14268,0.0008964259177446365,0.00020859981304965913
14269,0.000573539175093174,0.00020065714488737285
14270,0.0006398835103027523,0.00019556608458515257
14271,0.0008754506707191467,0.00019079921185038984
14272,0.0008956160745583475,0.0001877621398307383
14273,0.0006156173767521977,0.00018129141244571656
14274,0.0003803649451583624,0.0001790706010069698
14275,0.0003990284167230129,0.00017480157839599997
14276,0.0005315882153809071,0.00017064444546122104
14277,0.0005400888039730489,0.0001696507097221911
14278,0.0004115334013476968,0.00016336172120645642
14279,0.0002972650690935552,0.00016388988296967
14280,0.0002710983681026846,0.00015807821182534099
14281,0.0003031433734577149,0.00015823687135707587
14282,0.0003351637569721788,0.00015336029173340648
14283,0.0003242755774408579,0.00015319668455049396
14284,0.0002695326693356037,0.00014916258805897087
14285,0.0002048035676125437,0.00014817033661529422
14286,0.00019463985518086702,0.00014577443653251976
14287,0.0002350557188037783,0.00014405808178707957
14288,0.00026145955780521035,0.0001416407903889194
14289,0.0002369093563174829,0.00014102757268119603
14290,0.00019189793965779245,0.00013822244363836944
14291,0.0001801787584554404,0.0001372786209685728
14292,0.0002022254338953644,0.00013563205720856786
14293,0.000218422690522857,0.00013400096213445067
14294,0.00021441395801957697,0.00013262998254504055
14295,0.00020172164659015834,0.00013132282765582204
14296,0.0002024973218794912,0.00013009936083108187
14297,0.00021537368593271822,0.0001285141916014254
14298,0.0002344935346627608,0.0001276481634704396
14299,0.00025455927243456244,0.00012622981739696115
14300,0.0002773037413135171,0.00012516294373199344
14301,0.00030286586843430996,0.00012403682922013104
14302,0.00034629140282049775,0.00012301182141527534
14303,0.0004062831576447934,0.00012187370884930715
14304,0.0004981424426659942,0.00012092610995750874
14305,0.0005934259970672429,0.00011992983490927145
14306,0.0007240610430017114,0.0001189466638606973
14307,0.0008424000698141754,0.00011801470827776939
14308,0.0010058798361569643,0.0001171430922113359
14309,0.0010958046186715364,0.00011617226846283302
14310,0.0011783037334680557,0.00011537918908288702
14311,0.0011144373565912247,0.00011448105215094984
14312,0.0009972185362130404,0.00011368023842805997
14313,0.0007892256835475564,0.00011285655637038872
14314,0.0005839292425662279,0.00011205353803234175
14315,0.0004210703482385725,0.00011132360668852925
14316,0.00032694495166651905,0.0001104980256059207
14317,0.0002932147472165525,0.00010983489482896402
14318,0.0002869163581635803,0.00010902996291406453
14319,0.00028880356694571674,0.00010837623267434537
14320,0.000287022499833256,0.00010764264152385294
14321,0.00029293872648850083,0.00010697451943997294
14322,0.000306047237245366,0.00010629081953084096
14323,0.00033291924046352506,0.00010563917749095708
14324,0.0003660264774225652,0.00010498209303477779
14325,0.0003994337166659534,0.00010435526928631589
14326,0.00042198033770546317,0.00010371534881414846
14327,0.00042571729863993824,0.0001031204592436552
14328,0.0004053990705870092,0.00010248582111671567
14329,0.0003670644946396351,0.00010192501940764487
14330,0.00031374406535178423,0.00010130900773219764
14331,0.00026103993877768517,0.00010075279715238139
14332,0.00021376943914219737,0.00010016870510298759
14333,0.00018273835303261876,9.962213516701013e-05
14334,0.00016847054939717054,9.906689228955656e-05
14335,0.0001703349844319746,9.851992945186794e-05
14336,0.00018169573741033673,9.79952747002244e-05
14337,0.00019721436547115445,9.745826537255198e-05
14338,0.00020968375611118972,9.694667824078351e-05
14339,0.0002176741836592555,9.64308055699803e-05
14340,0.00021794246276840568,9.592786955181509e-05
14341,0.00021460963762365282,9.543135820422322e-05
14342,0.00020733562996611,9.49372915783897e-05
14343,0.0002020043903030455,9.445785690331832e-05
14344,0.00019803910981863737,9.39748715609312e-05
14345,0.0002005104615818709,9.350430627819151e-05
14346,0.00020828614651691169,9.30411260924302e-05
14347,0.00022645926219411194,9.257720375899225e-05
14348,0.0002529806224629283,9.212543227476999e-05
14349,0.00029422028455883265,9.167531243292615e-05
14350,0.000346946413628757,9.123567724600434e-05
14351,0.00042082511936314404,9.07944340724498e-05
14352,0.0005109265330247581,9.036622941493988e-05
14353,0.0006334100617095828,8.993785013444722e-05
14354,0.0007765363552607596,8.951578638516366e-05
14355,0.0009677628986537457,8.909893949748948e-05
14356,0.0011694820132106543,8.868766599334776e-05
14357,0.001421928172931075,8.828184945741668e-05
14358,0.0016269636107608676,8.787721890257671e-05
14359,0.0018269430147483945,8.747934771236032e-05
14360,0.001869700849056244,8.708654786460102e-05
14361,0.0017981039127334952,8.669927046867087e-05
14362,0.0015422457363456488,8.631271339254454e-05
14363,0.001180498395115137,8.593461097916588e-05
14364,0.000802796334028244,8.555632666684687e-05
14365,0.0004845871590077877,8.518411050317809e-05
14366,0.00029369723051786423,8.481749682687223e-05
14367,0.00022799511498305947,8.44523383420892e-05
14368,0.00026581360725685954,8.409202564507723e-05
14369,0.0003651477163657546,8.373499440494925e-05
14370,0.0004950283910147846,8.33818266983144e-05
14371,0.0006119451718404889,8.303503273054957e-05
14372,0.0006941420724615455,8.268890815088525e-05
14373,0.0007143556722439826,8.234677079599351e-05
14374,0.0006728416192345321,8.200884622056037e-05
14375,0.0005784083623439074,8.16731626400724e-05
14376,0.000461169402115047,8.134190284181386e-05
14377,0.0003429805510677397,8.101389539660886e-05
14378,0.0002496643573977053,8.068766328506172e-05
14379,0.0001879282935988158,8.036613871809095e-05
14380,0.00016140277148224413,8.004857954801992e-05
14381,0.0001618115493329242,7.973275933181867e-05
14382,0.00017847472918219864,7.941960211610422e-05
14383,0.00019973202142864466,7.911038119345903e-05
14384,0.00022011922555975616,7.880468183429912e-05
14385,0.0002375858894083649,7.850126712583005e-05
14386,0.00025520543567836285,7.820111204637215e-05
14387,0.00027714480529539287,7.790423114784062e-05
14388,0.00030227151000872254,7.760793232591823e-05
14389,0.0003382264403626323,7.731610821792856e-05
14390,0.00037327021709643304,7.702691073063761e-05
14391,0.0004209475591778755,7.674121297895908e-05
14392,0.0004581273824442178,7.645520963706076e-05
14393,0.0005065661971457303,7.617568917339668e-05
14394,0.0005336765316314995,7.589633605675772e-05
14395,0.0005691618425771594,7.562052633147687e-05
14396,0.0005732904537580907,7.534761243732646e-05
14397,0.000578179198782891,7.507565169362351e-05
14398,0.0005478609818965197,7.480784552171826e-05
14399,0.0005119212437421083,7.454214210156351e-05
14400,0.0004534398904070258,7.42770207580179e-05
14401,0.0003942972107324749,7.401677430607378e-05
14402,0.0003363884170539677,7.375745190074667e-05
14403,0.00028933119028806686,7.349982479354367e-05
14404,0.00025880150496959686,7.32468834030442e-05
14405,0.00024296113406307995,7.299428398255259e-05
14406,0.0002424350823275745,7.274444942595437e-05
14407,0.0002511391357984394,7.249587361002341e-05
14408,0.00026866287225857377,7.224989531096071e-05
14409,0.00028998550260439515,7.200700201792642e-05
14410,0.0003171379794366658,7.176546932896599e-05
14411,0.000345286272931844,7.152596663217992e-05
14412,0.0003775002551265061,7.128981087589636e-05
14413,0.0004078070633113384,7.10538006387651e-05
14414,0.00043795074452646077,7.082187221385539e-05
14415,0.00046160619240254164,7.058984920149669e-05
14416,0.0004782780888490379,7.036178431008011e-05
14417,0.0004833471029996872,7.013332651695237e-05
14418,0.00047629018081352115,6.990803376538679e-05
14419,0.00045661028707399964,6.968530215090141e-05
14420,0.00042788730934262276,6.946365465410054e-05
14421,0.0003940490132663399,6.924358604010195e-05
14422,0.0003633121377788484,6.902448512846604e-05
14423,0.0003407666808925569,6.881032459205016e-05
14424,0.0003355656808707863,6.85957566020079e-05
14425,0.0003506690263748169,6.838300032541156e-05
14426,0.00039468632894568145,6.817228131694719e-05
14427,0.0004724290920421481,6.796437810407951e-05
14428,0.0005934361252002418,6.775710789952427e-05
14429,0.0007787259528413415,6.755234062438831e-05
14430,0.0010245779994875193,6.734835915267467e-05
14431,0.0013876452576369047,6.714626215398312e-05
14432,0.0017717916052788496,6.694665353279561e-05
14433,0.0022627755533903837,6.674749602098018e-05
14434,0.0025209884624928236,6.654948811046779e-05
14435,0.0026402659714221954,6.635493627982214e-05
14436,0.002291558776050806,6.616154860239476e-05
14437,0.0017827542033046484,6.59683282719925e-05
14438,0.0013872155686840415,6.577753083547577e-05
14439,0.0013271262869238853,6.558791210409254e-05
14440,0.0016174785559996963,6.539971218444407e-05
14441,0.001885303994640708,6.52133094263263e-05
14442,0.0019494995940476656,6.502924225060269e-05
14443,0.0015767260920256376,6.484542973339558e-05
14444,0.0010534095345064998,6.466437480412424e-05
14445,0.0005619254661723971,6.44841929897666e-05
14446,0.0003647298435680568,6.430552457459271e-05
14447,0.00046681921230629086,6.412705988623202e-05
14448,0.0007157344953157008,6.395134550984949e-05
14449,0.0009321360266767442,6.377631507348269e-05
14450,0.0009216589969582856,6.360408588079736e-05
14451,0.0007391388062387705,6.343109998852015e-05
14452,0.00045265816152095795,6.326007132884115e-05
14453,0.0002512536011636257,6.309041054919362e-05
14454,0.0002104053128277883,6.292379111982882e-05
14455,0.0003072122926823795,6.275738269323483e-05
14456,0.0004404315841384232,6.259021029109135e-05
14457,0.000498100882396102,6.242722156457603e-05
14458,0.00045645059435628355,6.226385448826477e-05
14459,0.00033700678613968194,6.210203719092533e-05
14460,0.00022843008628115058,6.194126763148233e-05
14461,0.00018265246762894094,6.178214971441776e-05
14462,0.00020886384299956262,6.162515637697652e-05
14463,0.00027087132912129164,6.146813393570483e-05
14464,0.0003172868164256215,6.131270492915064e-05
14465,0.00032322941115126014,6.115762516856194e-05
14466,0.0002866326249204576,6.1004815506748855e-05
14467,0.0002387344720773399,6.0853082686662674e-05
14468,0.00020654324907809496,6.070087692933157e-05
14469,0.00020627965568564832,6.055236735846847e-05
14470,0.00023518719535786659,6.040355219738558e-05
14471,0.0002699954784475267,6.0256938013480976e-05
14472,0.0003014729591086507,6.0110698541393504e-05
14473,0.0003124141367152333,5.996513209538534e-05
14474,0.0003226220142096281,5.982025322737172e-05
14475,0.00033487172913737595,5.9677433455362916e-05
14476,0.00037246657302603126,5.95351230003871e-05
14477,0.00043376555549912155,5.9393991250544786e-05
14478,0.0005210834788158536,5.925466393819079e-05
14479,0.000629502406809479,5.911533662583679e-05
14480,0.0007524789543822408,5.897809751331806e-05
14481,0.0008977818069979548,5.884035272174515e-05
14482,0.001068499987013638,5.870528912055306e-05
14483,0.0012622277718037367,5.857024370925501e-05
14484,0.001498223515227437,5.843682447448373e-05
14485,0.001688653021119535,5.8304143749410287e-05
14486,0.0018707233248278499,5.817221972392872e-05
14487,0.0018514780094847083,5.8040845033247024e-05
14488,0.001709359115920961,5.791078001493588e-05
14489,0.0013657910749316216,5.778188642580062e-05
14490,0.0009614421287551522,5.765382957179099e-05
14491,0.0006066682399250567,5.7526911405147985e-05
14492,0.0003713712503667921,5.740072811022401e-05
14493,0.00027881766436621547,5.7275203289464116e-05
14494,0.0002883259439840913,5.715066072298214e-05
14495,0.0003590263077057898,5.702661655959673e-05
14496,0.0004445175582077354,5.6904762459453195e-05
14497,0.0005285704974085093,5.678387242369354e-05
14498,0.000586602371186018,5.666209472110495e-05
14499,0.0006001988658681512,5.65417722100392e-05
14500,0.0005682504270225763,5.642331234412268e-05
14501,0.00048602026072330773,5.630495797959156e-05
14502,0.0003864267491735518,5.618671275442466e-05
14503,0.0002953572547994554,5.607224738923833e-05
14504,0.00023750349646434188,5.595423499471508e-05
14505,0.00021620228653773665,5.584011523751542e-05
14506,0.00021666962129529566,5.572532245423645e-05
14507,0.00022193259792402387,5.5613643780816346e-05
14508,0.0002178459253627807,5.5500589951407164e-05
14509,0.0002037005324382335,5.538792538573034e-05
14510,0.00018371417536400259,5.527778557734564e-05
14511,0.00016821527970023453,5.516763121704571e-05
14512,0.00016422518820036203,5.505741501110606e-05
14513,0.00017448345897719264,5.494898505276069e-05
14514,0.0001964137190952897,5.48412099306006e-05
14515,0.00022150583390612155,5.473402052302845e-05
14516,0.0002470912877470255,5.462812623591162e-05
14517,0.0002661120379343629,5.452247569337487e-05
14518,0.00028674668283201754,5.4417920182459056e-05
14519,0.00030539644649252295,5.4312957217916846e-05
14520,0.00033424393041059375,5.420960587798618e-05
14521,0.0003667097189463675,5.410740777733736e-05
14522,0.00041266667540185153,5.400518421083689e-05
14523,0.0004615391371771693,5.3904164815321565e-05
14524,0.0005204958724789321,5.380285074352287e-05
14525,0.0005770798888988793,5.370353028411046e-05
14526,0.0006385968299582601,5.360350405680947e-05
14527,0.0006934836274012923,5.350547144189477e-05
14528,0.0007515531615354121,5.340772986528464e-05
14529,0.0008009360753931105,5.3310111979953945e-05
14530,0.0008548488258384168,5.321344724507071e-05
14531,0.0008948370814323425,5.311775748850778e-05
14532,0.0009400667040608823,5.3022828069515526e-05
14533,0.0009554350981488824,5.292854621075094e-05
14534,0.0009694627369754016,5.2834555390290916e-05
14535,0.0009263188694603741,5.274127033771947e-05
14536,0.0008656040299683809,5.264899300527759e-05
14537,0.0007385524804703891,5.255662108538672e-05
14538,0.0005952253122814,5.246438740869053e-05
14539,0.0004322681634221226,5.237410368863493e-05
14540,0.00029361352790147066,5.228322697803378e-05
14541,0.00019763229647651315,5.219420563662425e-05
14542,0.00015561982581857592,5.210509698372334e-05
14543,0.00016115311882458627,5.2016705012647435e-05
14544,0.00019635629723779857,5.1929840992670506e-05
14545,0.00024156742438208312,5.184124893276021e-05
14546,0.00027726590633392334,5.175490150577389e-05
14547,0.00029926872230134904,5.167010021978058e-05
14548,0.00030236196471378207,5.158428393770009e-05
14549,0.0002976647228933871,5.149885328137316e-05
14550,0.000290562427835539,5.141501242178492e-05
14551,0.00029348075622692704,5.133088052389212e-05
14552,0.0003125538059975952,5.1248302042949945e-05
14553,0.0003568209649529308,5.1165021432098e-05
14554,0.00042768195271492004,5.108205368742347e-05
14555,0.0005364922108128667,5.100087582832202e-05
14556,0.0006746887811459601,5.0919967179652303e-05
14557,0.0008643498877063394,5.0839418690884486e-05
14558,0.0010599317029118538,5.075981971458532e-05
14559,0.0012918692082166672,5.067966412752867e-05
14560,0.0014233434339985251,5.060082548880018e-05
14561,0.001490618335083127,5.052267442806624e-05
14562,0.0013377477880567312,5.044437784818001e-05
14563,0.0010967085836455226,5.03664487041533e-05
14564,0.000857227947562933,5.028975283494219e-05
14565,0.0007873672293499112,5.021366087021306e-05
14566,0.0009505534544587135,5.013772897655144e-05
14567,0.0011892339680343866,5.006205174140632e-05
14568,0.0013625079300254583,4.9986992962658405e-05
14569,0.0012919215951114893,4.9912989197764546e-05
14570,0.0010807462967932224,4.983853432349861e-05
14571,0.0008130194619297981,4.9764919822337106e-05
14572,0.0006585062947124243,4.96915090479888e-05
14573,0.000614142045378685,4.961954618920572e-05
14574,0.0006401650607585907,4.9546903028385714e-05
14575,0.0006420975551009178,4.947520938003436e-05
14576,0.0005627876380458474,4.9404250603402033e-05
14577,0.0004304862814024091,4.933404125040397e-05
14578,0.00028895301511511207,4.926391920889728e-05
14579,0.00021627706883009523,4.919289131066762e-05
14580,0.0002313491713721305,4.9124097131425515e-05
14581,0.0003124001668766141,4.905552486889064e-05
14582,0.0003877258859574795,4.898657061858103e-05
14583,0.0004204175784252584,4.8918460379354656e-05
14584,0.00037433995748870075,4.885000453214161e-05
14585,0.00028598535573109984,4.878284380538389e-05
14586,0.00019330235954839736,4.8716414312366396e-05
14587,0.00014066182484384626,4.864949733018875e-05
14588,0.00014058704255148768,4.85835516883526e-05
14589,0.00017833011224865913,4.8517737013753504e-05
14590,0.0002244363131467253,4.845290823141113e-05
14591,0.00025262811686843634,4.838857057620771e-05
14592,0.00025175686459988356,4.83232615806628e-05
14593,0.00022940439521335065,4.825993164558895e-05
14594,0.00020313181448727846,4.819680179934949e-05
14595,0.00019292469369247556,4.81331480841618e-05
14596,0.000209271558560431,4.807039294973947e-05
14597,0.0002569406642578542,4.8006553697632626e-05
14598,0.0003296667418908328,4.794525739271194e-05
14599,0.0004375738208182156,4.78839356219396e-05
14600,0.0005661961622536182,4.78227375424467e-05
14601,0.0007706135511398315,4.7762379836058244e-05
14602,0.001005283440463245,4.770149462274276e-05
14603,0.0013939302880316973,4.764110053656623e-05
14604,0.0017734800931066275,4.7580597311025485e-05
14605,0.0023154797963798046,4.7521829401375726e-05
14606,0.0026358405593782663,4.746258491650224e-05
14607,0.002869212534278631,4.740318763651885e-05
14608,0.002677155425772071,4.734623507829383e-05
14609,0.002237745327875018,4.728740532300435e-05
14610,0.0017780091147869825,4.7229332267306745e-05
14611,0.0014167280169203877,4.717268166132271e-05
14612,0.0012739863013848662,4.7115099732764065e-05
14613,0.0011171066435053945,4.706028994405642e-05
14614,0.0009069613879546523,4.700292265624739e-05
14615,0.0006458345451392233,4.694615927292034e-05
14616,0.000511358433868736,4.689080378739163e-05
14617,0.0005508685717359185,4.6835575631121174e-05
14618,0.0006992264534346759,4.678032928495668e-05
14619,0.0008253137348219752,4.6726632717764005e-05
14620,0.0007769685471430421,4.667128814617172e-05
14621,0.0005770946154370904,4.661713683162816e-05
14622,0.0003276908537372947,4.6563891373807564e-05
14623,0.00019237262313254178,4.6510300308000296e-05
14624,0.00022486723901238292,4.645790977519937e-05
14625,0.0003519305610097945,4.6405126340687275e-05
14626,0.00045281596248969436,4.635221921489574e-05
14627,0.00045263144420459867,4.630020339391194e-05
14628,0.00038182694697752595,4.6249027946032584e-05
14629,0.00030343380058184266,4.619653191184625e-05
14630,0.0002775007742457092,4.614598583430052e-05
14631,0.0003091881808359176,4.6094628487480804e-05
14632,0.00036004261346533895,4.604366040439345e-05
14633,0.0004015177837572992,4.5993579988135025e-05
14634,0.00039677676977589726,4.594373967847787e-05
14635,0.0003765396249946207,4.589383752318099e-05
14636,0.00034914384013973176,4.5845110435038805e-05
14637,0.0003538171877153218,4.579549568006769e-05
14638,0.0003756855148822069,4.574641207000241e-05
14639,0.00040566676761955023,4.56974703411106e-05
14640,0.00041830839472822845,4.564927803585306e-05
14641,0.00041299525764770806,4.560090746963397e-05
14642,0.00039810681482777,4.555305349640548e-05
14643,0.00038995424984022975,4.5505992602556944e-05
14644,0.000388368935091421,4.5458444219548255e-05
14645,0.0003995552833657712,4.541061571217142e-05
14646,0.0003969482786487788,4.536478081718087e-05
14647,0.00039399819797836244,4.5318207412492484e-05
14648,0.00036704394733533263,4.527196506387554e-05
14649,0.00034190312726423144,4.5226028305478394e-05
14650,0.000310976873151958,4.5180044253356755e-05
14651,0.0002913819334935397,4.5135700929677114e-05
14652,0.00027801498072221875,4.509033533395268e-05
14653,0.00027212436543777585,4.504460594034754e-05
14654,0.0002662685001268983,4.499989518080838e-05
14655,0.00025856762658804655,4.495526445680298e-05
14656,0.0002473717031534761,4.4911586883245036e-05
14657,0.0002368408750044182,4.486718535190448e-05
14658,0.00022949057165533304,4.482387885218486e-05
14659,0.00023029567091725767,4.478072514757514e-05
14660,0.00023763284843880683,4.473671651794575e-05
14661,0.0002548288321122527,4.469356645131484e-05
14662,0.00027579706511460245,4.465137317311019e-05
14663,0.0003082773182541132,4.4608495954889804e-05
14664,0.0003436020342633128,4.456694659893401e-05
14665,0.00039757025660946965,4.452477878658101e-05
14666,0.0004574463819153607,4.4483029341790825e-05
14667,0.0005468328599818051,4.444277146831155e-05
14668,0.000644112762529403,4.440018528839573e-05
14669,0.000779213267378509,4.4358977902447805e-05
14670,0.0009117356967180967,4.4317985157249495e-05
14671,0.0010754491668194532,4.427726162248291e-05
14672,0.0011994403321295977,4.4236388930585235e-05
14673,0.0013178493827581406,4.419555625645444e-05
14674,0.0013426650548353791,4.415615330799483e-05
14675,0.0013115066103637218,4.4116026401752606e-05
14676,0.0011844082036986947,4.4075884943595156e-05
14677,0.0010060759959742427,4.403722414281219e-05
14678,0.0008114674128592014,4.3997366447001696e-05
14679,0.0006229833816178143,4.395841096993536e-05
14680,0.0004754933761432767,4.392050323076546e-05
14681,0.000362526741810143,4.3881256715394557e-05
14682,0.0002914498036261648,4.384329804452136e-05
14683,0.00025678082602098584,4.380465907161124e-05
14684,0.00025878468295559287,4.376629658509046e-05
14685,0.00028885831125080585,4.3728246964747086e-05
14686,0.00034030736424028873,4.369146336102858e-05
14687,0.0003974884166382253,4.365387576399371e-05
14688,0.00044963983236812055,4.361605897429399e-05
14689,0.00048692189739085734,4.358025034889579e-05
14690,0.0005052400520071387,4.3542928324313834e-05
14691,0.0005063128774054348,4.350650488049723e-05
14692,0.0004963109968230128,4.346992136561312e-05
14693,0.0004775573033839464,4.343291584518738e-05
14694,0.00045982873416505754,4.339715451351367e-05
14695,0.0004363083280622959,4.336114943725988e-05
14696,0.00041746656643226743,4.332567914389074e-05
14697,0.00039024403668008745,4.3289732275297865e-05
14698,0.0003670089354272932,4.325369081925601e-05
14699,0.00033525621984153986,4.321918459027074e-05
14700,0.00030826599686406553,4.3184831156395376e-05
14701,0.00027784862322732806,4.314915349823423e-05
14702,0.0002548201591707766,4.31142034358345e-05
14703,0.00023411617439705878,4.308083953219466e-05
14704,0.00022117968183010817,4.30458749178797e-05
14705,0.00021190269035287201,4.301153967389837e-05
14706,0.00020750689145643264,4.297705163480714e-05
14707,0.00020504608983173966,4.294335303711705e-05
14708,0.00020439537183847278,4.290968718123622e-05
14709,0.000204177456907928,4.2876621591858566e-05
14710,0.00020453426986932755,4.284309397917241e-05
14711,0.00020540508558042347,4.2809573642443866e-05
14712,0.00020813893934246153,4.2777050111908466e-05
14713,0.00021344239939935505,4.2744275560835376e-05
14714,0.00022441160399466753,4.27121740358416e-05
14715,0.00024146828218363225,4.2679181206040084e-05
14716,0.00027054562815465033,4.264722520019859e-05
14717,0.0003105374635197222,4.26146543759387e-05
14718,0.0003735633217729628,4.258301851223223e-05
14719,0.0004544036346487701,4.255081876181066e-05
14720,0.0005781867657788098,4.251963036949746e-05
14721,0.000726919446606189,4.2487554310355335e-05
14722,0.0009480394655838609,4.245639138389379e-05
14723,0.00118631508667022,4.242593058734201e-05
14724,0.0015117564471438527,4.239480767864734e-05
14725,0.0017906840657815337,4.236482345731929e-05
14726,0.002087104134261608,4.233512299833819e-05
14727,0.0022147907875478268,4.230591730447486e-05
14728,0.0022093672305345535,4.2277941247448325e-05
14729,0.002048479625955224,4.225123120704666e-05
14730,0.0017656214768067002,4.22266821260564e-05
14731,0.0015384926227852702,4.2204639612464234e-05
14732,0.0013086111284792423,4.21870281570591e-05
14733,0.001149491872638464,4.2175754060735926e-05
14734,0.0009508654475212097,4.2176405258942395e-05
14735,0.0007779409061186016,4.219335824018344e-05
14736,0.0006524823256768286,4.2235998989781365e-05
14737,0.0006663323729299009,4.2322062654420733e-05
14738,0.000789117009844631,4.247554898029193e-05
14739,0.00097772351000458,4.2739400669233873e-05
14740,0.0011206388007849455,4.3181215005461127e-05
14741,0.0011450465535745025,4.391552647575736e-05
14742,0.0010196483926847577,4.5135326217859983e-05
14743,0.0007980033988133073,4.715357499662787e-05
14744,0.0005592837114818394,5.0529921281849965e-05
14745,0.0003978214517701417,5.615053669316694e-05
14746,0.00032749964157119393,6.56619158689864e-05
14747,0.00032480907975696027,8.159925346262753e-05
14748,0.0003405623137950897,0.0001089332508854568
14749,0.0003502787440083921,0.0001548163709230721
14750,0.0003460711450316012,0.00023435233742929995
14751,0.00034132919972762465,0.00036638794699683785
14752,0.00033837169758044183,0.0005952721694484353
14753,0.0003442726156208664,0.0009578258614055812
14754,0.00036575691774487495,0.0015623609069734812
14755,0.000392293615732342,0.0023845003452152014
14756,0.0004275762476027012,0.003537007374688983
14757,0.00043418770655989647,0.004414210096001625
14758,0.0004341218445915729,0.004793130327016115
14759,0.0003977118176408112,0.0035315626300871372
14760,0.0003703796537593007,0.0015506737399846315
14761,0.0003381357528269291,0.00017433875473216176
14762,0.0003223461390007287,0.0005154046230018139
14763,0.0003091291873715818,0.0016402690671384335
14764,0.0002995389513671398,0.0017518888926133513
14765,0.0002907346352003515,0.0007360598538070917
14766,0.00028287433087825775,7.191473559942096e-05
14767,0.000276643258985132,0.0005656017456203699
14768,0.0002678058808669448,0.0011112337233498693
14769,0.00025656423531472683,0.0007136272033676505
14770,0.00024282447702717036,0.00013415732246357948
14771,0.0002299308544024825,0.0002866254944819957
14772,0.0002202981268055737,0.0006753148045390844
14773,0.00021354945783969015,0.0005098652909509838
14774,0.0002107208565576002,0.00011795845784945413
14775,0.00020988917094655335,0.00019201007671654224
14776,0.00021500836010091007,0.0004696272953879088
14777,0.00022368147619999945,0.0003633982560131699
14778,0.00024131452664732933,9.67739470070228e-05
14779,0.00026298488955944777,0.0001371479156659916
14780,0.00029744027415290475,0.0003157762985210866
14781,0.00033925578463822603,0.0002532974467612803
14782,0.0004038838087581098,8.368010458070785e-05
14783,0.0004812051192857325,0.00011895372153958306
14784,0.0005940672126598656,0.00023431451700162143
14785,0.0007155172061175108,0.0001800238824216649
14786,0.0008807841222733259,6.669126742053777e-05
14787,0.0010222973069176078,9.447972115594894e-05
14788,0.0011908707674592733,0.00017194503743667156
14789,0.0012585194781422615,0.00013709042104892433
14790,0.0012960542226210237,6.403227598639205e-05
14791,0.0011871416354551911,8.215953130275011e-05
14792,0.0010390379466116428,0.00013080435746815056
14793,0.0008654555422253907,0.00010664040019037202
14794,0.000750363280531019,5.837345088366419e-05
14795,0.0007338428986258805,6.88813888700679e-05
14796,0.0007750462973490357,0.00010221799311693758
14797,0.0008435861673206091,9.074143599718809e-05
14798,0.000850832904689014,5.83041510253679e-05
14799,0.0008010390447452664,6.049556395737454e-05
14800,0.000664432009216398,8.197422721423209e-05
14801,0.0005058172391727567,7.742931484244764e-05
14802,0.0003514470299705863,5.579468415817246e-05
14803,0.0002490415354259312,5.4003936384106055e-05
14804,0.00020959388348273933,6.896310515003279e-05
14805,0.00022393511608242989,6.985681829974055e-05
14806,0.00026903662364929914,5.520816193893552e-05
14807,0.0003164426889270544,5.015878559788689e-05
14808,0.00035008115810342133,5.906679871259257e-05
14809,0.0003555855364538729,6.240975926630199e-05
14810,0.0003399195848032832,5.386227712733671e-05
14811,0.00030467123724520206,4.821881157113239e-05
14812,0.000266083050519228,5.290202170726843e-05
14813,0.00023123816936276853,5.713160498999059e-05
14814,0.00020887318532913923,5.300462362356484e-05
14815,0.00020057651272509247,4.7631270717829466e-05
14816,0.0002033471391769126,4.86779426864814e-05
14817,0.00021459728304762393,5.219989179749973e-05
14818,0.0002281832421431318,5.1325456297490746e-05
14819,0.0002462022239342332,4.748785067931749e-05
14820,0.00026493531186133623,4.654506847145967e-05
14821,0.0002938155084848404,4.8813624744070694e-05
14822,0.0003294352791272104,4.9634203605819494e-05
14823,0.0003888307837769389,4.744360921904445e-05
14824,0.00046516116708517075,4.554360930342227e-05
14825,0.0005860270466655493,4.62319549114909e-05
14826,0.0007345914491452277,4.751124288304709e-05
14827,0.0009536368306726217,4.692175207310356e-05
14828,0.0012011348735541105,4.5313776354305446e-05
14829,0.0015332545153796673,4.4908534619025886e-05
14830,0.0018557041184976697,4.574951890390366e-05
14831,0.0022047245875000954,4.606722359312698e-05
14832,0.0024356325156986713,4.521734808804467e-05
14833,0.0025108796544373035,4.4351236283546314e-05
14834,0.002377965720370412,4.441553392098285e-05
14835,0.001981609733775258,4.488226113608107e-05
14836,0.0015056546544656157,4.4791049731429666e-05
14837,0.0009988368256017566,4.415932926349342e-05
14838,0.0006584608345292509,4.375931166578084e-05
14839,0.000516056374181062,4.3916334107052535e-05
14840,0.0005557182594202459,4.4135202188044786e-05
14841,0.0006625168025493622,4.393344352138229e-05
14842,0.000740243645850569,4.349082155385986e-05
14843,0.0007363942568190396,4.328395880293101e-05
14844,0.0006611422286368906,4.3387241021264344e-05
14845,0.0005883354460820556,4.345650813775137e-05
14846,0.0005613898392766714,4.326937778387219e-05
14847,0.000605147099122405,4.2990828660549596e-05
14848,0.0007117101922631264,4.287268529878929e-05
14849,0.000833137659355998,4.2917337850667536e-05
14850,0.0009665314573794603,4.2926159949274734e-05
14851,0.0010429143439978361,4.2786545236594975e-05
14852,0.0011145197786390781,4.259635170456022e-05
14853,0.0010925953974947333,4.2498752009123564e-05
14854,0.001068859826773405,4.2499199480516836e-05
14855,0.0009409081540070474,4.248150798957795e-05
14856,0.0008085562149062753,4.2378451325930655e-05
14857,0.0006298766238614917,4.224125950713642e-05
14858,0.0004929710412397981,4.2157855205005035e-05
14859,0.00040394155075773597,4.213472857372835e-05
14860,0.0003629404818639159,4.210952829453163e-05
14861,0.0003516619326546788,4.203663411317393e-05
14862,0.0003483200853224844,4.193626591586508e-05
14863,0.0003587023529689759,4.185726720606908e-05
14864,0.00037195984623394907,4.1815033910097554e-05
14865,0.0003957772278226912,4.178321250947192e-05
14866,0.00039680255576968193,4.1728646465344355e-05
14867,0.00038198294350877404,4.165212158113718e-05
14868,0.0003400898422114551,4.158050433034077e-05
14869,0.0002974214730784297,4.1531780880177394e-05
14870,0.00026581191923469305,4.1495004552416503e-05
14871,0.0002526004100218415,4.145045386394486e-05
14872,0.00025004110648296773,4.139176235185005e-05
14873,0.000245161063503474,4.133063703193329e-05
14874,0.00022936740424484015,4.1277631680713966e-05
14875,0.0002054747164947912,4.123597318539396e-05
14876,0.00018354092026129365,4.1196151869371533e-05
14877,0.0001714569516479969,4.114969851798378e-05
14878,0.00017073849448934197,4.109777000849135e-05
14879,0.00017439667135477066,4.104660183656961e-05
14880,0.00017421747907064855,4.1003222577273846e-05
14881,0.00016548519488424063,4.096377233508974e-05
14882,0.00015082178288139403,4.092374365427531e-05
14883,0.00013688407489098608,4.0879698644857854e-05
14884,0.00013004060019738972,4.083352177985944e-05
14885,0.00013249492621980608,4.0789884224068373e-05
14886,0.00014076719526201487,4.074874595971778e-05
14887,0.0001495043106842786,4.0711613110033795e-05
14888,0.0001532016322016716,4.067255213158205e-05
14889,0.00015051240916363895,4.063294181833044e-05
14890,0.00014320676564238966,4.059220009366982e-05
14891,0.000136051035951823,4.055252793477848e-05
14892,0.00013323825260158628,4.0514420106774196e-05
14893,0.00013737523113377392,4.04782549594529e-05
14894,0.000148284831084311,4.0442093450110406e-05
14895,0.0001648086472414434,4.04041820729617e-05
14896,0.00018571291002444923,4.036758764414117e-05
14897,0.0002125414612237364,4.033182267448865e-05
14898,0.00024843140272423625,4.029664705740288e-05
14899,0.0003025635378435254,4.026147144031711e-05
14900,0.0003815734526142478,4.02276091335807e-05
14901,0.0005070565966889262,4.019315019831993e-05
14902,0.00068186892895028,4.0159153286367655e-05
14903,0.000954104179982096,4.012510908069089e-05
14904,0.0012921766610816121,4.009165786555968e-05
14905,0.0017840889049693942,4.0060054743662477e-05
14906,0.00226000789552927,4.002765126642771e-05
14907,0.0028076129965484142,3.999568070867099e-05
14908,0.003056021872907877,3.9963688323041424e-05
14909,0.003068306716158986,3.993215796072036e-05
14910,0.0027838987298309803,3.990120239905082e-05
14911,0.0023584782611578703,3.986962838098407e-05
14912,0.0021435562521219254,3.983961869380437e-05
14913,0.001986450282856822,3.981016197940335e-05
14914,0.0018776642391458154,3.9779930375516415e-05
14915,0.0015286107081919909,3.9750797441229224e-05
14916,0.001152535667642951,3.972270496888086e-05
14917,0.0008156702388077974,3.969441604567692e-05
14918,0.0007179231615737081,3.9666996599407867e-05
14919,0.0007970849983394146,3.964096322306432e-05
14920,0.0008948323084041476,3.9616097637917846e-05
14921,0.000909369729924947,3.9593556721229106e-05
14922,0.0007530985749326646,3.9573780668433756e-05
14923,0.0005149274365976453,3.955741340178065e-05
14924,0.0003290335298515856,3.954734711442143e-05
14925,0.000314601871650666,3.954534622607753e-05
14926,0.00045149889774620533,3.955865395255387e-05
14927,0.0005872176261618733,3.9592443499714136e-05
14928,0.000594297016505152,3.965804717154242e-05
14929,0.00046240640222094953,3.9775175537215546e-05
14930,0.00033070569043047726,3.997211388195865e-05
14931,0.0003284256672486663,4.029792034998536e-05
14932,0.00045421888353303075,4.082951636519283e-05
14933,0.0006206329562701285,4.169466774328612e-05
14934,0.0007221782580018044,4.310136500862427e-05
14935,0.0007946452242322266,4.538688517641276e-05
14936,0.0008429372101090848,4.9130263505503535e-05
14937,0.0009713458130136132,5.5247281125048175e-05
14938,0.001062876544892788,6.538221350638196e-05
14939,0.00115273951087147,8.20567220216617e-05
14940,0.0011078929528594017,0.00011001275561284274
14941,0.0009890964720398188,0.00015616256860084832
14942,0.0008098967955447733,0.00023423641687259078
14943,0.0006141461781226099,0.0003620451025199145
14944,0.00044791086111217737,0.0005778450286015868
14945,0.0003265688137616962,0.000917773402761668
14946,0.00026608165353536606,0.0014710169052705169
14947,0.00026147495373152196,0.0022408568765968084
14948,0.0002911124029196799,0.00332223204895854
14949,0.000336123543092981,0.004304532893002033
14950,0.0003752842894755304,0.004999525845050812
14951,0.00040474868728779256,0.004330530762672424
14952,0.0004137908690609038,0.002738464390859008
14953,0.0004044097731821239,0.000873554905410856
14954,0.00039620959432795644,0.0001871870190370828
14955,0.00038149848114699125,0.0008125000167638063
14956,0.00039022479904815555,0.0016887407982721925
14957,0.0003761922416742891,0.0017821924993768334
14958,0.00035347259836271405,0.0009692622115835547
14959,0.0003006630577147007,0.00030876946402713656
14960,0.000251105084316805,0.0004121815727557987
14961,0.0002170881925849244,0.0008834277396090329
14962,0.0002110185450874269,0.0009639287600293756
14963,0.00021866323368158191,0.000523376977071166
14964,0.00022347334015648812,0.00019573142344597727
14965,0.00021370947069954127,0.00033644537325017154
14966,0.00018946545606013387,0.000614165561273694
14967,0.000161547985044308,0.0005658436566591263
14968,0.0001403658970957622,0.00024575856514275074
14969,0.00013251739437691867,9.54072893364355e-05
14970,0.00013729018974117935,0.00025538585032336414
14971,0.00014781612844672054,0.0004305680049583316
14972,0.00015666914987377822,0.000355025491444394
14973,0.00015673352754674852,0.00013499990745913237
14974,0.00015012762742117047,5.649656304740347e-05
14975,0.00013992612366564572,0.00017424928955733776
14976,0.00013337694690562785,0.0002831210440490395
14977,0.00013307126937434077,0.0002292762219440192
14978,0.00013902343926019967,9.515494457446039e-05
14979,0.00014855261542834342,5.232754847384058e-05
14980,0.00015923671890050173,0.00012256346235517412
14981,0.00017020510858856142,0.0001803592749638483
14982,0.00018274200556334108,0.00014509164611808956
14983,0.00019910433911718428,7.277981785591692e-05
14984,0.00022462541528511792,5.6019336625467986e-05
14985,0.00026151936617679894,9.639945346862078e-05
14986,0.0003207653353456408,0.0001219698169734329
14987,0.00040020240703597665,9.606965613784268e-05
14988,0.0005246800719760358,5.544621672015637e-05
14989,0.0006775836227461696,5.0102127715945244e-05
14990,0.0009134686551988125,7.679266855120659e-05
14991,0.0011644246987998486,9.25405984162353e-05
14992,0.0015225032111629844,7.581159297842532e-05
14993,0.0017942865379154682,4.833090861211531e-05
14994,0.0020840149372816086,4.198955502943136e-05
14995,0.002107885666191578,5.80226733291056e-05
14996,0.0019782332237809896,7.11531174601987e-05
14997,0.001649961806833744,6.485157064162195e-05
14998,0.001254010945558548,4.838550739805214e-05
14999,0.0009460963192395866,4.1056886402657256e-05
15000,0.0007161399116739631,4.745552359963767e-05
15001,0.0004148787120357156,5.075767694506794e-05
15002,0.0002272911078762263,4.268058546585962e-05
15003,0.0003965480427723378,4.120344965485856e-05
15004,0.0005431600729934871,4.690813148044981e-05
15005,0.0003706829156726599,4.5145745389163494e-05
15006,0.00017918620142154396,3.9938269765116274e-05
15007,0.0002519999397918582,4.1986331780208275e-05
15008,0.0003909309161826968,4.4825788791058585e-05
15009,0.0003246451378799975,4.151991379330866e-05
15010,0.0001640584523556754,3.934380947612226e-05
15011,0.0001692143559921533,4.20268188463524e-05
15012,0.00028430926613509655,4.2549963836790994e-05
15013,0.00027932418743148446,3.96428513340652e-05
15014,0.0001648538454901427,3.94257040170487e-05
15015,0.00013070879504084587,4.142850957578048e-05
15016,0.00020657776622101665,4.07351617468521e-05
15017,0.00023708066146355122,3.888757055392489e-05
15018,0.00016786344349384308,3.951936378143728e-05
15019,0.00012110401439713314,4.056191028212197e-05
15020,0.00015892868395894766,3.955434658564627e-05
15021,0.0001934195461217314,3.867561827064492e-05
15022,0.0001617497473489493,3.941778777516447e-05
15023,0.00012274393520783633,3.974391438532621e-05
15024,0.00013538870553020388,3.889325671480037e-05
15025,0.0001613709464436397,3.861828372464515e-05
15026,0.00014984962763264775,3.917445064871572e-05
15027,0.0001239935663761571,3.912385000148788e-05
15028,0.00012517858704086393,3.854258466162719e-05
15029,0.00014163962623570114,3.8559475797228515e-05
15030,0.00013980762741994113,3.889489744324237e-05
15031,0.00012327736476436257,3.86928441002965e-05
15032,0.00011911131150554866,3.834242670563981e-05
15033,0.00012915734259877354,3.846856998279691e-05
15034,0.00013250141637399793,3.8634116208413616e-05
15035,0.00012315547792240977,3.840489807771519e-05
15036,0.00011616868869168684,3.821639984380454e-05
15037,0.00012041731679346412,3.8351325201801956e-05
15038,0.00012603579671122134,3.840761928586289e-05
15039,0.00012285685807000846,3.821315476670861e-05
15040,0.00011613294191192836,3.811940041487105e-05
15041,0.00011562441068235785,3.822301732725464e-05
15042,0.00011998975242022425,3.82231519324705e-05
15043,0.00012083278852514923,3.8078193028923124e-05
15044,0.00011678013106575236,3.803196887020022e-05
15045,0.00011433761392254382,3.809675763477571e-05
15046,0.00011621830344665796,3.807528264587745e-05
15047,0.0001179607497761026,3.797226963797584e-05
15048,0.00011637003626674414,3.7947484088363126e-05
15049,0.0001141581597039476,3.7982510548317805e-05
15050,0.00011449710291344672,3.795202064793557e-05
15051,0.00011591515794862062,3.788112735492177e-05
15052,0.00011554134835023433,3.7866739148739725e-05
15053,0.00011390821600798517,3.7880272429902107e-05
15054,0.00011345480743329972,3.784700311371125e-05
15055,0.00011442086542956531,3.779675898840651e-05
15056,0.00011487636948004365,3.778797326958738e-05
15057,0.0001139836385846138,3.7788246117997915e-05
15058,0.00011303432984277606,3.7756122765131295e-05
15059,0.00011318664473947138,3.7718709791079164e-05
15060,0.0001138662119046785,3.7709312891820446e-05
15061,0.00011389290739316493,3.7703248381149024e-05
15062,0.0001132111792685464,3.767449379665777e-05
15063,0.00011274867574684322,3.764393841265701e-05
15064,0.000112957350211218,3.7633009924320504e-05
15065,0.0001132961770053953,3.762432970688678e-05
15066,0.00011317258758936077,3.7599609640892595e-05
15067,0.00011276645091129467,3.7573689041892067e-05
15068,0.00011261172767262906,3.755947545869276e-05
15069,0.00011277107114437968,3.7549012631643564e-05
15070,0.0001128518779296428,3.752724296646193e-05
15071,0.00011267374793533236,3.750483665498905e-05
15072,0.00011247674410697073,3.749011375475675e-05
15073,0.00011248337978031486,3.747774098883383e-05
15074,0.00011257418373133987,3.745748472283594e-05
15075,0.00011253134289290756,3.743793786270544e-05
15076,0.00011237403668928891,3.742307308129966e-05
15077,0.00011228531366214156,3.7408834032248706e-05
15078,0.00011231879761908203,3.739117528311908e-05
15079,0.00011235348938498646,3.737218867172487e-05
15080,0.00011229628580622375,3.735705104190856e-05
15081,0.00011219400039408356,3.734245910891332e-05
15082,0.00011214381083846092,3.7325851735658944e-05
15083,0.00011215382255613804,3.730836760951206e-05
15084,0.00011215772246941924,3.7293502828106284e-05
15085,0.00011210962838958949,3.72788890672382e-05
15086,0.00011204359179828316,3.726293289219029e-05
15087,0.00011201068264199421,3.724561975104734e-05
15088,0.00011201175948372111,3.7230569432722405e-05
15089,0.00011200191511306912,3.7216384953353554e-05
15090,0.00011195884871995077,3.720029417308979e-05
15091,0.00011190772784175351,3.7184698157943785e-05
15092,0.0001118799700634554,3.716907667694613e-05
15093,0.00011187745985807851,3.715499406098388e-05
15094,0.00011186422489117831,3.714044578373432e-05
15095,0.00011182801972609013,3.7124853406567127e-05
15096,0.00011178870045114309,3.710998498718254e-05
15097,0.00011176261614309624,3.70950365322642e-05
15098,0.00011175066902069375,3.7080273614265025e-05
15099,0.00011173375969519839,3.70651796401944e-05
15100,0.00011170803918503225,3.7050689570605755e-05
15101,0.00011167827324243262,3.70364505215548e-05
15102,0.00011165467731188983,3.702190952026285e-05
15103,0.00011163634189870209,3.700737579492852e-05
15104,0.00011161663132952526,3.6993023968534544e-05
15105,0.00011159275891259313,3.697864667628892e-05
15106,0.00011156816617585719,3.696444400702603e-05
15107,0.00011154653475387022,3.6950055800843984e-05
15108,0.00011152793013025075,3.693614780786447e-05
15109,0.00011150911450386047,3.692166865221225e-05
15110,0.00011148682096973062,3.6907396861352026e-05
15111,0.0001114630649681203,3.689384902827442e-05
15112,0.00011144168092869222,3.6879966501146555e-05
15113,0.00011142337461933494,3.68658838851843e-05
15114,0.0001114050392061472,3.6852296034339815e-05
15115,0.00011138476838823408,3.683851900859736e-05
15116,0.00011136356624774635,3.6824774724664167e-05
15117,0.00011134223314002156,3.680994996102527e-05
15118,0.00011132293730042875,3.679697329062037e-05
15119,0.00011130438360851258,3.678376742755063e-05
15120,0.00011128508049296215,3.6770510632777587e-05
15121,0.00011126488971058279,3.6756326153408736e-05
15122,0.00011124539014417678,3.674297477118671e-05
15123,0.0001112262107199058,3.672946331789717e-05
15124,0.00011120758426841348,3.671617741929367e-05
15125,0.0001111892779590562,3.670315709314309e-05
15126,0.00011117025860585272,3.668940917123109e-05
15127,0.00011115020606666803,3.66756139555946e-05
15128,0.00011113117216154933,3.666267730295658e-05
15129,0.00011111421918030828,3.6649988032877445e-05
15130,0.00011109479237347841,3.66357053280808e-05
15131,0.00011107654427178204,3.6623394407797605e-05
15132,0.0001110585653805174,3.6610123061109334e-05
15133,0.00011103971337433904,3.6597699363483116e-05
15134,0.00011102199641754851,3.6584304325515404e-05
15135,0.00011100372648797929,3.657104025478475e-05
15136,0.00011098607501480728,3.655847831396386e-05
15137,0.00011096883827121928,3.654559259302914e-05
15138,0.00011095055378973484,3.653223757282831e-05
15139,0.00011093224748037755,3.6520021239994094e-05
15140,0.00011091569467680529,3.6506411561276764e-05
15141,0.00011089839244959876,3.64943225577008e-05
15142,0.00011088053724961355,3.6481214920058846e-05
15143,0.0001108632204704918,3.6468583857640624e-05
15144,0.00011084563448093832,3.64557963621337e-05
15145,0.00011082809942308813,3.644338721642271e-05
15146,0.00011081075354013592,3.64307124982588e-05
15147,0.00011079463001806289,3.641812872956507e-05
15148,0.0001107774005504325,3.640599607024342e-05
15149,0.00011076028749812394,3.639279748313129e-05
15150,0.00011074442591052502,3.6380217352416366e-05
15151,0.00011072680354118347,3.636815381469205e-05
15152,0.00011071017070207745,3.635547182057053e-05
15153,0.00011069406173191965,3.634325912571512e-05
15154,0.00011067603918490931,3.6331708543002605e-05
15155,0.00011066001025028527,3.631932122516446e-05
15156,0.00011064418504247442,3.630591163528152e-05
15157,0.00011062723206123337,3.629451748565771e-05
15158,0.00011061110126320273,3.6281860957387835e-05
15159,0.00011059407552238554,3.6269775591790676e-05
15160,0.00011057806841563433,3.625719909905456e-05
15161,0.00011056195944547653,3.624500095611438e-05
15162,0.00011054608330596238,3.6233614082448184e-05
15163,0.00011052968329750001,3.622111034928821e-05
15164,0.0001105141855077818,3.620896677603014e-05
15165,0.00011049736349377781,3.619653944042511e-05
15166,0.00011048230226151645,3.618446862674318e-05
15167,0.00011046588770113885,3.617335460148752e-05
15168,0.00011044989514630288,3.616066533140838e-05
15169,0.00011043546692235395,3.614902379922569e-05
15170,0.00011041933612432331,3.613736407714896e-05
15171,0.00011040362733183429,3.612498767324723e-05
15172,0.00011038793309126049,3.6113262467551976e-05
15173,0.00011037226795451716,3.6101842852076516e-05
15174,0.00011035732313757762,3.608939368859865e-05
15175,0.00011034178169211373,3.607754842960276e-05
15176,0.00011032600014004856,3.606628888519481e-05
15177,0.00011031066242139786,3.6053846997674555e-05
15178,0.00011029538291040808,3.604234370868653e-05
15179,0.00011028060544049367,3.603089862735942e-05
15180,0.00011026523861801252,3.60197554982733e-05
15181,0.00011024920968338847,3.6007688322570175e-05
15182,0.00011023505066987127,3.599571937229484e-05
15183,0.00011022045509889722,3.598375405999832e-05
15184,0.00011020497913705185,3.5972814657725394e-05
15185,0.00011019027442671359,3.5961067624157295e-05
15186,0.00011017490760423243,3.5949957236880437e-05
15187,0.00011016102507710457,3.593811561586335e-05
15188,0.000110146269435063,3.592616121750325e-05
15189,0.00011013000039383769,3.591425047488883e-05
15190,0.00011011613241862506,3.5903427487937734e-05
15191,0.00011010219168383628,3.589144762372598e-05
15192,0.00011008687579305843,3.588070467230864e-05
15193,0.00011007385910488665,3.586859384085983e-05
15194,0.00011005817214027047,3.5857141483575106e-05
15195,0.00011004456609953195,3.584603109629825e-05
15196,0.00011003128020092845,3.5834287700708956e-05
15197,0.00011001939128618687,3.5823330108541995e-05
15198,0.00011000578524544835,3.581268902053125e-05
15199,0.00010999369987985119,3.580115662771277e-05
15200,0.00010998306242981926,3.578975884011015e-05
15201,0.00010997324716299772,3.57784956577234e-05
15202,0.00010996745550073683,3.576763265300542e-05
15203,0.00010996259516105056,3.575582741177641e-05
15204,0.00010996367200277746,3.574454240151681e-05
15205,0.00010997209756169468,3.5733541153604165e-05
15206,0.00010999100777553394,3.572240530047566e-05
15207,0.00011002772953361273,3.57115532096941e-05
15208,0.00011009028821717948,3.570013359421864e-05
15209,0.00011019532394129783,3.5688946809386835e-05
15210,0.00011036615615012124,3.56780547008384e-05
15211,0.0001106405834434554,3.566647501429543e-05
15212,0.00011108236503787339,3.5656074032885954e-05
15213,0.00011178707063663751,3.564498547348194e-05
15214,0.00011293099669273943,3.5633755032904446e-05
15215,0.00011476001236587763,3.5622499126475304e-05
15216,0.00011777769395848736,3.561108314897865e-05
15217,0.0001226287567988038,3.5600805858848616e-05
15218,0.0001307986822212115,3.558964090188965e-05
15219,0.00014394737081602216,3.557842501322739e-05
15220,0.00016662680718582124,3.5568347811931744e-05
15221,0.0002027721784543246,3.555680450517684e-05
15222,0.0002666815125849098,3.554618524503894e-05
15223,0.0003651842998806387,3.5535085771698505e-05
15224,0.0005431025056168437,3.5523764381650835e-05
15225,0.0007943524396978319,3.5513356124283746e-05
15226,0.0012452567461878061,3.5502798709785566e-05
15227,0.0017535790102556348,3.549192115315236e-05
15228,0.00257021258585155,3.548022505128756e-05
15229,0.0030351101886481047,3.547026062733494e-05
15230,0.003423270070925355,3.5460339859128e-05
15231,0.0029382058419287205,3.5448687413008884e-05
15232,0.002140865195542574,3.543817001627758e-05
15233,0.001445322879590094,3.5427183320280164e-05
15234,0.0011395931942388415,3.541641854098998e-05
15235,0.0011526115704327822,3.5406064853305e-05
15236,0.001007884624414146,3.539518729667179e-05
15237,0.0007624007994309068,3.538428427418694e-05
15238,0.0005677429144270718,3.5373144783079624e-05
15239,0.0005922242999076843,3.536325675668195e-05
15240,0.0007738147978670895,3.5352328268345445e-05
15241,0.0008904632413759828,3.534238931024447e-05
15242,0.0008396179764531553,3.533125709509477e-05
15243,0.0005996648105792701,3.532071059453301e-05
15244,0.0003640675568021834,3.531049151206389e-05
15245,0.0003362374263815582,3.529955938574858e-05
15246,0.0004896823666058481,3.528887464199215e-05
15247,0.0006008411291986704,3.5278844734421e-05
15248,0.0004909491981379688,3.5268043575342745e-05
15249,0.00028070996631868184,3.525783176883124e-05
15250,0.00019395012350287288,3.524684871081263e-05
15251,0.000268031406449154,3.523642590153031e-05
15252,0.0003380749258212745,3.522653059917502e-05
15253,0.00029302790062502027,3.52160532202106e-05
15254,0.0002017778460867703,3.520566315273754e-05
15255,0.00017020831000991166,3.519498204695992e-05
15256,0.0002018188824877143,3.518415178405121e-05
15257,0.0002301521599292755,3.5173863579984754e-05
15258,0.00022252541384659708,3.5163306165486574e-05
15259,0.00019588402938097715,3.515299249556847e-05
15260,0.00016777653945609927,3.514278432703577e-05
15261,0.00015066421474330127,3.513227420626208e-05
15262,0.0001500891667092219,3.512280818540603e-05
15263,0.0001679581037024036,3.511163595248945e-05
15264,0.00018801361147779971,3.510178066790104e-05
15265,0.00018390617333352566,3.509152520564385e-05
15266,0.00016341771697625518,3.5081659007119015e-05
15267,0.00014734393334947526,3.507130895741284e-05
15268,0.00015257719496730715,3.506053690216504e-05
15269,0.0001663933217059821,3.505005588522181e-05
15270,0.0001684976159594953,3.504070991766639e-05
15271,0.00015857562539167702,3.5030396247748286e-05
15272,0.00014934336650185287,3.502027175272815e-05
15273,0.00014961448323447257,3.501017999951728e-05
15274,0.0001565064740134403,3.499992817523889e-05
15275,0.00016248684551101178,3.498971273074858e-05
15276,0.00016631610924378037,3.498041769489646e-05
15277,0.00016710336785763502,3.497025682008825e-05
15278,0.0001688042830210179,3.496075441944413e-05
15279,0.000173131498740986,3.4951175621245056e-05
15280,0.0001839010074036196,3.494194243103266e-05
15281,0.00019978807540610433,3.493412077659741e-05
15282,0.00022051323321647942,3.49261645169463e-05
15283,0.00024310487788170576,3.491927418508567e-05
15284,0.0002728814724832773,3.4914264688268304e-05
15285,0.0003099898749496788,3.491163079161197e-05
15286,0.0003631189465522766,3.491235838737339e-05
15287,0.0004247436299920082,3.4917804441647604e-05
15288,0.0005059859249740839,3.493262192932889e-05
15289,0.0005879837553948164,3.4960219636559486e-05
15290,0.0006916446145623922,3.500893581076525e-05
15291,0.0007746698684059083,3.508868394419551e-05
15292,0.0008654154371470213,3.521863618516363e-05
15293,0.0008973535732366145,3.5428758565103635e-05
15294,0.000903707870747894,3.576843664632179e-05
15295,0.0008357670740224421,3.631371509982273e-05
15296,0.0007332449895329773,3.7201672967057675e-05
15297,0.0006069227820262313,3.86417013942264e-05
15298,0.00048780598444864154,4.101019658264704e-05
15299,0.00040021142922341824,4.489509592531249e-05
15300,0.00033819719101302326,5.138296910445206e-05
15301,0.00029843967058695853,6.211680010892451e-05
15302,0.00026327749947085977,8.031258039409295e-05
15303,0.00023151832283474505,0.00011055657523684204
15304,0.00020227869390510023,0.0001625396980671212
15305,0.0001839925826061517,0.00024844473227858543
15306,0.0001794344134395942,0.0003971828264184296
15307,0.0001900439674500376,0.0006354255019687116
15308,0.00021223552175797522,0.001041415031068027
15309,0.0002409075095783919,0.0016286568716168404
15310,0.000272112141828984,0.00253774574957788
15311,0.0003001464356202632,0.0034768518526107073
15312,0.0003223497769795358,0.004424203187227249
15313,0.0003366285818628967,0.00422942079603672
15314,0.0003407815529499203,0.003067705314606428
15315,0.0003409337077755481,0.0011285588843747973
15316,0.0003347123565617949,0.0001097174608730711
15317,0.0003348614845890552,0.0005952904466539621
15318,0.0003381486749276519,0.0015674519818276167
15319,0.00035847112303599715,0.001642125309444964
15320,0.0003884292091242969,0.0006779839168302715
15321,0.0004397507873363793,6.843620212748647e-05
15322,0.0004951844457536936,0.0004735846014227718
15323,0.000567298789974302,0.0010021101916208863
15324,0.0006241751834750175,0.0007704966119490564
15325,0.0006836194661445916,0.00019081600476056337
15326,0.0006988404784351587,0.00017227868374902755
15327,0.0006968678790144622,0.0005543117295019329
15328,0.0006390164489857852,0.0005592236993834376
15329,0.0005664632772095501,0.0002022074768319726
15330,0.0004782539908774197,9.166689414996654e-05
15331,0.000412240216974169,0.00032508090953342617
15332,0.0003799727710429579,0.0004148618318140507
15333,0.00038042571395635605,0.00020220964506734163
15334,0.0004016718303319067,7.779135194141418e-05
15335,0.0004148683219682425,0.00019721021817531437
15336,0.00041009136475622654,0.0002743275836110115
15337,0.0003725869464688003,0.0001628914469620213
15338,0.00031709898030385375,6.73100003041327e-05
15339,0.00025170238222926855,0.00012989593960810453
15340,0.0001960744702955708,0.00019780339789576828
15341,0.0001588065642863512,0.0001413532590959221
15342,0.00014448277943301946,6.945811037439853e-05
15343,0.00015017962141428143,9.234095341525972e-05
15344,0.0001687528274487704,0.0001382210321025923
15345,0.00019370715017430484,0.0001138242005254142
15346,0.00021589112293440849,6.357789970934391e-05
15347,0.00023475733178202063,6.775231304345652e-05
15348,0.0002438627852825448,0.00010078556078951806
15349,0.0002503005089238286,9.59894314291887e-05
15350,0.00025055574951693416,6.44217652734369e-05
15351,0.00025584278046153486,5.8139150496572256e-05
15352,0.00026388250989839435,7.698513218201697e-05
15353,0.00028696947265416384,8.017436630325392e-05
15354,0.0003225474792998284,6.0797654441557825e-05
15355,0.00038381540798582137,5.032819171901792e-05
15356,0.0004672191571444273,5.9507572586881e-05
15357,0.0005886891740374267,6.643270171480253e-05
15358,0.0007424240466207266,5.8102275943383574e-05
15359,0.0009472749661654234,4.8534271627431735e-05
15360,0.0011852660682052374,5.083228097646497e-05
15361,0.00146776984911412,5.6925928220152855e-05
15362,0.001739150146022439,5.4741893109166995e-05
15363,0.0019778558053076267,4.755313784698956e-05
15364,0.0020883569959551096,4.548766082734801e-05
15365,0.0020233301911503077,4.876578168477863e-05
15366,0.0017669277731329203,4.98640256409999e-05
15367,0.0013438552850857377,4.638407699530944e-05
15368,0.0008963801083154976,4.3450847442727536e-05
15369,0.000512690341565758,4.425353108672425e-05
15370,0.0002890606701839715,4.598153827828355e-05
15371,0.00022907162201590836,4.522277959040366e-05
15372,0.0002989827189594507,4.292755693313666e-05
15373,0.00042877878877334297,4.19341231463477e-05
15374,0.0005529457703232765,4.256598185747862e-05
15375,0.0006298068910837173,4.2925770685542375e-05
15376,0.0006322585977613926,4.204624565318227e-05
15377,0.000583343964535743,4.0911781979957595e-05
15378,0.0005136742256581783,4.060197534272447e-05
15379,0.00046038947766646743,4.0911556425271556e-05
15380,0.00045913003850728273,4.096331031178124e-05
15381,0.000491267186589539,4.048650589538738e-05
15382,0.0005506341112777591,3.991362973465584e-05
15383,0.0005757730104960501,3.966764052165672e-05
15384,0.0005636637797579169,3.969552562921308e-05
15385,0.00048574162065051496,3.967046723118983e-05
15386,0.0003809927438851446,3.940721944672987e-05
15387,0.000267760653514415,3.901374657289125e-05
15388,0.00018355870270170271,3.875118272844702e-05
15389,0.0001406376832164824,3.872338857036084e-05
15390,0.00014005022239871323,3.877640119753778e-05
15391,0.00016852286353241652,3.8674872484989464e-05
15392,0.0002066181623376906,3.839258715743199e-05
15393,0.00023771982523612678,3.814195588347502e-05
15394,0.00024843940627761185,3.809735790127888e-05
15395,0.00023967414745129645,3.816746175289154e-05
15396,0.0002144575846614316,3.811772694461979e-05
15397,0.00018604524666443467,3.788846515817568e-05
15398,0.00016268313629552722,3.765387737075798e-05
15399,0.0001528316061012447,3.759219544008374e-05
15400,0.00015731167513877153,3.765046858461574e-05
15401,0.000174601940670982,3.763558925129473e-05
15402,0.00019862073531839997,3.747161099454388e-05
15403,0.000223786715650931,3.728372757905163e-05
15404,0.0002454778295941651,3.721826942637563e-05
15405,0.000262436515185982,3.7256213545333594e-05
15406,0.00027616083389148116,3.7257614167174324e-05
15407,0.00029270449886098504,3.7148445699131116e-05
15408,0.00031462236074730754,3.700025990838185e-05
15409,0.0003538880846463144,3.692306199809536e-05
15410,0.0004046646354254335,3.692746759043075e-05
15411,0.00048725749365985394,3.6926299799233675e-05
15412,0.0005753899458795786,3.685790579766035e-05
15413,0.0007049253908917308,3.674965773825534e-05
15414,0.000809747027233243,3.66717140423134e-05
15415,0.0009444695897400379,3.6647972592618316e-05
15416,0.000991960521787405,3.6637189623434097e-05
15417,0.0010214239591732621,3.65963569493033e-05
15418,0.0009200287167914212,3.652457962743938e-05
15419,0.0007770635420456529,3.6458950489759445e-05
15420,0.0005863664555363357,3.642001684056595e-05
15421,0.0004314897523727268,3.639663918875158e-05
15422,0.0003533023991622031,3.636620022007264e-05
15423,0.0003505574422888458,3.632024163380265e-05
15424,0.00039666201337240636,3.6270103009883314e-05
15425,0.0004361915634945035,3.622675285441801e-05
15426,0.0004444022197276354,3.6192632251186296e-05
15427,0.0003985771327279508,3.6160272429697216e-05
15428,0.00032979727257043123,3.612529326346703e-05
15429,0.0002514696680009365,3.6086632462684065e-05
15430,0.00019964091188739985,3.605051460908726e-05
15431,0.0001800389727577567,3.6015004297951236e-05
15432,0.0001950118166860193,3.598052353481762e-05
15433,0.0002318530750926584,3.59460900654085e-05
15434,0.00027314809267409146,3.591413769754581e-05
15435,0.0003070381935685873,3.5883498640032485e-05
15436,0.00031863502226769924,3.585185913834721e-05
15437,0.0003102608607150614,3.581991768442094e-05
15438,0.00028046846273355186,3.578645919333212e-05
15439,0.00024394085630774498,3.575484151951969e-05
15440,0.00020862162637058645,3.57258650183212e-05
15441,0.00018689452554099262,3.569859836716205e-05
15442,0.00018322399409953505,3.5670658689923584e-05
15443,0.00019802170572802424,3.5640910937217996e-05
15444,0.0002314264711458236,3.5611377825262025e-05
15445,0.00027457409305498004,3.5582208511186764e-05
15446,0.00033341339440084994,3.5555985959945247e-05
15447,0.00039278180338442326,3.553034912329167e-05
15448,0.00047256515244953334,3.55038428097032e-05
15449,0.0005473113269545138,3.547720189089887e-05
15450,0.0006516100838780403,3.5450913856038824e-05
15451,0.000742201111279428,3.542438935255632e-05
15452,0.000860729836858809,3.5399523767409846e-05
15453,0.0009538076701574028,3.537543670972809e-05
15454,0.0010572844184935093,3.53516370523721e-05
15455,0.0011477024527266622,3.5327950172359124e-05
15456,0.001231796806678176,3.530578032950871e-05
15457,0.0013385576894506812,3.528325032675639e-05
15458,0.001396210864186287,3.5261451557744294e-05
15459,0.0014428481226786971,3.524202838889323e-05
15460,0.001335412380285561,3.522366750985384e-05
15461,0.0011365772224962711,3.52087190549355e-05
15462,0.0008057520026341081,3.5196691896999255e-05
15463,0.0004901194479316473,3.518910671118647e-05
15464,0.00027445791056379676,3.518836456350982e-05
15465,0.00021951585949864239,3.519689926179126e-05
15466,0.0002975832321681082,3.522109182085842e-05
15467,0.00041202676948159933,3.526635919115506e-05
15468,0.00048057775711640716,3.534264033078216e-05
15469,0.0004454683803487569,3.5469511203700677e-05
15470,0.00033679307671263814,3.567066232790239e-05
15471,0.00021337694488465786,3.5985358408652246e-05
15472,0.00014480881509371102,3.647552148322575e-05
15473,0.00015438758418895304,3.7236524804029614e-05
15474,0.0002145920298062265,3.8425016100518405e-05
15475,0.0002740418422035873,4.027352770208381e-05
15476,0.0002864191774278879,4.318240098655224e-05
15477,0.00024942439631558955,4.774870103574358e-05
15478,0.00018599347095005214,5.501759369508363e-05
15479,0.00013694746303372085,6.651344301644713e-05
15480,0.0001244871091330424,8.503754361299798e-05
15481,0.00014526436279993504,0.00011446656571934
15482,0.00017684302292764187,0.00016234084614552557
15483,0.00019473355496302247,0.0002381195517955348
15484,0.00018909834034275264,0.0003617173060774803
15485,0.00016463635256513953,0.0005527168395929039
15486,0.0001374135463265702,0.000858266488648951
15487,0.00012097012950107455,0.0012957011349499226
15488,0.00012051508383592591,0.001939429435878992
15489,0.00013160174421500415,0.0026717353612184525
15490,0.00014478022058028728,0.0034703535493463278
15491,0.00015228890697471797,0.0037525142543017864
15492,0.00015104352496564388,0.003419474232941866
15493,0.00014514905342366546,0.002146193291991949
15494,0.0001412445562891662,0.0007950792205519974
15495,0.0001482297375332564,0.0001162332046078518
15496,0.00017207296332344413,0.00040833972161635756
15497,0.00022116937907412648,0.0011140633141621947
15498,0.00030341179808601737,0.0013996295165270567
15499,0.00044528732541948557,0.0010271138744428754
15500,0.0006722530233673751,0.000396264047594741
15501,0.0010804726043716073,0.00018324199481867254
15502,0.0016708605689927936,0.00046436162665486336
15503,0.002683713100850582,0.0007641665870323777
15504,0.0036427401937544346,0.000673019967507571
15505,0.0047471183352172375,0.00029365826048888266
15506,0.004442507866770029,6.902067252667621e-05
15507,0.0032979450188577175,0.00018927374912891537
15508,0.0019176702480763197,0.0004221885174047202
15509,0.0016444409266114235,0.0004563581896945834
15510,0.002378403441980481,0.0002686414518393576
15511,0.0026109768077731133,0.00010197413939749822
15512,0.0019579927902668715,0.00012212219007778913
15513,0.0010170196183025837,0.00023941679683048278
15514,0.00079500483116135,0.0002706556988414377
15515,0.0011284488718956709,0.00016927639080677181
15516,0.0012971549294888973,6.480381853180006e-05
15517,0.001115594175644219,6.775074871256948e-05
15518,0.0006686917622573674,0.00014556852693203837
15519,0.000436430680565536,0.00018702236411627382
15520,0.0005844081752002239,0.00014292608830146492
15521,0.0008595538674853742,7.554842886747792e-05
15522,0.0009398547699674964,5.861110912519507e-05
15523,0.0006590880802832544,9.332298941444606e-05
15524,0.0003297047223895788,0.00012035843974445015
15525,0.0002850481541827321,0.00010095207107951865
15526,0.0004747823113575578,5.8685658586909994e-05
15527,0.0005810356815345585,3.978057065978646e-05
15528,0.0004284433089196682,5.7006560382433236e-05
15529,0.00021622603526338935,8.125622116494924e-05
15530,0.00019345128384884447,8.182854071492329e-05
15531,0.00033936911495402455,6.0829603171441704e-05
15532,0.0004312037490308285,4.365973290987313e-05
15533,0.00035529088927432895,4.665677624871023e-05
15534,0.00022678379900753498,6.079239392420277e-05
15535,0.0001789911912055686,6.624383968301117e-05
15536,0.00021673609444405884,5.643782424158417e-05
15537,0.0002555487153586,4.209399412502535e-05
15538,0.00024835384101606905,3.7118486943654716e-05
15539,0.00021802098490297794,4.304499088902958e-05
15540,0.00018059245485346764,5.002814214094542e-05
15541,0.0001545607519801706,4.9354588554706424e-05
15542,0.0001529789878986776,4.2102688894374296e-05
15543,0.00017569254850968719,3.622017175075598e-05
15544,0.00019234907813370228,3.6895766243105754e-05
15545,0.00017393850430380553,4.182117118034512e-05
15546,0.00013689184561371803,4.4907395931659266e-05
15547,0.00012068952491972595,4.306753180571832e-05
15548,0.00013838178711012006,3.869795909849927e-05
15549,0.00015973788686096668,3.619541530497372e-05
15550,0.00015599088510498405,3.726814247784205e-05
15551,0.00013519023195840418,3.981763438787311e-05
15552,0.0001215990778291598,4.069164424436167e-05
15553,0.00012486244668252766,3.8978178054094315e-05
15554,0.0001342834730166942,3.637830013758503e-05
15555,0.00013746829063165933,3.5140314139425755e-05
15556,0.00013416858564596623,3.5818651667796075e-05
15557,0.00012837242684327066,3.7114336009835824e-05
15558,0.0001232277718372643,3.7443485780386254e-05
15559,0.00012110592069802806,3.644229218480177e-05
15560,0.00012400222476571798,3.50578993675299e-05
15561,0.00013011532428208739,3.4419270377838984e-05
15562,0.0001340078451903537,3.479003134998493e-05
15563,0.00013270859199110419,3.550818655639887e-05
15564,0.00012949880328960717,3.5755743738263845e-05
15565,0.00013071995635982603,3.530579851940274e-05
15566,0.00013843635679222643,3.4588727430673316e-05
15567,0.00014947372255846858,3.4186803532065824e-05
15568,0.00016073641018010676,3.430759534239769e-05
15569,0.00017284955538343638,3.468132854322903e-05
15570,0.00019056651217397302,3.489103619358502e-05
15571,0.0002174384135287255,3.474478216958232e-05
15572,0.0002573119127191603,3.4388009225949645e-05
15573,0.0003134203143417835,3.4108845284208655e-05
15574,0.00039091944927349687,3.407719123060815e-05
15575,0.0004994415212422609,3.423304224270396e-05
15576,0.0006461837328970432,3.438770363572985e-05
15577,0.0008456159848719835,3.439802094362676e-05
15578,0.0011072641937062144,3.42681523761712e-05
15579,0.0014255879214033484,3.411447687540203e-05
15580,0.0017947421874850988,3.405261304578744e-05
15581,0.002128171967342496,3.4114211302949116e-05
15582,0.0023625176399946213,3.424608439672738e-05
15583,0.002363050589337945,3.437381747062318e-05
15584,0.002058816608041525,3.4468153899069875e-05
15585,0.0015290438896045089,3.4561071515781805e-05
15586,0.000888882321305573,3.4730404877336696e-05
15587,0.000400560034904629,3.50507179973647e-05
15588,0.00019489489204715937,3.558137541403994e-05
15589,0.0002821562229655683,3.637175905168988e-05
15590,0.0005267949309200048,3.7515310395974666e-05
15591,0.0007489949930459261,3.9162609027698636e-05
15592,0.000824847025796771,4.1626110032666475e-05
15593,0.0007251346250995994,4.532046295935288e-05
15594,0.0005373921012505889,5.101117130834609e-05
15595,0.0003645201213657856,5.962567593087442e-05
15596,0.0002770150895230472,7.30628744349815e-05
15597,0.00028062559431418777,9.345473517896608e-05
15598,0.00032372353598475456,0.00012570703984238207
15599,0.0003536445728968829,0.00017453500186093152
15600,0.0003450456424616277,0.0002526383614167571
15601,0.00030789885204285383,0.00036856275983154774
15602,0.00027115974808111787,0.0005534205120056868
15603,0.0002454653149470687,0.000811584061011672
15604,0.00023331635748036206,0.0012067321222275496
15605,0.00022340341820381582,0.0016737548867240548
15606,0.00021487392950803041,0.002285083057358861
15607,0.00020829914137721062,0.0026934100314974785
15608,0.00020740285981446505,0.0029067539144307375
15609,0.00020995535305701196,0.002372609917074442
15610,0.0002092064096359536,0.0014506945153698325
15611,0.00020388627308420837,0.00045528169721364975
15612,0.00018953900143969804,5.683092604158446e-05
15613,0.00017281880718655884,0.0003591929853428155
15614,0.00015614277799613774,0.000877408601809293
15615,0.00014470619498752058,0.0010311848018318415
15616,0.0001385840296279639,0.0006327016744762659
15617,0.00013615761417895555,0.00016349373618140817
15618,0.00013555028999689966,8.421203528996557e-05
15619,0.0001361984759569168,0.0003633218875620514
15620,0.0001392637350363657,0.0005717703606933355
15621,0.0001442555512767285,0.0004297422419767827
15622,0.00014992030628491193,0.00015087900101207197
15623,0.0001533005852252245,6.841260619694367e-05
15624,0.000152406602865085,0.00021898350678384304
15625,0.00014705772628076375,0.000344142405083403
15626,0.00013869386748410761,0.00026002555387094617
15627,0.00012994551798328757,9.575408330420032e-05
15628,0.00012286468700040132,5.5674237955827266e-05
15629,0.0001186151203000918,0.00015266671834979206
15630,0.00011696905130520463,0.0002233890409115702
15631,0.00011699206515913829,0.0001665707677602768
15632,0.00011769823322538286,6.92487446940504e-05
15633,0.00011856245691888034,5.222272011451423e-05
15634,0.00011955935042351484,0.00011358399206073955
15635,0.00012084934860467911,0.0001529636501800269
15636,0.00012249796418473125,0.0001160467800218612
15637,0.00012448594497982413,5.675279317074455e-05
15638,0.00012668466661125422,4.61777308373712e-05
15639,0.00012939162843395025,8.205883932532743e-05
15640,0.00013268235488794744,0.00010609722085064277
15641,0.00013752319500781596,8.582123700762168e-05
15642,0.0001438731123926118,5.06891192344483e-05
15643,0.0001532599126221612,4.199724207865074e-05
15644,0.00016529858112335205,6.161116471048445e-05
15645,0.0001826439256547019,7.758615538477898e-05
15646,0.00020488412701524794,6.875953840790316e-05
15647,0.00023746522492729127,4.825357609661296e-05
15648,0.0002798270434141159,4.017568790004589e-05
15649,0.00034326768945902586,4.969092697137967e-05
15650,0.00042449802276678383,6.0705573559971526e-05
15651,0.0005460476968437433,5.8598332543624565e-05
15652,0.0006928329239599407,4.6829707571305335e-05
15653,0.0009047151543200016,3.9082191506167874e-05
15654,0.0011300586629658937,4.2064839362865314e-05
15655,0.0014204196631908417,4.937317135045305e-05
15656,0.0016506969695910811,5.1125913159921765e-05
15657,0.0018564141355454922,4.556266139843501e-05
15658,0.001885770820081234,3.907492646249011e-05
15659,0.001767534064128995,3.7931560655124485e-05
15660,0.0015247458359226584,4.160543539910577e-05
15661,0.001210480579175055,4.4737924326909706e-05
15662,0.0009627473773434758,4.365606582723558e-05
15663,0.0007520295912399888,3.970806210418232e-05
15664,0.0006104714120738208,3.693062535603531e-05
15665,0.000492221734020859,3.7410736695164815e-05
15666,0.00044140571844764054,3.965934956795536e-05
15667,0.00044927361886948347,4.0812574297888204e-05
15668,0.0005231542163528502,3.9663307688897476e-05
15669,0.0006077162106521428,3.748307062778622e-05
15670,0.0006447299965657294,3.625908721005544e-05
15671,0.0006136618903838098,3.67092652595602e-05
15672,0.000506310083437711,3.788075264310464e-05
15673,0.0003796778910327703,3.8370664697140455e-05
15674,0.00027588361990638077,3.7699144741054624e-05
15675,0.00022443065245170146,3.65281812264584e-05
15676,0.00021710513101425022,3.584183650673367e-05
15677,0.0002263731585117057,3.600865966291167e-05
15678,0.00023046838759910315,3.659367939690128e-05
15679,0.00022309785708785057,3.6902809370076284e-05
15680,0.00021601360640488565,3.6618977901525795e-05
15681,0.00021950251539237797,3.5990775359096006e-05
15682,0.0002388427237747237,3.550484689185396e-05
15683,0.00026985633303411305,3.5441455111140385e-05
15684,0.00029842223739251494,3.5693410609383136e-05
15685,0.00032499118242412806,3.593007204472087e-05
15686,0.0003372564970050007,3.5904638934880495e-05
15687,0.0003563063801266253,3.5623284929897636e-05
15688,0.0003708290169015527,3.529145396896638e-05
15689,0.0003993814461864531,3.5112519981339574e-05
15690,0.0004202613781671971,3.5142929846188053e-05
15691,0.00043963053030893207,3.527818989823572e-05
15692,0.0004384850326459855,3.536397707648575e-05
15693,0.0004257780674379319,3.5315038985572755e-05
15694,0.00039549561915919185,3.516185097396374e-05
15695,0.00036008437746204436,3.500412276480347e-05
15696,0.0003179666819050908,3.492824544082396e-05
15697,0.00027695996686816216,3.495568671496585e-05
15698,0.00023556302767246962,3.504355117911473e-05
15699,0.00019763912132475525,3.5125514841638505e-05
15700,0.00016413614503107965,3.5164532164344564e-05
15701,0.00013817695435136557,3.516919241519645e-05
15702,0.00012165464431745932,3.5184046282665804e-05
15703,0.00011530783376656473,3.525645661284216e-05
15704,0.00011794568854384124,3.541534533724189e-05
15705,0.00012698749196715653,3.5666456824401394e-05
15706,0.0001394119462929666,3.600748459575698e-05
15707,0.00015270989388227463,3.644325624918565e-05
15708,0.00016574174514971673,3.700642992043868e-05
15709,0.0001781197643140331,3.7755260564154014e-05
15710,0.0001910376304294914,3.8790516555309296e-05
15711,0.00020490639144554734,4.022254506708123e-05
15712,0.00022195951896719635,4.222649658913724e-05
15713,0.00024176461738534272,4.4993310439167544e-05
15714,0.00026734016137197614,4.8864811105886474e-05
15715,0.0002963862498290837,5.421278183348477e-05
15716,0.0003334388602524996,6.176091119414195e-05
15717,0.0003723704139702022,7.225704757729545e-05
15718,0.00041970505844801664,8.723975770408288e-05
15719,0.0004620339022949338,0.00010813588596647605
15720,0.0005071560153737664,0.00013817108992952853
15721,0.0005326587124727666,0.00017983403813559562
15722,0.0005470527103170753,0.00023971400514710695
15723,0.0005277025047689676,0.00032105681020766497
15724,0.0004864183720201254,0.0004362472100183368
15725,0.00041968378354795277,0.0005847904831171036
15726,0.0003440131258685142,0.0007851389236748219
15727,0.00027669538394548,0.0010133269242942333
15728,0.00022707783500663936,0.001282669953070581
15729,0.0002062835410470143,0.001499999430961907
15730,0.0002070469199679792,0.0016560533549636602
15731,0.00022761747823096812,0.0015888868365436792
15732,0.0002561966539360583,0.0013386895880103111
15733,0.0003014092508237809,0.0008834314066916704
15734,0.00035756590659730136,0.0004295256221666932
15735,0.00046272799954749644,0.00013046214007772505
15736,0.0006114752031862736,8.476006041746587e-05
15737,0.0008917839149944484,0.00023456799681298435
15738,0.0012607790995389223,0.0004220326663926244
15739,0.0018811927875503898,0.0005038228118792176
15740,0.0025027436204254627,0.00042008882155641913
15741,0.0032702996395528316,0.00025106591056101024
15742,0.003551532980054617,0.00011425777483964339
15743,0.0033911254722625017,9.261183731723577e-05
15744,0.002758796326816082,0.00016802003665361553
15745,0.0019652664195746183,0.00025560357607901096
15746,0.0014679827727377415,0.00027913771918974817
15747,0.001142203575000167,0.0002249697281513363
15748,0.0009303069673478603,0.00014507585729006678
15749,0.0007529869908466935,0.00010323243623133749
15750,0.0007061704527586699,0.00012227783736307174
15751,0.0007971095619723201,0.00017579487757757306
15752,0.0008772141300141811,0.0002119990240316838
15753,0.0008412126335315406,0.00020624043827410787
15754,0.000633489340543747,0.0001644071890041232
15755,0.00041959749069064856,0.00012620026245713234
15756,0.000412288645748049,0.00011810106661869213
15757,0.0006181941134855151,0.0001450616109650582
15758,0.0008246404468081892,0.00018424532026983798
15759,0.0008133864612318575,0.00021374784409999847
15760,0.0007056166650727391,0.0002214366104453802
15761,0.0007365552010014653,0.00021974595438223332
15762,0.0010126809356734157,0.00022157329658512026
15763,0.0012489614309743047,0.0002431036700727418
15764,0.0013096455950289965,0.00027514147222973406
15765,0.0011492399498820305,0.00031436586868949234
15766,0.0009634132729843259,0.00033696184982545674
15767,0.000751909043174237,0.0003504975757095963
15768,0.0005250832764431834,0.0003425416362006217
15769,0.00033270957646891475,0.00033337672357447445
15770,0.00025365804322063923,0.00031204745755530894
15771,0.0002718411560636014,0.0002897718222811818
15772,0.0003350394545122981,0.0002526086173020303
15773,0.0004161913529969752,0.0002075499069178477
15774,0.0004926326218992472,0.00015321992395911366
15775,0.0005369508289732039,0.00010192029003519565
15776,0.00047711769002489746,6.160045450087637e-05
15777,0.0003676592605188489,3.9266411477001384e-05
15778,0.0002550713543314487,3.5269029467599466e-05
15779,0.00019286444876343012,4.495976827456616e-05
15780,0.00017311502597294748,6.099553138483316e-05
15781,0.00016909115947782993,7.623153942404315e-05
15782,0.00017991539789363742,8.631082891952246e-05
15783,0.00020660320296883583,8.908389281714335e-05
15784,0.00023963283456396312,8.604782487964258e-05
15785,0.00026078568771481514,7.844938954804093e-05
15786,0.00026388815604150295,6.931754614925012e-05
15787,0.0002526447642594576,5.982107904856093e-05
15788,0.000228477903874591,5.1639595767483115e-05
15789,0.0001980010565603152,4.518223795457743e-05
15790,0.00017355591990053654,4.094052565051243e-05
15791,0.00015956121205817908,3.8910329749342054e-05
15792,0.00015136520960368216,3.8924863474676386e-05
15793,0.00014131874195300043,4.052105578011833e-05
15794,0.0001304925390286371,4.2994244722649455e-05
15795,0.00012329634046182036,4.558803266263567e-05
15796,0.00012152856652392074,4.749530489789322e-05
15797,0.00012283619435038418,4.831525438930839e-05
15798,0.00012472485832404345,4.7745230403961614e-05
15799,0.00012665081885643303,4.6087297960184515e-05
15800,0.0001291022781515494,4.361765968496911e-05
15801,0.00013277900870889425,4.0958679164759815e-05
15802,0.00013689298066310585,3.8513418985530734e-05
15803,0.00014147581532597542,3.6667624954134226e-05
15804,0.00014469890447799116,3.553504211595282e-05
15805,0.00014625932089984417,3.510056558297947e-05
15806,0.00014617845590692014,3.520899190334603e-05
15807,0.00014693834236823022,3.567501335055567e-05
15808,0.00014921242836862803,3.6313271266408265e-05
15809,0.00015291455201804638,3.70063899026718e-05
15810,0.00015640513447578996,3.769146860577166e-05
15811,0.00016048955149017274,3.8374178984668106e-05
15812,0.00016480174963362515,3.9086065953597426e-05
15813,0.00017068188753910363,3.9888356695882976e-05
15814,0.0001774600677890703,4.0829472709447145e-05
15815,0.00018709871801547706,4.196810186840594e-05
15816,0.00019895225705113262,4.334604454925284e-05
15817,0.0002154962858185172,4.5034037611912936e-05
15818,0.00023481865355279297,4.71027560706716e-05
15819,0.0002620914892759174,4.969754445482977e-05
15820,0.000293729011900723,5.297057214193046e-05
15821,0.00033846573205664754,5.722551213693805e-05
15822,0.0003876638656947762,6.274921906879172e-05
15823,0.00045513606164604425,7.012452988419682e-05
15824,0.0005242315819486976,7.984023250173777e-05
15825,0.0006157430470921099,9.30191163206473e-05
15826,0.0006978529272601008,0.00011044037819374353
15827,0.0007971927989274263,0.00013422539632301778
15828,0.000863109074998647,0.00016536834300495684
15829,0.0009250763105228543,0.0002076868840958923
15830,0.0009300291421823204,0.00026152163627557456
15831,0.0009058393188752234,0.000332998635713011
15832,0.0008303093491122127,0.0004181422118563205
15833,0.0007256277604028583,0.0005245259962975979
15834,0.0006073042750358582,0.0006342074484564364
15835,0.0004832549311686307,0.0007528199348598719
15836,0.0003744808491319418,0.0008361954824067652
15837,0.0002789569552987814,0.0008920356049202383
15838,0.0002073028590530157,0.0008657522266730666
15839,0.00016011649859137833,0.000799781468231231
15840,0.00014096952509135008,0.0006860523717477918
15841,0.00014866114361211658,0.000615597004070878
15842,0.0001793638220988214,0.0006091399700380862
15843,0.00022443709895014763,0.0007275043753907084
15844,0.0002752153668552637,0.0009105332428589463
15845,0.0003235510375816375,0.0011426499113440514
15846,0.00036330969305709004,0.0012654982274398208
15847,0.0003937554429285228,0.0012599361361935735
15848,0.00041604190482757986,0.001024646102450788
15849,0.0004326395282987505,0.0006827475153841078
15850,0.0004527410492300987,0.0003334066132083535
15851,0.0004711761139333248,0.00013068843691144139
15852,0.000503765360917896,0.00011291060218354687
15853,0.0005279398174025118,0.00022198255464900285
15854,0.0005652575637213886,0.0003435207181610167
15855,0.000575284706428647,0.0003836627583950758
15856,0.0005853800103068352,0.00032732219551689923
15857,0.0005512256757356226,0.00021885758906137198
15858,0.0005059363320469856,0.0001393785933032632
15859,0.00042511176434345543,0.000124747195513919
15860,0.000343529274687171,0.00016131602751556784
15861,0.0002635593409650028,0.0001982814137591049
15862,0.000206171564059332,0.00019799103029072285
15863,0.00017534871585667133,0.0001589672319823876
15864,0.00016853466513566673,0.00011358681513229385
15865,0.0001773786498233676,9.725083509692922e-05
15866,0.00019015095313079655,0.00011989122867817059
15867,0.00019970245193690062,0.00016269029583781958
15868,0.0002003503032028675,0.00019617957877926528
15869,0.00019417557632550597,0.00020522225531749427
15870,0.00018169498071074486,0.0001990175514947623
15871,0.00016904337098821998,0.00020204995234962553
15872,0.00015772186452522874,0.0002398616779828444
15873,0.00015226987306959927,0.00031672866316512227
15874,0.00015241252549458295,0.0004276591644156724
15875,0.0001600398973096162,0.0005505089065991342
15876,0.0001738020800985396,0.0006826258031651378
15877,0.0001943442039191723,0.0008062218548730016
15878,0.00022133617312647402,0.000936282507609576
15879,0.00025557211483828723,0.0010308342752978206
15880,0.00029960658866912127,0.0010901779169216752
15881,0.0003555886505637318,0.0010313098318874836
15882,0.0004305222537368536,0.0008700742619112134
15883,0.0005301610799506307,0.000594663608353585
15884,0.0006654005846939981,0.0003089510719291866
15885,0.0008503404096700251,0.00010196711809840053
15886,0.0010871309787034988,4.1288065403932706e-05
15887,0.001402318011969328,0.00011436417116783559
15888,0.0017363172955811024,0.0002426840364933014
15889,0.0021111939568072557,0.00033502496080473065
15890,0.0023233324754983187,0.0003282669931650162
15891,0.002370559610426426,0.00023913485347293317
15892,0.0020741757471114397,0.0001228783803526312
15893,0.0015546553768217564,5.025340578868054e-05
15894,0.0010193644557148218,4.945547698298469e-05
15895,0.0006608585827052593,9.870819485513493e-05
15896,0.0005993003724142909,0.00014937571540940553
15897,0.000717403250746429,0.00016142535605467856
15898,0.0008792664157226682,0.00013150181621313095
15899,0.00088788807624951,8.3213672041893e-05
15900,0.0007804420893080533,4.99059387948364e-05
15901,0.0005518794059753418,4.6946915972512215e-05
15902,0.00035095884231850505,6.61271988064982e-05
15903,0.00024286705593112856,8.616448030807078e-05
15904,0.000252879923209548,9.002487058751285e-05
15905,0.0003457646816968918,7.645110599696636e-05
15906,0.00045122805749997497,5.641641473630443e-05
15907,0.0005237755249254405,4.387159424368292e-05
15908,0.000508739787619561,4.4722237362293527e-05
15909,0.00043786829337477684,5.462312401505187e-05
15910,0.00031667217263020575,6.415192183339968e-05
15911,0.0002108286425936967,6.612340803258121e-05
15912,0.00014822787488810718,6.0752619901904836e-05
15913,0.00014186991029419005,5.366308323573321e-05
15914,0.00017698048031888902,5.243423947831616e-05
15915,0.00022567197447642684,6.112291157478467e-05
15916,0.0002666184736881405,8.011706086108461e-05
15917,0.0002810973965097219,0.00010725036554504186
15918,0.00027295880136080086,0.00014395982725545764
15919,0.0002426162245683372,0.00019483697542455047
15920,0.00020784833759535104,0.00027659916668199003
15921,0.00017626050976105034,0.000404003425501287
15922,0.00015761781833134592,0.0006176754832267761
15923,0.00015118767623789608,0.0009239791543222964
15924,0.0001534269831608981,0.0014022118411958218
15925,0.00015912586241029203,0.0019526524702087045
15926,0.00016356019477825612,0.002658204175531864
15927,0.00016511863213963807,0.0030254973098635674
15928,0.00016249596956185997,0.00307087367400527
15929,0.0001572786713950336,0.002222570823505521
15930,0.00015059298311825842,0.0010829927632585168
15931,0.00014500823454000056,0.0002169924700865522
15932,0.0001415639853803441,0.0001808637462090701
15933,0.00014102071872912347,0.0007346336496993899
15934,0.00014274500426836312,0.0011217319406569004
15935,0.00014553361688740551,0.000919899030122906
15936,0.00014901718532200903,0.0003549298271536827
15937,0.00015139968309085816,8.965317829279229e-05
15938,0.0001539108343422413,0.0003142367640975863
15939,0.00015494736726395786,0.0006044427282176912
15940,0.00015723721298854798,0.0005509090842679143
15941,0.00015995618014130741,0.00022462460037786514
15942,0.00016693590441718698,5.8161993365501985e-05
15943,0.00017792059225030243,0.00020328447862993926
15944,0.00019708654144778848,0.00038595098885707557
15945,0.00022452004486694932,0.000339622056344524
15946,0.00026508039445616305,0.00013762341404799372
15947,0.0003201877698302269,5.946987948846072e-05
15948,0.0003972593694925308,0.0001667683682171628
15949,0.0004997191135771573,0.00026704062474891543
15950,0.0006399477133527398,0.00022247276501730084
15951,0.000818950473330915,0.00012294601765461266
15952,0.0010547004640102386,0.0001297014532610774
15953,0.0013251684140414,0.00024738203501328826
15954,0.0016425922513008118,0.0003540517936926335
15955,0.0019208252197131515,0.00041579685057513416
15956,0.00213728379458189,0.0005221395986154675
15957,0.002168746432289481,0.0007978805806487799
15958,0.0019828539807349443,0.0012419846607372165
15959,0.0016191467875614762,0.0018131911056116223
15960,0.0011354247108101845,0.002399330958724022
15961,0.0007203000714071095,0.002943433355540037
15962,0.0004387977533042431,0.003058971604332328
15963,0.00034497256274335086,0.0025852115359157324
15964,0.00039708035183139145,0.0014317046152427793
15965,0.0005400883383117616,0.0003924309276044369
15966,0.0006809966289438307,0.00012825931480620056
15967,0.0007810184615664184,0.0006122497725300491
15968,0.0007966362754814327,0.0011092248605564237
15969,0.0007379529997706413,0.0009788965107873082
15970,0.000623327970970422,0.00046778228715993464
15971,0.0004958282224833965,0.0001878168695839122
15972,0.00039193255361169577,0.0003607287653721869
15973,0.00034028798108920455,0.0005680827889591455
15974,0.0003391294158063829,0.00044425862142816186
15975,0.0003675565239973366,0.00020197563571855426
15976,0.0003928359074052423,0.00019620131934061646
15977,0.0003969645476900041,0.0003839809214696288
15978,0.00036589859519153833,0.0004188585444353521
15979,0.0003138355677947402,0.00021567923249676824
15980,0.00024918868439272046,5.077557580079883e-05
15981,0.00019329620408825576,0.00011602756421780214
15982,0.00015719109796918929,0.00025728996843099594
15983,0.0001475033932365477,0.0002550242643337697
15984,0.00016072012658696622,0.00014237689902074635
15985,0.00018656605971045792,9.638516348786652e-05
15986,0.00021458472474478185,0.00015077558055054396
15987,0.00023507677542511374,0.000176135785295628
15988,0.0002461030089762062,0.00011559844278963283
15989,0.00024452671641483903,5.489355680765584e-05
15990,0.00023488931765314192,7.319077121792361e-05
15991,0.0002175773843191564,0.00012323673581704497
15992,0.0001990954187931493,0.00012068482465110719
15993,0.00018182920757681131,7.357051072176546e-05
15994,0.00017086617299355567,5.072379281045869e-05
15995,0.00016673293430358171,7.401347829727456e-05
15996,0.00017087289597839117,9.582653001416475e-05
15997,0.00018076453125104308,8.094962686300278e-05
15998,0.00019624887499958277,5.3027459216536954e-05
15999,0.0002138113632099703,4.8884987336350605e-05
16000,0.0002347669651499018,6.375755037879571e-05
16001,0.00025605823611840606,6.691153976134956e-05
16002,0.00028369942447170615,5.0557868235046044e-05
16003,0.0003135373117402196,3.725037458934821e-05
16004,0.00035918873618356884,4.284968599677086e-05
16005,0.0004075707111041993,5.56949817109853e-05
16006,0.000483069772599265,5.725977098336443e-05
16007,0.0005501590203493834,4.749599247588776e-05
16008,0.0006484414916485548,4.0860908484319225e-05
16009,0.0007072280859574676,4.3597890908131376e-05
16010,0.0007835529977455735,4.742402961710468e-05
16011,0.0007784184999763966,4.3964169890386984e-05
16012,0.0007641807314939797,3.646870391094126e-05
16013,0.0006626253016293049,3.365676457178779e-05
16014,0.0005523126455955207,3.7308473110897467e-05
16015,0.0004200704279355705,4.1176335798809305e-05
16016,0.000319979852065444,4.036914833704941e-05
16017,0.0002635705750435591,3.703504989971407e-05
16018,0.0002559761342126876,3.594471127144061e-05
16019,0.0002856256323866546,3.775955701712519e-05
16020,0.00033091282239183784,3.8994890928734094e-05
16021,0.0003761949192266911,3.736889993888326e-05
16022,0.00040101970080286264,3.454097532085143e-05
16023,0.0004110011213924736,3.343004209455103e-05
16024,0.0003931740648113191,3.441073567955755e-05
16025,0.00036988870124332607,3.540168472682126e-05
16026,0.0003334141511004418,3.489047958282754e-05
16027,0.0003063500626012683,3.362260031281039e-05
16028,0.00028262793784961104,3.318540257168934e-05
16029,0.00027485634200274944,3.3869873732328415e-05
16030,0.0002765803365036845,3.455013211350888e-05
16031,0.00028946917154826224,3.4291151678189635e-05
16032,0.00030966801568865776,3.3422162232454866e-05
16033,0.0003306312719359994,3.2900876249186695e-05
16034,0.0003544620703905821,3.3086886105593294e-05
16035,0.0003695047053042799,3.3452910429332405e-05
16036,0.0003841217258013785,3.338870737934485e-05
16037,0.0003869739593937993,3.291367465863004e-05
16038,0.00039157370338216424,3.2532247132621706e-05
16039,0.0003920260933227837,3.2555628422414884e-05
16040,0.00040531650302000344,3.278838630649261e-05
16041,0.00043031110544689,3.2845058740349486e-05
16042,0.0004844458308070898,3.2612231734674424e-05
16043,0.0005691986298188567,3.2318370358552784e-05
16044,0.0006931211100891232,3.221293445676565e-05
16045,0.000867378490511328,3.229184585507028e-05
16046,0.0010590852471068501,3.235712938476354e-05
16047,0.0013017270248383284,3.2266205380437896e-05
16048,0.001467227702960372,3.207872941857204e-05
16049,0.0016123835230246186,3.19509235851001e-05
16050,0.0015646234387531877,3.1953630241332576e-05
16051,0.0014137609396129847,3.201445360900834e-05
16052,0.0011531683849170804,3.202020161552355e-05
16053,0.0008827909477986395,3.194377131876536e-05
16054,0.0006876967963762581,3.1852468964643776e-05
16055,0.0005619075382128358,3.181998181389645e-05
16056,0.0004945137770846486,3.184887827956118e-05
16057,0.00042305924580432475,3.188307164236903e-05
16058,0.00035229144850745797,3.187457696185447e-05
16059,0.00028844556072726846,3.1829204090172425e-05
16060,0.00027260766364634037,3.179295890731737e-05
16061,0.0003183961962349713,3.179616396664642e-05
16062,0.00041024311212822795,3.183020817232318e-05
16063,0.0005089095793664455,3.18636630254332e-05
16064,0.0005708483513444662,3.188035043422133e-05
16065,0.0005828383145853877,3.189487324561924e-05
16066,0.0005632264073938131,3.193256270606071e-05
16067,0.0005412569153122604,3.2011572329793125e-05
16068,0.0005599338328465819,3.213130185031332e-05
16069,0.0005999723798595369,3.228608693461865e-05
16070,0.000672387657687068,3.2481148082297295e-05
16071,0.0007089084829203784,3.2747251680120826e-05
16072,0.0007298726122826338,3.3120846637757495e-05
16073,0.000674145354423672,3.3659496693871915e-05
16074,0.0005911734187975526,3.440935324761085e-05
16075,0.0004661263956222683,3.54658805008512e-05
16076,0.00035388226388022304,3.6933917726855725e-05
16077,0.0002731905260588974,3.904513141606003e-05
16078,0.0002461672411300242,4.2033127101603895e-05
16079,0.00026805553352460265,4.641330451704562e-05
16080,0.00032113559427671134,5.266086373012513e-05
16081,0.0003889573272317648,6.19538695900701e-05
16082,0.0004338362778071314,7.524700777139515e-05
16083,0.00046560843475162983,9.533134289085865e-05
16084,0.0004471724387258291,0.00012396015517879277
16085,0.00041175910155288875,0.00016776681877672672
16086,0.0003459208819549531,0.00022893695859238505
16087,0.00028416767599992454,0.00032261203159578145
16088,0.00023308844538405538,0.000446387188276276
16089,0.0002061372942989692,0.0006307491566985846
16090,0.0002033581113209948,0.0008434109040535986
16091,0.00021560394088737667,0.0011288392124697566
16092,0.00023327799863182008,0.0013536607148125768
16093,0.0002438226802041754,0.0015536312712356448
16094,0.00024390919134020805,0.0014750048285350204
16095,0.00023013667669147253,0.0012104625348001719
16096,0.00020848691929131746,0.0007190530886873603
16097,0.00018212538270745426,0.0002780207432806492
16098,0.00015805798466317356,7.199931133072823e-05
16099,0.0001393001584801823,0.00015662131772842258
16100,0.00012816808884963393,0.0003902068710885942
16101,0.0001240051642525941,0.000540821987669915
16102,0.0001248509797733277,0.0004946972476318479
16103,0.0001282262965105474,0.0002892283664550632
16104,0.00013145135017111897,0.000112708963570185
16105,0.00013347157801035792,8.888758748071268e-05
16106,0.00013322975428309292,0.00019540575158316642
16107,0.0001314297696808353,0.0003038480645045638
16108,0.0001283739402424544,0.00030547846108675003
16109,0.0001251539506483823,0.0002103172882925719
16110,0.0001223483559442684,0.00011130316852359101
16111,0.00012058128777425736,9.354132635053247e-05
16112,0.00011994893429800868,0.00015267819981090724
16113,0.00012042230810038745,0.00021183170611038804
16114,0.00012166052329121158,0.00021187696256674826
16115,0.00012342150148469955,0.00015458882262464613
16116,0.00012552087719086558,0.0001008345716400072
16117,0.00012792475172318518,9.42286424105987e-05
16118,0.0001308508508373052,0.00012833313667215407
16119,0.0001346050703432411,0.00015987834194675088
16120,0.00013973534805700183,0.00015671883011236787
16121,0.0001470839197281748,0.0001255520764971152
16122,0.00015754887135699391,9.729556040838361e-05
16123,0.00017311764531768858,9.412470535608009e-05
16124,0.00019534767488949,0.00011211197124794126
16125,0.00022909480321686715,0.0001292494562221691
16126,0.00027727452106773853,0.00013085006503388286
16127,0.00035220771678723395,0.00011669122613966465
16128,0.0004581923130899668,0.000102106379927136
16129,0.0006256693741306663,9.806599700823426e-05
16130,0.0008528090547770262,0.00010621084220474586
16131,0.0012056967243552208,0.00011738998000510037
16132,0.0016348419012501836,0.00012232728477101773
16133,0.0022423621267080307,0.00011819526844192296
16134,0.00284085632301867,0.00011048231681343168
16135,0.0035101601388305426,0.00010638144158292562
16136,0.004083557054400444,0.0001096577470889315
16137,0.004556308034807444,0.00011679611634463072
16138,0.005204316694289446,0.00012320224777795374
16139,0.005278556142002344,0.00012416415847837925
16140,0.004750188440084457,0.00012189555855002254
16141,0.0029436415061354637,0.00011864439147757366
16142,0.0013404833152890205,0.00011850716691697016
16143,0.0011216693092137575,0.00012077517749276012
16144,0.0020609511993825436,0.00012415058154147118
16145,0.0026738918386399746,0.00012555647117551416
16146,0.001992884324863553,0.00012457928096409887
16147,0.0009733370970934629,0.00012120605970267206
16148,0.0006597433821298182,0.00011767092655645683
16149,0.0010754638351500034,0.00011447499855421484
16150,0.0014047143049538136,0.00011267548688920215
16151,0.00112150888890028,0.0001106294002966024
16152,0.0006256581982597709,0.00010825016215676442
16153,0.0004312586970627308,0.00010400771134300157
16154,0.0006068462389521301,9.89816544461064e-05
16155,0.0008138928096741438,9.310914174420759e-05
16156,0.000742332951631397,8.789502317085862e-05
16157,0.00045987890916876495,8.315237937495112e-05
16158,0.0002762838266789913,7.924452802399173e-05
16159,0.00036488781915977597,7.542451203335077e-05
16160,0.0005485896253958344,7.169650780269876e-05
16161,0.0005160663276910782,6.775657675461844e-05
16162,0.00028867009677924216,6.400149140972644e-05
16163,0.00018928392091766,6.0534377553267404e-05
16164,0.0003141276247333735,5.775715908384882e-05
16165,0.00041141017572954297,5.560283170780167e-05
16166,0.000311398966005072,5.414434781414457e-05
16167,0.00018390810873825103,5.3071813454153016e-05
16168,0.00020885311823803931,5.235696517047472e-05
16169,0.00030455092201009393,5.176885679247789e-05
16170,0.0003133557620458305,5.146852709003724e-05
16171,0.00025120258214883506,5.143598900758661e-05
16172,0.00023182042059488595,5.1931394409621134e-05
16173,0.0002865591668523848,5.294763468555175e-05
16174,0.00035676726838573813,5.468898234539665e-05
16175,0.00041129736928269267,5.709412653231993e-05
16176,0.0004545204865280539,6.0392700106604025e-05
16177,0.0005364917451515794,6.457733252318576e-05
16178,0.0006277561187744141,7.007600652286783e-05
16179,0.0007766755297780037,7.699486013734713e-05
16180,0.0009064977057278156,8.611605153419077e-05
16181,0.0010265634628012776,9.763431444298476e-05
16182,0.001037196721881628,0.00011287059169262648
16183,0.0009877915726974607,0.00013195836800150573
16184,0.00081361219054088,0.00015707826241850853
16185,0.0006113294512033463,0.00018788251327350736
16186,0.00036697229370474815,0.00022774584067519754
16187,0.00019996639457531273,0.0002746032550930977
16188,0.00014799725613556802,0.00033305789111182094
16189,0.00019711900677066296,0.0003961719630751759
16190,0.0002849069715011865,0.00046858040150254965
16191,0.0003532888076733798,0.0005331247230060399
16192,0.00039725532406009734,0.0005926687153987586
16193,0.00039811842725612223,0.0006177859613671899
16194,0.00037483545020222664,0.0006130493711680174
16195,0.0003160747583024204,0.0005519562982954085
16196,0.000245480565354228,0.00045492310891859233
16197,0.00017432073946110904,0.0003252148744650185
16198,0.00012909440556541085,0.00019985380640719086
16199,0.00011790794087573886,0.00010148985893465579
16200,0.0001359564485028386,5.041967597207986e-05
16201,0.00016759426216594875,4.805718344869092e-05
16202,0.00019625440472736955,8.1984544522129e-05
16203,0.00021651509450748563,0.00013157824287191033
16204,0.00022230661124922335,0.00017543297144584358
16205,0.00022211148461792618,0.00019984740356449038
16206,0.00021156924776732922,0.0001976680796360597
16207,0.0001987374562304467,0.00017497813678346574
16208,0.00018316040222998708,0.00014080561231821775
16209,0.00017067271983250976,0.00010901987116085365
16210,0.0001591034815646708,8.945791341830045e-05
16211,0.0001477876940043643,8.696231088833883e-05
16212,0.000135315814986825,0.00010117917554453015
16213,0.00012316762877162546,0.00012697989586740732
16214,0.00011398298374842852,0.0001592120243003592
16215,0.00010981067316606641,0.00019209698075428605
16216,0.00011054618516936898,0.00022523905499838293
16217,0.00011402832751628011,0.0002571200311649591
16218,0.000117723029688932,0.0002947680186480284
16219,0.0001203571300720796,0.0003376889799255878
16220,0.00012199611228425056,0.00039735398604534566
16221,0.00012337225780356675,0.0004658438265323639
16222,0.00012520892778411508,0.0005554038798436522
16223,0.00012749832239933312,0.0006402502185665071
16224,0.00013043504441156983,0.0007316166302189231
16225,0.0001334623375441879,0.0007799690938554704
16226,0.00013724136806558818,0.0007997975335456431
16227,0.00014107518654782325,0.0007368811056949198
16228,0.00014569162158295512,0.0006270994199439883
16229,0.00015006081957835704,0.00045867403969168663
16230,0.00015543538029305637,0.00029351189732551575
16231,0.00016106404655147344,0.00016105003305710852
16232,0.00016927122487686574,9.894998220261186e-05
16233,0.00017901347018778324,0.00010949885472655296
16234,0.00019331039220560342,0.0001740483712637797
16235,0.00020990616758354008,0.00025770103093236685
16236,0.0002333200682187453,0.00032746937358751893
16237,0.00025987791013903916,0.00036391220055520535
16238,0.00029729961534030735,0.0003677046042867005
16239,0.0003384722804185003,0.0003570347325876355
16240,0.00039614681736566126,0.00036501773865893483
16241,0.0004550492449197918,0.0004127811698708683
16242,0.0005352084408514202,0.000529937562532723
16243,0.0006049918592907488,0.000694225134793669
16244,0.0006933952681720257,0.0009252784657292068
16245,0.0007445847732014954,0.0011272465344518423
16246,0.0007969863363541663,0.0013313012896105647
16247,0.0007790271192789078,0.0013603644911199808
16248,0.0007397905574180186,0.0012840923154726624
16249,0.0006298520020209253,0.0009833344956859946
16250,0.0005052053602412343,0.0006238530622795224
16251,0.00036320637445896864,0.0002938183315563947
16252,0.00024424740695394576,0.00013182988914195448
16253,0.00016022886848077178,0.00016075167513918132
16254,0.00011989765334874392,0.00029910006560385227
16255,0.00011965153680648655,0.0004231676284689456
16256,0.0001496028562542051,0.0004232054343447089
16257,0.0001979653025045991,0.0003137192688882351
16258,0.00025174726033583283,0.00016164538101293147
16259,0.0003050286613870412,7.289545465027913e-05
16260,0.0003466624184511602,8.699729369254783e-05
16261,0.0003825376043096185,0.0001679189153946936
16262,0.0004005142254754901,0.00024024970480240881
16263,0.0004155897186137736,0.0002444541605655104
16264,0.0004105147672817111,0.0001834892318584025
16265,0.0004033992881886661,0.00010305127943865955
16266,0.0003763310087379068,5.922726268181577e-05
16267,0.00034755500382743776,7.129034929675981e-05
16268,0.00030673397122882307,0.00011510572949191555
16269,0.00026877797790803015,0.00015098629228305072
16270,0.0002306110691279173,0.0001530054141767323
16271,0.00019925649394281209,0.00013236636004876345
16272,0.00017353279690723866,0.00011561060091480613
16273,0.0001540231896797195,0.00012909650104120374
16274,0.00013961645890958607,0.00017633105744607747
16275,0.000129274747450836,0.0002454140339978039
16276,0.0001224157604156062,0.00031985383247956634
16277,0.00011830649600597098,0.00039940830902196467
16278,0.00011661010648822412,0.0004916395409964025
16279,0.00011666391947073862,0.0006192154833115637
16280,0.00011816299229394644,0.0007816404104232788
16281,0.00012067357602063566,0.0009810890769585967
16282,0.0001243661972694099,0.0011602023150771856
16283,0.0001293252280447632,0.001292231841944158
16284,0.0001363374467473477,0.0012759774690493941
16285,0.00014564392040483654,0.0011169753270223737
16286,0.00015879326383583248,0.0008032502373680472
16287,0.00017591877258382738,0.0004584574780892581
16288,0.0002004356065299362,0.0001970200246432796
16289,0.00023225994664244354,0.00010728536290116608
16290,0.00027905486058443785,0.00017501646652817726
16291,0.0003395253443159163,0.0003020622825715691
16292,0.0004296388360671699,0.00037910003447905183
16293,0.0005418502259999514,0.0003415254468563944
16294,0.0007062378572300076,0.00022746057948097587
16295,0.0008916420629248023,0.00011706273653544486
16296,0.0011437793727964163,8.245478966273367e-05
16297,0.0013682158896699548,0.00012760204845108092
16298,0.0016108501004055142,0.0001961441448656842
16299,0.001700983033515513,0.00022404178162105381
16300,0.001681943191215396,0.00018424628069624305
16301,0.0014667520299553871,0.0001093551836675033
16302,0.0011476360959932208,5.131982106831856e-05
16303,0.0008305026567541063,4.377026198199019e-05
16304,0.0005743626970797777,7.812846160959452e-05
16305,0.0004290275974199176,0.00011739216279238462
16306,0.0003652589221019298,0.00013028967077843845
16307,0.00037215574411675334,0.0001093480532290414
16308,0.0004214809159748256,7.592472684336826e-05
16309,0.0005225494969636202,5.430945020634681e-05
16310,0.0006192518048919737,5.615158079308458e-05
16311,0.0007058336632326245,7.290002395166084e-05
16312,0.000714022433385253,8.720609912415966e-05
16313,0.0006535503198392689,8.706256630830467e-05
16314,0.0005160821019671857,7.403978088404983e-05
16315,0.00036399191594682634,5.9403100749477744e-05
16316,0.00023578808759339154,5.488836904987693e-05
16317,0.00017015555931720883,6.40329162706621e-05
16318,0.00016569218132644892,8.274093124782667e-05
16319,0.0002020283864112571,0.00010287210170645267
16320,0.00025002931943163276,0.00012165428779553622
16321,0.00028997461777180433,0.0001401260815327987
16322,0.000310564530082047,0.0001682177826296538
16323,0.0003136068116873503,0.00021135252609383315
16324,0.00031042745104059577,0.0002803578390739858
16325,0.00030346366111189127,0.000370881607523188
16326,0.0003069777158088982,0.0004943295498378575
16327,0.0003097865846939385,0.000630721275229007
16328,0.0003239395737182349,0.0007986213895492256
16329,0.00033498526317998767,0.0009400449926033616
16330,0.00035699777072295547,0.0010717430850490928
16331,0.000375172880012542,0.0010803553741425276
16332,0.00040016998536884785,0.0009967171354219317
16333,0.0004184601129963994,0.0007537755300290883
16334,0.0004342767351772636,0.00046327320160344243
16335,0.0004428770625963807,0.00019891795818693936
16336,0.0004403006169013679,6.32408628007397e-05
16337,0.0004311805823817849,7.700607238803059e-05
16338,0.0004057064070366323,0.00018742385145742446
16339,0.00037407479248940945,0.00030314672039821744
16340,0.0003283279365859926,0.0003408009361010045
16341,0.00028002698672935367,0.00028657889924943447
16342,0.00022953996085561812,0.00017554771329741925
16343,0.0001862857025116682,8.170418732333928e-05
16344,0.00015419349074363708,5.1581177103798836e-05
16345,0.0001359196030534804,8.515859371982515e-05
16346,0.00013091291475575417,0.00014288569218479097
16347,0.00013558450154960155,0.00017661519814282656
16348,0.00014655546692665666,0.00016425146895926446
16349,0.00015838429681025445,0.00011473210179246962
16350,0.00016993780445773154,6.252056482480839e-05
16351,0.00017681645113043487,3.727325747604482e-05
16352,0.00018174012075178325,4.687383261625655e-05
16353,0.0001818027812987566,7.552751048933715e-05
16354,0.00018213666044175625,9.789789328351617e-05
16355,0.00018033191736321896,9.857908298727125e-05
16356,0.00018189015099778771,7.813878619344905e-05
16357,0.00018454971723258495,5.209261871641502e-05
16358,0.00019379045988898724,3.6009627365274355e-05
16359,0.00020820209465455264,3.662032395368442e-05
16360,0.00023507705191150308,4.897829421679489e-05
16361,0.00027456769021227956,6.204075179994106e-05
16362,0.0003404087037779391,6.702567043248564e-05
16363,0.00043257250217720866,6.164031947264448e-05
16364,0.0005808388814330101,5.064165452495217e-05
16365,0.000771066639572382,4.050089410156943e-05
16366,0.0010622928384691477,3.595258021960035e-05
16367,0.0013696554815396667,3.76277748728171e-05
16368,0.001772765419445932,4.294259269954637e-05
16369,0.0020110660698264837,4.813584382645786e-05
16370,0.002148922998458147,5.030392640037462e-05
16371,0.0019152195891365409,4.87783327116631e-05
16372,0.0015044915489852428,4.479345079744235e-05
16373,0.00111954880412668,4.070383874932304e-05
16374,0.0009624717640690506,3.850034045171924e-05
16375,0.0010939063504338264,3.906891288352199e-05
16376,0.0012505296617746353,4.200185139779933e-05
16377,0.001274916809052229,4.60224982816726e-05
16378,0.0010190834291279316,4.9885569751495495e-05
16379,0.0007173158228397369,5.28221316926647e-05
16380,0.000483351614093408,5.522933497559279e-05
16381,0.00046731485053896904,5.7995737734017894e-05
16382,0.000583213462959975,6.261497037485242e-05
16383,0.0006887500640004873,7.023473881417885e-05
16384,0.0006826375611126423,8.203089964808896e-05
16385,0.0005219730082899332,9.885116014629602e-05
16386,0.00032025310792960227,0.00012192735448479652
16387,0.00018726116104517132,0.00015287165297195315
16388,0.0001888046826934442,0.00019417944713495672
16389,0.00028908986132591963,0.00024902477161958814
16390,0.0003976167645305395,0.0003214161843061447
16391,0.00044010684359818697,0.0004144125559832901
16392,0.0003839170094579458,0.0005308048566803336
16393,0.00027564491028897464,0.0006656343466602266
16394,0.00017339905025437474,0.0008105721208266914
16395,0.00012936837447341532,0.0009362732525914907
16396,0.00014907127479091287,0.0010124079417437315
16397,0.00020001563825644553,0.0009903700556606054
16398,0.00024035945534706116,0.0008548906771466136
16399,0.00024260410282295197,0.0006179357296787202
16400,0.00021261750953271985,0.0003504060150589794
16401,0.00017148730694316328,0.00013939151540398598
16402,0.0001448863185942173,4.856006125919521e-05
16403,0.00014218036085367203,8.318006439367309e-05
16404,0.0001546020503155887,0.00019236968364566565
16405,0.00016733299707993865,0.0003015943511854857
16406,0.00016780439182184637,0.00034818259882740676
16407,0.00015585226356051862,0.0003131869889330119
16408,0.0001382839836878702,0.000220867179450579
16409,0.0001259651908185333,0.00012527113722171634
16410,0.00012472485832404345,7.366330828517675e-05
16411,0.0001333866239292547,8.328226977027953e-05
16412,0.00014528211613651365,0.00013587925059255213
16413,0.00015277790953405201,0.0001949863653862849
16414,0.00015303026884794235,0.0002288447431055829
16415,0.00014745262160431594,0.00022649855236522853
16416,0.00014212977839633822,0.00020068245066795498
16417,0.0001426416856702417,0.0001779721351340413
16418,0.00015265727415680885,0.0001794087584130466
16419,0.00017379412020090967,0.0002151989028789103
16420,0.00020440787193365395,0.0002739309275057167
16421,0.00024982073227874935,0.0003429099451750517
16422,0.00030797719955444336,0.00040105346124619246
16423,0.0004005043301731348,0.0004486143006943166
16424,0.0005208721850067377,0.0004773354157805443
16425,0.0007165257702581584,0.0005043044220656157
16426,0.0009560628677718341,0.0005174392135813832
16427,0.0013153563486412168,0.0005281424382701516
16428,0.0016845159698277712,0.0005083169671706855
16429,0.002135175047442317,0.0004646286542993039
16430,0.0024209937546402216,0.0003798420075327158
16431,0.002553269499912858,0.0002767689002212137
16432,0.0023549783509224653,0.00016967255214694887
16433,0.0018873577937483788,8.754339069128036e-05
16434,0.0013497783802449703,4.539780638879165e-05
16435,0.0008634147816337645,4.625995643436909e-05
16436,0.0005893412744626403,7.859340985305607e-05
16437,0.0004862874047830701,0.00012321415124461055
16438,0.0005265591316856444,0.0001613323256606236
16439,0.0006072833202779293,0.00018060985894408077
16440,0.0006861028959974647,0.0001793748961063102
16441,0.0007249619229696691,0.00016490215784870088
16442,0.0007041078642942011,0.00015048675413709134
16443,0.0006410587229765952,0.0001516991324024275
16444,0.0005362764932215214,0.0001796564320102334
16445,0.0004240344278514385,0.0002470641047693789
16446,0.00033636667649261653,0.0003552608541212976
16447,0.00029409228591248393,0.0005257041775621474
16448,0.0002882871776819229,0.0007451194687746465
16449,0.0002852640755008906,0.0010652710916474462
16450,0.00026814083685167134,0.001405637594871223
16451,0.00024236369063146412,0.001833131187595427
16452,0.0002339112979825586,0.0020683191251009703
16453,0.00025243774871341884,0.002154831774532795
16454,0.0002857322106137872,0.0017639505676925182
16455,0.00031358044361695647,0.0011549118207767606
16456,0.0003140323096886277,0.0005165446782484651
16457,0.00029222480952739716,0.00019167269056197256
16458,0.00025142639060504735,0.00025487368111498654
16459,0.00021575350547209382,0.0005210426752455533
16460,0.0001933227467816323,0.0007339829462580383
16461,0.0001946705742739141,0.0006901891902089119
16462,0.00020854055765084922,0.0004928826238028705
16463,0.0002217363944509998,0.00032678208663128316
16464,0.0002211382961831987,0.00036761644878424704
16465,0.0002028624585364014,0.000580614258069545
16466,0.00017585356545168906,0.0008481102995574474
16467,0.00015114861889742315,0.0010837018489837646
16468,0.0001371765392832458,0.001406962051987648
16469,0.00013481215864885598,0.0019130653236061335
16470,0.0001387516676913947,0.0026652070228010416
16471,0.00014308892423287034,0.0033618672750890255
16472,0.00014289900718722492,0.003658483736217022
16473,0.0001375635911244899,0.0028577095363289118
16474,0.00012874430103693157,0.0014208992943167686
16475,0.00012028822675347328,0.0002480023249518126
16476,0.0001151117030531168,0.00027457860414870083
16477,0.00011438250658102334,0.0010903229704126716
16478,0.000116859664558433,0.0014252018881961703
16479,0.00012007204350084066,0.000863539578858763
16480,0.00012186185631435364,0.0001705147878965363
16481,0.00012143295316491276,0.00025031238328665495
16482,0.00011958715913351625,0.000744522491004318
16483,0.00011771632853196934,0.0007536403718404472
16484,0.00011711548722814769,0.0003107557422481477
16485,0.00011849419388454407,0.00010855209256988019
16486,0.00012197172327432781,0.000339764665113762
16487,0.0001278034324059263,0.0005053138011135161
16488,0.00013584007683675736,0.0003423079615458846
16489,0.00014756200835108757,0.0002051682531600818
16490,0.00016350951045751572,0.00031966614187695086
16491,0.00018846767488867044,0.0005198466242291033
16492,0.00022407785581890494,0.000718990690074861
16493,0.00028164629475213587,0.0012583454372361302
16494,0.0003627320984378457,0.00237653823569417
16495,0.0004925748216919601,0.004596819635480642
16496,0.0006645955727435648,0.006265880074352026
16497,0.0009329981985501945,0.00678321672603488
16498,0.0012404972221702337,0.0033953741658478975
16499,0.00167667877394706,0.001398228807374835
16500,0.0020166521426290274,0.0016216334188356996
16501,0.002345855813473463,0.0018829626496881247
16502,0.0022930188570171595,0.0023969332687556744
16503,0.0019992757588624954,0.0017675594426691532
16504,0.0015002404106780887,0.0009611169807612896
16505,0.0010583335533738136,0.0017791090067476034
16506,0.0008829751168377697,0.0015895123360678554
16507,0.0008852056926116347,0.0012888103956356645
16508,0.0009338166564702988,0.002125087659806013
16509,0.0008484598365612328,0.0032714628614485264
16510,0.0006859591812826693,0.005564950406551361
16511,0.0004886952228844166,0.010642319917678833
16512,0.0003839753335341811,0.015459022484719753
16513,0.0003988143871538341,0.01278844103217125
16514,0.0004816302680410445,0.0032803083304315805
16515,0.0005509337061084807,0.0022622111719101667
16516,0.0005233770934864879,0.007078136783093214
16517,0.000416894064983353,0.0029154103249311447
16518,0.0002906741574406624,0.0022615515626966953
16519,0.00022683548741042614,0.004929501097649336
16520,0.00024239381309598684,0.0010194863425567746
16521,0.0003020756703335792,0.0023874002508819103
16522,0.00035057339118793607,0.0032435928005725145
16523,0.00034661305835470557,0.0016202254919335246
16524,0.00029761026962660253,0.003418640000745654
16525,0.00022523172083310783,0.002414361573755741
16526,0.0001678462140262127,0.002411776455119252
16527,0.0001465835957787931,0.0027401503175497055
16528,0.00016299900016747415,0.0022274560760706663
16529,0.00019764780881814659,0.0022212553303688765
16530,0.0002218681329395622,0.0016768937930464745
16531,0.00021933723473921418,0.0016434954013675451
16532,0.00018999699386768043,0.0009519053273834288
16533,0.00015353268827311695,0.0009779409738257527
16534,0.0001285034086322412,0.0008092381758615375
16535,0.0001239659613929689,0.0005026239668950438
16536,0.0001352576946374029,0.0007033987203612924
16537,0.0001507001434220001,0.0005123528535477817
16538,0.00016060876077972353,0.0005676374421454966
16539,0.0001599908573552966,0.000671438523568213
16540,0.00015116114809643477,0.0005712780402973294
16541,0.00013894980656914413,0.000496051216032356
16542,0.00012939861335325986,0.0004628339083865285
16543,0.0001260716817341745,0.00023740867618471384
16544,0.00012920383596792817,0.0002939192345365882
16545,0.0001364008494419977,0.00025589531287550926
16546,0.0001438547915313393,0.00026385445380583405
16547,0.00015026477922219783,0.0003141722409054637
16548,0.00015542094479314983,0.0002680727047845721
16549,0.0001634651853237301,0.00025478610768914223
16550,0.00017643508908804506,0.00018717246712185442
16551,0.00019974680617451668,0.0001988304138649255
16552,0.00023370824055746198,0.00011412534513510764
16553,0.00028507388196885586,0.00016081715875770897
16554,0.00035455438774079084,0.0001384983042953536
16555,0.0004554164479486644,0.00013489772391039878
16556,0.0005881940014660358,0.00017092163034249097
16557,0.0007786785718053579,0.00011997894034720957
16558,0.0010084393434226513,0.00012940548185724765
16559,0.0013186270371079445,9.620947821531445e-05
16560,0.0016098162159323692,8.49492207635194e-05
16561,0.0019214096246287227,8.339659689227119e-05
16562,0.0020289188250899315,8.894460916053504e-05
16563,0.0019817673601210117,9.207821130985394e-05
16564,0.0016840659081935883,8.545546734239906e-05
16565,0.0012900641886517406,9.1375237389002e-05
16566,0.0009697022032923996,6.757666415069252e-05
16567,0.0007646526210010052,7.157703657867387e-05
16568,0.0006736479699611664,6.412056245608255e-05
16569,0.0005950873019173741,5.8353129134047776e-05
16570,0.0005211590323597193,6.536805449286476e-05
16571,0.0004503269447013736,5.8614696172298864e-05
16572,0.0004302011802792549,6.325025606201962e-05
16573,0.0004586090217344463,5.800638973596506e-05
16574,0.0005032385233789682,5.9417434385977685e-05
16575,0.0005307113169692457,5.2803836297243834e-05
16576,0.0004913797019980848,5.100719863548875e-05
16577,0.00040226386045105755,5.0951763114426285e-05
16578,0.0002916951780207455,4.508246638579294e-05
16579,0.00022049833205528557,5.188139039091766e-05
16580,0.00021529890364035964,4.735613038064912e-05
16581,0.0002632167306728661,4.8893969506025314e-05
16582,0.0003221499500796199,4.854652797803283e-05
16583,0.0003455017867963761,4.4338736188365147e-05
16584,0.00032070715678855777,4.506681580096483e-05
16585,0.00025591347366571426,4.226367673254572e-05
16586,0.00018827876192517579,4.341005114838481e-05
16587,0.00014487741282209754,4.244779120199382e-05
16588,0.00013895888696424663,4.294156315154396e-05
16589,0.0001616966910660267,4.292502853786573e-05
16590,0.00019161359523423016,4.125557097722776e-05
16591,0.00020857909112237394,4.194913344690576e-05
16592,0.00020140662672929466,4.0169587009586394e-05
16593,0.000175871275132522,3.996102896053344e-05
16594,0.00014510458277072757,4.005229493486695e-05
16595,0.0001251727226190269,3.906654455931857e-05
16596,0.0001231745263794437,3.9553342503495514e-05
16597,0.000136909366119653,3.916651621693745e-05
16598,0.00015750923193991184,3.897857459378429e-05
16599,0.0001755582052282989,3.870150612783618e-05
16600,0.00018711046141106635,3.8365811633411795e-05
16601,0.00019341750885359943,3.796084274654277e-05
16602,0.00020109410979785025,3.759347600862384e-05
16603,0.0002198555739596486,3.7525569496210665e-05
16604,0.0002534296363592148,3.7301644624676555e-05
16605,0.0003172626602463424,3.724268026417121e-05
16606,0.00039843935519456863,3.718485459103249e-05
16607,0.0005312376888468862,3.695459236041643e-05
16608,0.000667639949824661,3.671464946819469e-05
16609,0.0008803314412944019,3.6574332625605166e-05
16610,0.0010448877001181245,3.6289391573518515e-05
16611,0.001273360918276012,3.613782246247865e-05
16612,0.0013508546398952603,3.6123510653851554e-05
16613,0.0014053323538973927,3.5890214348910376e-05
16614,0.00129122834187001,3.588517211028375e-05
16615,0.0011333685833960772,3.574365837266669e-05
16616,0.00097110983915627,3.5577038943301886e-05
16617,0.000859988562297076,3.5498032957548276e-05
16618,0.0008276239968836308,3.5312186810187995e-05
16619,0.000818416359834373,3.5237084375694394e-05
16620,0.0008053089259192348,3.509236194076948e-05
16621,0.0007333167013712227,3.5003689845325425e-05
16622,0.0006186459213495255,3.492883843136951e-05
16623,0.0005018770461902022,3.479038423392922e-05
16624,0.0004093236930202693,3.4756300010485575e-05
16625,0.000367433502105996,3.46288361470215e-05
16626,0.00034327866160310805,3.453454337432049e-05
16627,0.0003176199097651988,3.4466967917978764e-05
16628,0.0002732080174610019,3.433584060985595e-05
16629,0.00022958588670007885,3.427025876590051e-05
16630,0.0002031557378359139,3.41767372447066e-05
16631,0.00020335608860477805,3.409577038837597e-05
16632,0.00021925427427049726,3.4028777008643374e-05
16633,0.0002320792555110529,3.394663508515805e-05
16634,0.00023361213970929384,3.388460390851833e-05
16635,0.00022171222371980548,3.379554982529953e-05
16636,0.00020705111091956496,3.372692299308255e-05
16637,0.00019213036284781992,3.365074735484086e-05
16638,0.00018635677406564355,3.3570820960449055e-05
16639,0.00018869391351472586,3.35097975039389e-05
16640,0.00019860066822730005,3.3437285310355946e-05
16641,0.00021141956676729023,3.337414818815887e-05
16642,0.00022073769650887698,3.331272819195874e-05
16643,0.00022656595683656633,3.3247688406845555e-05
16644,0.0002289205731358379,3.318515882710926e-05
16645,0.00023494689958170056,3.3121261367341504e-05
16646,0.000248285592533648,3.306111830170266e-05
16647,0.00027075913385488093,3.299812306067906e-05
16648,0.0003061201423406601,3.2938016374828294e-05
16649,0.00034736940870061517,3.288221705588512e-05
16650,0.00040640882798470557,3.282317629782483e-05
16651,0.00046664781984873116,3.276949792052619e-05
16652,0.0005494524957612157,3.271395689807832e-05
16653,0.0006241073715500534,3.265933264628984e-05
16654,0.0007170101162046194,3.260674202465452e-05
16655,0.0007846931111998856,3.255334740970284e-05
16656,0.0008534822263754904,3.250082954764366e-05
16657,0.000882110558450222,3.244923573220149e-05
16658,0.0008906961884349585,3.2398751500295475e-05
16659,0.0008656593272462487,3.234841278754175e-05
16660,0.0008124725427478552,3.2298677979269996e-05
16661,0.0007479736814275384,3.225142427254468e-05
16662,0.0006573210121132433,3.2203337468672544e-05
16663,0.0005640827002935112,3.215664764866233e-05
16664,0.00045282411156222224,3.211059083696455e-05
16665,0.000347048306139186,3.206490146112628e-05
16666,0.000251344230491668,3.201965955668129e-05
16667,0.00018325450946576893,3.1974934245226905e-05
16668,0.00014796406321693212,3.193076918250881e-05
16669,0.00014368475240189582,3.188664049957879e-05
16670,0.00016129197319969535,3.1843828764976934e-05
16671,0.00018842812278307974,3.180135536240414e-05
16672,0.0002159003634005785,3.175973688485101e-05
16673,0.00023682028404437006,3.1718795071356e-05
16674,0.000253021193202585,3.167793693137355e-05
16675,0.0002670722606126219,3.163825022056699e-05
16676,0.0002848973381333053,3.1598461646353826e-05
16677,0.00031358603155240417,3.1558382033836097e-05
16678,0.00035046719131059945,3.152003773720935e-05
16679,0.0004070982977282256,3.148212636006065e-05
16680,0.00046697736252099276,3.144380752928555e-05
16681,0.0005546686006709933,3.140620174235664e-05
16682,0.0006358122336678207,3.136851228191517e-05
16683,0.000752067135181278,3.1332860089605674e-05
16684,0.0008381047518923879,3.1295883673010394e-05
16685,0.0009433077066205442,3.126006413367577e-05
16686,0.000969969667494297,3.122491034446284e-05
16687,0.0009668701095506549,3.119014581898227e-05
16688,0.0008651507669128478,3.115559957223013e-05
16689,0.0007263832958415151,3.112140984740108e-05
16690,0.0005782116204500198,3.108751479885541e-05
16691,0.0004683014703914523,3.105446739937179e-05
16692,0.00042902372661046684,3.102075061178766e-05
16693,0.0004318539868108928,3.098797969869338e-05
16694,0.00044858388719148934,3.095478314207867e-05
16695,0.00043278350494802,3.0923438316676766e-05
16696,0.0003828947083093226,3.089146412094124e-05
16697,0.00030216138111427426,3.0860479455441236e-05
16698,0.00022538506891578436,3.082900002482347e-05
16699,0.0001722937449812889,3.079805537709035e-05
16700,0.0001561976969242096,3.0767900170758367e-05
16701,0.00017232666141353548,3.07370864902623e-05
16702,0.0002057485980913043,3.07072295981925e-05
16703,0.00024077374837361276,3.0678264010930434e-05
16704,0.00026229239301756024,3.064817428821698e-05
16705,0.0002682752092368901,3.0619150493294e-05
16706,0.0002571837685536593,3.059067239519209e-05
16707,0.00024015340022742748,3.0562030588043854e-05
16708,0.00022361165611073375,3.0533672543242574e-05
16709,0.00021755354828201234,3.0505663744406775e-05
16710,0.00022691622143611312,3.047771315323189e-05
16711,0.00025041555636562407,3.0450226404354908e-05
16712,0.00029366236412897706,3.0422950658248737e-05
16713,0.00034341803984716535,3.0396042348002084e-05
16714,0.0004190266481600702,3.036959606106393e-05
16715,0.0004951659357175231,3.0343091566464864e-05
16716,0.000613018695730716,3.031643973372411e-05
16717,0.0007275475654751062,3.0289747883216478e-05
16718,0.000895395060069859,3.0265646273619495e-05
16719,0.0010423470521345735,3.0238945328164846e-05
16720,0.0012199667980894446,3.021367228939198e-05
16721,0.0013386131031438708,3.0188573873601854e-05
16722,0.0014213590184226632,3.0163222618284635e-05
16723,0.0014248419320210814,3.0138715374050662e-05
16724,0.0013395489659160376,3.0114451874396764e-05
16725,0.001210497342981398,3.0089926440268755e-05
16726,0.0010052479337900877,3.006638871738687e-05
16727,0.0007971002487465739,3.0041876016184688e-05
16728,0.0005680754547938704,3.001845470862463e-05
16729,0.000379559671273455,2.9995269869687036e-05
16730,0.0002544688177295029,2.9971231924719177e-05
16731,0.00021819847461301833,2.9948465453344397e-05
16732,0.00026105731376446784,2.9925722628831863e-05
16733,0.0003493202675599605,2.9902746973675676e-05
16734,0.0004434612928889692,2.9880322472308762e-05
16735,0.0005061996635049582,2.985804712807294e-05
16736,0.0005318799521774054,2.9836246540071443e-05
16737,0.0005236762808635831,2.981431498483289e-05
16738,0.0005034277564845979,2.979325654450804e-05
16739,0.0004995961207896471,2.9772087145829573e-05
16740,0.0005075150402262807,2.975167444674298e-05
16741,0.0005400397349148989,2.9731279937550426e-05
16742,0.0005536352400667965,2.9711543902521953e-05
16743,0.0005574992974288762,2.9693041142309085e-05
16744,0.0005134388338774443,2.9675784389837645e-05
16745,0.00045472505735233426,2.9659262509085238e-05
16746,0.00037031673127785325,2.9645965696545318e-05
16747,0.00029609742341563106,2.9635339160449803e-05
16748,0.00023240385053213686,2.9628767151734792e-05
16749,0.00019268659525550902,2.9627348340000026e-05
16750,0.00017516574007458985,2.963541010103654e-05
16751,0.00017579759878572077,2.9654735044459812e-05
16752,0.00018864517915062606,2.9692451789742336e-05
16753,0.00020416351617313921,2.975554161821492e-05
16754,0.00022045374498702586,2.985670289490372e-05
16755,0.00022995899780653417,3.0015951779205352e-05
16756,0.0002405867271590978,3.0262521249824204e-05
16757,0.00024777877843007445,3.064135671593249e-05
16758,0.00026180880377069116,3.1220191885950044e-05
16759,0.0002786064869724214,3.210909562767483e-05
16760,0.0003044003969989717,3.3474712836323306e-05
16761,0.0003367129247635603,3.55802767444402e-05
16762,0.0003797435201704502,3.88383814424742e-05
16763,0.0004319337895140052,4.3908414227189496e-05
16764,0.0004993120674043894,5.1819639338646084e-05
16765,0.0005724049406126142,6.422094156732783e-05
16766,0.0006653109448961914,8.368676208192483e-05
16767,0.0007425104849971831,0.00011432859173510224
16768,0.0008335304446518421,0.00016233397764153779
16769,0.0008641532040201128,0.00023727679217699915
16770,0.0008823166135698557,0.00035218469565734267
16771,0.0008147240150719881,0.0005247185472398996
16772,0.0007254122756421566,0.0007706591859459877
16773,0.0006065213237889111,0.0010970878647640347
16774,0.0005106952739879489,0.001468431088142097
16775,0.0004548965662252158,0.0017870510928332806
16776,0.0004430789267644286,0.0018695206381380558
16777,0.0004568011499941349,0.001563317491672933
16778,0.0004695597162935883,0.0009200529311783612
16779,0.00045947206672281027,0.0002869780291803181
16780,0.000420736032538116,5.1607898058136925e-05
16781,0.00035981167457066476,0.000270901364274323
16782,0.0003004152385983616,0.0006179669289849699
16783,0.0002529372286517173,0.0007095205946825445
16784,0.00022928224643692374,0.00045247800881043077
16785,0.0002204270858783275,0.00012870272621512413
16786,0.00022060841729398817,5.0887290854007006e-05
16787,0.00021855285740457475,0.0002260301698697731
16788,0.00021435270900838077,0.00039247312815859914
16789,0.00020480442617554218,0.00034453754778951406
16790,0.00019398349104449153,0.0001546165149193257
16791,0.00018107739742845297,3.9855673094280064e-05
16792,0.00016732416406739503,9.810040501179174e-05
16793,0.00015396261005662382,0.00021405653387773782
16794,0.00014207206550054252,0.00022882329358253628
16795,0.00013343754108063877,0.00013144842523615807
16796,0.0001283165765926242,4.2647130612749606e-05
16797,0.00012670732394326478,5.305937156663276e-05
16798,0.000127241772133857,0.0001225355372298509
16799,0.0001293528184760362,0.00015149908722378314
16800,0.0001316656853305176,0.00010680768173187971
16801,0.0001333330146735534,4.619111496140249e-05
16802,0.00013355098781175911,3.554966315277852e-05
16803,0.0001317736750934273,7.151898898882791e-05
16804,0.0001285212638322264,9.892063826555386e-05
16805,0.00012451517977751791,8.395475742872804e-05
16806,0.00012099376181140542,4.737868221127428e-05
16807,0.00011862734390888363,3.084522904828191e-05
16808,0.00011772179277613759,4.58810172858648e-05
16809,0.00011799239291576669,6.691583257634193e-05
16810,0.00011909728345926851,6.699141522403806e-05
16811,0.00012069169315509498,4.750501466332935e-05
16812,0.00012282498937565833,3.14246972266119e-05
16813,0.00012572902778629214,3.363893483765423e-05
16814,0.0001301547745242715,4.64637232653331e-05
16815,0.00013715960085391998,5.242542829364538e-05
16816,0.00014882851974107325,4.496021574595943e-05
16817,0.0001679994456935674,3.333318090881221e-05
16818,0.00020012210006825626,2.951311216747854e-05
16819,0.0002522285794839263,3.5038614441873506e-05
16820,0.00033960683504119515,4.150399036007002e-05
16821,0.00047836138401180506,4.126556814298965e-05
16822,0.0007121802191250026,3.514435957185924e-05
16823,0.0010631321929395199,2.9833412554580718e-05
16824,0.0016375971026718616,2.9946448194095865e-05
16825,0.00236912677064538,3.378828114364296e-05
16826,0.0033856623340398073,3.631885192589834e-05
16827,0.004179272335022688,3.482935426291078e-05
16828,0.004645971581339836,3.112530248472467e-05
16829,0.004329120274633169,2.8878701414214447e-05
16830,0.0035459164064377546,2.9656506740138866e-05
16831,0.003338497132062912,3.183602530043572e-05
16832,0.0035958685912191868,3.2800602639326826e-05
16833,0.003930974751710892,3.1630937883164734e-05
16834,0.003124604932963848,2.963820588774979e-05
16835,0.0019319300772622228,2.86495760519756e-05
16836,0.0011296545853838325,2.92176609946182e-05
16837,0.00109048280864954,3.0369637897820212e-05
16838,0.0014077362138777971,3.0805102142039686e-05
16839,0.0015876137185841799,3.0145851269480772e-05
16840,0.0014881020179018378,2.90785901597701e-05
16841,0.0010473928414285183,2.8529861083370633e-05
16842,0.0007074566674418747,2.8793343517463654e-05
16843,0.0008262720657512546,2.939590012829285e-05
16844,0.0011134090600535274,2.967048749269452e-05
16845,0.0009767956798896194,2.936844430223573e-05
16846,0.0004305930924601853,2.8794256650144234e-05
16847,0.0002221967006335035,2.8432117687771097e-05
16848,0.0005644266493618488,2.8494487196439877e-05
16849,0.0008271773695014417,2.8800079235224985e-05
16850,0.0006096512079238892,2.9003822419326752e-05
16851,0.0003004833124577999,2.891814619943034e-05
16852,0.0003274783957749605,2.8634840418817475e-05
16853,0.0004948176792822778,2.83923109236639e-05
16854,0.0004736454866360873,2.835329905792605e-05
16855,0.00032740109600126743,2.8491809644037858e-05
16856,0.00023924910055939108,2.8653199478867464e-05
16857,0.00022957487090025097,2.8702359486487694e-05
16858,0.00024172630219254643,2.862745532183908e-05
16859,0.0002703550271689892,2.8525548259494826e-05
16860,0.000272861507255584,2.851304816431366e-05
16861,0.00020430018776096404,2.863482222892344e-05
16862,0.00015911718946881592,2.885712638089899e-05
16863,0.00020969301112927496,2.9117214580764994e-05
16864,0.00026883784448727965,2.9395374440355226e-05
16865,0.0002344744571018964,2.974201925098896e-05
16866,0.0001577538496349007,3.0268589398474433e-05
16867,0.00015047597116790712,3.110040051979013e-05
16868,0.00019404638442210853,3.238136923755519e-05
16869,0.00019503574003465474,3.4267974115209654e-05
16870,0.00015651146532036364,3.705267590703443e-05
16871,0.0001305172045249492,4.1130100726149976e-05
16872,0.0001332440588157624,4.729462671093643e-05
16873,0.00014054126222617924,5.6519849749747664e-05
16874,0.00014153486699797213,7.078213820932433e-05
16875,0.00013902035425417125,9.224700625054538e-05
16876,0.0001284944883082062,0.00012582290219143033
16877,0.00011580986756598577,0.0001761035673553124
16878,0.00011879819794557989,0.00025535657186992466
16879,0.00013409175153356045,0.00037138134939596057
16880,0.0001371346297673881,0.0005528171896003187
16881,0.00012333723134361207,0.000801179907284677
16882,0.00011512971832416952,0.0011694406857714057
16883,0.00012330751633271575,0.0015885437605902553
16884,0.00013256719103083014,0.002102167811244726
16885,0.00013095691974740475,0.002397585194557905
16886,0.00012580998009070754,0.0024621987249702215
16887,0.0001268287596758455,0.0019076741300523281
16888,0.0001310531806666404,0.0010694481898099184
16889,0.00013503918307833374,0.00028915557777509093
16890,0.0001392783160554245,5.053788481745869e-05
16891,0.00014448963338509202,0.00035776026197709143
16892,0.0001491602452006191,0.0007743413443677127
16893,0.00015547714428976178,0.0008610357763245702
16894,0.0001669777266215533,0.0005148500204086304
16895,0.00018525938503444195,0.0001316059788223356
16896,0.0002030144678428769,6.878235581098124e-05
16897,0.00022670390899293125,0.0002972988586407155
16898,0.000255037157330662,0.00047980170347727835
16899,0.0002994071692228317,0.00038012024015188217
16900,0.00035111623583361506,0.00014280929462984204
16901,0.00041979842353612185,4.2221599869662896e-05
16902,0.0004928889102302492,0.0001509462163085118
16903,0.0005926875746808946,0.0002792723826132715
16904,0.0006809586775489151,0.0002472976048011333
16905,0.0007968572317622602,0.00011039988021366298
16906,0.0008620269363746047,3.8787391531514004e-05
16907,0.0009291290189139545,9.462945308769122e-05
16908,0.0009040901786647737,0.00017386932449880987
16909,0.0008440532255917788,0.00016372758545912802
16910,0.0007006594678387046,8.480620454065502e-05
16911,0.0005358142661862075,3.6656980228144675e-05
16912,0.0003621536889113486,6.452261004596949e-05
16913,0.00022295753296930343,0.00011375266331015155
16914,0.00013818766456097364,0.00011433214967837557
16915,0.00011454698687884957,6.933222175575793e-05
16916,0.00014285763609223068,3.5584656870923936e-05
16917,0.00020349232363514602,4.6804601879557595e-05
16918,0.0002756394969765097,7.715052925050259e-05
16919,0.00033913145307451487,8.3395883848425e-05
16920,0.00038784631760790944,5.979685374768451e-05
16921,0.0004111063899472356,3.6262110370444134e-05
16922,0.0004195311339572072,3.7150497519178316e-05
16923,0.0004010770935565233,5.418553701019846e-05
16924,0.0003736662329174578,6.272840983001515e-05
16925,0.00032642477890476584,5.30388715560548e-05
16926,0.0002786613185890019,3.748897142941132e-05
16927,0.00022829946829006076,3.276071583968587e-05
16928,0.0001868331164587289,4.04909769713413e-05
16929,0.0001541993406135589,4.859118052991107e-05
16930,0.00013214355567470193,4.709359200205654e-05
16931,0.00011915141658391804,3.823778752121143e-05
16932,0.0001140189851867035,3.187167749274522e-05
16933,0.00011556562094483525,3.330787512823008e-05
16934,0.0001224622392328456,3.8759157177992165e-05
16935,0.00013331400987226516,4.113992690690793e-05
16936,0.00014644520706497133,3.7921479815850034e-05
16937,0.0001612770138308406,3.285389539087191e-05
16938,0.000177063571754843,3.07742775476072e-05
16939,0.00019541663641575724,3.2666634069755673e-05
16940,0.00021500163711607456,3.550466863089241e-05
16941,0.00023894355399534106,3.597241811803542e-05
16942,0.00026283017359673977,3.371719139977358e-05
16943,0.00029223860474303365,3.103302151430398e-05
16944,0.00031917874002829194,3.0214941943995655e-05
16945,0.0003529071109369397,3.139072941849008e-05
16946,0.0003819113480858505,3.28518872265704e-05
16947,0.00041816907469183207,3.2998810638673604e-05
16948,0.0004469553241506219,3.1746367312734947e-05
16949,0.0004814867861568928,3.029032814083621e-05
16950,0.0005048736347816885,2.975454117404297e-05
16951,0.0005316640599630773,3.025576370419003e-05
16952,0.0005435451748780906,3.102375922026113e-05
16953,0.000556680781301111,3.123793067061342e-05
16954,0.0005515029188245535,3.070879392907955e-05
16955,0.0005452295881696045,2.9892282327637076e-05
16956,0.0005192296230234206,2.9399094273685478e-05
16957,0.0004900926724076271,2.9469658329617232e-05
16958,0.0004438942123670131,2.9851940780645236e-05
16959,0.00039495184319093823,3.0107603379292414e-05
16960,0.0003370611520949751,2.9987046218593605e-05
16961,0.0002811034501064569,2.958701952593401e-05
16962,0.0002271422417834401,2.9197035473771393e-05
16963,0.00018168328097090125,2.904055145336315e-05
16964,0.00014632759848609567,2.9129643735359423e-05
16965,0.00012297109060455114,2.930085247498937e-05
16966,0.00011124119919259101,2.937142016889993e-05
16967,0.00010973429016303271,2.9267630452523008e-05
16968,0.00011631568486336619,2.905128894781228e-05
16969,0.00012867210898548365,2.884965215343982e-05
16970,0.00014499443932436407,2.875799145840574e-05
16971,0.00016370981757063419,2.878035229514353e-05
16972,0.00018495027325116098,2.884729838115163e-05
16973,0.00020793196745216846,2.887828304665163e-05
16974,0.0002356736658839509,2.8831294912379235e-05
16975,0.0002672448172233999,2.8724034564220347e-05
16976,0.00030988766229711473,2.860568929463625e-05
16977,0.00036100222496315837,2.8525628295028582e-05
16978,0.0004346088389866054,2.85015776171349e-05
16979,0.000522402988281101,2.8512913559097797e-05
16980,0.0006485997582785785,2.8526399546535686e-05
16981,0.0007872117566876113,2.8513810320873745e-05
16982,0.0009727358701638877,2.8469548851717263e-05
16983,0.0011345082893967628,2.84060079138726e-05
16984,0.001306419842876494,2.83431672869483e-05
16985,0.00135990628041327,2.829619734256994e-05
16986,0.0013284437591210008,2.827234857250005e-05
16987,0.0011300048790872097,2.8262347768759355e-05
16988,0.0008528012549504638,2.8256527002668008e-05
16989,0.0005773594020865858,2.824320472427644e-05
16990,0.00038843927904963493,2.8217011276865378e-05
16991,0.0003236413758713752,2.8180224035168067e-05
16992,0.0003372039063833654,2.814062281686347e-05
16993,0.0003728870942723006,2.8104837838327512e-05
16994,0.0003788411268033087,2.8076963644707575e-05
16995,0.0003608615370467305,2.8056188966729678e-05
16996,0.00032328220549970865,2.804115865728818e-05
16997,0.00029059124062769115,2.802662675094325e-05
16998,0.00027172022964805365,2.8009411835228093e-05
16999,0.0002604879846330732,2.798881359922234e-05
17000,0.00025350117357447743,2.796443732222542e-05
17001,0.00024001937708817422,2.7938051061937585e-05
17002,0.0002234191633760929,2.7912703444599174e-05
17003,0.00020720921747852117,2.788898018479813e-05
17004,0.0002000520471483469,2.7868361939908937e-05
17005,0.0002009329036809504,2.7851017875946127e-05
17006,0.00020516016229521483,2.783438867481891e-05
17007,0.0002052676136372611,2.7818190574180335e-05
17008,0.00019429561507422477,2.780112663458567e-05
17009,0.00017593953816685826,2.7784062694991007e-05
17010,0.00015395216178148985,2.776550900307484e-05
17011,0.000137869588797912,2.7745207262341864e-05
17012,0.0001322547032032162,2.772509105852805e-05
17013,0.00013828073861077428,2.7705696993507445e-05
17014,0.0001525165280327201,2.7687414331012405e-05
17015,0.00016975123435258865,2.7669893825077452e-05
17016,0.00018687469128053635,2.765273893601261e-05
17017,0.00020437248167581856,2.7636859158519655e-05
17018,0.00022810664086136967,2.7620520995697007e-05
17019,0.00026817258913069963,2.76053324341774e-05
17020,0.00033369974698871374,2.758916343736928e-05
17021,0.0004448946856427938,2.7573940315051004e-05
17022,0.0006017166888341308,2.7558506189961918e-05
17023,0.0008528642356395721,2.7543192118173465e-05
17024,0.0011549609480425715,2.7526863050297834e-05
17025,0.0016083538066595793,2.7511678126757033e-05
17026,0.0020274538546800613,2.7495334506966174e-05
17027,0.0025115024764090776,2.7480346034280956e-05
17028,0.0027026503812521696,2.7465284802019596e-05
17029,0.0026115213986486197,2.7450048946775496e-05
17030,0.0021666078828275204,2.7435351512394845e-05
17031,0.0014716790756210685,2.7421448976383545e-05
17032,0.000862170709297061,2.7406193112256005e-05
17033,0.00047245906898751855,2.739232877502218e-05
17034,0.0003933312254957855,2.737878639891278e-05
17035,0.0005275422008708119,2.7364390916773118e-05
17036,0.0007242682040669024,2.73513524007285e-05
17037,0.000845355330966413,2.7337704523233697e-05
17038,0.0007962724193930626,2.7324600523570552e-05
17039,0.0006355327204801142,2.731066706473939e-05
17040,0.00043464722693897784,2.729766674747225e-05
17041,0.00033586035715416074,2.728439540078398e-05
17042,0.00041657668771222234,2.7271780709270388e-05
17043,0.0006305709248408675,2.7259211492491886e-05
17044,0.0008639692678116262,2.724616751947906e-05
17045,0.0009666668483987451,2.7233745640842244e-05
17046,0.0010106677655130625,2.722154022194445e-05
17047,0.0010367331560701132,2.7209400286665186e-05
17048,0.0012214737944304943,2.719818257901352e-05
17049,0.001386982505209744,2.718633732001763e-05
17050,0.0014989173505455256,2.7176296498510055e-05
17051,0.001339676440693438,2.7166252039023675e-05
17052,0.0009999778121709824,2.7157542717759497e-05
17053,0.0006312080658972263,2.715065966185648e-05
17054,0.0003777475794777274,2.7146190404891968e-05
17055,0.0003093094564974308,2.7144433261128142e-05
17056,0.0003635166212916374,2.7147980290465057e-05
17057,0.00044811988482251763,2.715875962167047e-05
17058,0.0004888175171799958,2.7179492462892085e-05
17059,0.0004896879545412958,2.7216890885028988e-05
17060,0.0004852548008784652,2.7278114430373535e-05
17061,0.0004746919439639896,2.7377400328987278e-05
17062,0.0004393128619994968,2.7534579203347676e-05
17063,0.0003581671917345375,2.7784150006482378e-05
17064,0.0002571752411313355,2.8175492843729444e-05
17065,0.0001836171722970903,2.8797159757232293e-05
17066,0.0001631928898859769,2.9782269848510623e-05
17067,0.00018770614406093955,3.1361505534732714e-05
17068,0.0002273531281389296,3.3890439226524904e-05
17069,0.00025605002883821726,3.800460763159208e-05
17070,0.0002586944028735161,4.466864629648626e-05
17071,0.00023838710330892354,5.568955384660512e-05
17072,0.00021139196178410202,7.369516970356926e-05
17073,0.00019318163685966283,0.00010392474359832704
17074,0.00019163443357683718,0.00015342670667450875
17075,0.00019575367332436144,0.00023748763487674296
17076,0.00019633371266536415,0.00037335266824811697
17077,0.00018480580183677375,0.0006037536077201366
17078,0.0001669152989052236,0.0009571251575835049
17079,0.00014722836203873158,0.0015308295842260122
17080,0.00013236285303719342,0.0022761139553040266
17081,0.0001254075759788975,0.003284118603914976
17082,0.0001257798430742696,0.003981087356805801
17083,0.00012904703908134252,0.004247077275067568
17084,0.00013016500452067703,0.0031634208280593157
17085,0.00012724770931527019,0.00158921058755368
17086,0.00012234678433742374,0.0004113689938094467
17087,0.00011860358063131571,0.0004946254193782806
17088,0.00011749102122848853,0.0013489758130162954
17089,0.00011869583977386355,0.0017832155572250485
17090,0.0001210472546517849,0.0013712665531784296
17091,0.00012362442794255912,0.0006202521617524326
17092,0.0001254698436241597,0.00041697395499795675
17093,0.0001264509337488562,0.0007099757203832269
17094,0.00012661440996453166,0.0008135404787026346
17095,0.0001269924978259951,0.0005067269084975123
17096,0.00012793901260010898,0.00022449353127740324
17097,0.00012998245074413717,0.00033165671629831195
17098,0.00013286575267557055,0.0005804019747301936
17099,0.0001375131687382236,0.0005772546865046024
17100,0.00014390915748663247,0.0003201751387678087
17101,0.00015325917047448456,0.0001399699249304831
17102,0.0001648407051106915,0.0002078920806525275
17103,0.0001805808860808611,0.00034043556661345065
17104,0.0001998515654122457,0.0003130983386654407
17105,0.0002273800055263564,0.00017534993821755052
17106,0.00026170938508585095,0.00011461591202532873
17107,0.000312588905217126,0.0001719366991892457
17108,0.00037441737367771566,0.0002184408949688077
17109,0.0004654920194298029,0.00016389766824431717
17110,0.0005677820881828666,8.810366853140295e-05
17111,0.0007120652007870376,9.818696707952768e-05
17112,0.0008501934353262186,0.0001626134617254138
17113,0.0010268839541822672,0.00017120726988650858
17114,0.0011419563088566065,0.0001017968897940591
17115,0.001248939661309123,4.695082679972984e-05
17116,0.001222982769832015,6.277928332565352e-05
17117,0.0011290967231616378,0.00010131701128557324
17118,0.0009296054486185312,9.750610479386523e-05
17119,0.0007000327459536493,6.117869634181261e-05
17120,0.0004951630835421383,4.888596959062852e-05
17121,0.000345871492754668,7.196453225333244e-05
17122,0.00026887841522693634,8.670593524584547e-05
17123,0.0002449895837344229,6.708754517603666e-05
17124,0.0002579217834863812,4.042725413455628e-05
17125,0.0002875739592127502,4.0558392356615514e-05
17126,0.0003319599782116711,5.923956632614136e-05
17127,0.0003748649323824793,6.556417065439746e-05
17128,0.00041349438834004104,5.14488565386273e-05
17129,0.0004333091201260686,3.689062941703014e-05
17130,0.00042810579179786146,3.742142507690005e-05
17131,0.0004012654535472393,4.520784932537936e-05
17132,0.00035677378764376044,4.525643089436926e-05
17133,0.00030827868613414466,3.736915095942095e-05
17134,0.00026236966368742287,3.2666655897628516e-05
17135,0.0002246989170089364,3.5888315323973075e-05
17136,0.00019700700067915022,4.056884426972829e-05
17137,0.00017652229871600866,4.000094122602604e-05
17138,0.00016142320237122476,3.5428209230303764e-05
17139,0.000148407940287143,3.2290925446432084e-05
17140,0.0001376263244310394,3.295264468761161e-05
17141,0.0001295976690016687,3.5060267691733316e-05
17142,0.00012572169362101704,3.5702232707990333e-05
17143,0.00012591746053658426,3.469308285275474e-05
17144,0.0001293749373871833,3.3586733479751274e-05
17145,0.00013481486530508846,3.339557224535383e-05
17146,0.00014100741827860475,3.383933653822169e-05
17147,0.0001475788012612611,3.420109351282008e-05
17148,0.0001540578086860478,3.404188828426413e-05
17149,0.00016174139454960823,3.3559987059561536e-05
17150,0.00017101378762163222,3.3487562177469954e-05
17151,0.00018493816605769098,3.434073369135149e-05
17152,0.00020305118232499808,3.583378202165477e-05
17153,0.00022991604055278003,3.721611574292183e-05
17154,0.00026285654166713357,3.819613630184904e-05
17155,0.0003098445595242083,3.9384845877066255e-05
17156,0.0003650784201454371,4.1723040340002626e-05
17157,0.0004427973763085902,4.570189048536122e-05
17158,0.0005297386669553816,5.1133258239133283e-05
17159,0.0006499856244772673,5.794707249151543e-05
17160,0.000771104998420924,6.69861983624287e-05
17161,0.0009297426440753043,7.996424392331392e-05
17162,0.0010559502989053726,9.862059960141778e-05
17163,0.0011962205171585083,0.0001251204521395266
17164,0.0012492857640609145,0.00016153302567545325
17165,0.0012647178955376148,0.0002125473547494039
17166,0.0011831616284325719,0.00028256874065846205
17167,0.0010479016928002238,0.0003794714866671711
17168,0.000890478549990803,0.0005068012978881598
17169,0.0007227893220260739,0.0006707455613650382
17170,0.000590721087064594,0.000860982050653547
17171,0.0004787295183632523,0.0010662863496690989
17172,0.00040141402860172093,0.001232596579939127
17173,0.00034872794640250504,0.0013161058304831386
17174,0.0003294262569397688,0.0012325805146247149
17175,0.0003331705811433494,0.000987696461379528
17176,0.00036444872966967523,0.0006187803228385746
17177,0.00040086652734316885,0.00027111597592011094
17178,0.00043356374953873456,6.584652146557346e-05
17179,0.00044700660509988666,5.6911041610874236e-05
17180,0.0004354473785497248,0.00019175965280737728
17181,0.0004084329993929714,0.00035347079392522573
17182,0.0003734542988240719,0.00043284508865326643
17183,0.0003458482678979635,0.0003802035062108189
17184,0.0003326416772324592,0.00023982269340194762
17185,0.00033421156695112586,9.984472853830084e-05
17186,0.0003507286310195923,3.984403156209737e-05
17187,0.00036870306939817965,7.298276614164934e-05
17188,0.00038949947338551283,0.0001505214167991653
17189,0.0003971370169892907,0.0002043338754447177
17190,0.0004035403544548899,0.00019446811347734183
17191,0.00039415538776665926,0.00013307201152201742
17192,0.0003862601879518479,6.498342554550618e-05
17193,0.0003634150780271739,3.329564060550183e-05
17194,0.0003412593505345285,4.825875294045545e-05
17195,0.0003084161726292223,8.695681754034013e-05
17196,0.0002794426982291043,0.00011509322212077677
17197,0.00025302357971668243,0.00011205644841538742
17198,0.0002393456525169313,8.249019447248429e-05
17199,0.00023841788060963154,4.800846363650635e-05
17200,0.00025148727581836283,2.9903336326242425e-05
17201,0.00027265670360065997,3.472607204457745e-05
17202,0.00029763870406895876,5.301742203300819e-05
17203,0.00031827460043132305,6.87306746840477e-05
17204,0.000333769537974149,7.076156180119142e-05
17205,0.00033896390232257545,5.913910717936233e-05
17206,0.00034154619788751006,4.252944199834019e-05
17207,0.00033808426815085113,3.1147148547461256e-05
17208,0.00034261037944816053,2.994643000420183e-05
17209,0.0003491922980174422,3.671369267976843e-05
17210,0.00037410951335914433,4.49602011940442e-05
17211,0.00040560035267844796,4.869034455623478e-05
17212,0.0004613345954567194,4.5939526899019256e-05
17213,0.0005199356819503009,3.89392844226677e-05
17214,0.0006032642559148371,3.2040305086411536e-05
17215,0.000674431910738349,2.8672380722127855e-05
17216,0.0007609616150148213,2.963972292491235e-05
17217,0.0008076903177425265,3.321464464534074e-05
17218,0.00084543542470783,3.66219028364867e-05
17219,0.0008223567856475711,3.779397229664028e-05
17220,0.0007735588005743921,3.626153920777142e-05
17221,0.0006940504536032677,3.3108801289927214e-05
17222,0.0006159530603326857,3.0006651286385022e-05
17223,0.0005704801296815276,2.828585093084257e-05
17224,0.0005534289521165192,2.8328260668786243e-05
17225,0.0005717828753404319,2.960109486593865e-05
17226,0.0005837338976562023,3.111767000518739e-05
17227,0.0005804311949759722,3.200159335392527e-05
17228,0.0005313386209309101,3.187094262102619e-05
17229,0.00045391145977191627,3.0885737942298874e-05
17230,0.00035395403392612934,2.9572138373623602e-05
17231,0.0002654034469742328,2.8485181246651337e-05
17232,0.00020261066674720496,2.797218257910572e-05
17233,0.00018070690566673875,2.806575139402412e-05
17234,0.00019420961325522512,2.8546908652060665e-05
17235,0.0002345161628909409,2.9089673262205906e-05
17236,0.00028578907949849963,2.9416625693556853e-05
17237,0.0003329555911477655,2.9394199373200536e-05
17238,0.0003701098612509668,2.9052553145447746e-05
17239,0.0003896500857081264,2.853863588825334e-05
17240,0.0004009195836260915,2.8032794944010675e-05
17241,0.00040940879262052476,2.768039848888293e-05
17242,0.00042837709770537913,2.7544680051505566e-05
17243,0.0004752231761813164,2.7605561626842245e-05
17244,0.0005463633569888771,2.7783149562310427e-05
17245,0.0006739089731127024,2.7979254809906706e-05
17246,0.0008103845757432282,2.811353624565527e-05
17247,0.0010103157255798578,2.814306026266422e-05
17248,0.0011422985699027777,2.8065493097528815e-05
17249,0.0012787614250555634,2.7910853532375768e-05
17250,0.001220777747221291,2.7724272513296455e-05
17251,0.0010767236817628145,2.7549362130230293e-05
17252,0.0007880424964241683,2.7418796889833175e-05
17253,0.0005274498835206032,2.7345322450855747e-05
17254,0.00039744991227053106,2.7326152121531777e-05
17255,0.00043350784108042717,2.7348954972694628e-05
17256,0.0005780740175396204,2.7391466574044898e-05
17257,0.0006962147890590131,2.743700497376267e-05
17258,0.0007232063799165189,2.747034523054026e-05
17259,0.0006116980221122503,2.7482583391247317e-05
17260,0.0004541694652289152,2.747249345702585e-05
17261,0.00030404672725126147,2.7443507860880345e-05
17262,0.00023462012177333236,2.7401061743148603e-05
17263,0.00024134819977916777,2.735463931458071e-05
17264,0.00029472290771082044,2.7311418307363056e-05
17265,0.0003487384528852999,2.7278503694105893e-05
17266,0.00036131817614659667,2.7259333364781924e-05
17267,0.00033155197161249816,2.72566030616872e-05
17268,0.0002633088151924312,2.7272619263385423e-05
17269,0.00019252439960837364,2.7309175493428484e-05
17270,0.00014233554247766733,2.7369569579605013e-05
17271,0.0001278093841392547,2.745869460341055e-05
17272,0.00014500238467007875,2.7581947506405413e-05
17273,0.00017814799502957612,2.7751702873501927e-05
17274,0.00020957239030394703,2.798469904519152e-05
17275,0.0002245655923616141,2.830696575983893e-05
17276,0.00022273855574894696,2.8753198421327397e-05
17277,0.00020521623082458973,2.9383729270193726e-05
17278,0.00018470388022251427,3.0275012250058353e-05
17279,0.00016754126409068704,3.155956801492721e-05
17280,0.00016132340533658862,3.340631883474998e-05
17281,0.00016671021876391023,3.6117504350841045e-05
17282,0.0001815302821341902,4.0055805584415793e-05
17283,0.00020253783441148698,4.593183257384226e-05
17284,0.00022643822012469172,5.455194695969112e-05
17285,0.0002559146087151021,6.761970871593803e-05
17286,0.0002940001431852579,8.689698006492108e-05
17287,0.0003528849920257926,0.00011657227878458798
17288,0.0004426726954989135,0.00016024967771954834
17289,0.0005796374171040952,0.00022820892627350986
17290,0.0007864513900130987,0.0003263358084950596
17291,0.0010624411515891552,0.00047879162593744695
17292,0.0014565774472430348,0.0006870537763461471
17293,0.001872866414487362,0.0009999681496992707
17294,0.002363884588703513,0.0013698849361389875
17295,0.002642121398821473,0.0018625690136104822
17296,0.0027101137675344944,0.002240486443042755
17297,0.002417772077023983,0.002549570519477129
17298,0.0018618878675624728,0.0023347968235611916
17299,0.0013403305783867836,0.0018220101483166218
17300,0.0009321660036221147,0.0009901823941618204
17301,0.0007413612329401076,0.0003755688085220754
17302,0.0006458648131228983,0.0002169318904634565
17303,0.0006284269620664418,0.0004936634213663638
17304,0.0006177853792905807,0.0009023522143252194
17305,0.0006131462287157774,0.0010660303523764014
17306,0.0006286793504841626,0.0008997294935397804
17307,0.0006418843404389918,0.0005252636619843543
17308,0.0006383748259395361,0.00028599766665138304
17309,0.0005717718740925193,0.0003314768255222589
17310,0.0004738463612738997,0.0005418966757133603
17311,0.0004195785732008517,0.0006649283459410071
17312,0.00044657019316218793,0.0005462296539917588
17313,0.000521457230206579,0.0002904580906033516
17314,0.0005357405752874911,0.00010386072244727984
17315,0.0004632138879969716,0.00010585354903014377
17316,0.0003431145451031625,0.00022048340179026127
17317,0.00026951314066536725,0.00028630997985601425
17318,0.0002612773678265512,0.0002334931486984715
17319,0.0002949763438664377,0.00012367205636110157
17320,0.00031929652323015034,7.107725832611322e-05
17321,0.000310049596009776,0.00011256575817242265
17322,0.0002697751915547997,0.0001830392429837957
17323,0.00020724712521769106,0.0002007575094467029
17324,0.00015064163017086685,0.00014387226838152856
17325,0.00012471171794459224,7.134781480999663e-05
17326,0.00013803337060380727,4.31919215770904e-05
17327,0.00017076253425329924,6.702911923639476e-05
17328,0.00019078633340541273,0.0001003736542770639
17329,0.00018332235049456358,0.0001016468959278427
17330,0.00015572499250993133,7.225941226352006e-05
17331,0.00013069924898445606,4.4058775529265404e-05
17332,0.00012229217099957168,4.451206041267142e-05
17333,0.000130524902488105,6.921964086359367e-05
17334,0.00014727615052834153,9.274826879845932e-05
17335,0.00016232728376053274,9.638517076382414e-05
17336,0.000171539795701392,8.48771960590966e-05
17337,0.0001714924001134932,7.706998439971358e-05
17338,0.0001667433971306309,8.740480552660301e-05
17339,0.00016345339827239513,0.00011296287266304716
17340,0.00017048814333975315,0.0001441721833543852
17341,0.0001883748482214287,0.00017213670071214437
17342,0.0002154424146283418,0.00020753956050612032
17343,0.00024440765264444053,0.0002591051161289215
17344,0.00027752091409638524,0.00034698593663051724
17345,0.00031320974812842906,0.00046428179484792054
17346,0.0003628807608038187,0.0006235982291400433
17347,0.00042026356095448136,0.0007930168067105114
17348,0.0005011751200072467,0.000990891712717712
17349,0.0005804929533042014,0.0011390199651941657
17350,0.0006834437954239547,0.0012477249838411808
17351,0.0007495344034396112,0.001194280688650906
17352,0.0008183647296391428,0.0010173688642680645
17353,0.0008041009423322976,0.0007122608367353678
17354,0.0007643464487046003,0.00040734015055932105
17355,0.0006517176516354084,0.00020775232405867428
17356,0.0005297651514410973,0.00016238575335592031
17357,0.0004124929546378553,0.00023600544955115765
17358,0.00032797816675156355,0.00033122627064585686
17359,0.00028382212622091174,0.0003694987972266972
17360,0.0002635085256770253,0.00031255240901373327
17361,0.0002533229417167604,0.0002045746223302558
17362,0.00023815504391677678,0.00011121342686237767
17363,0.0002204909542342648,8.098214311758056e-05
17364,0.00020389235578477383,0.00011387495760573074
17365,0.00020047763246111572,0.00017071935872081667
17366,0.0002107323525706306,0.00021065757027827203
17367,0.00023482058895751834,0.00020758803293574601
17368,0.00026476275525055826,0.00017166550969704986
17369,0.000293170684017241,0.00012412035721354187
17370,0.00031644245609641075,9.023776510730386e-05
17371,0.0003292692417744547,7.85634110798128e-05
17372,0.000335266231559217,8.20859131636098e-05
17373,0.0003334638604428619,8.694135613040999e-05
17374,0.0003292521578259766,8.338493353221565e-05
17375,0.000326235982356593,7.234321674332023e-05
17376,0.00032391646527685225,6.0890906752320006e-05
17377,0.00032905786065384746,5.5300934036495164e-05
17378,0.00033204592182300985,5.5913787946337834e-05
17379,0.0003443951718509197,5.8140365581493825e-05
17380,0.0003522768383845687,5.7468907471047714e-05
17381,0.0003716698265634477,5.293483263812959e-05
17382,0.00038707006024196744,4.78533620480448e-05
17383,0.000414722046116367,4.626800000551157e-05
17384,0.000436326110502705,4.930772411171347e-05
17385,0.000466038822196424,5.441464963951148e-05
17386,0.00048322079237550497,5.724926450056955e-05
17387,0.0004993173643015325,5.555203460971825e-05
17388,0.0004964496474713087,4.984876431990415e-05
17389,0.0004841732734348625,4.337435166235082e-05
17390,0.00045561930164694786,3.912471220246516e-05
17391,0.0004184942808933556,3.856576586258598e-05
17392,0.00037773570511490107,4.089240246685222e-05
17393,0.00033671309938654304,4.4068892748327926e-05
17394,0.00030339742079377174,4.6064531488809735e-05
17395,0.0002760624629445374,4.5984710595803335e-05
17396,0.0002591462107375264,4.4169104512548074e-05
17397,0.0002484437427483499,4.1687428165460005e-05
17398,0.0002452524204272777,3.9674378058407456e-05
17399,0.0002458432863932103,3.888771607307717e-05
17400,0.0002501604030840099,3.9546936022816226e-05
17401,0.0002564819296821952,4.140555392950773e-05
17402,0.0002630892558954656,4.390096728457138e-05
17403,0.0002715455193538219,4.650510527426377e-05
17404,0.00027771576424129307,4.881345739704557e-05
17405,0.00028856369317509234,5.09495657752268e-05
17406,0.00029685342451557517,5.325770689523779e-05
17407,0.0003162602661177516,5.651671381201595e-05
17408,0.0003351329651195556,6.135381408967078e-05
17409,0.00037328863982111216,6.847157055744901e-05
17410,0.0004139480006415397,7.824171188985929e-05
17411,0.0004823430790565908,9.114616841543466e-05
17412,0.0005565150640904903,0.000107607374957297
17413,0.0006672446033917367,0.00012848673213738948
17414,0.0007829978130757809,0.0001547659485368058
17415,0.0009389941114932299,0.00018807857122737914
17416,0.0010794686386361718,0.0002296076127095148
17417,0.001236330601386726,0.00028134931926615536
17418,0.0013184051495045424,0.0003431095101404935
17419,0.0013491434510797262,0.000415622052969411
17420,0.0012566789519041777,0.0004937654593959451
17421,0.0010873859282582998,0.0005735917366109788
17422,0.0008917927625589073,0.0006406367174349725
17423,0.0007335119880735874,0.0006842664442956448
17424,0.0006853772792965174,0.0006837347755208611
17425,0.000715608533937484,0.0006327858427539468
17426,0.0007853659917600453,0.0005269450484775007
17427,0.0008018760709092021,0.00038640800630673766
17428,0.0007502589141950011,0.00023843572125770152
17429,0.0006026613409630954,0.00011828701826743782
17430,0.00043438508873805404,4.9556732847122476e-05
17431,0.000278363935649395,3.836361793219112e-05
17432,0.00019153187167830765,7.17421353328973e-05
17433,0.00018018746050074697,0.0001248140906682238
17434,0.00022916222224012017,0.0001717069826554507
17435,0.0003044988843612373,0.00019279049593023956
17436,0.0003667713899631053,0.00018269862630404532
17437,0.00039444875437766314,0.00014675289276055992
17438,0.0003732253098860383,0.00010051999561255798
17439,0.00032065820414572954,5.974485247861594e-05
17440,0.0002521624555811286,3.61157362931408e-05
17441,0.0001952914462890476,3.2709911465644836e-05
17442,0.00016171025345101953,4.501459261518903e-05
17443,0.00015450788487214595,6.411566573660821e-05
17444,0.00016585239791311324,8.063839050009847e-05
17445,0.0001835125294746831,8.849021105561405e-05
17446,0.00019927663379348814,8.550503844162449e-05
17447,0.00020575891539920121,7.431933045154437e-05
17448,0.0002065675798803568,5.935608351137489e-05
17449,0.00020203384337946773,4.5998771383892745e-05
17450,0.00020241715537849814,3.7760586565127596e-05
17451,0.00020830280845984817,3.615139939938672e-05
17452,0.0002285133523400873,4.028595139971003e-05
17453,0.0002592612581793219,4.8075242375489324e-05
17454,0.0003077406727243215,5.6907028920250013e-05
17455,0.00036917036049999297,6.508460501208901e-05
17456,0.00045497200335375965,7.167835428845137e-05
17457,0.0005636672722175717,7.756520790280774e-05
17458,0.0007152737816795707,8.411682938458398e-05
17459,0.0009021961013786495,9.431289072381333e-05
17460,0.00115437270142138,0.00011068492312915623
17461,0.0014155921526253223,0.0001376290456391871
17462,0.001718504587188363,0.0001779025187715888
17463,0.0018883388256654143,0.00023878943466115743
17464,0.0019526660908013582,0.00032229669159278274
17465,0.0017325147055089474,0.00044234583037905395
17466,0.001336118788458407,0.0005938102258369327
17467,0.0008772125001996756,0.0007988176075741649
17468,0.0005112914368510246,0.001019135001115501
17469,0.00034356798278167844,0.0012726428685709834
17470,0.0003360923728905618,0.0014394511235877872
17471,0.00041178110404871404,0.0015199440531432629
17472,0.00046917065628804266,0.001357982400804758
17473,0.00048390639130957425,0.0010301433503627777
17474,0.00046251577441580594,0.0005851502064615488
17475,0.0004347828507889062,0.0002235039573861286
17476,0.0004317237762734294,7.37886075512506e-05
17477,0.0004384337808005512,0.0001470728893764317
17478,0.00043913646368309855,0.0003310937900096178
17479,0.00042001481051556766,0.0004617654485628009
17480,0.00039830172318033874,0.00045617061550728977
17481,0.0004116588388569653,0.00031574786407873034
17482,0.0004630510520655662,0.0001577756047481671
17483,0.0005479929968714714,7.875107257859781e-05
17484,0.0006037463899701834,0.00010516773909330368
17485,0.0006244074320420623,0.00018224924860987812
17486,0.0005743370275013149,0.0002362794621149078
17487,0.0005039168754592538,0.00023451028391718864
17488,0.0004042856744490564,0.0002006748109124601
17489,0.000326269946526736,0.00018363306298851967
17490,0.0002663455670699477,0.0002183697506552562
17491,0.0002433669287711382,0.0003086474316660315
17492,0.000250370183493942,0.0004544096300378442
17493,0.0002698121825233102,0.0006522230105474591
17494,0.00028555962489917874,0.0009564132196828723
17495,0.00027867258177138865,0.00137197389267385
17496,0.0002523097500670701,0.001962179783731699
17497,0.00021168147213757038,0.002548737684264779
17498,0.000172234489582479,0.0030309988651424646
17499,0.00014229584485292435,0.002882065251469612
17500,0.00012769337627105415,0.0021324404515326023
17501,0.00012835506640840322,0.0009856621036306024
17502,0.00014065526193007827,0.00026449927827343345
17503,0.00015837815590202808,0.0003564113867469132
17504,0.00017371453577652574,0.0008797847549431026
17505,0.00018264386744704098,0.0011227639624848962
17506,0.00018279734649695456,0.0007744166650809348
17507,0.00017781670612748712,0.00029045838164165616
17508,0.00017013982869684696,0.00019834098930004984
17509,0.00016436913574580103,0.0004738207790069282
17510,0.00016260142729151994,0.0007179896347224712
17511,0.0001665621530264616,0.000666952459141612
17512,0.00017847077106125653,0.0005399935762397945
17513,0.00019707533647306263,0.0006261575617827475
17514,0.00022687012096866965,0.001087853917852044
17515,0.0002632602700032294,0.0018630976555868983
17516,0.00031667525763623416,0.0032441189978271723
17517,0.00037806073669344187,0.0042826770804822445
17518,0.0004664199077524245,0.005126904230564833
17519,0.0005616715061478317,0.003467338625341654
17520,0.0006903710309416056,0.0022226301953196526
17521,0.0008110856870189309,0.0017115904483944178
17522,0.0009532706462778151,0.0011448950972408056
17523,0.001052960637025535,0.0014506917214021087
17524,0.0011372738517820835,0.0019682180136442184
17525,0.0011590375797823071,0.0009991960832849145
17526,0.0011422777315601707,0.0004661938874050975
17527,0.0011068725725635886,0.0010779468575492501
17528,0.0010440378682687879,0.0010395098943263292
17529,0.0009948526276275516,0.0008188501815311611
17530,0.0008927907329052687,0.0012783126439899206
17531,0.0007636779337190092,0.002002173103392124
17532,0.0005735328886657953,0.0030780972447246313
17533,0.00038293207762762904,0.005439328029751778
17534,0.0002303096407558769,0.00850121583789587
17535,0.00016104112728498876,0.010088092647492886
17536,0.0001794997660908848,0.0054404474794864655
17537,0.00025902799097821116,0.001002008095383644
17538,0.00035687501076608896,0.0028008664958178997
17539,0.00042649576789699495,0.003913339227437973
17540,0.0004516124608926475,0.0014012185856699944
17541,0.0004241727292537689,0.0018333587795495987
17542,0.0003738587547559291,0.0031592058949172497
17543,0.00032895320327952504,0.001889243838377297
17544,0.00031061487970873713,0.001365188742056489
17545,0.00033565942430868745,0.001951390877366066
17546,0.00038087530992925167,0.0011399624636396766
17547,0.00044801479089073837,0.0008571319049224257
17548,0.000494866690132767,0.0013100956566631794
17549,0.0005410135490819812,0.0012101427419111133
17550,0.0005512248026207089,0.0012806998565793037
17551,0.000567853800021112,0.0009701086091808975
17552,0.00055753777269274,0.001319947768934071
17553,0.000560324639081955,0.001395450090058148
17554,0.0005415211780928075,0.0006692781462334096
17555,0.0005238582380115986,0.0008246041834354401
17556,0.0004912736476399004,0.0007338044815696776
17557,0.00045183897600509226,0.00032426940742880106
17558,0.00041063159005716443,0.00041182184941135347
17559,0.00036286190152168274,0.0004007949319202453
17560,0.00031636637868359685,0.0003172557626385242
17561,0.000265104987192899,0.00045349501306191087
17562,0.0002179626899305731,0.000371857633581385
17563,0.00017802376532927155,0.0002916582743637264
17564,0.00015300358063541353,0.00031801903969608247
17565,0.00014527703751809895,0.00017492011829745024
17566,0.00015201122732833028,0.00019504183728713542
17567,0.0001680860441410914,0.000183386480784975
17568,0.00018314251792617142,0.00020003781537525356
17569,0.0001924979587784037,0.0002313131553819403
17570,0.00018951683887280524,0.00013983006647322327
17571,0.00017723804921843112,0.00015292577154468745
17572,0.00015732218162156641,0.00014197408745530993
17573,0.0001370905665680766,7.104394899215549e-05
17574,0.00012077466817572713,0.00011310741683701053
17575,0.00011198259744560346,0.00014469567395281047
17576,0.00011081589764216915,0.00010072052828036249
17577,0.00011525687295943499,9.977917943615466e-05
17578,0.00012205843813717365,9.029456850839779e-05
17579,0.00012804595462512225,6.444022437790409e-05
17580,0.0001314201217610389,7.163600093917921e-05
17581,0.00013162309187464416,6.793198554078117e-05
17582,0.0001300443400396034,7.992582686711103e-05
17583,0.00012854087981395423,7.485756941605359e-05
17584,0.00012984512432012707,5.82146858505439e-05
17585,0.0001364777999697253,5.7108973123831674e-05
17586,0.00015088895452208817,5.060886905994266e-05
17587,0.0001771193346939981,5.0100188673241064e-05
17588,0.00021781906252726912,5.243223858997226e-05
17589,0.000285073125269264,5.064586366643198e-05
17590,0.0003812997310888022,4.898609040537849e-05
17591,0.0005428134463727474,4.7975132474675775e-05
17592,0.0007571528549306095,4.1630039049778134e-05
17593,0.0011139765847474337,3.93369045923464e-05
17594,0.00150895188562572,4.3471427488839254e-05
17595,0.0020939349196851254,4.051742143929005e-05
17596,0.0024937123525887728,3.758751699933782e-05
17597,0.0028489804826676846,3.880639997078106e-05
17598,0.0027354168705642223,3.866350743919611e-05
17599,0.0023798937909305096,3.532216578605585e-05
17600,0.002062249695882201,3.5288820072310045e-05
17601,0.0018846909515559673,3.666000338853337e-05
17602,0.0019208110170438886,3.4353870432823896e-05
17603,0.001752914977259934,3.345435834489763e-05
17604,0.001395234721712768,3.28561982314568e-05
17605,0.0009176247986033559,3.279121301602572e-05
17606,0.000648646499030292,3.2681055017746985e-05
17607,0.0006386121385730803,3.227980050724e-05
17608,0.0007633729255758226,3.241091690142639e-05
17609,0.0008917063241824508,3.1763254810357466e-05
17610,0.0008523667929694057,3.1027189834276214e-05
17611,0.0006282447138801217,3.0607399821747094e-05
17612,0.0003317723167128861,3.0212504498194903e-05
17613,0.00020661327289417386,3.0069171771174297e-05
17614,0.0003470406518317759,3.055872366530821e-05
17615,0.0005636201822198927,3.0433819119934924e-05
17616,0.0005943701835349202,2.9662523957085796e-05
17617,0.000384474522434175,2.9904942493885756e-05
17618,0.00016555929323658347,2.9547099984483793e-05
17619,0.00014050598838366568,2.8825143090216443e-05
17620,0.0002662187325768173,2.8975156965316273e-05
17621,0.00035707917413674295,2.9093520424794406e-05
17622,0.00032179936533793807,2.8927366656716913e-05
17623,0.00023164175217971206,2.8882219339720905e-05
17624,0.00017691048560664058,2.878029044950381e-05
17625,0.00017514795763418078,2.8584940082510002e-05
17626,0.00019413509289734066,2.8498190658865497e-05
17627,0.00021218767506070435,2.825362389557995e-05
17628,0.00021994530106894672,2.8173697501188144e-05
17629,0.00020246778149157763,2.8241078325663693e-05
17630,0.00016881298506632447,2.8073049179511145e-05
17631,0.0001482033694628626,2.8058069801772945e-05
17632,0.00016711856005713344,2.8031872716383077e-05
17633,0.000212591839954257,2.7858875910169445e-05
17634,0.00024080052389763296,2.7862342903972603e-05
17635,0.0002443610574118793,2.779779606498778e-05
17636,0.00023516302462667227,2.7654772566165775e-05
17637,0.0002576996339485049,2.764235614449717e-05
17638,0.0003139558539260179,2.761705945886206e-05
17639,0.00039383640978485346,2.750579187704716e-05
17640,0.0004784238408319652,2.7465395760373212e-05
17641,0.0005756613682024181,2.7431231501395814e-05
17642,0.0006819438422098756,2.7376425350666977e-05
17643,0.0008236141875386238,2.735171619860921e-05
17644,0.0009408850455656648,2.728697654674761e-05
17645,0.0010760999284684658,2.7245630917605013e-05
17646,0.001093684695661068,2.722491444728803e-05
17647,0.0010528427083045244,2.715090158744715e-05
17648,0.0008541757706552744,2.710078115342185e-05
17649,0.000617052020970732,2.7073287128587253e-05
17650,0.00040348712354898453,2.7023639631806873e-05
17651,0.0002975040697492659,2.6986454031430185e-05
17652,0.00029693724354729056,2.696529554668814e-05
17653,0.0003342842683196068,2.692637099244166e-05
17654,0.0003509383532218635,2.6889689252129756e-05
17655,0.0003169773845002055,2.686711923161056e-05
17656,0.00026376405730843544,2.6823132429854013e-05
17657,0.00022099053603596985,2.6782305212691426e-05
17658,0.00021012000797782093,2.675209179869853e-05
17659,0.00022598644136451185,2.6716657885117456e-05
17660,0.00024784490233287215,2.6684983822633512e-05
17661,0.0002626893692649901,2.6653995519154705e-05
17662,0.0002625102933961898,2.6623976737027988e-05
17663,0.00025642552645877004,2.6598961994750425e-05
17664,0.0002531452919356525,2.657045297382865e-05
17665,0.0002524643496144563,2.6538382371654734e-05
17666,0.00025746788014657795,2.651146860443987e-05
17667,0.0002477623347658664,2.6484489353606477e-05
17668,0.00023583533766213804,2.645429049152881e-05
17669,0.00021466737962327898,2.642723666212987e-05
17670,0.0002048156165983528,2.6401205104775727e-05
17671,0.0002061838167719543,2.6374067601864226e-05
17672,0.00022184835688676685,2.6348787287133746e-05
17673,0.00024303204554598778,2.632418727444019e-05
17674,0.00026354641886428,2.6297821023035794e-05
17675,0.0002789763384498656,2.6273075491189957e-05
17676,0.00029061472741886973,2.6248844733345322e-05
17677,0.00030182977207005024,2.622530701046344e-05
17678,0.0003200420178472996,2.6200286811217666e-05
17679,0.00034301867708563805,2.6175925086135976e-05
17680,0.0003768775495700538,2.6153382350457832e-05
17681,0.00040716968942433596,2.613087599456776e-05
17682,0.00044438388431444764,2.6108575184480287e-05
17683,0.00046971661504358053,2.6086070647579618e-05
17684,0.0005036145448684692,2.6064421035698615e-05
17685,0.0005250046378932893,2.604281144158449e-05
17686,0.0005539892008528113,2.602099448267836e-05
17687,0.0005686774384230375,2.5998988348874263e-05
17688,0.0005793791497126222,2.5977937184507027e-05
17689,0.0005714329308830202,2.5957540856325068e-05
17690,0.000547226460184902,2.593708450149279e-05
17691,0.000504485797137022,2.5915996957337484e-05
17692,0.00044797337613999844,2.5895826183841564e-05
17693,0.000383779319236055,2.5875287974486127e-05
17694,0.00032107619335874915,2.585609399829991e-05
17695,0.00026382884243503213,2.583667082944885e-05
17696,0.00021851877681910992,2.5817746063694358e-05
17697,0.00018361683760304004,2.5798646674957126e-05
17698,0.00016035485896281898,2.5779731004149653e-05
17699,0.00014531434862874448,2.5760818971320987e-05
17700,0.00013717102410737425,2.5742396246641874e-05
17701,0.0001331391540588811,2.5724366423673928e-05
17702,0.00013201372348703444,2.5705687221488915e-05
17703,0.00013218830281402916,2.5688084861030802e-05
17704,0.0001328427460975945,2.567036972322967e-05
17705,0.00013317426783032715,2.565261638665106e-05
17706,0.00013261716230772436,2.5634990379330702e-05
17707,0.0001313066459260881,2.5617420760681853e-05
17708,0.000129243970150128,2.559999848017469e-05
17709,0.0001271247019758448,2.5583527531125583e-05
17710,0.00012520178279373795,2.5566077965777367e-05
17711,0.00012417718244250864,2.555025821493473e-05
17712,0.0001244146260432899,2.5533154257573187e-05
17713,0.0001266342878807336,2.551675061113201e-05
17714,0.00013143429532647133,2.5501101845293306e-05
17715,0.00014000448572915047,2.5484607249381952e-05
17716,0.00015360015095211565,2.5468714738963172e-05
17717,0.00017510823090560734,2.5453176931478083e-05
17718,0.00020704325288534164,2.5437593649257906e-05
17719,0.00025680498220026493,2.542249785619788e-05
17720,0.00032805162481963634,2.5406738132005557e-05
17721,0.00043916847789660096,2.539148772484623e-05
17722,0.0005903685814701021,2.5377079509780742e-05
17723,0.0008222656324505806,2.5362587621202692e-05
17724,0.0011067412560805678,2.5348297640448436e-05
17725,0.0015096348943188787,2.5334999008919112e-05
17726,0.0019005965441465378,2.5321676730527543e-05
17727,0.0023267425131052732,2.531047721276991e-05
17728,0.0025342691224068403,2.5300474590039812e-05
17729,0.002533332211896777,2.5293335056630895e-05
17730,0.0023118951357901096,2.5289560653618537e-05
17731,0.001939229085110128,2.529279845475685e-05
17732,0.001665499061346054,2.5306981115136296e-05
17733,0.0013868424575775862,2.533692713768687e-05
17734,0.001136409118771553,2.539461274864152e-05
17735,0.0008510121842846274,2.5496437956462614e-05
17736,0.0006732218898832798,2.567065166658722e-05
17737,0.0006401777500286698,2.596613012428861e-05
17738,0.0007371499668806791,2.6464123948244378e-05
17739,0.0008451480534859002,2.7304333343636245e-05
17740,0.0008261161274276674,2.8720134650939144e-05
17741,0.0006766791921108961,3.111772093689069e-05
17742,0.0004369447415228933,3.518586891004816e-05
17743,0.0002615904086269438,4.2141869926126674e-05
17744,0.0002424784906907007,5.4045915021561086e-05
17745,0.0003609110426623374,7.458374602720141e-05
17746,0.0004991078749299049,0.00010989817383233458
17747,0.0005354851600714028,0.00017107596795540303
17748,0.0004584691487252712,0.00027547203353606164
17749,0.0003372840001247823,0.0004537103231996298
17750,0.00026858056662604213,0.0007447083480656147
17751,0.0002880895044654608,0.001206913380883634
17752,0.00034771848004311323,0.0018500786973163486
17753,0.0003895300324074924,0.002626031171530485
17754,0.00036407209699973464,0.0031695219222456217
17755,0.00029736891156062484,0.0030641823541373014
17756,0.00022490476840175688,0.0019998399075120687
17757,0.0001901553914649412,0.0006889990181662142
17758,0.00019464592332951725,0.00016211852198466659
17759,0.00021445416496135294,0.0006754434434697032
17760,0.00022029236424714327,0.0013287600595504045
17761,0.00019808085926342756,0.0011912975460290909
17762,0.00016142557433340698,0.0004256602260284126
17763,0.00013196433428674936,4.339405131759122e-05
17764,0.0001249404449481517,0.00040342321153730154
17765,0.00013710129132959992,0.0007836112636141479
17766,0.0001520610530860722,0.0005764283123426139
17767,0.00015567391528747976,0.00014617164561059326
17768,0.00014367538096848875,0.000134621950564906
17769,0.00012472204980440438,0.0004146249848417938
17770,0.00010997030767612159,0.00043417431879788637
17771,0.00010611885227262974,0.00016455513832625002
17772,0.00011168801574967802,5.388254430727102e-05
17773,0.00011995803652098402,0.00021984295744914562
17774,0.0001244519662577659,0.00031599588692188263
17775,0.00012250141298864037,0.00017746584489941597
17776,0.00011630462540779263,5.1465809519868344e-05
17777,0.00011017810902558267,0.00011499110405566171
17778,0.00010773348913062364,0.0002008705778280273
17779,0.00010953171295113862,0.0001435809681424871
17780,0.00011327845277264714,4.976274794898927e-05
17781,0.00011594979150686413,6.934291741345078e-05
17782,0.00011576199176488444,0.0001378102315356955
17783,0.00011347781401127577,0.00012212742876727134
17784,0.00011101235577370971,5.355937173590064e-05
17785,0.00011058893142035231,4.392762275529094e-05
17786,0.00011295784497633576,8.749259723117575e-05
17787,0.00011774999438785017,9.298614895669743e-05
17788,0.00012386513117235154,5.0653299695113674e-05
17789,0.00013057247269898653,3.354574801051058e-05
17790,0.00013824467896483839,6.0988502809777856e-05
17791,0.0001483621308580041,7.618243398610502e-05
17792,0.00016313046216964722,5.20663452334702e-05
17793,0.0001862863718997687,3.0349860026035458e-05
17794,0.00021941664454061538,4.127941429032944e-05
17795,0.0002708011888898909,5.726948074880056e-05
17796,0.00033724101376719773,4.8127891204785556e-05
17797,0.00043933093547821045,2.9994838769198395e-05
17798,0.000556122453417629,3.102794289588928e-05
17799,0.0007285052561201155,4.438483665580861e-05
17800,0.0008821488008834422,4.5406995923258364e-05
17801,0.0010741540463641286,3.329890387249179e-05
17802,0.0011484456481412053,2.7790812964667566e-05
17803,0.0011807986302301288,3.453151657595299e-05
17804,0.0010583578841760755,3.9283109799725935e-05
17805,0.000919021142181009,3.370104604982771e-05
17806,0.0008305988740175962,2.696839874261059e-05
17807,0.0009172739810310304,2.8396951165632345e-05
17808,0.0012193674920126796,3.3383774280082434e-05
17809,0.0017785949166864157,3.307480801595375e-05
17810,0.002374732866883278,2.8441503673093393e-05
17811,0.003015409456565976,2.6758372769108973e-05
17812,0.0029226760379970074,2.9480364901246503e-05
17813,0.0023239704314619303,3.123189526377246e-05
17814,0.0011630697408691049,2.9141327104298398e-05
17815,0.0005539761623367667,2.657526965776924e-05
17816,0.0007746456540189683,2.6929754312732257e-05
17817,0.0011252821423113346,2.8659556846832857e-05
17818,0.000948358909226954,2.855095408449415e-05
17819,0.000496831547934562,2.6767680537886918e-05
17820,0.0005051447660662234,2.593392855487764e-05
17821,0.0008481700206175447,2.6823196094483137e-05
17822,0.0009441525326110423,2.7599722670856863e-05
17823,0.0005589378997683525,2.6983467250829563e-05
17824,0.00024717446649447083,2.597239836177323e-05
17825,0.000332995958160609,2.5959172489820048e-05
17826,0.0005403724499046803,2.6654764951672405e-05
17827,0.00047800573520362377,2.6825078748515807e-05
17828,0.0002565882168710232,2.621732528496068e-05
17829,0.00021531508537009358,2.572338235040661e-05
17830,0.0003692145983222872,2.591258817119524e-05
17831,0.00045831428724341094,2.6301269826944917e-05
17832,0.0003447347553446889,2.6221616280963644e-05
17833,0.00021355217904783785,2.5777679184102453e-05
17834,0.000209410471143201,2.5555298634571955e-05
17835,0.0002790543658193201,2.5737952455529012e-05
17836,0.00029919808730483055,2.5932216885848902e-05
17837,0.00024611488333903253,2.580722502898425e-05
17838,0.000195258719031699,2.5524175725877285e-05
17839,0.0002015740901697427,2.543132177379448e-05
17840,0.00024289460270665586,2.5564551833667792e-05
17841,0.0002497817622497678,2.5662651751190424e-05
17842,0.0002085451124003157,2.5564691895851865e-05
17843,0.0001724205503705889,2.5402649043826386e-05
17844,0.00019076737225987017,2.537179534556344e-05
17845,0.00023996576783247292,2.546936593716964e-05
17846,0.0002640917373355478,2.5538560294080526e-05
17847,0.00026267918292433023,2.5499628463876434e-05
17848,0.0002652633411344141,2.544277776905801e-05
17849,0.000302645203191787,2.5480785552645102e-05
17850,0.0003618374466896057,2.561056135164108e-05
17851,0.0004222503339406103,2.5753179215826094e-05
17852,0.000477910740301013,2.5881874535116367e-05
17853,0.000538654625415802,2.606259658932686e-05
17854,0.0006293964106589556,2.6388359401607886e-05
17855,0.0007359996670857072,2.6900625016423874e-05
17856,0.0008545046439394355,2.7627649615169503e-05
17857,0.0009461288573220372,2.864192174456548e-05
17858,0.0010250748600810766,3.0141651222947985e-05
17859,0.0010736673139035702,3.239120269427076e-05
17860,0.0010893158614635468,3.581554119591601e-05
17861,0.0010450215777382255,4.0931645344244316e-05
17862,0.0009250017465092242,4.8763587983557954e-05
17863,0.0007502491353079677,6.0593567468458787e-05
17864,0.0005430176388472319,7.909510895842686e-05
17865,0.00035469140857458115,0.00010723536252044141
17866,0.0002107512264046818,0.0001518620556453243
17867,0.00013167176803108305,0.00021932560775894672
17868,0.00011635440750978887,0.0003271055466029793
17869,0.00015422742580994964,0.0004853684804402292
17870,0.00022502068895846605,0.0007347508217208087
17871,0.00030207118834368885,0.0010703328298404813
17872,0.0003667288110591471,0.001561296870931983
17873,0.0004015844315290451,0.002075185300782323
17874,0.00041269519715569913,0.002645197557285428
17875,0.00039449636824429035,0.0027910564094781876
17876,0.0003620154457166791,0.002539834938943386
17877,0.00031265366123989224,0.001598481321707368
17878,0.00026021659141406417,0.0005978618864901364
17879,0.00020663568284362555,5.965940363239497e-05
17880,0.00016278261318802834,0.0002436475915601477
17881,0.00013109362043906003,0.0007801645551808178
17882,0.00011319770419504493,0.001022675191052258
17883,0.00010652456694515422,0.0007557999924756587
17884,0.00010834485874511302,0.00024968202342279255
17885,0.00011642113531706855,5.045410944148898e-05
17886,0.00012909082579426467,0.0002637790166772902
17887,0.00014528883912134916,0.0005235910066403449
17888,0.000163214179337956,0.000493967963848263
17889,0.00018329976592212915,0.00021963912877254188
17890,0.00020319664326962084,5.313699148246087e-05
17891,0.00022664872813038528,0.00014453699986916035
17892,0.000250471115577966,0.0003035517584066838
17893,0.00028049328830093145,0.00029777971212752163
17894,0.0003105639771092683,0.000141227210406214
17895,0.00034828984644263983,4.475322930375114e-05
17896,0.0003839172422885895,0.00010189212480327114
17897,0.00042819781810976565,0.00019687855092342943
17898,0.000466395664261654,0.00018956327403429896
17899,0.0005122798611409962,9.380256233271211e-05
17900,0.0005452663754113019,3.540324905770831e-05
17901,0.0005807339330203831,6.989188841544092e-05
17902,0.0005959158297628164,0.00012873311061412096
17903,0.0006054067052900791,0.00012806168524548411
17904,0.0005920800613239408,7.264312444021925e-05
17905,0.0005669364472851157,3.423762245802209e-05
17906,0.0005239232559688389,4.996514326194301e-05
17907,0.0004696192336268723,8.480461838189512e-05
17908,0.0004079054924659431,8.868407167028636e-05
17909,0.0003425858449190855,5.883959602215327e-05
17910,0.00028088947874493897,3.427879710216075e-05
17911,0.0002251327532576397,3.977194137405604e-05
17912,0.00017986072634812444,5.9700461861211807e-05
17913,0.00014570061466656625,6.500325253000483e-05
17914,0.00012315527419559658,4.9533715355210006e-05
17915,0.00011099396215286106,3.3135656849481165e-05
17916,0.00010740636207628995,3.27741181536112e-05
17917,0.0001102802634704858,4.398925375426188e-05
17918,0.00011762204667320475,5.0435090088285506e-05
17919,0.00012794608483090997,4.432007699506357e-05
17920,0.0001402631460223347,3.350363112986088e-05
17921,0.00015437898400705308,2.936387863883283e-05
17922,0.00017063040286302567,3.396232568775304e-05
17923,0.00018969099619425833,3.967079828726128e-05
17924,0.00021360654500313103,3.930382081307471e-05
17925,0.00024269844288937747,3.375061714905314e-05
17926,0.00028209955780766904,2.9144859581720084e-05
17927,0.0003296664508525282,2.9435817850753665e-05
17928,0.0003968218807131052,3.268871660111472e-05
17929,0.00047397628077305853,3.437365739955567e-05
17930,0.0005834023468196392,3.259690129198134e-05
17931,0.0006964623462408781,2.9407183319563046e-05
17932,0.000848869327455759,2.7904819944524206e-05
17933,0.0009751011384651065,2.8891303372802213e-05
17934,0.001119005959481001,3.058841684833169e-05
17935,0.0011821071384474635,3.0891416827216744e-05
17936,0.0012078462168574333,2.9459819415933453e-05
17937,0.001138015533797443,2.7718557248590514e-05
17938,0.0010146308923140168,2.7143927582073957e-05
17939,0.0008785969694145024,2.786671211651992e-05
17940,0.0007445114315487444,2.8798423954867758e-05
17941,0.0006622915389016271,2.8869460948044434e-05
17942,0.0005963193252682686,2.800464972096961e-05
17943,0.0005511670024134219,2.700094410101883e-05
17944,0.00049329869216308,2.663612576725427e-05
17945,0.00044063961831852794,2.6982119379681535e-05
17946,0.0003942502080462873,2.7490390493767336e-05
17947,0.0003815453383140266,2.7593217964749783e-05
17948,0.00039492876385338604,2.7184632926946506e-05
17949,0.00042861359543167055,2.6614627131493762e-05
17950,0.00045522715663537383,2.6303821869078092e-05
17951,0.00045878038508817554,2.6386969693703577e-05
17952,0.00043531242408789694,2.6650810468709096e-05
17953,0.00039002607809379697,2.677951670193579e-05
17954,0.00034045433858409524,2.6634152163751423e-05
17955,0.0002947673201560974,2.6322346457163803e-05
17956,0.000259906257269904,2.60676970356144e-05
17957,0.00023556200903840363,2.6011479349108413e-05
17958,0.00021836048108525574,2.6113724743481725e-05
17959,0.00020683917682617903,2.6222252927254885e-05
17960,0.00019588079885579646,2.621352905407548e-05
17961,0.0001847174862632528,2.607818169053644e-05
17962,0.00017115144873969257,2.5901921617332846e-05
17963,0.00015670034918002784,2.5785318939597346e-05
17964,0.00014281485346145928,2.576949009380769e-05
17965,0.00013138464419171214,2.5816263587330468e-05
17966,0.0001233957300428301,2.5850964448181912e-05
17967,0.00011920723045477644,2.5827044737525284e-05
17968,0.00011860918311867863,2.5744946469785646e-05
17969,0.00012072269601048902,2.564794704085216e-05
17970,0.00012422319559846073,2.5579640350770205e-05
17971,0.00012724389671348035,2.5556371838320047e-05
17972,0.00012851410428993404,2.5561696020304225e-05
17973,0.00012752234761137515,2.5566143449395895e-05
17974,0.00012480975419748574,2.5547065888531506e-05
17975,0.00012147024972364306,2.5504275981802493e-05
17976,0.0001185598666779697,2.5450253815506585e-05
17977,0.00011686257494147867,2.5404142434126697e-05
17978,0.00011689061648212373,2.5375196855748072e-05
17979,0.00011893451301148161,2.5360475774505176e-05
17980,0.00012363972200546414,2.5350154828629456e-05
17981,0.00013155533815734088,2.5334586098324507e-05
17982,0.00014444408589042723,2.5309069314971566e-05
17983,0.00016401431639678776,2.5276698579546064e-05
17984,0.00019534706370905042,2.524331648601219e-05
17985,0.00024238979676738381,2.5215602363459766e-05
17986,0.0003194142773281783,2.519277586543467e-05
17987,0.00043134402949362993,2.5176464987453073e-05
17988,0.0006167134852148592,2.516095628379844e-05
17989,0.0008627842762507498,2.5143895982182585e-05
17990,0.0012571391416713595,2.5123545128735714e-05
17991,0.0016747236950322986,2.5099927370320074e-05
17992,0.002240713220089674,2.5075063604163006e-05
17993,0.002535824663937092,2.5052671844605356e-05
17994,0.0026686061173677444,2.5031689801835455e-05
17995,0.0023178576957434416,2.5013574486365542e-05
17996,0.0018231383292004466,2.4996303181978874e-05
17997,0.0015945740742608905,2.4980410671560094e-05
17998,0.0017713210545480251,2.496337765478529e-05
17999,0.002283920766785741,2.4944942197180353e-05
18000,0.0025007924996316433,2.4925951947807334e-05
18001,0.0022453342098742723,2.490681072231382e-05
18002,0.0014011578168720007,2.4888109692255966e-05
18003,0.0006060018204152584,2.4870158085832372e-05
18004,0.00029943411936983466,2.485305958543904e-05
18005,0.0005323378718458116,2.48375981755089e-05
18006,0.0009595217416062951,2.482196214259602e-05
18007,0.0011175444815307856,2.4806442525004968e-05
18008,0.0009106778306886554,2.4789813323877752e-05
18009,0.0005368231213651597,2.4773722543613985e-05
18010,0.000365628395229578,2.4757238861639053e-05
18011,0.00045940896961838007,2.474031316523906e-05
18012,0.0005874845664948225,2.4724895411054604e-05
18013,0.000543994945473969,2.4708797354833223e-05
18014,0.0003666097763925791,2.4693363229744136e-05
18015,0.00026698102010414004,2.4678625777596608e-05
18016,0.0003155279846396297,2.466411388013512e-05
18017,0.0003895037807524204,2.464956560288556e-05
18018,0.0003584410296753049,2.4635475710965693e-05
18019,0.0002425819111522287,2.462086922605522e-05
18020,0.0001740192819852382,2.460635732859373e-05
18021,0.00020659864821936935,2.4592041881987825e-05
18022,0.00027516717091202736,2.4577242584200576e-05
18023,0.0002945800079032779,2.4563334591221064e-05
18024,0.000246453273575753,2.4549397494411096e-05
18025,0.00019256866653449833,2.4535565898986533e-05
18026,0.0001725640904624015,2.4521803425159305e-05
18027,0.0001953083265107125,2.450799183861818e-05
18028,0.00022703585273120552,2.4495262550772168e-05
18029,0.0002334045566385612,2.4482296794303693e-05
18030,0.00020665928605012596,2.4469078198308125e-05
18031,0.00016904657240957022,2.4456459868815728e-05
18032,0.00015456174151040614,2.444335950713139e-05
18033,0.00017176760593429208,2.4430994017166086e-05
18034,0.0001942940871231258,2.441823744447902e-05
18035,0.0001973311445908621,2.440603930153884e-05
18036,0.00017319789913017303,2.4394365027546883e-05
18037,0.000152428459841758,2.438245792291127e-05
18038,0.00015241910296026617,2.437222792650573e-05
18039,0.00016932493599597365,2.4362492695217952e-05
18040,0.00018390765762887895,2.4353455955861136e-05
18041,0.00018510047812014818,2.43462036451092e-05
18042,0.00018020397692453116,2.4341405151062645e-05
18043,0.0001823566562961787,2.4338762159459293e-05
18044,0.0001954273320734501,2.4341245079995133e-05
18045,0.0002195873821619898,2.434986163279973e-05
18046,0.00024328938161488622,2.4368870072066784e-05
18047,0.00027266491088084877,2.4404245777986944e-05
18048,0.000302472326438874,2.446256621624343e-05
18049,0.0003469730436336249,2.455876165186055e-05
18050,0.00040213880129158497,2.4712424419703893e-05
18051,0.00047650994383729994,2.495610351616051e-05
18052,0.0005565059836953878,2.534446684876457e-05
18053,0.0006512284162454307,2.596093872853089e-05
18054,0.0007377631845884025,2.695251714612823e-05
18055,0.0008377244812436402,2.853720070561394e-05
18056,0.0009035869734361768,3.111435580649413e-05
18057,0.0009610283304937184,3.5279612347949296e-05
18058,0.00094409822486341,4.216866727801971e-05
18059,0.0008870307938195765,5.340647476259619e-05
18060,0.0007599969394505024,7.231539348140359e-05
18061,0.0006065305205993354,0.00010329402721254155
18062,0.0004448742256499827,0.0001563078403705731
18063,0.0003020007279701531,0.00024257483892142773
18064,0.00019674519717227668,0.00039187591755762696
18065,0.00013425944780465215,0.00062656553927809
18066,0.00011609539069468156,0.0010285439202561975
18067,0.00013662637502420694,0.0015953064430505037
18068,0.00018520656158216298,0.0024886925239115953
18069,0.0002465940488036722,0.0033782157115638256
18070,0.0003059529699385166,0.0043481746688485146
18071,0.00035339713213033974,0.004188266582787037
18072,0.00038479373324662447,0.003226053901016712
18073,0.00040115887532010674,0.0013750576181337237
18074,0.000409122061682865,0.00021421234123408794
18075,0.00040403689490631223,0.0003517018922138959
18076,0.0003964084025938064,0.0011958159739151597
18077,0.00037233420880511403,0.001683621434494853
18078,0.0003462038584984839,0.0012221146607771516
18079,0.00030751380836591125,0.0005413379985839128
18080,0.0002704216749407351,0.00035452653537504375
18081,0.00023135283845476806,0.0006981682381592691
18082,0.0001977755455300212,0.0010178188094869256
18083,0.00016886807861737907,0.0009756892104633152
18084,0.00014626490883529186,0.000795918982475996
18085,0.00012957165017724037,0.0007680956623516977
18086,0.0001181872357847169,0.000941369857173413
18087,0.00011126846220577136,0.0012194974115118384
18088,0.00010763449245132506,0.001408205134794116
18089,0.00010624410060700029,0.001449519069865346
18090,0.00010632672638166696,0.001299998490139842
18091,0.00010755323455668986,0.0011532353237271309
18092,0.00010989702423103154,0.000984912388958037
18093,0.00011345879465807229,0.0006720972596667707
18094,0.00011826226545963436,0.0002685555664356798
18095,0.00012435033568181098,8.181940211215988e-05
18096,0.00013180976384319365,0.0002494862419553101
18097,0.00014134748198557645,0.0005027080187574029
18098,0.00015358423115685582,0.0005225491477176547
18099,0.0001706921320874244,0.0003377796383574605
18100,0.00019356561824679375,0.00019195016648154706
18101,0.0002266730589326471,0.00016560206131543964
18102,0.0002707652747631073,0.0001729098439682275
18103,0.0003351149498485029,0.00017064574058167636
18104,0.0004191870684735477,0.00019879017781931907
18105,0.0005419403896667063,0.00023591522767674178
18106,0.0006945191416889429,0.00019311583309900016
18107,0.0009101649629883468,8.770461136009544e-05
18108,0.0011475940700620413,3.959215973736718e-05
18109,0.0014464149717241526,9.890379442367703e-05
18110,0.001694698934443295,0.00016875017900019884
18111,0.0019077479373663664,0.00015025053289718926
18112,0.001948877121321857,7.749862561468035e-05
18113,0.0018170310650020838,4.195478686597198e-05
18114,0.0015450762584805489,6.241493974812329e-05
18115,0.0011646385537460446,8.63472669152543e-05
18116,0.0008231917745433748,8.227858052123338e-05
18117,0.0005349585553631186,6.906492490088567e-05
18118,0.00036129774525761604,6.39880308881402e-05
18119,0.0003046760684810579,5.883864650968462e-05
18120,0.00036484928568825126,4.721065852208994e-05
18121,0.0004911973956041038,4.115536285098642e-05
18122,0.0006229905993677676,4.891797652817331e-05
18123,0.0006967251538299024,5.7831919548334554e-05
18124,0.0006679903017356992,5.3498497436521575e-05
18125,0.0005562113947235048,4.076918776263483e-05
18126,0.0003968970850110054,3.469083094387315e-05
18127,0.0002565710456110537,3.8359870814019814e-05
18128,0.00017829940770752728,4.154602356720716e-05
18129,0.00016679955297149718,3.8387850509025156e-05
18130,0.00019688809697981924,3.4323449654038996e-05
18131,0.0002326941175851971,3.5277524148114026e-05
18132,0.00025472952984273434,3.8250691432040185e-05
18133,0.0002596084959805012,3.675440530059859e-05
18134,0.00025909708347171545,3.113977436441928e-05
18135,0.0002625579945743084,2.7462492653285153e-05
18136,0.0002706307568587363,2.9044895200058818e-05
18137,0.0002883670385926962,3.2671036024112254e-05
18138,0.00030067595071159303,3.364633448654786e-05
18139,0.000318312959279865,3.1495925213675946e-05
18140,0.0003235621261410415,2.89424933725968e-05
18141,0.00033082161098718643,2.7884012524737045e-05
18142,0.0003255161573179066,2.7722000595531426e-05
18143,0.0003181781794410199,2.7516012778505683e-05
18144,0.000297436083201319,2.753580702119507e-05
18145,0.0002716884482651949,2.8196272978675552e-05
18146,0.00023868300195317715,2.880079955502879e-05
18147,0.0002081987913697958,2.8278634999878705e-05
18148,0.00018283474491909146,2.683298589545302e-05
18149,0.00016594382759649307,2.576897713879589e-05
18150,0.00015506590716540813,2.5846609787549824e-05
18151,0.00014720352191943675,2.645210042828694e-05
18152,0.0001392583071719855,2.66024890152039e-05
18153,0.00013073380978312343,2.619148654048331e-05
18154,0.00012265294208191335,2.585720721981488e-05
18155,0.00011710602848324925,2.596019476186484e-05
18156,0.00011526014714036137,2.615190351207275e-05
18157,0.00011701614130288363,2.59637126873713e-05
18158,0.000120962766231969,2.5444092898396775e-05
18159,0.00012501890887506306,2.503624818928074e-05
18160,0.00012751048780046403,2.5003453629324213e-05
18161,0.0001276245602639392,2.5188295694533736e-05
18162,0.000125831036712043,2.5298912078142166e-05
18163,0.00012333161430433393,2.5255825676140375e-05
18164,0.00012167579552624375,2.517677603464108e-05
18165,0.0001218768156832084,2.5133358576567844e-05
18166,0.00012466493353713304,2.5059856852749363e-05
18167,0.00012990820687264204,2.4896926333894953e-05
18168,0.00013808681978844106,2.470999606885016e-05
18169,0.00014905151329003274,2.4619102987344377e-05
18170,0.0001649682380957529,2.464882163621951e-05
18171,0.00018643529620021582,2.4707545890123583e-05
18172,0.00021946460765320808,2.4702550945221446e-05
18173,0.0002642835897859186,2.4632168788230047e-05
18174,0.00033480420825071633,2.456585571053438e-05
18175,0.00042576712439768016,2.455096910125576e-05
18176,0.0005676140426658094,2.4563269107602537e-05
18177,0.000732491840608418,2.4548766305088066e-05
18178,0.000977397314272821,2.4486331312800758e-05
18179,0.0012097961734980345,2.4403985662502237e-05
18180,0.0015057186828926206,2.434333691780921e-05
18181,0.0016772105591371655,2.431606662867125e-05
18182,0.0017938711680471897,2.4301982193719596e-05
18183,0.0017214303370565176,2.4283714083139785e-05
18184,0.0015379443066194654,2.426046376058366e-05
18185,0.0013456380693241954,2.4246410248451866e-05
18186,0.0011596539989113808,2.4241506253019907e-05
18187,0.0010566872078925371,2.4234394004452042e-05
18188,0.0009323374251835048,2.4215411031036638e-05
18189,0.0008005971903912723,2.418903386569582e-05
18190,0.0006495809648185968,2.4167449737433344e-05
18191,0.0005713246064260602,2.4157145162462257e-05
18192,0.0005741132772527635,2.4155175196938217e-05
18193,0.0006580253830179572,2.4149494493030943e-05
18194,0.00074661715188995,2.414102891634684e-05
18195,0.0007668646867386997,2.413597030681558e-05
18196,0.000691329303663224,2.4148237571353093e-05
18197,0.0005258482997305691,2.418542862869799e-05
18198,0.0003486407222226262,2.4254022719105706e-05
18199,0.0002258919266751036,2.4362956537515856e-05
18200,0.00018924899632111192,2.4534721887903288e-05
18201,0.0002168983337469399,2.480670991644729e-05
18202,0.0002603676402941346,2.5236869987566024e-05
18203,0.00028547478723339736,2.591589691292029e-05
18204,0.00028224012930877507,2.6979727408615872e-05
18205,0.00026810442795976996,2.8661583201028407e-05
18206,0.0002579527790658176,3.1322677386924624e-05
18207,0.00026177067775279284,3.558849130058661e-05
18208,0.00027945407782681286,4.241017086314969e-05
18209,0.0002983355661854148,5.348145350581035e-05
18210,0.00032007202389650047,7.130954327294603e-05
18211,0.000324365304550156,0.00010055359598482028
18212,0.00033064797753468156,0.00014763082435820252
18213,0.00032517797080799937,0.00022509336122311652
18214,0.00033027856261469424,0.00034756853710860014
18215,0.0003309347084723413,0.0005453679477795959
18216,0.0003312602639198303,0.0008378865895792842
18217,0.0003167025570292026,0.001272372785024345
18218,0.000291347416350618,0.001793134375475347
18219,0.00025870895478874445,0.0023636468686163425
18220,0.00023020239314064384,0.0026136667001992464
18221,0.0002109902852680534,0.0023942531552165747
18222,0.0002024511486524716,0.0015151499537751079
18223,0.00019861140754073858,0.000551076082047075
18224,0.00019595707999542356,9.274009062210098e-05
18225,0.00018936619744636118,0.00033808103762567043
18226,0.0001814849383663386,0.0008663997869007289
18227,0.000172829459188506,0.0010640110122039914
18228,0.00016911292914301157,0.0007509835413657129
18229,0.00017069632303901017,0.00025403950712643564
18230,0.00017955017392523587,7.65328950365074e-05
18231,0.00019193513435311615,0.0002990996581502259
18232,0.00020665963529609144,0.0005555282114073634
18233,0.00021940976148471236,0.0005239895544946194
18234,0.0002317720209248364,0.0002469469327479601
18235,0.00024219519400503486,5.760846397606656e-05
18236,0.0002563056768849492,0.00012644102389458567
18237,0.000271648692432791,0.0003038638678845018
18238,0.0002948610344901681,0.0003538945165928453
18239,0.0003186974790878594,0.00021868391195312142
18240,0.0003515586140565574,6.653553282376379e-05
18241,0.0003823563747573644,4.8001187678892165e-05
18242,0.0004242761933710426,0.00014260680472943932
18243,0.0004643044958356768,0.0002115667302859947
18244,0.0005206876085139811,0.00017057998047675937
18245,0.0005781385116279125,7.882146746851504e-05
18246,0.0006589135737158358,3.780084807658568e-05
18247,0.0007416707812808454,7.506700058002025e-05
18248,0.0008533551008440554,0.00012792022607754916
18249,0.0009550582617521286,0.00012891636288259178
18250,0.0010792535031214356,7.999453373486176e-05
18251,0.0011487763840705156,3.471516174613498e-05
18252,0.0011989151826128364,3.399823253857903e-05
18253,0.0011209991062059999,6.559053144883364e-05
18254,0.0009708348661661148,8.668567897984758e-05
18255,0.000712818989995867,7.422503404086456e-05
18256,0.00045627751387655735,4.424825237947516e-05
18257,0.0002740398049354553,2.8378184651955962e-05
18258,0.00022192939650267363,3.747462324099615e-05
18259,0.00028685503639280796,5.5066600907593966e-05
18260,0.0003930754610337317,5.995716492179781e-05
18261,0.0004794806591235101,4.761868331115693e-05
18262,0.0004817724693566561,3.156484308419749e-05
18263,0.00043300975812599063,2.614060213090852e-05
18264,0.00034854019759222865,3.3149692171718925e-05
18265,0.00028960296185687184,4.2490642954362556e-05
18266,0.00027460342971608043,4.381112739793025e-05
18267,0.0003037071437574923,3.65323867299594e-05
18268,0.0003577017050702125,2.8352849767543375e-05
18269,0.0004063362430315465,2.653733463375829e-05
18270,0.0004434568400029093,3.095421925536357e-05
18271,0.0004535219632089138,3.5737291909754276e-05
18272,0.0004531239392235875,3.594443842303008e-05
18273,0.0004354402772150934,3.177998587489128e-05
18274,0.0004169699677731842,2.7362855689716525e-05
18275,0.00039170647505670786,2.6266568966093473e-05
18276,0.00037594392779283226,2.855913044186309e-05
18277,0.00036863944842480123,3.1458286684937775e-05
18278,0.0003820634738076478,3.2307900255545974e-05
18279,0.0004184638964943588,3.0908351618563756e-05
18280,0.0004670130438171327,2.9206474209786393e-05
18281,0.0005373946623876691,2.9260438168421388e-05
18282,0.0005851230234839022,3.151691271341406e-05
18283,0.0006401072023436427,3.489879600238055e-05
18284,0.0006384399021044374,3.8152444176375866e-05
18285,0.0006305041024461389,4.108256325707771e-05
18286,0.0005719510954804718,4.479232302401215e-05
18287,0.000512575963512063,5.094358493806794e-05
18288,0.0004477736074477434,6.093779666116461e-05
18289,0.0003969345707446337,7.566410204162821e-05
18290,0.0003653226303867996,9.612796566216275e-05
18291,0.00034066842636093497,0.00012439153215382248
18292,0.0003206194087397307,0.0001641998824197799
18293,0.00029185489984229207,0.00022096646716818213
18294,0.0002580092696007341,0.000301756605040282
18295,0.00021985740750096738,0.0004147749568801373
18296,0.00018626500968821347,0.000568465213291347
18297,0.00016089266864582896,0.0007694069645367563
18298,0.0001472354051657021,0.0010153314797207713
18299,0.00014420319348573685,0.001287449966184795
18300,0.00015056623669806868,0.001536249415948987
18301,0.00016414187848567963,0.0016799373552203178
18302,0.00018254226597491652,0.001626551733352244
18303,0.0002043435233645141,0.0013296410907059908
18304,0.00022577858180738986,0.0008539841510355473
18305,0.00024634788860566914,0.0003742690896615386
18306,0.00026302714832127094,8.102519495878369e-05
18307,0.00027877543470822275,5.8794485084945336e-05
18308,0.00029557818197645247,0.0002410081069683656
18309,0.00031878205481916666,0.0004638022801373154
18310,0.0003564144135452807,0.0005746970418840647
18311,0.0004083606181666255,0.0005033919587731361
18312,0.0004894869052805007,0.0003115434665232897
18313,0.0005833362229168415,0.00011901825928362086
18314,0.0007158427615649998,3.3635718864388764e-05
18315,0.0008399552898481488,7.552938041044399e-05
18316,0.000993290450423956,0.00018198609177488834
18317,0.001088906079530716,0.0002636050048749894
18318,0.0011691102990880609,0.0002625533670652658
18319,0.0011474179336801171,0.00018721410015132278
18320,0.001070604776032269,9.139849134953693e-05
18321,0.0009382541757076979,3.3809355954872444e-05
18322,0.0007926762336865067,3.8421851058956236e-05
18323,0.0006905695772729814,8.524907752871513e-05
18324,0.0006226631230674684,0.00013176734501030296
18325,0.0005989241180941463,0.0001437155151506886
18326,0.0005706787924282253,0.00011577650730032474
18327,0.0005323756486177444,6.930859672138467e-05
18328,0.00046726976870559156,3.3906188036780804e-05
18329,0.00040825465111993253,2.6770783733809367e-05
18330,0.0003696549392770976,4.424187864060514e-05
18331,0.00038177327951416373,6.841997674200684e-05
18332,0.00043024690239690244,8.135660027619451e-05
18333,0.0005054945359006524,7.571819151053205e-05
18334,0.0005676668952219188,5.689678437192924e-05
18335,0.0005969236372038722,3.7006593629484996e-05
18336,0.0005766566609963775,2.6287150831194595e-05
18337,0.0005113061051815748,2.7787558792624623e-05
18338,0.00041756784776225686,3.722647306858562e-05
18339,0.00031783359008841217,4.6970584662631154e-05
18340,0.00023282840265892446,5.095378219266422e-05
18341,0.00017823428788688034,4.7375262511195615e-05
18342,0.00015682444791309536,3.9017369999783114e-05
18343,0.0001630718761589378,3.0527768103638664e-05
18344,0.00018158678722102195,2.5885756258503534e-05
18345,0.00019879276806022972,2.6386118406662717e-05
18346,0.00020154943922534585,3.062578980461694e-05
18347,0.0001912236912176013,3.575836672098376e-05
18348,0.00017085266881622374,3.929669765057042e-05
18349,0.00015104847261682153,4.019651532871649e-05
18350,0.00013828261580783874,3.937375731766224e-05
18351,0.00013531508739106357,3.877367635141127e-05
18352,0.0001415346487192437,4.088117930223234e-05
18353,0.00015254030586220324,4.7416568122571334e-05
18354,0.0001649333571549505,5.9991798480041325e-05
18355,0.00017361339996568859,7.94766892795451e-05
18356,0.00017800473142415285,0.00010901033238042146
18357,0.00017631289665587246,0.00015148143575061113
18358,0.00017321354243904352,0.00021762032702099532
18359,0.00017015793127939105,0.0003140803019050509
18360,0.00017439419752918184,0.0004687743785325438
18361,0.0001862609788076952,0.0006841314607299864
18362,0.00021290058793965727,0.0010201308177784085
18363,0.0002521180431358516,0.0014186007902026176
18364,0.00031417436548508704,0.001964986091479659
18365,0.00039608823135495186,0.002351880306378007
18366,0.0005175249534659088,0.0026378112379461527
18367,0.000670539156999439,0.002274332568049431
18368,0.0008908831514418125,0.0015856876270845532
18369,0.0011391786392778158,0.0006997303571552038
18370,0.001466707093641162,0.00020572652283590287
18371,0.0017411909066140652,0.0002479363465681672
18372,0.0020048515871167183,0.0005719763576053083
18373,0.0020555537194013596,0.0007966525736264884
18374,0.0019305831519886851,0.0006879731081426144
18375,0.001645964104682207,0.0004119303193874657
18376,0.0012746931752189994,0.00021389999892562628
18377,0.0009963053744286299,0.00025275940424762666
18378,0.0008030112367123365,0.000431094435043633
18379,0.000726315367501229,0.0005459790700115263
18380,0.0007112356252036989,0.0004891445860266685
18381,0.0007754082325845957,0.00034152696025557816
18382,0.0008623889298178256,0.00023587574833072722
18383,0.0009781129192560911,0.0002333694719709456
18384,0.0010627515148371458,0.00027427851455286145
18385,0.0011114776134490967,0.000282828405033797
18386,0.0010696114040911198,0.00022379525762517005
18387,0.0009405543096363544,0.00014312492567114532
18388,0.0007225977024063468,9.022118319990113e-05
18389,0.000510689162183553,8.72671153047122e-05
18390,0.00036994353285990655,0.00011174255632795393
18391,0.00034258305095136166,0.00012519686424639076
18392,0.00038384084473364055,0.00011064385762438178
18393,0.0004313451354391873,7.995370833668858e-05
18394,0.0004361177852842957,6.201749783940613e-05
18395,0.00040236656786873937,7.137571810744703e-05
18396,0.0003461662563495338,9.577078162692487e-05
18397,0.00029202279984019697,0.00010781964374473318
18398,0.0002526950556784868,9.241080260835588e-05
18399,0.00023378507466986775,6.331945769488811e-05
18400,0.00023424229584634304,4.6698238293174654e-05
18401,0.00023832448641769588,5.230330498307012e-05
18402,0.00023414677707478404,6.53096431051381e-05
18403,0.00020924738782923669,6.534357089549303e-05
18404,0.00017770257545635104,4.982502287020907e-05
18405,0.00015462127339560539,3.275010749348439e-05
18406,0.00015285168774425983,2.8396365451044403e-05
18407,0.00016897849855013192,3.6979552533011883e-05
18408,0.00018697127234190702,4.702416845248081e-05
18409,0.0001966468116734177,4.825011274078861e-05
18410,0.00019002574845217168,4.0482897020410746e-05
18411,0.00017628709611017257,3.235278927604668e-05
18412,0.00015967576473485678,3.111504338448867e-05
18413,0.00014788663247600198,3.595451562432572e-05
18414,0.00014318111061584204,4.016570528619923e-05
18415,0.00014630286023020744,3.90285968023818e-05
18416,0.0001540062512503937,3.393553561181761e-05
18417,0.0001612749183550477,2.9418206395348534e-05
18418,0.00016274841618724167,2.8042715712217614e-05
18419,0.00015757718938402832,2.8900107281515375e-05
18420,0.00014804390957579017,2.978756310767494e-05
18421,0.0001404617796652019,2.959210723929573e-05
18422,0.0001382885966449976,2.8581469450728036e-05
18423,0.00014301869668997824,2.751837018877268e-05
18424,0.00015078455908223987,2.6884816179517657e-05
18425,0.00015923022874630988,2.6739478926174343e-05
18426,0.0001646802993491292,2.6863504899665713e-05
18427,0.00016931863501667976,2.703188147279434e-05
18428,0.00017253399710170925,2.716008930292446e-05
18429,0.00017956577357836068,2.7221305572311394e-05
18430,0.00018914169049821794,2.7141562895849347e-05
18431,0.00020651155500672758,2.6795338271767832e-05
18432,0.00022801746672485024,2.6215240723104216e-05
18433,0.00025864626513794065,2.5630843083490618e-05
18434,0.00029265027842484415,2.533597762521822e-05
18435,0.0003377329558134079,2.5424193154321983e-05
18436,0.0003855896648019552,2.569455318734981e-05
18437,0.000451254250947386,2.580223917902913e-05
18438,0.0005162422312423587,2.5526880563120358e-05
18439,0.000606080808211118,2.496398337825667e-05
18440,0.0006782608106732368,2.4435932573396713e-05
18441,0.000769948645029217,2.421706449240446e-05
18442,0.0008120728889480233,2.4321820092154667e-05
18443,0.0008505999576300383,2.4535602278774604e-05
18444,0.000821887981146574,2.4632154236314818e-05
18445,0.0007726852782070637,2.45408846240025e-05
18446,0.0006904679466970265,2.4347493308596313e-05
18447,0.0006067962385714054,2.4166460207197815e-05
18448,0.0005468992167152464,2.4057977498159744e-05
18449,0.0005084368167445064,2.4017215764615685e-05
18450,0.0005043914425186813,2.4014254449866712e-05
18451,0.0005072476342320442,2.4020242562983185e-05
18452,0.0005182462627999485,2.4019489501370117e-05
18453,0.0005142913432791829,2.401110941718798e-05
18454,0.0005127207259647548,2.4001241399673745e-05
18455,0.0005017909570597112,2.399021468590945e-05
18456,0.0005120380665175617,2.396691525063943e-05
18457,0.0005176753038540483,2.392368514847476e-05
18458,0.0005418871878646314,2.3867914933362044e-05
18459,0.0005374085740186274,2.3821809008950368e-05
18460,0.0005247205263003707,2.3808592231944203e-05
18461,0.0004726058687083423,2.3834074454498477e-05
18462,0.0004128149012103677,2.388777647865936e-05
18463,0.00035272593959234655,2.3953036361490376e-05
18464,0.00031702531850896776,2.401857818767894e-05
18465,0.0003160027554258704,2.408578984613996e-05
18466,0.0003428123309276998,2.4167373339878395e-05
18467,0.00038761820178478956,2.4283663151436485e-05
18468,0.00042483798461034894,2.4459117412334308e-05
18469,0.0004467742401175201,2.4713188395253383e-05
18470,0.00043544903746806085,2.5068731702049263e-05
18471,0.00040316281956620514,2.5559971618349664e-05
18472,0.00035213091177865863,2.6234969482175075e-05
18473,0.0003046459751203656,2.716981907724403e-05
18474,0.0002695685252547264,2.847101859515533e-05
18475,0.000257072999374941,3.0305584004963748e-05
18476,0.00026672554668039083,3.2891304726945236e-05
18477,0.0002931131166405976,3.656736953416839e-05
18478,0.00033443409483879805,4.179437746643089e-05
18479,0.0003754803619813174,4.932702358928509e-05
18480,0.0004255811800248921,6.016259430907667e-05
18481,0.00045755706378258765,7.594789349241182e-05
18482,0.0004960775258950889,9.881008008960634e-05
18483,0.0005025952123105526,0.0001323370379395783
18484,0.0005146124167367816,0.00018088296928908676
18485,0.0004935201141051948,0.00025181579985655844
18486,0.00047914485912770033,0.00035294482950121164
18487,0.0004466812824830413,0.000497045402880758
18488,0.0004243565781507641,0.0006926877540536225
18489,0.00040432330570183694,0.000951422902289778
18490,0.00039475387893617153,0.0012601232156157494
18491,0.0003965439391322434,0.0015914208488538861
18492,0.0003997600288130343,0.0018557548755779862
18493,0.0004073918971698731,0.0019451522966846824
18494,0.0004021722706966102,0.0017563258297741413
18495,0.0003901476156897843,0.0012895942199975252
18496,0.000358951510861516,0.0007396856672130525
18497,0.0003199501952622086,0.0003452068194746971
18498,0.0002712477871682495,0.00030100790900178254
18499,0.00022623113181907684,0.000552578188944608
18500,0.00018900830764323473,0.0009123937343247235
18501,0.00016740133287385106,0.0011088713072240353
18502,0.00016313741798512638,0.0010937786428257823
18503,0.0001748258655425161,0.0008786140824668109
18504,0.0002011351753026247,0.0007111742743290961
18505,0.00023443442478310317,0.0006974247517064214
18506,0.0002779920177999884,0.0008614680846221745
18507,0.00032060599187389016,0.001011719461530447
18508,0.00037684710696339607,0.0010269946651533246
18509,0.0004290213400963694,0.0008152271620929241
18510,0.000504453550092876,0.0005106544704176486
18511,0.0005703489296138287,0.0002546956529840827
18512,0.0006642204825766385,0.00015704419638495892
18513,0.000732154119759798,0.00019227989832870662
18514,0.0008180018630810082,0.00026747805532068014
18515,0.0008638987201265991,0.0002962178841698915
18516,0.000916783232241869,0.00025928750983439386
18517,0.0009608277468942106,0.00019160035299137235
18518,0.0010264680022373796,0.00014399380597751588
18519,0.0011464955750852823,0.0001450135459890589
18520,0.0012722571846097708,0.00017808121629059315
18521,0.0014269754756242037,0.00020550756016746163
18522,0.0014552881475538015,0.00019234333012718707
18523,0.0013846703805029392,0.00014113062934484333
18524,0.0011050563771277666,7.982110400917009e-05
18525,0.0007543513784185052,4.5277214667294174e-05
18526,0.00041266687912866473,5.203459659242071e-05
18527,0.00021766370628029108,8.442159742116928e-05
18528,0.00020400327048264444,0.00011316080781398341
18529,0.0003198941412847489,0.0001156202852143906
18530,0.00046892749378457665,9.390157356392592e-05
18531,0.0005500427214428782,6.497911090264097e-05
18532,0.0005360370851121843,4.801336763193831e-05
18533,0.0004305341572035104,4.912351505481638e-05
18534,0.0003130721452180296,6.033306272001937e-05
18535,0.00023679592413827777,6.828461482655257e-05
18536,0.00023392451112158597,6.48858622298576e-05
18537,0.0002836932544596493,5.213762051425874e-05
18538,0.00034266107832081616,3.839044438791461e-05
18539,0.00037850395892746747,3.1618539651390165e-05
18540,0.00038069827132858336,3.4060183679684997e-05
18541,0.00037592474836856127,4.185755824437365e-05
18542,0.00040214572800323367,4.84082629554905e-05
18543,0.0004761424206662923,4.9139307520817965e-05
18544,0.0006327269948087633,4.361753963166848e-05
18545,0.0008016293286345899,3.5606561141321436e-05
18546,0.0010358808794990182,2.9423143132589757e-05
18547,0.0011581461876630783,2.7634774596663192e-05
18548,0.0012829042971134186,2.9568696845672093e-05
18549,0.0011898817028850317,3.253283284720965e-05
18550,0.0010490883141756058,3.38301615556702e-05
18551,0.0008024857379496098,3.243266837671399e-05
18552,0.0005988467601127923,2.926762135757599e-05
18553,0.0004883663496002555,2.6234109100187197e-05
18554,0.0004588030278682709,2.4961513190646656e-05
18555,0.0004677595861721784,2.584668982308358e-05
18556,0.0004352924879640341,2.8060772820026614e-05
18557,0.0003722566179931164,3.023075441888068e-05
18558,0.000294198194751516,3.1354811653727666e-05
18559,0.0002623145701363683,3.125070361420512e-05
18560,0.0002877786464523524,3.054662374779582e-05
18561,0.00035041547380387783,3.011904118466191e-05
18562,0.00041283341124653816,3.0690083804074675e-05
18563,0.00043001657468266785,3.2474392355652526e-05
18564,0.0004001584311481565,3.5366989322938025e-05
18565,0.00033172854455187917,3.902942989952862e-05
18566,0.0002657745499163866,4.3453401303850114e-05
18567,0.00023135196533985436,4.879395419266075e-05
18568,0.00023479292576666921,5.593549576587975e-05
18569,0.0002630517410580069,6.580552144441754e-05
18570,0.00028277147794142365,8.017112850211561e-05
18571,0.0002800071961246431,0.00010055568418465555
18572,0.0002476871304679662,0.00012983166379854083
18573,0.0002069257025141269,0.00017047453729901463
18574,0.00017296528676524758,0.0002276445593452081
18575,0.00016008461534511298,0.0003050319792237133
18576,0.00016477459575980902,0.0004107659915462136
18577,0.00017776471213437617,0.0005458818632178009
18578,0.0001878885377664119,0.000716213253326714
18579,0.00018871179781854153,0.0009022215381264687
18580,0.0001822412305045873,0.0010881931520998478
18581,0.0001728680799715221,0.001204737345688045
18582,0.00016779320139903575,0.0012122937478125095
18583,0.00017088728782255203,0.0010421278420835733
18584,0.00018223976076114923,0.0007421108311973512
18585,0.00020183445303700864,0.0003939712478313595
18586,0.00022183370310813189,0.0001467691909056157
18587,0.0002466932055540383,8.063662971835583e-05
18588,0.0002657237637322396,0.00018158859165851027
18589,0.0002933541836682707,0.00034763338044285774
18590,0.0003192953299731016,0.0004598837986122817
18591,0.00036221594200469553,0.0004457375325728208
18592,0.0004110602312721312,0.0003265062114223838
18593,0.0004799407906830311,0.00018435961101204157
18594,0.0005558202974498272,0.00010996355558745563
18595,0.0006474307156167924,0.00012801306729670614
18596,0.0007391528924927115,0.00019817458814941347
18597,0.00083831453230232,0.0002475817163940519
18598,0.0009195659658871591,0.00024117095745168626
18599,0.0009914387483149767,0.0001849108375608921
18600,0.0010126433335244656,0.00012756657088175416
18601,0.0009973153937608004,0.0001030282728606835
18602,0.000909938826225698,0.000116483643068932
18603,0.0007794684497639537,0.00014203425962477922
18604,0.000612673640716821,0.00015252064622472972
18605,0.0004470999410841614,0.00013880696496926248
18606,0.00031215883791446686,0.00011389844439690933
18607,0.00022385959164239466,9.571992268320173e-05
18608,0.00018642519717104733,9.449513891013339e-05
18609,0.00018956666463054717,0.00010363222099840641
18610,0.00021885547903366387,0.00011309275578241795
18611,0.00025803304743021727,0.00011337619071127847
18612,0.0002993616508319974,0.00010877707973122597
18613,0.0003316594229545444,0.00010512613516766578
18614,0.0003591359418351203,0.00011051625915570185
18615,0.0003742636472452432,0.00012301509559620172
18616,0.0003864214231725782,0.00013949692947790027
18617,0.00038674488314427435,0.00015333089686464518
18618,0.0003858325653709471,0.00016639060049783438
18619,0.0003741061664186418,0.00018021813593804836
18620,0.0003623223165050149,0.00020347432291600853
18621,0.0003422610752750188,0.0002343900705454871
18622,0.0003220554790459573,0.000278098217677325
18623,0.00029534875648096204,0.0003223317617084831
18624,0.0002674420829862356,0.0003757013182621449
18625,0.00023573004000354558,0.00042178508010692894
18626,0.0002049407339654863,0.0004791799292434007
18627,0.0001758228609105572,0.00052424002205953
18628,0.00015157593588810414,0.0005775473546236753
18629,0.0001329190272372216,0.0006015298422425985
18630,0.00012026543845422566,0.0006160162156447768
18631,0.00011312495189486071,0.000581475265789777
18632,0.00011065004218835384,0.0005259994068183005
18633,0.00011210890806978568,0.00043014707625843585
18634,0.00011671561514958739,0.00032938551157712936
18635,0.000124031474115327,0.00022604092373512685
18636,0.0001334774133283645,0.00014498249220196158
18637,0.00014542002463713288,9.099565068027005e-05
18638,0.00015980322496034205,6.875101826153696e-05
18639,0.00017842493252828717,7.355146954068914e-05
18640,0.0002019747334998101,9.735613275552168e-05
18641,0.00023414148017764091,0.00012972185504622757
18642,0.0002763557422440499,0.00015970951062627137
18643,0.0003358385292813182,0.00018065616313833743
18644,0.00041417573811486363,0.00018544976774137467
18645,0.0005260445759631693,0.0001765124616213143
18646,0.000666999607346952,0.0001537358039058745
18647,0.0008637343998998404,0.00012516554852481931
18648,0.0010823431657627225,9.49097957345657e-05
18649,0.0013566834386438131,6.92857283866033e-05
18650,0.001580301090143621,5.104819865664467e-05
18651,0.001771381706930697,4.151208122493699e-05
18652,0.0017875536577776074,4.0032948163570836e-05
18653,0.0016569688450545073,4.470740896067582e-05
18654,0.0014207619242370129,5.333379522198811e-05
18655,0.001159846899099648,6.330225733108819e-05
18656,0.0010279527632519603,7.304746395675465e-05
18657,0.0009848965564742684,8.056758088059723e-05
18658,0.0010169296292588115,8.590445213485509e-05
18659,0.0009903390891849995,8.809474093141034e-05
18660,0.0009238268248736858,8.860428351908922e-05
18661,0.0007719884742982686,8.728982356842607e-05
18662,0.0006340154213830829,8.613884710939601e-05
18663,0.0005121732247062027,8.520921983290464e-05
18664,0.0004471768334042281,8.628216164652258e-05
18665,0.00043354087392799556,8.919724496081471e-05
18666,0.000443918484961614,9.545398643240333e-05
18667,0.0004546391137409955,0.00010459866462042555
18668,0.0004289169446565211,0.00011828053538920358
18669,0.000381353689590469,0.0001357253931928426
18670,0.0003286246210336685,0.00015913340030238032
18671,0.00030829786555841565,0.00018709297000896186
18672,0.0003173395525664091,0.0002224517666036263
18673,0.00033860604162327945,0.00026241171872243285
18674,0.0003373379586264491,0.00031002561445347965
18675,0.0002995097020175308,0.00036006353911943734
18676,0.00023852074809838086,0.0004145714337937534
18677,0.00018111115787178278,0.0004653915821108967
18678,0.0001529258443042636,0.0005120250280015171
18679,0.0001581560936756432,0.0005464877467602491
18680,0.0001845887745730579,0.0005657217116095126
18681,0.00021223629300948232,0.0005712250131182373
18682,0.0002259978500660509,0.0005590382497757673
18683,0.00022366835037246346,0.0005488768219947815
18684,0.00020848035637754947,0.0005325341480784118
18685,0.0001969333679880947,0.0005419557564891875
18686,0.00019287732720840722,0.0005531063652597368
18687,0.00020993969519622624,0.0005962407449260354
18688,0.00024086979101411998,0.0006285576964728534
18689,0.0002884137793444097,0.0006816603126935661
18690,0.0003391574718989432,0.0007094268221408129
18691,0.0003951223043259233,0.0007510313298553228
18692,0.0004484975361265242,0.0007627998711541295
18693,0.0005175807746127248,0.0007719591376371682
18694,0.0005892615881748497,0.0007329951622523367
18695,0.0006993159768171608,0.0006574637372978032
18696,0.000788626610301435,0.0005255729774944484
18697,0.0009083789773285389,0.00037024382618255913
18698,0.000952771632000804,0.00021695002214983106
18699,0.0009888845961540937,0.0001095855186576955
18700,0.0009438502020202577,6.72316164127551e-05
18701,0.0008782905642874539,8.71315278345719e-05
18702,0.0007853786810301244,0.00014380714856088161
18703,0.0006886195042170584,0.00020008863066323102
18704,0.0005912627093493938,0.0002293680445291102
18705,0.000493416388053447,0.00021508759527932853
18706,0.0003993649734184146,0.0001693271624390036
18707,0.00031484771170653403,0.00011032179463654757
18708,0.00024985981872305274,6.473470421042293e-05
18709,0.00021154874411877245,4.6391629439312965e-05
18710,0.0002010319149121642,5.512389543582685e-05
18711,0.0002146792394341901,7.77280074544251e-05
18712,0.00023982707352843136,9.68409440247342e-05
18713,0.00026575636002235115,0.00010104969260282815
18714,0.0002801886585075408,8.762535435380414e-05
18715,0.0002828033175319433,6.46089029032737e-05
18716,0.0002793181920424104,4.253234510542825e-05
18717,0.0002757040492724627,3.0307824999908917e-05
18718,0.0002813420142047107,3.0459141271421686e-05
18719,0.00028768976335413754,3.944373384001665e-05
18720,0.0002960648271255195,5.066174708190374e-05
18721,0.000290961965220049,5.791026705992408e-05
18722,0.00027915227110497653,5.847167631145567e-05
18723,0.000253301695920527,5.274850991554558e-05
18724,0.00022751727374270558,4.396069925860502e-05
18725,0.0001990233431570232,3.553145143087022e-05
18726,0.00017829888383857906,3.0042745493119583e-05
18727,0.00016252037312369794,2.8382037271512672e-05
18728,0.00015510653611272573,2.998286799993366e-05
18729,0.00015344328130595386,3.357264358783141e-05
18730,0.00015597761375829577,3.7758851249236614e-05
18731,0.00016039761248975992,4.1926574340322986e-05
18732,0.00016408391820732504,4.610637915902771e-05
18733,0.0001669263292569667,5.174563921173103e-05
18734,0.00016842859622556716,6.073334225220606e-05
18735,0.00017081057012546808,7.69570397096686e-05
18736,0.0001746791967889294,0.00010444769577588886
18737,0.00018179829930886626,0.00015218229964375496
18738,0.00019270621123723686,0.00022762529260944575
18739,0.00020769191905856133,0.00035413994919508696
18740,0.00022910337429493666,0.0005366692203097045
18741,0.0002560617867857218,0.0008269235258921981
18742,0.0002949683112092316,0.001162965316325426
18743,0.0003429624193813652,0.0015956935239955783
18744,0.0004128013679292053,0.001811671769246459
18745,0.000496783759444952,0.0018423970323055983
18746,0.0006177786272019148,0.0014563283184543252
18747,0.000753973494283855,0.0010754131944850087
18748,0.0009398817783221602,0.0008640399319119751
18749,0.0011190313380211592,0.0008077271631918848
18750,0.0013284521410241723,0.0006625433452427387
18751,0.00146575178951025,0.00051136314868927
18752,0.0015532204415649176,0.0006538693560287356
18753,0.0015061027370393276,0.00114265619777143
18754,0.001346420031040907,0.0017065859865397215
18755,0.0011086640879511833,0.002585393376648426
18756,0.0008322543581016362,0.0037589878775179386
18757,0.0006064416375011206,0.005225635599344969
18758,0.0004422373604029417,0.005791607312858105
18759,0.00036933214869350195,0.0044859787449240685
18760,0.0003641046932898462,0.0018704744288697839
18761,0.0004142764082644135,0.0008584357565268874
18762,0.00047720587463118136,0.00201349426060915
18763,0.0005387795390561223,0.0028861104510724545
18764,0.0005591775989159942,0.001744966022670269
18765,0.0005457901279442012,0.0007954257889650762
18766,0.00048256589798256755,0.0014672363176941872
18767,0.0003929155645892024,0.00205762661062181
18768,0.00029013928724452853,0.0011912384070456028
18769,0.00020574837981257588,0.0007023071520961821
18770,0.00016041984781622887,0.0013008929090574384
18771,0.0001600132673047483,0.0014311533886939287
18772,0.00019183478434570134,0.0007299542194232345
18773,0.00023277293075807393,0.000567777082324028
18774,0.00026451467419974506,0.0008757038158364594
18775,0.0002736266178544611,0.0007075883913785219
18776,0.00026815349701792,0.00029062575777061284
18777,0.000249882519710809,0.00038816279266029596
18778,0.00023439107462763786,0.0005354163586162031
18779,0.00022049345716368407,0.00026947580045089126
18780,0.00021432896028272808,0.00016466047964058816
18781,0.00021057308185845613,0.00040224025724455714
18782,0.0002118363481713459,0.00041016523027792573
18783,0.0002126141043845564,0.0001589589228387922
18784,0.00021726475097239017,0.00013630495232064277
18785,0.00021976925199851394,0.00028769829077646136
18786,0.00022802203602623194,0.00023692523245699704
18787,0.00023827345285099,9.575722651788965e-05
18788,0.0002600594307295978,0.00013705255696550012
18789,0.0002918112149927765,0.00020667504577431828
18790,0.00033765839179977775,0.00013046998356003314
18791,0.0003957863664254546,7.103404641384259e-05
18792,0.0004619458632078022,0.00011838300997624174
18793,0.0005366710247471929,0.00013588982983492315
18794,0.0006092982948757708,8.377517224289477e-05
18795,0.0006834188243374228,7.144146366044879e-05
18796,0.0007425430230796337,0.00010792764805955812
18797,0.0007875063456594944,0.00010385774658061564
18798,0.0008014130289666355,6.308390584308654e-05
18799,0.0007826036307960749,5.048489401815459e-05
18800,0.0007292467053048313,6.14406744716689e-05
18801,0.000649449008051306,6.0932274209335446e-05
18802,0.0005628160433843732,5.3333264077082276e-05
18803,0.0004871198907494545,5.3082123486092314e-05
18804,0.00044538016663864255,5.624558252748102e-05
18805,0.00044164410792291164,5.446233262773603e-05
18806,0.0004866324015893042,4.876213279203512e-05
18807,0.0005541907739825547,4.426033410709351e-05
18808,0.0006505227065645158,4.22899320255965e-05
18809,0.0007159400265663862,4.079643986187875e-05
18810,0.0007692610379308462,3.726517752511427e-05
18811,0.0007340958109125495,3.454364923527464e-05
18812,0.0006607656250707805,3.648553683888167e-05
18813,0.0005173635436221957,3.8078604120528325e-05
18814,0.0003819348639808595,3.4351069189142436e-05
18815,0.00027846277225762606,3.0334023904288188e-05
18816,0.0002435104106552899,3.075296262977645e-05
18817,0.000261302717262879,3.1850082450546324e-05
18818,0.0003019406576640904,3.0185434297891334e-05
18819,0.0003194312157575041,2.8887332518934272e-05
18820,0.0002977896365337074,3.0136583518469706e-05
18821,0.00024293732712976635,3.064317206735723e-05
18822,0.0001811436377465725,2.8800259315175936e-05
18823,0.00014140477287583053,2.7825619326904416e-05
18824,0.0001365234493277967,2.866454997274559e-05
18825,0.00016181313549168408,2.839716398739256e-05
18826,0.00019788906502071768,2.6295329007552937e-05
18827,0.0002290072152391076,2.508594116079621e-05
18828,0.0002381884551141411,2.576629958639387e-05
18829,0.0002332396397832781,2.6106656150659546e-05
18830,0.00021642542560584843,2.509631303837523e-05
18831,0.00020728318486362696,2.454537752782926e-05
18832,0.00021024898160248995,2.5190758606186137e-05
18833,0.00023279350716620684,2.5355955585837364e-05
18834,0.00026949989842250943,2.4419250621576793e-05
18835,0.00032244427711702883,2.387705353612546e-05
18836,0.00038311773096211255,2.4351869797101244e-05
18837,0.00046428298810496926,2.4526541892555542e-05
18838,0.0005542996223084629,2.3755148504278623e-05
18839,0.000678903074003756,2.3202350348583423e-05
18840,0.0008109580376185477,2.3538555979030207e-05
18841,0.0009816242381930351,2.3825725293136202e-05
18842,0.0011413905303925276,2.3471875465475023e-05
18843,0.0013087847037240863,2.3172568035079166e-05
18844,0.0014371463330462575,2.3389067791868e-05
18845,0.0015046981861814857,2.357746234338265e-05
18846,0.0015249046264216304,2.3347958631347865e-05
18847,0.00142761692404747,2.3124650397221558e-05
18848,0.001293728593736887,2.3241154849529266e-05
18849,0.001051280996762216,2.3387017790810205e-05
18850,0.0007979933870956302,2.329542621737346e-05
18851,0.0005378418136388063,2.3179569325293414e-05
18852,0.0003561979392543435,2.324426532140933e-05
18853,0.00028260936960577965,2.3385047825286165e-05
18854,0.0003212840820197016,2.3492828404414468e-05
18855,0.0004301062144804746,2.3647569832974114e-05
18856,0.0005532758659683168,2.394578950770665e-05
18857,0.000651137379463762,2.4385321012232453e-05
18858,0.0006980127654969692,2.498143476259429e-05
18859,0.0006995143485255539,2.583501009212341e-05
18860,0.0006896796403452754,2.7080850486527197e-05
18861,0.0006700712256133556,2.8882639526273124e-05
18862,0.0006929144728928804,3.150532575091347e-05
18863,0.0007019178010523319,3.532704067765735e-05
18864,0.0007146195857785642,4.092666495125741e-05
18865,0.0006510341190733016,4.915696626994759e-05
18866,0.0005402150563895702,6.13763986621052e-05
18867,0.00038324244087561965,7.948749407660216e-05
18868,0.0002501031558495015,0.00010646847658790648
18869,0.00017607482732273638,0.0001463204389438033
18870,0.00017142793512903154,0.0002052225754596293
18871,0.0002081164566334337,0.0002903184504248202
18872,0.0002478594542481005,0.00041148162563331425
18873,0.0002689974498935044,0.000574464735109359
18874,0.0002671620459295809,0.0007821785402484238
18875,0.0002619572915136814,0.0010101188672706485
18876,0.00025656085927039385,0.0012145084328949451
18877,0.00026735695428214967,0.001296246307902038
18878,0.0002726229722611606,0.0011839336948469281
18879,0.00028395140543580055,0.0008491661865264177
18880,0.0002811237354762852,0.000428112834924832
18881,0.00027582142502069473,0.00011799339699791744
18882,0.000260877946857363,5.777922706329264e-05
18883,0.00024176723673008382,0.00021075356926303357
18884,0.00022088471450842917,0.0004027443937957287
18885,0.0002032324264291674,0.00046713335905224085
18886,0.0001937668421305716,0.00034884316846728325
18887,0.0001927838457049802,0.00015658933261875063
18888,0.00019643324776552618,3.759441096917726e-05
18889,0.00019999060896225274,6.0434853367041796e-05
18890,0.0001982317480724305,0.00016625926946289837
18891,0.0001936996850417927,0.00023906791466288269
18892,0.00018770723545458168,0.00021575095888692886
18893,0.0001867852988652885,0.00012299032823648304
18894,0.00019060922204516828,4.622973210643977e-05
18895,0.00020131639030296355,3.966259100707248e-05
18896,0.00021490160725079477,8.792470907792449e-05
18897,0.00023344115470536053,0.00013256672536954284
18898,0.0002525773015804589,0.00012958177831023932
18899,0.0002777142799459398,8.533900836482644e-05
18900,0.00030123762553557754,3.981329427915625e-05
18901,0.00033281632931903005,2.7115700504509732e-05
18902,0.00035946525167673826,4.7407698730239645e-05
18903,0.000397209805669263,7.397281297016889e-05
18904,0.0004277878615539521,8.103820437099785e-05
18905,0.00047082215314731,6.389800546457991e-05
18906,0.0005030046449974179,3.915024717571214e-05
18907,0.0005428112344816327,2.6310133762308396e-05
18908,0.0005663755582645535,3.163559449603781e-05
18909,0.0005895101348869503,4.574553167913109e-05
18910,0.0005948077887296677,5.4162599553819746e-05
18911,0.0005934096989221871,5.013286499888636e-05
18912,0.0005786984693259001,3.790561459027231e-05
18913,0.0005535798845812678,2.7542320822249167e-05
18914,0.0005217264406383038,2.5533046937198378e-05
18915,0.00047792360419407487,3.073674452025443e-05
18916,0.00043166850809939206,3.68965083907824e-05
18917,0.00037527523818425834,3.843905506073497e-05
18918,0.0003195182653144002,3.448280040174723e-05
18919,0.0002610453811939806,2.8359265343169682e-05
18920,0.00020894533372484148,2.4319848307641223e-05
18921,0.00016443314962089062,2.430753011140041e-05
18922,0.00013209882308728993,2.7069439965998754e-05
18923,0.00011243134213145822,2.973945447592996e-05
18924,0.00010459611075930297,3.0138275178615004e-05
18925,0.00010598449443932623,2.816123924276326e-05
18926,0.00011322757927700877,2.5325531169073656e-05
18927,0.0001231100468430668,2.346553810639307e-05
18928,0.00013287013280205429,2.3416079784510657e-05
18929,0.00014113244833424687,2.468996353854891e-05
18930,0.00014679870218969882,2.6079353119712323e-05
18931,0.00015057786367833614,2.659028905327432e-05
18932,0.0001526614069007337,2.602906351967249e-05
18933,0.00015485724725294858,2.49557397182798e-05
18934,0.0001581452670507133,2.419288648525253e-05
18935,0.00016458638128824532,2.4289620341733098e-05
18936,0.00017642241436988115,2.526538446545601e-05
18937,0.00019584130495786667,2.6769868782139383e-05
18938,0.00022898435418028384,2.8385495170368813e-05
18939,0.0002777637564577162,3.003301753778942e-05
18940,0.0003592981374822557,3.198848935426213e-05
18941,0.0004698935663327575,3.497227589832619e-05
18942,0.0006522336625494063,3.973938146373257e-05
18943,0.0008699632016941905,4.734782487503253e-05
18944,0.0012085911585018039,5.8736819482874125e-05
18945,0.00151465879753232,7.588355947518721e-05
18946,0.0018978466978296638,0.000100805023976136
18947,0.002021064981818199,0.00013868810492567718
18948,0.0019962152000516653,0.00019382889149710536
18949,0.001662151888012886,0.0002789761056192219
18950,0.0012640622444450855,0.0003999910841230303
18951,0.0010558717185631394,0.0005845852429047227
18952,0.0011316693853586912,0.0008270132821053267
18953,0.0014985435409471393,0.0011732415296137333
18954,0.0017987091559916735,0.0015420123236253858
18955,0.0019340426661074162,0.0019644179847091436
18956,0.001644244766794145,0.0021574085112661123
18957,0.0011591195361688733,0.0021287521813064814
18958,0.0006591845885850489,0.0016073230654001236
18959,0.0004087932757101953,0.0008969036862254143
18960,0.00046686184941791,0.00026652912492863834
18961,0.0006689288420602679,5.863235128344968e-05
18962,0.0007974175969138741,0.0002693259739317
18963,0.0006840182468295097,0.0006013697711750865
18964,0.00043311063200235367,0.0007388230878859758
18965,0.00026451065787114203,0.000549343996681273
18966,0.0003183969238307327,0.00024523751926608384
18967,0.0004937800113111734,8.574844832764938e-05
18968,0.000576356949750334,0.0001627054443815723
18969,0.00046763414866290987,0.0003195001627318561
18970,0.0002655747812241316,0.0003540419857017696
18971,0.0001520508958492428,0.0002387139538768679
18972,0.00018665405514184386,0.00010579307127045467
18973,0.00028077836032025516,8.156971307471395e-05
18974,0.0003208387643098831,0.00014851144806016237
18975,0.0002763184311334044,0.00020022180979140103
18976,0.00020809345005545765,0.00017442245734855533
18977,0.00017051715985871851,0.00010683751315809786
18978,0.00018257548799738288,6.858685810584575e-05
18979,0.00021505402401089668,8.207055361708626e-05
18980,0.00023390515707433224,0.00011012091999873519
18981,0.00022539183555636555,0.00011145551252411678
18982,0.00019265705486759543,8.365877147298306e-05
18983,0.0001608614984434098,5.793717718916014e-05
18984,0.00015216937754303217,5.6011471315287054e-05
18985,0.00017199612921103835,6.962733459658921e-05
18986,0.00020309691899456084,7.697867113165557e-05
18987,0.00021528327488340437,6.775023211957887e-05
18988,0.00020894326735287905,5.227515066508204e-05
18989,0.0001925725518958643,4.4129636080469936e-05
18990,0.00019523411174304783,4.6112865675240755e-05
18991,0.0002193149266531691,5.02323528053239e-05
18992,0.00025534600717946887,4.884208465227857e-05
18993,0.00028750841738656163,4.301006265450269e-05
18994,0.00031277607195079327,3.858909258269705e-05
18995,0.0003407908952794969,3.8660135032841936e-05
18996,0.0003875133697874844,4.043739318149164e-05
18997,0.00045102715375833213,3.966220538131893e-05
18998,0.0005459057865664363,3.5890967410523444e-05
18999,0.0006358403479680419,3.226352419005707e-05
19000,0.0007507811533287168,3.143117646686733e-05
19001,0.0008361228392459452,3.2676474802428856e-05
19002,0.0009291156893596053,3.328750972286798e-05
19003,0.0009786577429622412,3.184680826961994e-05
19004,0.0010011544218286872,2.9346727387746796e-05
19005,0.0009717291686683893,2.7804253477370366e-05
19006,0.0008848720462992787,2.8038295567966998e-05
19007,0.0007570881862193346,2.91034702968318e-05
19008,0.0005893236957490444,2.9435814212774858e-05
19009,0.000423931865952909,2.8329590350040235e-05
19010,0.00027815584326162934,2.651624527061358e-05
19011,0.00017933768685907125,2.5283963623223826e-05
19012,0.00013241924170870334,2.531105201342143e-05
19013,0.00013095785106997937,2.608248541946523e-05
19014,0.00016017448797356337,2.6521896870690398e-05
19015,0.00020534310897346586,2.6054029149236158e-05
19016,0.0002572047524154186,2.501303060853388e-05
19017,0.0003101670299656689,2.4198156097554602e-05
19018,0.0003593423462007195,2.4081335141090676e-05
19019,0.0004034983576275408,2.449326893838588e-05
19020,0.0004291084478609264,2.488237623765599e-05
19021,0.0004451051354408264,2.4817682060529478e-05
19022,0.00043507982627488673,2.4284423489007168e-05
19023,0.00042009964818134904,2.361899532843381e-05
19024,0.0003891544183716178,2.3222466552397236e-05
19025,0.0003606543177738786,2.3251974198501557e-05
19026,0.0003264414262957871,2.354017851757817e-05
19027,0.00029487712890841067,2.376433985773474e-05
19028,0.00025991216534748673,2.3706950742052868e-05
19029,0.00022672904015053064,2.339723869226873e-05
19030,0.00019400716701056808,2.3034917830955237e-05
19031,0.00016697462706360966,2.2818474462837912e-05
19032,0.0001457341422792524,2.2815140255261213e-05
19033,0.00013186356227379292,2.2944419470150024e-05
19034,0.000123410442029126,2.3064429115038365e-05
19035,0.0001190529583254829,2.3064658307703212e-05
19036,0.00011725828517228365,2.2931821149541065e-05
19037,0.0001178512757178396,2.273671816510614e-05
19038,0.00012112190597690642,2.257740925415419e-05
19039,0.00012773225898854434,2.250997204100713e-05
19040,0.00013797605060972273,2.2526830434799194e-05
19041,0.00015142091433517635,2.2571199224330485e-05
19042,0.00016855361172929406,2.2588639694731683e-05
19043,0.00018803354760166258,2.2551525034941733e-05
19044,0.0002129297936335206,2.2471971533377655e-05
19045,0.0002414222399238497,2.2383712348528206e-05
19046,0.00028064087382517755,2.2318283299682662e-05
19047,0.0003270772867836058,2.2289581465884112e-05
19048,0.0003921855241060257,2.2289856133284047e-05
19049,0.0004681511200033128,2.2296564566204324e-05
19050,0.0005711551057174802,2.2290972992777824e-05
19051,0.0006840265123173594,2.226439210062381e-05
19052,0.0008266595541499555,2.2223019186640158e-05
19053,0.0009634961024858057,2.217872315668501e-05
19054,0.0011119863484054804,2.2141442968859337e-05
19055,0.0012164860963821411,2.2116382751846686e-05
19056,0.0012838824186474085,2.2102358343545347e-05
19057,0.0012747814180329442,2.2093283405411057e-05
19058,0.0011891472386196256,2.208388650615234e-05
19059,0.0010543522657826543,2.206910721724853e-05
19060,0.0008685512584634125,2.2048621758585796e-05
19061,0.000694332062266767,2.202515497629065e-05
19062,0.0005284161306917667,2.2001904653734528e-05
19063,0.0004124931583646685,2.198215042881202e-05
19064,0.0003478956641629338,2.1967362044961192e-05
19065,0.0003495891287457198,2.1957201170152985e-05
19066,0.0003997999883722514,2.1950476366328076e-05
19067,0.0004926016554236412,2.194699482060969e-05
19068,0.0005860176170244813,2.1945414118818007e-05
19069,0.0006728059961460531,2.1947565983282402e-05
19070,0.0007092624437063932,2.1955504053039476e-05
19071,0.0007035520975477993,2.1971718524582684e-05
19072,0.000629909336566925,2.1999476302880794e-05
19073,0.0005210007075220346,2.2045593141228892e-05
19074,0.0003848514170385897,2.211551327491179e-05
19075,0.00026140804402530193,2.222043985966593e-05
19076,0.0001708461350062862,2.237445551145356e-05
19077,0.00012821663403883576,2.2600363081437536e-05
19078,0.00013175912317819893,2.292967474204488e-05
19079,0.0001683540758676827,2.3413287635776214e-05
19080,0.00021992296387907118,2.4125887648551725e-05
19081,0.00026640360010787845,2.5183109755744226e-05
19082,0.00029969046590849757,2.67556170001626e-05
19083,0.00031020876485854387,2.9114369681337848e-05
19084,0.0003074752166867256,3.26637746184133e-05
19085,0.0002902817795984447,3.804994412348606e-05
19086,0.0002735113666858524,4.6253568143583834e-05
19087,0.00025647401344031096,5.885072096134536e-05
19088,0.0002506699529476464,7.820638711564243e-05
19089,0.0002530034980736673,0.0001081359587260522
19090,0.0002682081831153482,0.00015420028648804873
19091,0.00028923264471814036,0.00022521729988511652
19092,0.00031531925196759403,0.0003328768943902105
19093,0.0003389529883861542,0.0004942163941450417
19094,0.0003594342852011323,0.0007250930066220462
19095,0.0003722202673088759,0.0010400190949440002
19096,0.00037791754584759474,0.001418517204001546
19097,0.00037389149656519294,0.0018015996320173144
19098,0.00036121250013820827,0.0020271912217140198
19099,0.00034024426713585854,0.0019423936028033495
19100,0.000313089054543525,0.001451961463317275
19101,0.0002838466898538172,0.0007764985784888268
19102,0.00025419238954782486,0.00026801490457728505
19103,0.00022873812122270465,0.0001951104059116915
19104,0.00020753711578436196,0.0004769615188706666
19105,0.0001932536397362128,0.0007991507300175726
19106,0.00018517524586059153,0.0008567521581426263
19107,0.00018385067232884467,0.0006524419877678156
19108,0.00018897777772508562,0.000382705416996032
19109,0.00019952743605244905,0.0003290086460765451
19110,0.00021717518393415958,0.0004926154506392777
19111,0.0002392389578744769,0.0006996765150688589
19112,0.00027078244602307677,0.0007342536118812859
19113,0.00030512691591866314,0.0006237492198124528
19114,0.0003515852731652558,0.0004792233812622726
19115,0.00039490789640694857,0.00045086911995895207
19116,0.00045007947483099997,0.00047622426063753664
19117,0.0004881946661043912,0.00045235248398967087
19118,0.0005315749440342188,0.0003048765938729048
19119,0.000538423890247941,0.00013882237544748932
19120,0.0005408655852079391,6.171234417706728e-05
19121,0.0005016539944335818,9.648386912886053e-05
19122,0.00046324438881129026,0.00015626533422619104
19123,0.00041319988667964935,0.00015798024833202362
19124,0.00038994287024252117,0.00011374531459296122
19125,0.0003940632741432637,8.780266944086179e-05
19126,0.0004366434004623443,0.00011513871140778065
19127,0.0005105513846501708,0.00015797333617229015
19128,0.0005978148547001183,0.00016351664089597762
19129,0.0006943065673112869,0.00012170300033176318
19130,0.0007665586890652776,7.430435653077438e-05
19131,0.0008296502637676895,5.772618897026405e-05
19132,0.0008453527698293328,6.899539584992453e-05
19133,0.0008485173457302153,7.86448217695579e-05
19134,0.0008090603514574468,7.103064126567915e-05
19135,0.0007720667636021972,5.8862020523520187e-05
19136,0.0007265639724209905,6.362394924508408e-05
19137,0.0007085861871019006,9.047203639056534e-05
19138,0.0007268215995281935,0.00012375756341498345
19139,0.0007763317553326488,0.00015134022396523505
19140,0.0008791174041107297,0.0001744601031532511
19141,0.000952013477217406,0.00021366264263633639
19142,0.0010277224937453866,0.0002797161869239062
19143,0.0009600704070180655,0.00038202066207304597
19144,0.0008220101590268314,0.0005066230660304427
19145,0.0005639850860461593,0.0006693972973152995
19146,0.00032841344363987446,0.0008392052841372788
19147,0.0001892076979856938,0.001038484275341034
19148,0.0001887799589894712,0.0011533924844115973
19149,0.0002783654781524092,0.0011829540599137545
19150,0.0003635345783550292,0.000996884424239397
19151,0.0003848285414278507,0.0006924402550794184
19152,0.00032419111812487245,0.00036000669933855534
19153,0.00024059026327449828,0.0001758759026415646
19154,0.00018616198212839663,0.00021346783614717424
19155,0.0001955685147549957,0.0004002150963060558
19156,0.0002539705019444227,0.000603803782723844
19157,0.0003219090576749295,0.0006770669133402407
19158,0.0003601507341954857,0.0006654341123066843
19159,0.00035691593075171113,0.000638897530734539
19160,0.00032484999974258244,0.000771943130530417
19161,0.0002984043676406145,0.0010647372109815478
19162,0.000294283963739872,0.0015117604052647948
19163,0.00032900282531045377,0.0018382109701633453
19164,0.0003787651949096471,0.001974658342078328
19165,0.00044443158549256623,0.0015534213744103909
19166,0.0004859224718529731,0.000907439214643091
19167,0.0005266870139166713,0.0003816531097982079
19168,0.0005326459649950266,0.00034321597195230424
19169,0.0005445251008495688,0.0005637406138703227
19170,0.0005421176319941878,0.0006527660880237818
19171,0.0005545294261537492,0.0005800831131637096
19172,0.0005777758779004216,0.0005008231964893639
19173,0.0006080340244807303,0.0003829019842669368
19174,0.0006528361700475216,0.0002270299883093685
19175,0.0006797683308832347,0.0001525352126918733
19176,0.0007059673080220819,0.0002249069802928716
19177,0.0006905855843797326,0.0002837609499692917
19178,0.0006607855320908129,0.0002243174094473943
19179,0.0005881302640773356,0.00017217991990037262
19180,0.000506843498442322,0.00020728334493469447
19181,0.000414497684687376,0.00026862521190196276
19182,0.00033799029188230634,0.00029450529837049544
19183,0.00028633794863708317,0.00028460356406867504
19184,0.00026084028650075197,0.00023993986542336643
19185,0.00026150475605390966,0.0001919134083436802
19186,0.0002698404132388532,0.00017519027460366488
19187,0.00028424005722627044,0.00018909414939116687
19188,0.000286556693026796,0.00017829805437941104
19189,0.00028568372363224626,0.0001297567068831995
19190,0.0002724702935665846,8.251236431533471e-05
19191,0.0002606258785817772,6.21017170487903e-05
19192,0.0002447648730594665,5.654967753798701e-05
19193,0.0002326014218851924,5.634607077809051e-05
19194,0.00021977962751407176,6.165976810734719e-05
19195,0.00020946940639987588,6.583629146916792e-05
19196,0.00020160910207778215,6.386546010617167e-05
19197,0.00019934798183385283,6.242383824428543e-05
19198,0.00020483513071667403,6.629425479331985e-05
19199,0.00021897828264627606,6.75424889777787e-05
19200,0.0002417059731669724,6.094720447435975e-05
19201,0.0002720239572227001,5.082145071355626e-05
19202,0.00030816812068223953,4.389344758237712e-05
19203,0.0003533669514581561,4.0354942029807717e-05
19204,0.000404320569941774,3.797993122134358e-05
19205,0.0004754771071020514,3.533289418555796e-05
19206,0.0005542394937947392,3.2365678634960204e-05
19207,0.0006712430040352046,3.068058504140936e-05
19208,0.0007851321715861559,3.209424903616309e-05
19209,0.0009417079272679985,3.5111166653223336e-05
19210,0.00105146539863199,3.612557702581398e-05
19211,0.0011643688194453716,3.4651522582862526e-05
19212,0.0011716197477653623,3.300443131593056e-05
19213,0.0011206201743334532,3.19492319249548e-05
19214,0.0009818850085139275,3.039569674001541e-05
19215,0.0008017488871701062,2.8526363166747615e-05
19216,0.0006378117250278592,2.738076727837324e-05
19217,0.0005034530186094344,2.6524947315920144e-05
19218,0.0004274387320037931,2.4922701413743198e-05
19219,0.0003825863532256335,2.353442869207356e-05
19220,0.0003625697281677276,2.4017932446440682e-05
19221,0.00034205420524813235,2.573749952716753e-05
19222,0.00032741003087721765,2.66238803305896e-05
19223,0.00031303020659834146,2.6164561859332025e-05
19224,0.00031283654971048236,2.5444596758461557e-05
19225,0.0003257912758272141,2.500608934496995e-05
19226,0.0003528185479808599,2.4529594156774692e-05
19227,0.00038348371163010597,2.404748011031188e-05
19228,0.0004077287740074098,2.3952467017807066e-05
19229,0.0004179151146672666,2.4017768737394363e-05
19230,0.000411617016652599,2.364579813729506e-05
19231,0.00039181599277071655,2.293023317179177e-05
19232,0.00036386234569363296,2.2546671971213073e-05
19233,0.000329831731505692,2.2682857888867147e-05
19234,0.00029563705902546644,2.2893218556419015e-05
19235,0.00026102596893906593,2.2885329599375837e-05
19236,0.00023386377142742276,2.2797074052505195e-05
19237,0.0002130416251020506,2.272888923471328e-05
19238,0.0002038081584032625,2.2567059204448014e-05
19239,0.0001985941780731082,2.2309897758532315e-05
19240,0.00019888767565134913,2.218235022155568e-05
19241,0.00019459883333183825,2.2288331820163876e-05
19242,0.0001890872372314334,2.2441246983362362e-05
19243,0.0001775208074832335,2.244913594040554e-05
19244,0.00016497974866069853,2.2350093786371872e-05
19245,0.00015132519183680415,2.2279573386185803e-05
19246,0.0001400871988153085,2.2257409000303596e-05
19247,0.00013199223030824214,2.2234919015318155e-05
19248,0.00012834285735152662,2.221295471827034e-05
19249,0.00012889820209238678,2.2220427126740105e-05
19250,0.00013307093468029052,2.223446972493548e-05
19251,0.00013956098700873554,2.2205997083801776e-05
19252,0.00014721121988259256,2.213741754530929e-05
19253,0.00015539879677817225,2.2074738808441907e-05
19254,0.00016450950352009386,2.204053453169763e-05
19255,0.00017599010607227683,2.2026320948498324e-05
19256,0.00019214287749491632,2.2026710212230682e-05
19257,0.0002157818671548739,2.2044298020773567e-05
19258,0.0002508031320758164,2.20738111238461e-05
19259,0.0003004481550306082,2.210471393482294e-05
19260,0.00037300612893886864,2.2143191017676145e-05
19261,0.0004698107368312776,2.2212199837667868e-05
19262,0.0006109436508268118,2.2323836674331687e-05
19263,0.00078198203118518,2.2479305698652752e-05
19264,0.0010234899818897247,2.2683600036543794e-05
19265,0.001264939084649086,2.2966967662796378e-05
19266,0.001561005599796772,2.3358225007541478e-05
19267,0.0017486332217231393,2.3900351152406074e-05
19268,0.0018710524309426546,2.4639612092869356e-05
19269,0.0018032691441476345,2.5678386009531096e-05
19270,0.0016029004473239183,2.713391586439684e-05
19271,0.0013601696118712425,2.922189378296025e-05
19272,0.0011154389940202236,3.21708939736709e-05
19273,0.0009612402063794434,3.645579272415489e-05
19274,0.0008110121707431972,4.2576295527396724e-05
19275,0.0007036637980490923,5.163933747098781e-05
19276,0.0005855611525475979,6.471464439528063e-05
19277,0.0005267754895612597,8.442123362328857e-05
19278,0.0005265501094982028,0.0001129720185417682
19279,0.0005930720362812281,0.00015667999105062336
19280,0.000688993139192462,0.00021955961710773408
19281,0.0007986795390024781,0.00031657377257943153
19282,0.0008506380254402757,0.00045197963481768966
19283,0.0008199363946914673,0.0006587598472833633
19284,0.0006623942172154784,0.0009247234556823969
19285,0.00046718964586034417,0.0013080027420073748
19286,0.0003086731885559857,0.0017053033225238323
19287,0.0002628775255288929,0.002174718538299203
19288,0.0003015984548255801,0.0023782544303685427
19289,0.0003541726619005203,0.002374999225139618
19290,0.00036168721271678805,0.001811062335036695
19291,0.0003279787488281727,0.0010506664402782917
19292,0.000286552298348397,0.0003317211230751127
19293,0.00026872134185396135,5.3383475460577756e-05
19294,0.0002733987057581544,0.0002489041071385145
19295,0.0002856144856195897,0.0006342756096273661
19296,0.000294175639282912,0.0008558493573218584
19297,0.00028968160040676594,0.0006952264229767025
19298,0.00028183747781440616,0.00033823432750068605
19299,0.00025058386381715536,7.271270442288369e-05
19300,0.00021829843171872199,9.198238694807515e-05
19301,0.00017898745136335492,0.0002990030334331095
19302,0.0001583291741553694,0.0004426069790497422
19303,0.0001567694271216169,0.00038520005182363093
19304,0.00016425034846179187,0.0001882326469058171
19305,0.00016444297216366976,5.1430932217044756e-05
19306,0.00014971249038353562,7.77466848376207e-05
19307,0.00012825257726944983,0.00019692980276886374
19308,0.00011262070620432496,0.00026689638616517186
19309,0.00011010833986802027,0.0002138660056516528
19310,0.0001173499331343919,0.00010621933324728161
19311,0.00012583605712279677,4.7177181841107085e-05
19312,0.000129324194858782,7.750210352241993e-05
19313,0.0001270392822334543,0.00014360655040945858
19314,0.00012216319737490267,0.0001679878041613847
19315,0.00011836896010208875,0.0001308721984969452
19316,0.00011748466931749135,7.422750786645338e-05
19317,0.00012015120591968298,5.2849842177238315e-05
19318,0.00012545290519483387,7.767736678943038e-05
19319,0.0001330283412244171,0.00011414919572416693
19320,0.0001408961834385991,0.00012551399413496256
19321,0.0001488721463829279,0.00010367902723373845
19322,0.00015620695194229484,7.586972787976265e-05
19323,0.00016596802743151784,6.816050881752744e-05
19324,0.0001793627452570945,8.522693678969517e-05
19325,0.00020166947797406465,0.00010922352521447465
19326,0.00023109106405172497,0.00012074640835635364
19327,0.00027467627660371363,0.00011610570072662085
19328,0.0003251704329159111,0.00010664293222362176
19329,0.00039722007932141423,0.00010635910439305007
19330,0.00047579186502844095,0.00011896550131496042
19331,0.0005876003997400403,0.00013646135630551726
19332,0.0006986920488998294,0.00014967347669880837
19333,0.0008466028375551105,0.00015259667998179793
19334,0.0009629153064452112,0.00015064579201862216
19335,0.0010932538425549865,0.00014860907685942948
19336,0.0011505198199301958,0.00015141906624194235
19337,0.001187720918096602,0.0001559254014864564
19338,0.0011802427470684052,0.0001576378708705306
19339,0.0011706110090017319,0.00015225724200718105
19340,0.0012263016542419791,0.0001396486914018169
19341,0.0013042395003139973,0.00012303075345698744
19342,0.0014488932210952044,0.00010589828889351338
19343,0.0015003514708951116,9.01574021554552e-05
19344,0.0014797450276091695,7.592362817376852e-05
19345,0.0012785959988832474,6.203989323694259e-05
19346,0.001055449596606195,4.873861325904727e-05
19347,0.0008478188537992537,3.6923283914802596e-05
19348,0.0008089906768873334,2.8386708436300978e-05
19349,0.0008686330402269959,2.4061970179900527e-05
19350,0.000987169099971652,2.3657177735003643e-05
19351,0.0010428085224702954,2.576284714450594e-05
19352,0.0009775665821507573,2.8717115128529258e-05
19353,0.0008245454519055784,3.142109198961407e-05
19354,0.0006159532931633294,3.353542342665605e-05
19355,0.0004373913398012519,3.5360197216505185e-05
19356,0.000316478282911703,3.716227365657687e-05
19357,0.00026723905466496944,3.898603972629644e-05
19358,0.00027435936499387026,4.0472314140060917e-05
19359,0.0003138549509458244,4.120070661883801e-05
19360,0.000362898368621245,4.09397434850689e-05
19361,0.00039888062747195363,3.97690491809044e-05
19362,0.000421344448113814,3.8069887523306534e-05
19363,0.000428053637733683,3.626532998168841e-05
19364,0.0004237345128785819,3.465500776655972e-05
19365,0.0004237027605995536,3.3332613384118304e-05
19366,0.00039708559052087367,3.220656799385324e-05
19367,0.0003747571026906371,3.1146413675742224e-05
19368,0.0003231425944250077,3.0054996386752464e-05
19369,0.0002823387912940234,2.8952959837624803e-05
19370,0.0002454901987221092,2.7924708774662577e-05
19371,0.00022475689183920622,2.7078505809186026e-05
19372,0.0002082984719891101,2.6481586246518418e-05
19373,0.0001920327777042985,2.612897878861986e-05
19374,0.0001721960143186152,2.598137507447973e-05
19375,0.0001529735600342974,2.596185549919028e-05
19376,0.00013840344035997987,2.604448309284635e-05
19377,0.00012992226402275264,2.621848034323193e-05
19378,0.00012693215103354305,2.655174830579199e-05
19379,0.00012831829371862113,2.7116650016978383e-05
19380,0.00013308977941051126,2.8039685275871307e-05
19381,0.00013957337068859488,2.9431530492729507e-05
19382,0.00014651738456450403,3.148630275973119e-05
19383,0.00015209440607577562,3.440492946538143e-05
19384,0.00015730803715996444,3.857988122035749e-05
19385,0.0001621506380615756,4.4475709728430957e-05
19386,0.00016920696361921728,5.302945646690205e-05
19387,0.00017774660955183208,6.528277299366891e-05
19388,0.0001905937388073653,8.345510286744684e-05
19389,0.00020597281400114298,0.00010971880692522973
19390,0.00022891300613991916,0.00014925122377462685
19391,0.0002548084012232721,0.0002059341495623812
19392,0.00029159942641854286,0.00029137750971131027
19393,0.0003284169943071902,0.0004095021286047995
19394,0.00037902063922956586,0.0005823915707878768
19395,0.0004256737302057445,0.0007981124799698591
19396,0.0004901029751636088,0.0010811012471094728
19397,0.0005447495495900512,0.0013476306339725852
19398,0.000615409342572093,0.0015854844823479652
19399,0.0006605007802136242,0.0016151006566360593
19400,0.0007061412325128913,0.001439112238585949
19401,0.0007040819618850946,0.0010627006413415074
19402,0.0006825834279879928,0.0006630056304857135
19403,0.0006107594817876816,0.0004329236107878387
19404,0.0005201938329264522,0.0004135198250878602
19405,0.00041218980913981795,0.0005685053183697164
19406,0.0003110287943854928,0.00074039027094841
19407,0.00022910076950211078,0.0008688967791385949
19408,0.00017213108367286623,0.0008514184737578034
19409,0.0001413058053003624,0.0007947637932375073
19410,0.0001314944529440254,0.0007525770924985409
19411,0.00013770628720521927,0.0008767431718297303
19412,0.00015461082512047142,0.001183039741590619
19413,0.00017983009456656873,0.001595209469087422
19414,0.00020863712416030467,0.0018568930681794882
19415,0.00024165815557353199,0.0018980439053848386
19416,0.00027314628823660314,0.0015726127894595265
19417,0.00030556030105799437,0.0010977779747918248
19418,0.00033241487108170986,0.0006445514736697078
19419,0.0003584567457437515,0.0003848375054076314
19420,0.0003769462346099317,0.00032030546572059393
19421,0.0003948500961996615,0.00037607390549965203
19422,0.0004043578519485891,0.00045755336759611964
19423,0.0004136145580559969,0.0004939492209814489
19424,0.00041323568439111114,0.00045481265988200903
19425,0.0004123751714359969,0.0003553405695129186
19426,0.00040113338036462665,0.0002536348474677652
19427,0.0003894558467436582,0.00020198957645334303
19428,0.0003686252166517079,0.00021638978796545416
19429,0.00034791789948940277,0.00024950699298642576
19430,0.0003214677853975445,0.00025603926042094827
19431,0.00029601340065710247,0.0002156007831217721
19432,0.0002690246037673205,0.00017062823462765664
19433,0.00024389958707615733,0.0001556906645419076
19434,0.0002203067997470498,0.0001634238287806511
19435,0.00019903256907127798,0.00015855168749112636
19436,0.0001804408384487033,0.00012280786177143455
19437,0.0001642521092435345,7.977053610375151e-05
19438,0.00015079494914971292,6.549901445396245e-05
19439,0.0001397093292325735,8.67982889758423e-05
19440,0.0001310640072915703,0.00011565699969651178
19441,0.00012462862650863826,0.00011915090726688504
19442,0.00012020649592159316,9.357249655295163e-05
19443,0.00011770920536946505,6.068657603464089e-05
19444,0.00011685542995110154,4.3941603507846594e-05
19445,0.0001178077218355611,4.8599667934468016e-05
19446,0.00012036247062496841,6.250193109735847e-05
19447,0.00012516786227934062,7.219296094262972e-05
19448,0.00013224376016296446,7.036832539597526e-05
19449,0.00014322825882118195,5.9798210713779554e-05
19450,0.00015841898857615888,4.5819928345736116e-05
19451,0.00018163623462896794,3.434829704929143e-05
19452,0.00021321146050468087,2.9566328521468677e-05
19453,0.0002618478029035032,3.218294295947999e-05
19454,0.00032582544372417033,3.8995676732156426e-05
19455,0.0004240651906002313,4.43381468357984e-05
19456,0.0005433946498669684,4.390255344333127e-05
19457,0.0007199406391009688,3.796129749389365e-05
19458,0.0008975534001365304,3.067258148803376e-05
19459,0.001128366100601852,2.6721951144281775e-05
19460,0.0012607958633452654,2.7531450541573577e-05
19461,0.0013565249973908067,3.0726136174052954e-05
19462,0.0012374739162623882,3.283213300164789e-05
19463,0.0010424705687910318,3.203322194167413e-05
19464,0.0008352957665920258,2.93758675979916e-05
19465,0.0008063171990215778,2.691193003556691e-05
19466,0.0010838070884346962,2.5949855626095086e-05
19467,0.0015973200788721442,2.6252606403431855e-05
19468,0.002289517316967249,2.6765987058752216e-05
19469,0.0027983831241726875,2.669566310942173e-05
19470,0.003074046690016985,2.5953533622669056e-05
19471,0.002677649026736617,2.4908740670070983e-05
19472,0.00196832069195807,2.3950409740791656e-05
19473,0.0012067471398040652,2.3263264665729366e-05
19474,0.0010206525912508368,2.2943877411307767e-05
19475,0.001544055761769414,2.3007445633993484e-05
19476,0.002115596318617463,2.3368982510874048e-05
19477,0.00234756781719625,2.3771815904183313e-05
19478,0.0016340883448719978,2.3898552171885967e-05
19479,0.0007557016215287149,2.3573997168568894e-05
19480,0.00036323099629953504,2.2913687644177116e-05
19481,0.0006498895236290991,2.2234939024201594e-05
19482,0.0010521303629502654,2.1840516637894325e-05
19483,0.000963978935033083,2.182740718126297e-05
19484,0.00053293292876333,2.208035220974125e-05
19485,0.00023949900059960783,2.2393993276637048e-05
19486,0.0003451383672654629,2.2640713723376393e-05
19487,0.0006041586166247725,2.2806580091128126e-05
19488,0.0006437140982598066,2.299347943335306e-05
19489,0.00044068804709240794,2.3304985006689094e-05
19490,0.00023926269204821438,2.3829470592318103e-05
19491,0.0002497500681784004,2.4607707018731162e-05
19492,0.0003981835616286844,2.572374251030851e-05
19493,0.0004502994997892529,2.7285610485705547e-05
19494,0.0003626573015935719,2.9559145332314074e-05
19495,0.0002448135637678206,3.282797115389258e-05
19496,0.00023622624576091766,3.770681723835878e-05
19497,0.0003162049688398838,4.4758864532923326e-05
19498,0.0003713757323566824,5.544050145545043e-05
19499,0.0003496368299238384,7.091330917319283e-05
19500,0.00029621057910844684,9.47412772802636e-05
19501,0.00028079288313165307,0.00012896348198410124
19502,0.0003364311414770782,0.0001820511679397896
19503,0.0003907004138454795,0.0002559115819167346
19504,0.00043703598203137517,0.00036963835009373724
19505,0.0004423427162691951,0.0005158268613740802
19506,0.0004671527713071555,0.0007303805323317647
19507,0.0005141873261891305,0.0009565900545567274
19508,0.000580799242015928,0.0012391813797876239
19509,0.0006242261733859777,0.0013965090038254857
19510,0.0006404659943655133,0.0014831434236839414
19511,0.000602984509896487,0.0012941212626174092
19512,0.0005671395920217037,0.0010235499357804656
19513,0.0004916035104542971,0.0007213028147816658
19514,0.00041993570630438626,0.0005771932192146778
19515,0.0003258073120377958,0.0005840190569870174
19516,0.0002351099974475801,0.0006591302808374166
19517,0.0001630543265491724,0.0006956442375667393
19518,0.0001259135897271335,0.0006457457784563303
19519,0.00012314794003032148,0.0004978743381798267
19520,0.00013897495227865875,0.0003326136211398989
19521,0.00015833749785088003,0.00021191261475905776
19522,0.00017743834177963436,0.00018987784278579056
19523,0.0002015750069404021,0.00022980211360845715
19524,0.00023080964456312358,0.000250328826950863
19525,0.0002589094510767609,0.00020044873235747218
19526,0.0002747370454017073,0.00011152910155942664
19527,0.00028056208975613117,6.0520680563058704e-05
19528,0.00027683412190526724,8.55320759001188e-05
19529,0.000275955768302083,0.00015333399642258883
19530,0.0002712861751206219,0.00019777563284151256
19531,0.00026380838244222105,0.0001837266026996076
19532,0.00024662783835083246,0.00012828083708882332
19533,0.00022733057267032564,7.702951552346349e-05
19534,0.0002084371808450669,5.739249900216237e-05
19535,0.00019516004249453545,6.465933984145522e-05
19536,0.00018265406833961606,7.53530694055371e-05
19537,0.00017039658268913627,7.427174568874761e-05
19538,0.00015661554061807692,6.290268356679007e-05
19539,0.00014530506450682878,5.182389577385038e-05
19540,0.00013734237290918827,4.9027115892386064e-05
19541,0.00013284676242619753,5.36885745532345e-05
19542,0.00012914047692902386,6.046582348062657e-05
19543,0.00012537787551991642,6.412069342331961e-05
19544,0.00012167937529738992,6.203628436196595e-05
19545,0.00011979854025412351,5.450750541058369e-05
19546,0.00011991353676421568,4.324369365349412e-05
19547,0.0001216397067764774,3.2621297577861696e-05
19548,0.0001236900279764086,2.6814539523911662e-05
19549,0.00012624371447600424,2.760385541478172e-05
19550,0.00012985378270968795,3.2492192985955626e-05
19551,0.00013589227455668151,3.632365769590251e-05
19552,0.00014478995581157506,3.579059921321459e-05
19553,0.00015783600974828005,3.1617037166142836e-05
19554,0.00017516307707410306,2.785632386803627e-05
19555,0.0002004810667131096,2.7484045858727768e-05
19556,0.00023406602849718183,3.0068616979406215e-05
19557,0.00028464302886277437,3.271208333899267e-05
19558,0.00035027257399633527,3.297947841929272e-05
19559,0.0004485432873480022,3.0829458410153165e-05
19560,0.0005698296008631587,2.7777259674621746e-05
19561,0.0007456513121724129,2.528172444726806e-05
19562,0.0009406432509422302,2.3771446649334393e-05
19563,0.0011974398512393236,2.3057096768752672e-05
19564,0.0014178156852722168,2.2958543922868557e-05
19565,0.0016352934762835503,2.336643410671968e-05
19566,0.0016957104671746492,2.3976099328137934e-05
19567,0.0016228585736826062,2.4265169486170635e-05
19568,0.0013732827501371503,2.3957078155945055e-05
19569,0.0010185787687078118,2.328999835299328e-05
19570,0.0006764460704289377,2.2868467567604966e-05
19571,0.0004169822786934674,2.3140701159718446e-05
19572,0.00029522995464503765,2.4118035071296617e-05
19573,0.0002900936233345419,2.5484961952315643e-05
19574,0.0003638075722847134,2.695939110708423e-05
19575,0.0004485958779696375,2.85267651634058e-05
19576,0.0005042894626967609,3.047478458029218e-05
19577,0.0005141196888871491,3.325394573039375e-05
19578,0.0004874095320701599,3.7444584449985996e-05
19579,0.000445239624241367,4.378691301099025e-05
19580,0.0004023771034553647,5.3343508625403047e-05
19581,0.00035317320725880563,6.762034172425047e-05
19582,0.00030445741140283644,8.897774387151003e-05
19583,0.0002542540314607322,0.00012053526734234765
19584,0.00021504145115613937,0.00016754351963754743
19585,0.0001910657447297126,0.0002360028011025861
19586,0.0001813664857763797,0.00033622022601775825
19587,0.0001824227801989764,0.0004757144197355956
19588,0.00018954044207930565,0.0006667793495580554
19589,0.0002016992075368762,0.0009005020256154239
19590,0.00021309754811227322,0.0011627855710685253
19591,0.00022250918846111745,0.001374207902699709
19592,0.00022539003111887723,0.0014561581192538142
19593,0.00022328607155941427,0.0012923995964229107
19594,0.000216459680814296,0.0009086792124435306
19595,0.00020569203479681164,0.0004394789575599134
19596,0.00019103556405752897,0.00011826731497421861
19597,0.00017424236284568906,7.667086174478754e-05
19598,0.00015865612658672035,0.00025949798873625696
19599,0.00014909748279023916,0.0004753132816404104
19600,0.0001468811824452132,0.0005411082529462874
19601,0.0001512020535301417,0.0004117590142413974
19602,0.00015695879119448364,0.00020464519911911339
19603,0.00016096689796540886,8.10319761512801e-05
19604,0.0001601433614268899,0.00011390857252990827
19605,0.0001561404496897012,0.00023127850727178156
19606,0.00014946615556254983,0.0003096929285675287
19607,0.00014364466187544167,0.0002751243009697646
19608,0.00013876924640499055,0.00017326931993011385
19609,0.00013701604621019214,9.528717782814056e-05
19610,0.00013763169408775866,0.00010057870531454682
19611,0.00014149794878903776,0.00016276640235446393
19612,0.00014781102072447538,0.00021351897157728672
19613,0.00015717670612502843,0.00020590837812051177
19614,0.00016935403982643038,0.00015717209316790104
19615,0.00018618862668517977,0.00011502466077217832
19616,0.00020779595070052892,0.00011724453361239284
19617,0.00023839919595047832,0.00015319586964324117
19618,0.0002767742262221873,0.000189879909157753
19619,0.00033112437813542783,0.00019825127674266696
19620,0.0003965149517171085,0.0001866534148575738
19621,0.00048752452130429447,0.00017552447388879955
19622,0.0005908593884669244,0.0001874320296337828
19623,0.0007277224212884903,0.00021727918647229671
19624,0.0008661711472086608,0.0002511565398890525
19625,0.0010289916535839438,0.0002713353605940938
19626,0.0011542408028617501,0.00028145938995294273
19627,0.001258291071280837,0.0002868658921215683
19628,0.0012667035916820168,0.0003025546611752361
19629,0.0011962434509769082,0.00032284282497130334
19630,0.001028682803735137,0.00034542623325251043
19631,0.0008022046531550586,0.000356986973201856
19632,0.0005719739128835499,0.0003612985019572079
19633,0.00037931170663796365,0.0003637640329543501
19634,0.0002639952290337533,0.0003743927809409797
19635,0.00023094730568118393,0.00040748665924184024
19636,0.0002647583605721593,0.0004615624202415347
19637,0.00033444236032664776,0.0005526645109057426
19638,0.000406607985496521,0.0006698836223222315
19639,0.0004543934774119407,0.0008318425971083343
19640,0.0004681678838096559,0.0009953813860192895
19641,0.00044847902609035373,0.0011708615347743034
19642,0.0004109322908334434,0.0012458055280148983
19643,0.0003620630595833063,0.0012559685856103897
19644,0.00031981084612198174,0.0011059094686061144
19645,0.0002819833462126553,0.0009557597804814577
19646,0.0002564959286246449,0.0008456937503069639
19647,0.00023625194444321096,0.0009551551775075495
19648,0.00022086332319304347,0.0012205170933157206
19649,0.00020543250138871372,0.0016212869668379426
19650,0.00018990108219441026,0.0017558481777086854
19651,0.00017577156540937722,0.0015641683712601662
19652,0.0001642665738472715,0.0009078528382815421
19653,0.00015730393351987004,0.0003128227253910154
19654,0.00015341065591201186,0.00014849296712782234
19655,0.0001527292188256979,0.00032303042826242745
19656,0.0001538634969620034,0.000473126390716061
19657,0.00015867181355133653,0.00046346624731086195
19658,0.00016665180737618357,0.00047767406795173883
19659,0.00017965646111406386,0.0005624674959108233
19660,0.00019538587366696447,0.0005141959409229457
19661,0.00021427386673167348,0.00038704759208485484
19662,0.00023355954908765852,0.00034313948708586395
19663,0.0002539197157602757,0.00043266292777843773
19664,0.0002743732766248286,0.00046956836013123393
19665,0.0002962842700071633,0.0003879893047269434
19666,0.0003199351776856929,0.0002785188262350857
19667,0.00034767898614518344,0.0002233512350358069
19668,0.0003792886855080724,0.00017909712914843112
19669,0.0004199987160973251,0.00013824015331920236
19670,0.0004644781001843512,0.00011954036017414182
19671,0.0005229793605394661,0.00011669167724903673
19672,0.0005775017198175192,0.00010055373422801495
19673,0.0006454145768657327,7.814024138497189e-05
19674,0.000691141583956778,7.547530549345538e-05
19675,0.0007386325160041451,8.75293044373393e-05
19676,0.0007435381412506104,9.499846783000976e-05
19677,0.0007321575540117919,9.589542605681345e-05
19678,0.0006754947826266289,9.60785400820896e-05
19679,0.0005970109486952424,9.133311687037349e-05
19680,0.000497208209708333,8.037712541408837e-05
19681,0.0003923947806470096,6.886047776788473e-05
19682,0.00029747223015874624,6.179662159411237e-05
19683,0.00022029117099009454,5.5142307246569544e-05
19684,0.00016919428890105337,4.759272633236833e-05
19685,0.00014380537322722375,4.168491796008311e-05
19686,0.00014113262295722961,3.790206028497778e-05
19687,0.0001548806030768901,3.5175551602151245e-05
19688,0.00017831334844231606,3.483063846942969e-05
19689,0.0002055102668236941,3.7749330658698454e-05
19690,0.0002329492272110656,4.0840070141712204e-05
19691,0.00025796963018365204,4.107844506506808e-05
19692,0.00028133447631262243,3.96308496419806e-05
19693,0.00030200101900845766,3.84558443329297e-05
19694,0.00032534374622628093,3.5965684219263494e-05
19695,0.00034995711757801473,3.151214696117677e-05
19696,0.0003852275258395821,2.832830068655312e-05
19697,0.0004258151166141033,2.8855363780166954e-05
19698,0.0004826097283512354,3.0287787012639455e-05
19699,0.0005422580288723111,2.9029273719061166e-05
19700,0.0006168094696477056,2.6058720322907902e-05
19701,0.0006828329060226679,2.4553193725296296e-05
19702,0.0007529556751251221,2.465099169057794e-05
19703,0.0007975752232596278,2.426176070002839e-05
19704,0.0008256518049165606,2.3369890186586417e-05
19705,0.0008222869946621358,2.3869737560744397e-05
19706,0.0007873455761000514,2.5724635634105653e-05
19707,0.0007454206352122128,2.6610930945025757e-05
19708,0.0006764999125152826,2.555796345404815e-05
19709,0.000625839049462229,2.414318805676885e-05
19710,0.0005510818446055055,2.378668068558909e-05
19711,0.0004914621822535992,2.3890050215413794e-05
19712,0.0004211683990433812,2.341446452192031e-05
19713,0.00038264619070105255,2.2632413674728014e-05
19714,0.00037217477802187204,2.2392672690330073e-05
19715,0.00041393653373233974,2.2580616132472642e-05
19716,0.00048518861876800656,2.2427717340178788e-05
19717,0.0005758151528425515,2.1811305487062782e-05
19718,0.0006579625769518316,2.13367475225823e-05
19719,0.0007115319021977484,2.13104831345845e-05
19720,0.0007335628033615649,2.1401741832960397e-05
19721,0.0007191092590801418,2.1303174435161054e-05
19722,0.0006817708490416408,2.1151801774976775e-05
19723,0.0006371503113768995,2.118164047715254e-05
19724,0.0005827354616485536,2.1332763935788535e-05
19725,0.0005394926993176341,2.139686512236949e-05
19726,0.00048290559789165854,2.1342788386391476e-05
19727,0.0004307069757487625,2.1297284547472373e-05
19728,0.00036696757888421416,2.1302757886587642e-05
19729,0.0003079277230426669,2.129517451976426e-05
19730,0.0002549080818425864,2.1253219529171474e-05
19731,0.0002172649692511186,2.123987360391766e-05
19732,0.00019363444880582392,2.1286918126861565e-05
19733,0.00018152721168007702,2.1358871890697628e-05
19734,0.00017405531252734363,2.142275479855016e-05
19735,0.00016587821301072836,2.149735882994719e-05
19736,0.00015659807831980288,2.1599194951704703e-05
19737,0.0001471156137995422,2.1708821805077605e-05
19738,0.00014213414397090673,2.180973933718633e-05
19739,0.0001436458551324904,2.1939580619800836e-05
19740,0.00015235933824442327,2.215084168710746e-05
19741,0.0001656354288570583,2.246536678285338e-05
19742,0.00018044008174911141,2.287254756083712e-05
19743,0.00019321648869663477,2.3405607862514444e-05
19744,0.0002030212781392038,2.412827052467037e-05
19745,0.00021005577582400292,2.5137243937933818e-05
19746,0.00021790186292491853,2.6492984034121037e-05
19747,0.00022946050739847124,2.8341521101538092e-05
19748,0.0002512453938834369,3.084126001340337e-05
19749,0.00028391092200763524,3.4371209039818496e-05
19750,0.00033660291228443384,3.925252894987352e-05
19751,0.0004009674012195319,4.6231813030317426e-05
19752,0.0004943636595271528,5.592362867901102e-05
19753,0.000589050236158073,7.002773782005534e-05
19754,0.0007177477236837149,8.977991092251614e-05
19755,0.0008203217294067144,0.00011900480603799224
19756,0.0009429377387277782,0.00015980548050720245
19757,0.0009989102836698294,0.00022082166105974466
19758,0.001035992056131363,0.00030447522294707596
19759,0.0009964584605768323,0.00042963007581420243
19760,0.0009194491431117058,0.0005927966558374465
19761,0.000823122332803905,0.000830625300295651
19762,0.0007189401076175272,0.0011048107407987118
19763,0.0006458297139033675,0.0014692358672618866
19764,0.0005774628953076899,0.0017707376973703504
19765,0.0005257204174995422,0.0020609761122614145
19766,0.0004666736058425158,0.0020267758518457413
19767,0.0004110134032089263,0.0017837980994954705
19768,0.0003600648487918079,0.00118535989895463
19769,0.00032800331246107817,0.0005677576409652829
19770,0.0003177862672600895,0.00013448142271954566
19771,0.00033271178836002946,6.025001857778989e-05
19772,0.0003617997863329947,0.00028587537235580385
19773,0.00039636591100133955,0.0005882623372599483
19774,0.0004206346347928047,0.0007595479255542159
19775,0.0004318080027587712,0.0006571158301085234
19776,0.0004267485928721726,0.0003993776044808328
19777,0.0004165804712101817,0.00014744563668500632
19778,0.00040182366501539946,6.302953988779336e-05
19779,0.0003893397515639663,0.00015215152234304696
19780,0.0003699358203448355,0.00029662231099791825
19781,0.0003455265541560948,0.00036872681812383235
19782,0.00030925648752599955,0.0003020011354237795
19783,0.0002714745351113379,0.0001635753724258393
19784,0.00023171665088739246,4.902668661088683e-05
19785,0.00020206448971293867,2.8787142582586966e-05
19786,0.00017807543918024749,8.96751371328719e-05
19787,0.00016462661733385175,0.00016242194396909326
19788,0.00015540675667580217,0.00018686382099986076
19789,0.00015093476395122707,0.00014533712237607688
19790,0.00014802860096096992,7.885793456807733e-05
19791,0.00014519711839966476,3.482150350464508e-05
19792,0.00014113218639977276,3.777911842917092e-05
19793,0.00013476822641678154,7.330036896746606e-05
19794,0.00012708400026895106,0.00010631146869855002
19795,0.00011942301352974027,0.00011192639794899151
19796,0.00011369717685738578,8.735419396543875e-05
19797,0.00011077995441155508,5.3980518714524806e-05
19798,0.00011043818085454404,3.3597942092455924e-05
19799,0.00011159004498040304,3.5776956792688e-05
19800,0.00011292225826764479,5.292063360684551e-05
19801,0.00011381410877220333,6.900067819515243e-05
19802,0.00011401905794627964,7.27105070836842e-05
19803,0.00011412228923290968,6.243502139113843e-05
19804,0.00011446481221355498,4.719728167401627e-05
19805,0.00011576505494304001,3.6825578717980534e-05
19806,0.000118386116810143,3.6725941754411906e-05
19807,0.00012327272270340472,4.491470826906152e-05
19808,0.00013124615361448377,5.486195004777983e-05
19809,0.00014414326869882643,6.0905345890205353e-05
19810,0.00016352426609955728,6.0803646192653105e-05
19811,0.00019348316709510982,5.7534518418833613e-05
19812,0.0002369331195950508,5.5373693612637e-05
19813,0.000304550863802433,5.8373159845359623e-05
19814,0.00040073590935207903,6.754673813702539e-05
19815,0.000552262004930526,8.168770000338554e-05
19816,0.000756618392188102,9.881157166091725e-05
19817,0.0010702451691031456,0.00011739863839466125
19818,0.0014376945327967405,0.0001385418581776321
19819,0.0019360397709533572,0.00016399352170992643
19820,0.0023486283607780933,0.00019728142069652677
19821,0.002698359079658985,0.00024079262220766395
19822,0.0027159731835126877,0.00029573962092399597
19823,0.0024356914218515158,0.000362656224751845
19824,0.0020419410429894924,0.00043741645640693605
19825,0.0016383940819650888,0.0005179002764634788
19826,0.0014388522831723094,0.0005925044533796608
19827,0.0012546505313366652,0.000654091767501086
19828,0.0011425405973568559,0.0006855528336018324
19829,0.001025145873427391,0.000676947645843029
19830,0.0009982597548514605,0.0006231550360098481
19831,0.000983636942692101,0.0005271466798149049
19832,0.0009661208023317158,0.0004160422831773758
19833,0.0009689527214504778,0.0003098631277680397
19834,0.0010334160178899765,0.00024602594203315675
19835,0.001019756542518735,0.0002314380690222606
19836,0.0008257505251094699,0.0002744672237895429
19837,0.00048732926370576024,0.0003537768789101392
19838,0.0002741962962318212,0.00045193376718088984
19839,0.00031676809885539114,0.0005401299567893147
19840,0.0004788884543813765,0.0005966481403447688
19841,0.0005305198719725013,0.0006099864840507507
19842,0.00042610542732290924,0.0005716413725167513
19843,0.00030597252771258354,0.0004982793470844626
19844,0.00027666991809383035,0.0004031079588457942
19845,0.00029961988911964,0.0003116372099611908
19846,0.00029638170963153243,0.00023677494027651846
19847,0.0002631018287502229,0.00018481419829186052
19848,0.00023906308342702687,0.0001516864140285179
19849,0.00023291184334084392,0.0001322886091656983
19850,0.00020800356287509203,0.00012118052109144628
19851,0.00017180050781462342,0.000116889008495491
19852,0.00015749820158816874,0.00011855185584863648
19853,0.00018035052926279604,0.0001235134113812819
19854,0.00021033515804447234,0.0001277718838537112
19855,0.00020300898177083582,0.00012598138710018247
19856,0.00017444632248952985,0.00011563944281078875
19857,0.00015111450920812786,9.741524991113693e-05
19858,0.00015558366430923343,7.682372961426154e-05
19859,0.00016776725533418357,5.964268711977638e-05
19860,0.0001650660706218332,5.094911830383353e-05
19861,0.0001491592702222988,5.116426109452732e-05
19862,0.0001358053705189377,5.759618943557143e-05
19863,0.00012990212417207658,6.513961125165224e-05
19864,0.00012491090456023812,6.934057455509901e-05
19865,0.0001184845095849596,6.793285137973726e-05
19866,0.00011642225581454113,6.1029710195725784e-05
19867,0.00011918215022888035,5.135504761710763e-05
19868,0.00011924678983632475,4.170360989519395e-05
19869,0.0001123212423408404,3.473519973340444e-05
19870,0.00010438123717904091,3.125425791949965e-05
19871,0.0001032443979056552,3.087100412813015e-05
19872,0.00010801214375533164,3.212791489204392e-05
19873,0.00011142054427182302,3.3637305023148656e-05
19874,0.00010985265544150025,3.4355209209024906e-05
19875,0.00010626814764691517,3.404854578548111e-05
19876,0.00010449868568684906,3.302918776171282e-05
19877,0.00010469606058904901,3.181930514983833e-05
19878,0.00010494609887246042,3.092436236329377e-05
19879,0.0001050048740580678,3.0458464607363567e-05
19880,0.00010586386633804068,3.033520442841109e-05
19881,0.00010771967936307192,3.0206720111891627e-05
19882,0.00010908261174336076,2.9863467716495506e-05
19883,0.00010917778854491189,2.9141629056539387e-05
19884,0.00010934229067061096,2.8216149075888097e-05
19885,0.0001118922809837386,2.728957770159468e-05
19886,0.00011741475464077666,2.6725343559519388e-05
19887,0.0001252719375770539,2.6736233849078417e-05
19888,0.00013431630213744938,2.7507057893672027e-05
19889,0.00014697489677928388,2.901762127294205e-05
19890,0.00016454294382128865,3.12746997224167e-05
19891,0.00019228858582209796,3.417105835978873e-05
19892,0.0002301008062204346,3.782962812692858e-05
19893,0.00028762652073055506,4.231849015923217e-05
19894,0.0003634357708506286,4.81446368212346e-05
19895,0.00047960624215193093,5.5740412790328264e-05
19896,0.0006209157290868461,6.626360845984891e-05
19897,0.0008307573152706027,8.065997099038213e-05
19898,0.0010454978328198195,0.00010124872642336413
19899,0.0013322746381163597,0.00012959830928593874
19900,0.0015314532211050391,0.0001703436573734507
19901,0.00170794571749866,0.00022528647969011217
19902,0.001686741947196424,0.0003033312095794827
19903,0.0015414352528750896,0.00040294992504641414
19904,0.001323416130617261,0.0005379964713938534
19905,0.0011066829320043325,0.0006898141582496464
19906,0.001017593895085156,0.0008696038858033717
19907,0.0009927675127983093,0.001015610178001225
19908,0.001028359984047711,0.0011225229827687144
19909,0.0010177200892940164,0.0011074029607698321
19910,0.0010140445083379745,0.0009819105034694076
19911,0.00094739900669083,0.0007695583044551313
19912,0.0009067791979759932,0.0005375161417759955
19913,0.0007983713876456022,0.0003863858000840992
19914,0.0006623230874538422,0.00033975098631344736
19915,0.0004945840919390321,0.000422020471887663
19916,0.00036392820766195655,0.0005844706320203841
19917,0.00032852168078534305,0.0008053381461650133
19918,0.000371614471077919,0.0009958682348951697
19919,0.0004350739764049649,0.0011764400405809283
19920,0.0004383442865218967,0.0012713279575109482
19921,0.0003796397359110415,0.001358472858555615
19922,0.00027528335340321064,0.0013735529500991106
19923,0.00018954864935949445,0.0013248076429590583
19924,0.00015792589692864567,0.0010718157282099128
19925,0.00018396563245914876,0.0007059697527438402
19926,0.00024245200620498508,0.00031374438549391925
19927,0.00029204017482697964,0.00013151812891010195
19928,0.0003074288251809776,0.0002172557869926095
19929,0.0002737921313382685,0.0004226239980198443
19930,0.00021403355640359223,0.0005270795663818717
19931,0.000155048503074795,0.00039776862831786275
19932,0.0001231794012710452,0.0001715096295811236
19933,0.0001249888737220317,4.185961006442085e-05
19934,0.0001490305585321039,9.913447865983471e-05
19935,0.00017776756430976093,0.00023799279006198049
19936,0.00019428058294579387,0.0002873083285521716
19937,0.00019547046395018697,0.00021165842190384865
19938,0.00017972369096241891,0.00010182625555898994
19939,0.00015802562120370567,8.529454498784617e-05
19940,0.00013689990737475455,0.0001822546764742583
19941,0.00012544194760266691,0.0003414668026380241
19942,0.00012496538693085313,0.0005593770183622837
19943,0.00013406292418949306,0.0010389051167294383
19944,0.0001472874719183892,0.0019996967166662216
19945,0.00016010050603654236,0.003961940295994282
19946,0.00016987812705338,0.005105855409055948
19947,0.00017598769045434892,0.004595399834215641
19948,0.0001806231157388538,0.001984153874218464
19949,0.00018643567455001175,0.002208124613389373
19950,0.00019740505376830697,0.0029765733052045107
19951,0.00021759023366030306,0.00298107136040926
19952,0.0002486361190676689,0.005220142193138599
19953,0.00029599288245663047,0.012013900093734264
19954,0.0003551403933670372,0.0203107763081789
19955,0.0004386804939713329,0.023272370919585228
19956,0.0005284606595523655,0.009209300391376019
19957,0.0006519650341942906,0.006757664959877729
19958,0.0007609593449160457,0.01560551393777132
19959,0.000899125006981194,0.01841236837208271
19960,0.0009808986214920878,0.01952052302658558
19961,0.001053993939422071,0.018101265653967857
19962,0.001040744362398982,0.012802223674952984
19963,0.0009766571456566453,0.005370841361582279
19964,0.0008595489198341966,0.008954825811088085
19965,0.0007049922132864594,0.008812123909592628
19966,0.0005579674616456032,0.00479695713147521
19967,0.0004160937969572842,0.005709310993552208
19968,0.00030628236709162593,0.00575865525752306
19969,0.00022681980044580996,0.004331657197326422
19970,0.0001868721446953714,0.0034150725696235895
19971,0.00018615814042277634,0.004282771144062281
19972,0.00022242449631448835,0.003355045337229967
19973,0.00028188881697133183,0.0022102559451013803
19974,0.0003480686864349991,0.0035301672760397196
19975,0.00040188859566114843,0.002174665918573737
19976,0.0004285994218662381,0.001905098557472229
19977,0.0004270638164598495,0.0025012348778545856
19978,0.00040118058677762747,0.0017233500257134438
19979,0.0003626909456215799,0.0013172348262742162
19980,0.00032208426273427904,0.0021248559933155775
19981,0.00028320751152932644,0.0009664271492511034
19982,0.000252633064519614,0.0013261691201478243
19983,0.00022615471971221268,0.0013435190776363015
19984,0.00020827649859711528,0.0008337548933923244
19985,0.00019242282724007964,0.0009857743280008435
19986,0.00018116540741175413,0.000979105825535953
19987,0.00016948205302469432,0.0006516052526421845
19988,0.00015925931802485138,0.0007180788670666516
19989,0.00014864534023217857,0.0008044433197937906
19990,0.00013923391816206276,0.00039202545303851366
19991,0.00013049077824689448,0.0006551582482643425
19992,0.00012345847790129483,0.0004936124896630645
19993,0.00011830018775071949,0.0003942254697903991
19994,0.00011542709398781881,0.0004291896184440702
19995,0.00011488825839478523,0.00043987712706439197
19996,0.0001161064428742975,0.00023761714692227542
19997,0.00011885128333233297,0.0004018307663500309
19998,0.00012260620133019984,0.0002744257799349725
19999,0.00012794576468877494,0.00024487788323313
